run,task,algorithm,layer,step,refit,event,member,metric,value
mbpo_pushcube_500k_20261007T094728_f9d45348,PushCube-v1,mbpo,A_generation,4000,1,127,TS1_mixture,count,2048
mbpo_pushcube_500k_20261007T094728_f9d45348,PushCube-v1,mbpo,A_generation,4000,1,127,TS1_mixture,all_finite,True
mbpo_pushcube_500k_20261007T094728_f9d45348,PushCube-v1,mbpo,A_generation,4000,1,127,TS1_mixture,reward_outside_0_1_fraction,0.0791015625
mbpo_pushcube_500k_20261007T094728_f9d45348,PushCube-v1,mbpo,A_generation,4000,1,127,TS1_mixture,reward_below_zero_fraction,0.0791015625
mbpo_pushcube_500k_20261007T094728_f9d45348,PushCube-v1,mbpo,A_generation,4000,1,127,TS1_mixture,reward_above_one_fraction,0.0
mbpo_pushcube_500k_20261007T094728_f9d45348,PushCube-v1,mbpo,A_generation,4000,1,127,TS1_mixture,reward_min,-0.07070530951023102
mbpo_pushcube_500k_20261007T094728_f9d45348,PushCube-v1,mbpo,A_generation,4000,1,127,TS1_mixture,reward_max,0.24677500128746033
mbpo_pushcube_500k_20261007T094728_f9d45348,PushCube-v1,mbpo,A_generation,4000,1,127,TS1_mixture,elite_mean_reward_min,-0.023272644728422165
mbpo_pushcube_500k_20261007T094728_f9d45348,PushCube-v1,mbpo,A_generation,4000,1,127,TS1_mixture,elite_mean_reward_max,0.1413419246673584
mbpo_pushcube_500k_20261007T094728_f9d45348,PushCube-v1,mbpo,A_generation,4000,1,127,TS1_mixture,elite_mean_reward_outside_0_1_fraction,0.001708984375
mbpo_pushcube_500k_20261007T094728_f9d45348,PushCube-v1,mbpo,A_generation,4000,1,127,TS1_mixture,extra.tcp_pose_quaternion_norm_mae,0.0013929891539192843
mbpo_pushcube_500k_20261007T094728_f9d45348,PushCube-v1,mbpo,A_generation,4000,1,127,TS1_mixture,extra.tcp_pose_quaternion_norm_max_error,0.03354512704352519
mbpo_pushcube_500k_20261007T094728_f9d45348,PushCube-v1,mbpo,A_generation,4000,1,127,TS1_mixture,extra.tcp_pose_quaternion_invalid_fraction_tol_0.01,0.001953125
mbpo_pushcube_500k_20261007T094728_f9d45348,PushCube-v1,mbpo,A_generation,4000,1,127,TS1_mixture,extra.obj_pose_quaternion_norm_mae,0.008836924108606387
mbpo_pushcube_500k_20261007T094728_f9d45348,PushCube-v1,mbpo,A_generation,4000,1,127,TS1_mixture,extra.obj_pose_quaternion_norm_max_error,0.05104337449544216
mbpo_pushcube_500k_20261007T094728_f9d45348,PushCube-v1,mbpo,A_generation,4000,1,127,TS1_mixture,extra.obj_pose_quaternion_invalid_fraction_tol_0.01,0.3720703125
mbpo_pushcube_500k_20261007T094728_f9d45348,PushCube-v1,mbpo,A_generation,4000,1,127,TS1_mixture,goal_position_drift_rmse,7.200038837909151e-07
mbpo_pushcube_500k_20261007T094728_f9d45348,PushCube-v1,mbpo,A_generation,4000,1,127,TS1_mixture,projected_quaternion_max_norm_error/extra.tcp_pose,5.960464477539063e-08
mbpo_pushcube_500k_20261007T094728_f9d45348,PushCube-v1,mbpo,A_generation,4000,1,127,TS1_mixture,projected_quaternion_max_norm_error/extra.obj_pose,5.960464477539063e-08
mbpo_pushcube_500k_20261007T094728_f9d45348,PushCube-v1,mbpo,A_generation,6016,2,1200,TS1_mixture,count,2048
mbpo_pushcube_500k_20261007T094728_f9d45348,PushCube-v1,mbpo,A_generation,6016,2,1200,TS1_mixture,all_finite,True
mbpo_pushcube_500k_20261007T094728_f9d45348,PushCube-v1,mbpo,A_generation,6016,2,1200,TS1_mixture,reward_outside_0_1_fraction,0.0810546875
mbpo_pushcube_500k_20261007T094728_f9d45348,PushCube-v1,mbpo,A_generation,6016,2,1200,TS1_mixture,reward_below_zero_fraction,0.0810546875
mbpo_pushcube_500k_20261007T094728_f9d45348,PushCube-v1,mbpo,A_generation,6016,2,1200,TS1_mixture,reward_above_one_fraction,0.0
mbpo_pushcube_500k_20261007T094728_f9d45348,PushCube-v1,mbpo,A_generation,6016,2,1200,TS1_mixture,reward_min,-0.09244697540998459
mbpo_pushcube_500k_20261007T094728_f9d45348,PushCube-v1,mbpo,A_generation,6016,2,1200,TS1_mixture,reward_max,0.2869400382041931
mbpo_pushcube_500k_20261007T094728_f9d45348,PushCube-v1,mbpo,A_generation,6016,2,1200,TS1_mixture,elite_mean_reward_min,-0.10160006582736969
mbpo_pushcube_500k_20261007T094728_f9d45348,PushCube-v1,mbpo,A_generation,6016,2,1200,TS1_mixture,elite_mean_reward_max,0.1381877362728119
mbpo_pushcube_500k_20261007T094728_f9d45348,PushCube-v1,mbpo,A_generation,6016,2,1200,TS1_mixture,elite_mean_reward_outside_0_1_fraction,0.00244140625
mbpo_pushcube_500k_20261007T094728_f9d45348,PushCube-v1,mbpo,A_generation,6016,2,1200,TS1_mixture,extra.tcp_pose_quaternion_norm_mae,0.0014739861748407832
mbpo_pushcube_500k_20261007T094728_f9d45348,PushCube-v1,mbpo,A_generation,6016,2,1200,TS1_mixture,extra.tcp_pose_quaternion_norm_max_error,0.023796252800436957
mbpo_pushcube_500k_20261007T094728_f9d45348,PushCube-v1,mbpo,A_generation,6016,2,1200,TS1_mixture,extra.tcp_pose_quaternion_invalid_fraction_tol_0.01,0.0048828125
mbpo_pushcube_500k_20261007T094728_f9d45348,PushCube-v1,mbpo,A_generation,6016,2,1200,TS1_mixture,extra.obj_pose_quaternion_norm_mae,0.008430100462287059
mbpo_pushcube_500k_20261007T094728_f9d45348,PushCube-v1,mbpo,A_generation,6016,2,1200,TS1_mixture,extra.obj_pose_quaternion_norm_max_error,0.05037929135822705
mbpo_pushcube_500k_20261007T094728_f9d45348,PushCube-v1,mbpo,A_generation,6016,2,1200,TS1_mixture,extra.obj_pose_quaternion_invalid_fraction_tol_0.01,0.34765625
mbpo_pushcube_500k_20261007T094728_f9d45348,PushCube-v1,mbpo,A_generation,6016,2,1200,TS1_mixture,goal_position_drift_rmse,6.0368242519997e-07
mbpo_pushcube_500k_20261007T094728_f9d45348,PushCube-v1,mbpo,A_generation,6016,2,1200,TS1_mixture,projected_quaternion_max_norm_error/extra.tcp_pose,5.960464477539063e-08
mbpo_pushcube_500k_20261007T094728_f9d45348,PushCube-v1,mbpo,A_generation,6016,2,1200,TS1_mixture,projected_quaternion_max_norm_error/extra.obj_pose,5.960464477539063e-08
mbpo_pushcube_500k_20261007T094728_f9d45348,PushCube-v1,mbpo,A_generation,8000,3,2257,TS1_mixture,count,2048
mbpo_pushcube_500k_20261007T094728_f9d45348,PushCube-v1,mbpo,A_generation,8000,3,2257,TS1_mixture,all_finite,True
mbpo_pushcube_500k_20261007T094728_f9d45348,PushCube-v1,mbpo,A_generation,8000,3,2257,TS1_mixture,reward_outside_0_1_fraction,0.0732421875
mbpo_pushcube_500k_20261007T094728_f9d45348,PushCube-v1,mbpo,A_generation,8000,3,2257,TS1_mixture,reward_below_zero_fraction,0.0732421875
mbpo_pushcube_500k_20261007T094728_f9d45348,PushCube-v1,mbpo,A_generation,8000,3,2257,TS1_mixture,reward_above_one_fraction,0.0
mbpo_pushcube_500k_20261007T094728_f9d45348,PushCube-v1,mbpo,A_generation,8000,3,2257,TS1_mixture,reward_min,-0.15037380158901215
mbpo_pushcube_500k_20261007T094728_f9d45348,PushCube-v1,mbpo,A_generation,8000,3,2257,TS1_mixture,reward_max,0.2638980448246002
mbpo_pushcube_500k_20261007T094728_f9d45348,PushCube-v1,mbpo,A_generation,8000,3,2257,TS1_mixture,elite_mean_reward_min,-0.03133772686123848
mbpo_pushcube_500k_20261007T094728_f9d45348,PushCube-v1,mbpo,A_generation,8000,3,2257,TS1_mixture,elite_mean_reward_max,0.1797248274087906
mbpo_pushcube_500k_20261007T094728_f9d45348,PushCube-v1,mbpo,A_generation,8000,3,2257,TS1_mixture,elite_mean_reward_outside_0_1_fraction,0.00634765625
mbpo_pushcube_500k_20261007T094728_f9d45348,PushCube-v1,mbpo,A_generation,8000,3,2257,TS1_mixture,extra.tcp_pose_quaternion_norm_mae,0.0010473898040219347
mbpo_pushcube_500k_20261007T094728_f9d45348,PushCube-v1,mbpo,A_generation,8000,3,2257,TS1_mixture,extra.tcp_pose_quaternion_norm_max_error,0.018478152971792894
mbpo_pushcube_500k_20261007T094728_f9d45348,PushCube-v1,mbpo,A_generation,8000,3,2257,TS1_mixture,extra.tcp_pose_quaternion_invalid_fraction_tol_0.01,0.00390625
mbpo_pushcube_500k_20261007T094728_f9d45348,PushCube-v1,mbpo,A_generation,8000,3,2257,TS1_mixture,extra.obj_pose_quaternion_norm_mae,0.006129612466782737
mbpo_pushcube_500k_20261007T094728_f9d45348,PushCube-v1,mbpo,A_generation,8000,3,2257,TS1_mixture,extra.obj_pose_quaternion_norm_max_error,0.06091102967263218
mbpo_pushcube_500k_20261007T094728_f9d45348,PushCube-v1,mbpo,A_generation,8000,3,2257,TS1_mixture,extra.obj_pose_quaternion_invalid_fraction_tol_0.01,0.1982421875
mbpo_pushcube_500k_20261007T094728_f9d45348,PushCube-v1,mbpo,A_generation,8000,3,2257,TS1_mixture,goal_position_drift_rmse,3.312872053934781e-07
mbpo_pushcube_500k_20261007T094728_f9d45348,PushCube-v1,mbpo,A_generation,8000,3,2257,TS1_mixture,projected_quaternion_max_norm_error/extra.tcp_pose,5.960464477539063e-08
mbpo_pushcube_500k_20261007T094728_f9d45348,PushCube-v1,mbpo,A_generation,8000,3,2257,TS1_mixture,projected_quaternion_max_norm_error/extra.obj_pose,5.960464477539063e-08
mbpo_pushcube_500k_20261007T094728_f9d45348,PushCube-v1,mbpo,A_generation,10016,4,3330,TS1_mixture,count,2048
mbpo_pushcube_500k_20261007T094728_f9d45348,PushCube-v1,mbpo,A_generation,10016,4,3330,TS1_mixture,all_finite,True
mbpo_pushcube_500k_20261007T094728_f9d45348,PushCube-v1,mbpo,A_generation,10016,4,3330,TS1_mixture,reward_outside_0_1_fraction,0.04052734375
mbpo_pushcube_500k_20261007T094728_f9d45348,PushCube-v1,mbpo,A_generation,10016,4,3330,TS1_mixture,reward_below_zero_fraction,0.04052734375
mbpo_pushcube_500k_20261007T094728_f9d45348,PushCube-v1,mbpo,A_generation,10016,4,3330,TS1_mixture,reward_above_one_fraction,0.0
mbpo_pushcube_500k_20261007T094728_f9d45348,PushCube-v1,mbpo,A_generation,10016,4,3330,TS1_mixture,reward_min,-0.1393732875585556
mbpo_pushcube_500k_20261007T094728_f9d45348,PushCube-v1,mbpo,A_generation,10016,4,3330,TS1_mixture,reward_max,0.30240440368652344
mbpo_pushcube_500k_20261007T094728_f9d45348,PushCube-v1,mbpo,A_generation,10016,4,3330,TS1_mixture,elite_mean_reward_min,-0.0588214136660099
mbpo_pushcube_500k_20261007T094728_f9d45348,PushCube-v1,mbpo,A_generation,10016,4,3330,TS1_mixture,elite_mean_reward_max,0.2136724889278412
mbpo_pushcube_500k_20261007T094728_f9d45348,PushCube-v1,mbpo,A_generation,10016,4,3330,TS1_mixture,elite_mean_reward_outside_0_1_fraction,0.0166015625
mbpo_pushcube_500k_20261007T094728_f9d45348,PushCube-v1,mbpo,A_generation,10016,4,3330,TS1_mixture,extra.tcp_pose_quaternion_norm_mae,0.0007706552418622861
mbpo_pushcube_500k_20261007T094728_f9d45348,PushCube-v1,mbpo,A_generation,10016,4,3330,TS1_mixture,extra.tcp_pose_quaternion_norm_max_error,0.037239727788274335
mbpo_pushcube_500k_20261007T094728_f9d45348,PushCube-v1,mbpo,A_generation,10016,4,3330,TS1_mixture,extra.tcp_pose_quaternion_invalid_fraction_tol_0.01,0.00390625
mbpo_pushcube_500k_20261007T094728_f9d45348,PushCube-v1,mbpo,A_generation,10016,4,3330,TS1_mixture,extra.obj_pose_quaternion_norm_mae,0.001994778331332576
mbpo_pushcube_500k_20261007T094728_f9d45348,PushCube-v1,mbpo,A_generation,10016,4,3330,TS1_mixture,extra.obj_pose_quaternion_norm_max_error,0.23035688264554588
mbpo_pushcube_500k_20261007T094728_f9d45348,PushCube-v1,mbpo,A_generation,10016,4,3330,TS1_mixture,extra.obj_pose_quaternion_invalid_fraction_tol_0.01,0.0380859375
mbpo_pushcube_500k_20261007T094728_f9d45348,PushCube-v1,mbpo,A_generation,10016,4,3330,TS1_mixture,goal_position_drift_rmse,1.8782086062457263e-07
mbpo_pushcube_500k_20261007T094728_f9d45348,PushCube-v1,mbpo,A_generation,10016,4,3330,TS1_mixture,projected_quaternion_max_norm_error/extra.tcp_pose,5.960464477539063e-08
mbpo_pushcube_500k_20261007T094728_f9d45348,PushCube-v1,mbpo,A_generation,10016,4,3330,TS1_mixture,projected_quaternion_max_norm_error/extra.obj_pose,5.960464477539063e-08
mbpo_pushcube_500k_20261007T094728_f9d45348,PushCube-v1,mbpo,A_generation,12000,5,4386,TS1_mixture,count,2048
mbpo_pushcube_500k_20261007T094728_f9d45348,PushCube-v1,mbpo,A_generation,12000,5,4386,TS1_mixture,all_finite,True
mbpo_pushcube_500k_20261007T094728_f9d45348,PushCube-v1,mbpo,A_generation,12000,5,4386,TS1_mixture,reward_outside_0_1_fraction,0.05078125
mbpo_pushcube_500k_20261007T094728_f9d45348,PushCube-v1,mbpo,A_generation,12000,5,4386,TS1_mixture,reward_below_zero_fraction,0.05078125
mbpo_pushcube_500k_20261007T094728_f9d45348,PushCube-v1,mbpo,A_generation,12000,5,4386,TS1_mixture,reward_above_one_fraction,0.0
mbpo_pushcube_500k_20261007T094728_f9d45348,PushCube-v1,mbpo,A_generation,12000,5,4386,TS1_mixture,reward_min,-0.14628106355667114
mbpo_pushcube_500k_20261007T094728_f9d45348,PushCube-v1,mbpo,A_generation,12000,5,4386,TS1_mixture,reward_max,0.26607874035835266
mbpo_pushcube_500k_20261007T094728_f9d45348,PushCube-v1,mbpo,A_generation,12000,5,4386,TS1_mixture,elite_mean_reward_min,-0.09542813897132874
mbpo_pushcube_500k_20261007T094728_f9d45348,PushCube-v1,mbpo,A_generation,12000,5,4386,TS1_mixture,elite_mean_reward_max,0.16949021816253662
mbpo_pushcube_500k_20261007T094728_f9d45348,PushCube-v1,mbpo,A_generation,12000,5,4386,TS1_mixture,elite_mean_reward_outside_0_1_fraction,0.0205078125
mbpo_pushcube_500k_20261007T094728_f9d45348,PushCube-v1,mbpo,A_generation,12000,5,4386,TS1_mixture,extra.tcp_pose_quaternion_norm_mae,0.0008330708265504084
mbpo_pushcube_500k_20261007T094728_f9d45348,PushCube-v1,mbpo,A_generation,12000,5,4386,TS1_mixture,extra.tcp_pose_quaternion_norm_max_error,0.04244062261350656
mbpo_pushcube_500k_20261007T094728_f9d45348,PushCube-v1,mbpo,A_generation,12000,5,4386,TS1_mixture,extra.tcp_pose_quaternion_invalid_fraction_tol_0.01,0.00537109375
mbpo_pushcube_500k_20261007T094728_f9d45348,PushCube-v1,mbpo,A_generation,12000,5,4386,TS1_mixture,extra.obj_pose_quaternion_norm_mae,0.002197772370899191
mbpo_pushcube_500k_20261007T094728_f9d45348,PushCube-v1,mbpo,A_generation,12000,5,4386,TS1_mixture,extra.obj_pose_quaternion_norm_max_error,0.7812788270241936
mbpo_pushcube_500k_20261007T094728_f9d45348,PushCube-v1,mbpo,A_generation,12000,5,4386,TS1_mixture,extra.obj_pose_quaternion_invalid_fraction_tol_0.01,0.04345703125
mbpo_pushcube_500k_20261007T094728_f9d45348,PushCube-v1,mbpo,A_generation,12000,5,4386,TS1_mixture,goal_position_drift_rmse,1.5814591777088139e-07
mbpo_pushcube_500k_20261007T094728_f9d45348,PushCube-v1,mbpo,A_generation,12000,5,4386,TS1_mixture,projected_quaternion_max_norm_error/extra.tcp_pose,5.960464477539063e-08
mbpo_pushcube_500k_20261007T094728_f9d45348,PushCube-v1,mbpo,A_generation,12000,5,4386,TS1_mixture,projected_quaternion_max_norm_error/extra.obj_pose,5.960464477539063e-08
mbpo_pushcube_500k_20261007T094728_f9d45348,PushCube-v1,mbpo,A_generation,14016,6,5459,TS1_mixture,count,2048
mbpo_pushcube_500k_20261007T094728_f9d45348,PushCube-v1,mbpo,A_generation,14016,6,5459,TS1_mixture,all_finite,True
mbpo_pushcube_500k_20261007T094728_f9d45348,PushCube-v1,mbpo,A_generation,14016,6,5459,TS1_mixture,reward_outside_0_1_fraction,0.04833984375
mbpo_pushcube_500k_20261007T094728_f9d45348,PushCube-v1,mbpo,A_generation,14016,6,5459,TS1_mixture,reward_below_zero_fraction,0.04833984375
mbpo_pushcube_500k_20261007T094728_f9d45348,PushCube-v1,mbpo,A_generation,14016,6,5459,TS1_mixture,reward_above_one_fraction,0.0
mbpo_pushcube_500k_20261007T094728_f9d45348,PushCube-v1,mbpo,A_generation,14016,6,5459,TS1_mixture,reward_min,-0.14363153278827667
mbpo_pushcube_500k_20261007T094728_f9d45348,PushCube-v1,mbpo,A_generation,14016,6,5459,TS1_mixture,reward_max,0.2814832627773285
mbpo_pushcube_500k_20261007T094728_f9d45348,PushCube-v1,mbpo,A_generation,14016,6,5459,TS1_mixture,elite_mean_reward_min,-0.04308481141924858
mbpo_pushcube_500k_20261007T094728_f9d45348,PushCube-v1,mbpo,A_generation,14016,6,5459,TS1_mixture,elite_mean_reward_max,0.15252487361431122
mbpo_pushcube_500k_20261007T094728_f9d45348,PushCube-v1,mbpo,A_generation,14016,6,5459,TS1_mixture,elite_mean_reward_outside_0_1_fraction,0.019287109375
mbpo_pushcube_500k_20261007T094728_f9d45348,PushCube-v1,mbpo,A_generation,14016,6,5459,TS1_mixture,extra.tcp_pose_quaternion_norm_mae,0.0007060566981534914
mbpo_pushcube_500k_20261007T094728_f9d45348,PushCube-v1,mbpo,A_generation,14016,6,5459,TS1_mixture,extra.tcp_pose_quaternion_norm_max_error,0.021662275816369814
mbpo_pushcube_500k_20261007T094728_f9d45348,PushCube-v1,mbpo,A_generation,14016,6,5459,TS1_mixture,extra.tcp_pose_quaternion_invalid_fraction_tol_0.01,0.00390625
mbpo_pushcube_500k_20261007T094728_f9d45348,PushCube-v1,mbpo,A_generation,14016,6,5459,TS1_mixture,extra.obj_pose_quaternion_norm_mae,0.0014778259186952341
mbpo_pushcube_500k_20261007T094728_f9d45348,PushCube-v1,mbpo,A_generation,14016,6,5459,TS1_mixture,extra.obj_pose_quaternion_norm_max_error,0.06342480583755894
mbpo_pushcube_500k_20261007T094728_f9d45348,PushCube-v1,mbpo,A_generation,14016,6,5459,TS1_mixture,extra.obj_pose_quaternion_invalid_fraction_tol_0.01,0.0439453125
mbpo_pushcube_500k_20261007T094728_f9d45348,PushCube-v1,mbpo,A_generation,14016,6,5459,TS1_mixture,goal_position_drift_rmse,1.1121633865971401e-07
mbpo_pushcube_500k_20261007T094728_f9d45348,PushCube-v1,mbpo,A_generation,14016,6,5459,TS1_mixture,projected_quaternion_max_norm_error/extra.tcp_pose,5.960464477539063e-08
mbpo_pushcube_500k_20261007T094728_f9d45348,PushCube-v1,mbpo,A_generation,14016,6,5459,TS1_mixture,projected_quaternion_max_norm_error/extra.obj_pose,5.960464477539063e-08
mbpo_pushcube_500k_20261007T094728_f9d45348,PushCube-v1,mbpo,A_generation,16000,7,6516,TS1_mixture,count,2048
mbpo_pushcube_500k_20261007T094728_f9d45348,PushCube-v1,mbpo,A_generation,16000,7,6516,TS1_mixture,all_finite,True
mbpo_pushcube_500k_20261007T094728_f9d45348,PushCube-v1,mbpo,A_generation,16000,7,6516,TS1_mixture,reward_outside_0_1_fraction,0.04345703125
mbpo_pushcube_500k_20261007T094728_f9d45348,PushCube-v1,mbpo,A_generation,16000,7,6516,TS1_mixture,reward_below_zero_fraction,0.04345703125
mbpo_pushcube_500k_20261007T094728_f9d45348,PushCube-v1,mbpo,A_generation,16000,7,6516,TS1_mixture,reward_above_one_fraction,0.0
mbpo_pushcube_500k_20261007T094728_f9d45348,PushCube-v1,mbpo,A_generation,16000,7,6516,TS1_mixture,reward_min,-0.13376279175281525
mbpo_pushcube_500k_20261007T094728_f9d45348,PushCube-v1,mbpo,A_generation,16000,7,6516,TS1_mixture,reward_max,0.2769988477230072
mbpo_pushcube_500k_20261007T094728_f9d45348,PushCube-v1,mbpo,A_generation,16000,7,6516,TS1_mixture,elite_mean_reward_min,-0.07636548578739166
mbpo_pushcube_500k_20261007T094728_f9d45348,PushCube-v1,mbpo,A_generation,16000,7,6516,TS1_mixture,elite_mean_reward_max,0.21837493777275085
mbpo_pushcube_500k_20261007T094728_f9d45348,PushCube-v1,mbpo,A_generation,16000,7,6516,TS1_mixture,elite_mean_reward_outside_0_1_fraction,0.0234375
mbpo_pushcube_500k_20261007T094728_f9d45348,PushCube-v1,mbpo,A_generation,16000,7,6516,TS1_mixture,extra.tcp_pose_quaternion_norm_mae,0.0008285541383835993
mbpo_pushcube_500k_20261007T094728_f9d45348,PushCube-v1,mbpo,A_generation,16000,7,6516,TS1_mixture,extra.tcp_pose_quaternion_norm_max_error,0.034406356808813765
mbpo_pushcube_500k_20261007T094728_f9d45348,PushCube-v1,mbpo,A_generation,16000,7,6516,TS1_mixture,extra.tcp_pose_quaternion_invalid_fraction_tol_0.01,0.0087890625
mbpo_pushcube_500k_20261007T094728_f9d45348,PushCube-v1,mbpo,A_generation,16000,7,6516,TS1_mixture,extra.obj_pose_quaternion_norm_mae,0.0022542555586742164
mbpo_pushcube_500k_20261007T094728_f9d45348,PushCube-v1,mbpo,A_generation,16000,7,6516,TS1_mixture,extra.obj_pose_quaternion_norm_max_error,0.4502556923805353
mbpo_pushcube_500k_20261007T094728_f9d45348,PushCube-v1,mbpo,A_generation,16000,7,6516,TS1_mixture,extra.obj_pose_quaternion_invalid_fraction_tol_0.01,0.05029296875
mbpo_pushcube_500k_20261007T094728_f9d45348,PushCube-v1,mbpo,A_generation,16000,7,6516,TS1_mixture,goal_position_drift_rmse,1.896247111287612e-07
mbpo_pushcube_500k_20261007T094728_f9d45348,PushCube-v1,mbpo,A_generation,16000,7,6516,TS1_mixture,projected_quaternion_max_norm_error/extra.tcp_pose,5.960464477539063e-08
mbpo_pushcube_500k_20261007T094728_f9d45348,PushCube-v1,mbpo,A_generation,16000,7,6516,TS1_mixture,projected_quaternion_max_norm_error/extra.obj_pose,5.960464477539063e-08
mbpo_pushcube_500k_20261007T094728_f9d45348,PushCube-v1,mbpo,A_generation,18016,8,7589,TS1_mixture,count,2048
mbpo_pushcube_500k_20261007T094728_f9d45348,PushCube-v1,mbpo,A_generation,18016,8,7589,TS1_mixture,all_finite,True
mbpo_pushcube_500k_20261007T094728_f9d45348,PushCube-v1,mbpo,A_generation,18016,8,7589,TS1_mixture,reward_outside_0_1_fraction,0.0478515625
mbpo_pushcube_500k_20261007T094728_f9d45348,PushCube-v1,mbpo,A_generation,18016,8,7589,TS1_mixture,reward_below_zero_fraction,0.0478515625
mbpo_pushcube_500k_20261007T094728_f9d45348,PushCube-v1,mbpo,A_generation,18016,8,7589,TS1_mixture,reward_above_one_fraction,0.0
mbpo_pushcube_500k_20261007T094728_f9d45348,PushCube-v1,mbpo,A_generation,18016,8,7589,TS1_mixture,reward_min,-0.20924615859985352
mbpo_pushcube_500k_20261007T094728_f9d45348,PushCube-v1,mbpo,A_generation,18016,8,7589,TS1_mixture,reward_max,0.3180244565010071
mbpo_pushcube_500k_20261007T094728_f9d45348,PushCube-v1,mbpo,A_generation,18016,8,7589,TS1_mixture,elite_mean_reward_min,-0.11598308384418488
mbpo_pushcube_500k_20261007T094728_f9d45348,PushCube-v1,mbpo,A_generation,18016,8,7589,TS1_mixture,elite_mean_reward_max,0.17504125833511353
mbpo_pushcube_500k_20261007T094728_f9d45348,PushCube-v1,mbpo,A_generation,18016,8,7589,TS1_mixture,elite_mean_reward_outside_0_1_fraction,0.01904296875
mbpo_pushcube_500k_20261007T094728_f9d45348,PushCube-v1,mbpo,A_generation,18016,8,7589,TS1_mixture,extra.tcp_pose_quaternion_norm_mae,0.0007805690605372853
mbpo_pushcube_500k_20261007T094728_f9d45348,PushCube-v1,mbpo,A_generation,18016,8,7589,TS1_mixture,extra.tcp_pose_quaternion_norm_max_error,0.03546174767604193
mbpo_pushcube_500k_20261007T094728_f9d45348,PushCube-v1,mbpo,A_generation,18016,8,7589,TS1_mixture,extra.tcp_pose_quaternion_invalid_fraction_tol_0.01,0.0048828125
mbpo_pushcube_500k_20261007T094728_f9d45348,PushCube-v1,mbpo,A_generation,18016,8,7589,TS1_mixture,extra.obj_pose_quaternion_norm_mae,0.001906502129999664
mbpo_pushcube_500k_20261007T094728_f9d45348,PushCube-v1,mbpo,A_generation,18016,8,7589,TS1_mixture,extra.obj_pose_quaternion_norm_max_error,0.2990443609132938
mbpo_pushcube_500k_20261007T094728_f9d45348,PushCube-v1,mbpo,A_generation,18016,8,7589,TS1_mixture,extra.obj_pose_quaternion_invalid_fraction_tol_0.01,0.05615234375
mbpo_pushcube_500k_20261007T094728_f9d45348,PushCube-v1,mbpo,A_generation,18016,8,7589,TS1_mixture,goal_position_drift_rmse,1.4252159152286826e-07
mbpo_pushcube_500k_20261007T094728_f9d45348,PushCube-v1,mbpo,A_generation,18016,8,7589,TS1_mixture,projected_quaternion_max_norm_error/extra.tcp_pose,5.960464477539063e-08
mbpo_pushcube_500k_20261007T094728_f9d45348,PushCube-v1,mbpo,A_generation,18016,8,7589,TS1_mixture,projected_quaternion_max_norm_error/extra.obj_pose,5.960464477539063e-08
mbpo_pushcube_500k_20261007T094728_f9d45348,PushCube-v1,mbpo,A_generation,20000,9,8645,TS1_mixture,count,2048
mbpo_pushcube_500k_20261007T094728_f9d45348,PushCube-v1,mbpo,A_generation,20000,9,8645,TS1_mixture,all_finite,True
mbpo_pushcube_500k_20261007T094728_f9d45348,PushCube-v1,mbpo,A_generation,20000,9,8645,TS1_mixture,reward_outside_0_1_fraction,0.037109375
mbpo_pushcube_500k_20261007T094728_f9d45348,PushCube-v1,mbpo,A_generation,20000,9,8645,TS1_mixture,reward_below_zero_fraction,0.037109375
mbpo_pushcube_500k_20261007T094728_f9d45348,PushCube-v1,mbpo,A_generation,20000,9,8645,TS1_mixture,reward_above_one_fraction,0.0
mbpo_pushcube_500k_20261007T094728_f9d45348,PushCube-v1,mbpo,A_generation,20000,9,8645,TS1_mixture,reward_min,-0.12663421034812927
mbpo_pushcube_500k_20261007T094728_f9d45348,PushCube-v1,mbpo,A_generation,20000,9,8645,TS1_mixture,reward_max,0.31489238142967224
mbpo_pushcube_500k_20261007T094728_f9d45348,PushCube-v1,mbpo,A_generation,20000,9,8645,TS1_mixture,elite_mean_reward_min,-0.07464925944805145
mbpo_pushcube_500k_20261007T094728_f9d45348,PushCube-v1,mbpo,A_generation,20000,9,8645,TS1_mixture,elite_mean_reward_max,0.22731715440750122
mbpo_pushcube_500k_20261007T094728_f9d45348,PushCube-v1,mbpo,A_generation,20000,9,8645,TS1_mixture,elite_mean_reward_outside_0_1_fraction,0.01318359375
mbpo_pushcube_500k_20261007T094728_f9d45348,PushCube-v1,mbpo,A_generation,20000,9,8645,TS1_mixture,extra.tcp_pose_quaternion_norm_mae,0.0008094367366400471
mbpo_pushcube_500k_20261007T094728_f9d45348,PushCube-v1,mbpo,A_generation,20000,9,8645,TS1_mixture,extra.tcp_pose_quaternion_norm_max_error,0.02291780422246703
mbpo_pushcube_500k_20261007T094728_f9d45348,PushCube-v1,mbpo,A_generation,20000,9,8645,TS1_mixture,extra.tcp_pose_quaternion_invalid_fraction_tol_0.01,0.005859375
mbpo_pushcube_500k_20261007T094728_f9d45348,PushCube-v1,mbpo,A_generation,20000,9,8645,TS1_mixture,extra.obj_pose_quaternion_norm_mae,0.002006565220399783
mbpo_pushcube_500k_20261007T094728_f9d45348,PushCube-v1,mbpo,A_generation,20000,9,8645,TS1_mixture,extra.obj_pose_quaternion_norm_max_error,0.05975524600011428
mbpo_pushcube_500k_20261007T094728_f9d45348,PushCube-v1,mbpo,A_generation,20000,9,8645,TS1_mixture,extra.obj_pose_quaternion_invalid_fraction_tol_0.01,0.064453125
mbpo_pushcube_500k_20261007T094728_f9d45348,PushCube-v1,mbpo,A_generation,20000,9,8645,TS1_mixture,goal_position_drift_rmse,1.486802211638593e-07
mbpo_pushcube_500k_20261007T094728_f9d45348,PushCube-v1,mbpo,A_generation,20000,9,8645,TS1_mixture,projected_quaternion_max_norm_error/extra.tcp_pose,5.960464477539063e-08
mbpo_pushcube_500k_20261007T094728_f9d45348,PushCube-v1,mbpo,A_generation,20000,9,8645,TS1_mixture,projected_quaternion_max_norm_error/extra.obj_pose,5.960464477539063e-08
mbpo_pushcube_500k_20261007T094728_f9d45348,PushCube-v1,mbpo,A_generation,22016,10,9718,TS1_mixture,count,2048
mbpo_pushcube_500k_20261007T094728_f9d45348,PushCube-v1,mbpo,A_generation,22016,10,9718,TS1_mixture,all_finite,True
mbpo_pushcube_500k_20261007T094728_f9d45348,PushCube-v1,mbpo,A_generation,22016,10,9718,TS1_mixture,reward_outside_0_1_fraction,0.0322265625
mbpo_pushcube_500k_20261007T094728_f9d45348,PushCube-v1,mbpo,A_generation,22016,10,9718,TS1_mixture,reward_below_zero_fraction,0.0322265625
mbpo_pushcube_500k_20261007T094728_f9d45348,PushCube-v1,mbpo,A_generation,22016,10,9718,TS1_mixture,reward_above_one_fraction,0.0
mbpo_pushcube_500k_20261007T094728_f9d45348,PushCube-v1,mbpo,A_generation,22016,10,9718,TS1_mixture,reward_min,-0.16516652703285217
mbpo_pushcube_500k_20261007T094728_f9d45348,PushCube-v1,mbpo,A_generation,22016,10,9718,TS1_mixture,reward_max,0.30527642369270325
mbpo_pushcube_500k_20261007T094728_f9d45348,PushCube-v1,mbpo,A_generation,22016,10,9718,TS1_mixture,elite_mean_reward_min,-0.0848441869020462
mbpo_pushcube_500k_20261007T094728_f9d45348,PushCube-v1,mbpo,A_generation,22016,10,9718,TS1_mixture,elite_mean_reward_max,0.20886987447738647
mbpo_pushcube_500k_20261007T094728_f9d45348,PushCube-v1,mbpo,A_generation,22016,10,9718,TS1_mixture,elite_mean_reward_outside_0_1_fraction,0.011962890625
mbpo_pushcube_500k_20261007T094728_f9d45348,PushCube-v1,mbpo,A_generation,22016,10,9718,TS1_mixture,extra.tcp_pose_quaternion_norm_mae,0.0007820977698503352
mbpo_pushcube_500k_20261007T094728_f9d45348,PushCube-v1,mbpo,A_generation,22016,10,9718,TS1_mixture,extra.tcp_pose_quaternion_norm_max_error,0.021416307360891507
mbpo_pushcube_500k_20261007T094728_f9d45348,PushCube-v1,mbpo,A_generation,22016,10,9718,TS1_mixture,extra.tcp_pose_quaternion_invalid_fraction_tol_0.01,0.00390625
mbpo_pushcube_500k_20261007T094728_f9d45348,PushCube-v1,mbpo,A_generation,22016,10,9718,TS1_mixture,extra.obj_pose_quaternion_norm_mae,0.001987372032796167
mbpo_pushcube_500k_20261007T094728_f9d45348,PushCube-v1,mbpo,A_generation,22016,10,9718,TS1_mixture,extra.obj_pose_quaternion_norm_max_error,0.07597550015790722
mbpo_pushcube_500k_20261007T094728_f9d45348,PushCube-v1,mbpo,A_generation,22016,10,9718,TS1_mixture,extra.obj_pose_quaternion_invalid_fraction_tol_0.01,0.0615234375
mbpo_pushcube_500k_20261007T094728_f9d45348,PushCube-v1,mbpo,A_generation,22016,10,9718,TS1_mixture,goal_position_drift_rmse,1.0859952516594613e-07
mbpo_pushcube_500k_20261007T094728_f9d45348,PushCube-v1,mbpo,A_generation,22016,10,9718,TS1_mixture,projected_quaternion_max_norm_error/extra.tcp_pose,5.960464477539063e-08
mbpo_pushcube_500k_20261007T094728_f9d45348,PushCube-v1,mbpo,A_generation,22016,10,9718,TS1_mixture,projected_quaternion_max_norm_error/extra.obj_pose,5.960464477539063e-08
mbpo_pushcube_500k_20261007T094728_f9d45348,PushCube-v1,mbpo,A_generation,24000,11,10775,TS1_mixture,count,2048
mbpo_pushcube_500k_20261007T094728_f9d45348,PushCube-v1,mbpo,A_generation,24000,11,10775,TS1_mixture,all_finite,True
mbpo_pushcube_500k_20261007T094728_f9d45348,PushCube-v1,mbpo,A_generation,24000,11,10775,TS1_mixture,reward_outside_0_1_fraction,0.03125
mbpo_pushcube_500k_20261007T094728_f9d45348,PushCube-v1,mbpo,A_generation,24000,11,10775,TS1_mixture,reward_below_zero_fraction,0.03125
mbpo_pushcube_500k_20261007T094728_f9d45348,PushCube-v1,mbpo,A_generation,24000,11,10775,TS1_mixture,reward_above_one_fraction,0.0
mbpo_pushcube_500k_20261007T094728_f9d45348,PushCube-v1,mbpo,A_generation,24000,11,10775,TS1_mixture,reward_min,-0.18440406024456024
mbpo_pushcube_500k_20261007T094728_f9d45348,PushCube-v1,mbpo,A_generation,24000,11,10775,TS1_mixture,reward_max,0.3246750831604004
mbpo_pushcube_500k_20261007T094728_f9d45348,PushCube-v1,mbpo,A_generation,24000,11,10775,TS1_mixture,elite_mean_reward_min,-0.14893697202205658
mbpo_pushcube_500k_20261007T094728_f9d45348,PushCube-v1,mbpo,A_generation,24000,11,10775,TS1_mixture,elite_mean_reward_max,0.17952170968055725
mbpo_pushcube_500k_20261007T094728_f9d45348,PushCube-v1,mbpo,A_generation,24000,11,10775,TS1_mixture,elite_mean_reward_outside_0_1_fraction,0.015869140625
mbpo_pushcube_500k_20261007T094728_f9d45348,PushCube-v1,mbpo,A_generation,24000,11,10775,TS1_mixture,extra.tcp_pose_quaternion_norm_mae,0.0009099270343755966
mbpo_pushcube_500k_20261007T094728_f9d45348,PushCube-v1,mbpo,A_generation,24000,11,10775,TS1_mixture,extra.tcp_pose_quaternion_norm_max_error,0.03985187727933659
mbpo_pushcube_500k_20261007T094728_f9d45348,PushCube-v1,mbpo,A_generation,24000,11,10775,TS1_mixture,extra.tcp_pose_quaternion_invalid_fraction_tol_0.01,0.00634765625
mbpo_pushcube_500k_20261007T094728_f9d45348,PushCube-v1,mbpo,A_generation,24000,11,10775,TS1_mixture,extra.obj_pose_quaternion_norm_mae,0.002826086908447401
mbpo_pushcube_500k_20261007T094728_f9d45348,PushCube-v1,mbpo,A_generation,24000,11,10775,TS1_mixture,extra.obj_pose_quaternion_norm_max_error,0.35260487064828694
mbpo_pushcube_500k_20261007T094728_f9d45348,PushCube-v1,mbpo,A_generation,24000,11,10775,TS1_mixture,extra.obj_pose_quaternion_invalid_fraction_tol_0.01,0.0859375
mbpo_pushcube_500k_20261007T094728_f9d45348,PushCube-v1,mbpo,A_generation,24000,11,10775,TS1_mixture,goal_position_drift_rmse,1.729583270988912e-07
mbpo_pushcube_500k_20261007T094728_f9d45348,PushCube-v1,mbpo,A_generation,24000,11,10775,TS1_mixture,projected_quaternion_max_norm_error/extra.tcp_pose,5.960464477539063e-08
mbpo_pushcube_500k_20261007T094728_f9d45348,PushCube-v1,mbpo,A_generation,24000,11,10775,TS1_mixture,projected_quaternion_max_norm_error/extra.obj_pose,5.960464477539063e-08
mbpo_pushcube_500k_20261007T094728_f9d45348,PushCube-v1,mbpo,A_generation,26016,12,11848,TS1_mixture,count,2048
mbpo_pushcube_500k_20261007T094728_f9d45348,PushCube-v1,mbpo,A_generation,26016,12,11848,TS1_mixture,all_finite,True
mbpo_pushcube_500k_20261007T094728_f9d45348,PushCube-v1,mbpo,A_generation,26016,12,11848,TS1_mixture,reward_outside_0_1_fraction,0.03271484375
mbpo_pushcube_500k_20261007T094728_f9d45348,PushCube-v1,mbpo,A_generation,26016,12,11848,TS1_mixture,reward_below_zero_fraction,0.03271484375
mbpo_pushcube_500k_20261007T094728_f9d45348,PushCube-v1,mbpo,A_generation,26016,12,11848,TS1_mixture,reward_above_one_fraction,0.0
mbpo_pushcube_500k_20261007T094728_f9d45348,PushCube-v1,mbpo,A_generation,26016,12,11848,TS1_mixture,reward_min,-0.194818913936615
mbpo_pushcube_500k_20261007T094728_f9d45348,PushCube-v1,mbpo,A_generation,26016,12,11848,TS1_mixture,reward_max,0.386072039604187
mbpo_pushcube_500k_20261007T094728_f9d45348,PushCube-v1,mbpo,A_generation,26016,12,11848,TS1_mixture,elite_mean_reward_min,-0.1292978972196579
mbpo_pushcube_500k_20261007T094728_f9d45348,PushCube-v1,mbpo,A_generation,26016,12,11848,TS1_mixture,elite_mean_reward_max,0.22683604061603546
mbpo_pushcube_500k_20261007T094728_f9d45348,PushCube-v1,mbpo,A_generation,26016,12,11848,TS1_mixture,elite_mean_reward_outside_0_1_fraction,0.012451171875
mbpo_pushcube_500k_20261007T094728_f9d45348,PushCube-v1,mbpo,A_generation,26016,12,11848,TS1_mixture,extra.tcp_pose_quaternion_norm_mae,0.0009074943373620894
mbpo_pushcube_500k_20261007T094728_f9d45348,PushCube-v1,mbpo,A_generation,26016,12,11848,TS1_mixture,extra.tcp_pose_quaternion_norm_max_error,0.057959946647879734
mbpo_pushcube_500k_20261007T094728_f9d45348,PushCube-v1,mbpo,A_generation,26016,12,11848,TS1_mixture,extra.tcp_pose_quaternion_invalid_fraction_tol_0.01,0.005859375
mbpo_pushcube_500k_20261007T094728_f9d45348,PushCube-v1,mbpo,A_generation,26016,12,11848,TS1_mixture,extra.obj_pose_quaternion_norm_mae,0.003094969246260836
mbpo_pushcube_500k_20261007T094728_f9d45348,PushCube-v1,mbpo,A_generation,26016,12,11848,TS1_mixture,extra.obj_pose_quaternion_norm_max_error,0.3735289943711755
mbpo_pushcube_500k_20261007T094728_f9d45348,PushCube-v1,mbpo,A_generation,26016,12,11848,TS1_mixture,extra.obj_pose_quaternion_invalid_fraction_tol_0.01,0.09765625
mbpo_pushcube_500k_20261007T094728_f9d45348,PushCube-v1,mbpo,A_generation,26016,12,11848,TS1_mixture,goal_position_drift_rmse,1.7812861858889173e-07
mbpo_pushcube_500k_20261007T094728_f9d45348,PushCube-v1,mbpo,A_generation,26016,12,11848,TS1_mixture,projected_quaternion_max_norm_error/extra.tcp_pose,5.960464477539063e-08
mbpo_pushcube_500k_20261007T094728_f9d45348,PushCube-v1,mbpo,A_generation,26016,12,11848,TS1_mixture,projected_quaternion_max_norm_error/extra.obj_pose,5.960464477539063e-08
mbpo_pushcube_500k_20261007T094728_f9d45348,PushCube-v1,mbpo,A_generation,28000,13,12904,TS1_mixture,count,2048
mbpo_pushcube_500k_20261007T094728_f9d45348,PushCube-v1,mbpo,A_generation,28000,13,12904,TS1_mixture,all_finite,True
mbpo_pushcube_500k_20261007T094728_f9d45348,PushCube-v1,mbpo,A_generation,28000,13,12904,TS1_mixture,reward_outside_0_1_fraction,0.02685546875
mbpo_pushcube_500k_20261007T094728_f9d45348,PushCube-v1,mbpo,A_generation,28000,13,12904,TS1_mixture,reward_below_zero_fraction,0.02685546875
mbpo_pushcube_500k_20261007T094728_f9d45348,PushCube-v1,mbpo,A_generation,28000,13,12904,TS1_mixture,reward_above_one_fraction,0.0
mbpo_pushcube_500k_20261007T094728_f9d45348,PushCube-v1,mbpo,A_generation,28000,13,12904,TS1_mixture,reward_min,-0.13788791000843048
mbpo_pushcube_500k_20261007T094728_f9d45348,PushCube-v1,mbpo,A_generation,28000,13,12904,TS1_mixture,reward_max,0.34790459275245667
mbpo_pushcube_500k_20261007T094728_f9d45348,PushCube-v1,mbpo,A_generation,28000,13,12904,TS1_mixture,elite_mean_reward_min,-0.16646715998649597
mbpo_pushcube_500k_20261007T094728_f9d45348,PushCube-v1,mbpo,A_generation,28000,13,12904,TS1_mixture,elite_mean_reward_max,0.35384315252304077
mbpo_pushcube_500k_20261007T094728_f9d45348,PushCube-v1,mbpo,A_generation,28000,13,12904,TS1_mixture,elite_mean_reward_outside_0_1_fraction,0.0078125
mbpo_pushcube_500k_20261007T094728_f9d45348,PushCube-v1,mbpo,A_generation,28000,13,12904,TS1_mixture,extra.tcp_pose_quaternion_norm_mae,0.0009267786896469521
mbpo_pushcube_500k_20261007T094728_f9d45348,PushCube-v1,mbpo,A_generation,28000,13,12904,TS1_mixture,extra.tcp_pose_quaternion_norm_max_error,0.03317530907177346
mbpo_pushcube_500k_20261007T094728_f9d45348,PushCube-v1,mbpo,A_generation,28000,13,12904,TS1_mixture,extra.tcp_pose_quaternion_invalid_fraction_tol_0.01,0.00390625
mbpo_pushcube_500k_20261007T094728_f9d45348,PushCube-v1,mbpo,A_generation,28000,13,12904,TS1_mixture,extra.obj_pose_quaternion_norm_mae,0.0036261703405468587
mbpo_pushcube_500k_20261007T094728_f9d45348,PushCube-v1,mbpo,A_generation,28000,13,12904,TS1_mixture,extra.obj_pose_quaternion_norm_max_error,0.14127596239792306
mbpo_pushcube_500k_20261007T094728_f9d45348,PushCube-v1,mbpo,A_generation,28000,13,12904,TS1_mixture,extra.obj_pose_quaternion_invalid_fraction_tol_0.01,0.125
mbpo_pushcube_500k_20261007T094728_f9d45348,PushCube-v1,mbpo,A_generation,28000,13,12904,TS1_mixture,goal_position_drift_rmse,1.4098554026871185e-07
mbpo_pushcube_500k_20261007T094728_f9d45348,PushCube-v1,mbpo,A_generation,28000,13,12904,TS1_mixture,projected_quaternion_max_norm_error/extra.tcp_pose,5.960464477539063e-08
mbpo_pushcube_500k_20261007T094728_f9d45348,PushCube-v1,mbpo,A_generation,28000,13,12904,TS1_mixture,projected_quaternion_max_norm_error/extra.obj_pose,5.960464477539063e-08
mbpo_pushcube_500k_20261007T094728_f9d45348,PushCube-v1,mbpo,A_generation,30016,14,13977,TS1_mixture,count,2048
mbpo_pushcube_500k_20261007T094728_f9d45348,PushCube-v1,mbpo,A_generation,30016,14,13977,TS1_mixture,all_finite,True
mbpo_pushcube_500k_20261007T094728_f9d45348,PushCube-v1,mbpo,A_generation,30016,14,13977,TS1_mixture,reward_outside_0_1_fraction,0.03173828125
mbpo_pushcube_500k_20261007T094728_f9d45348,PushCube-v1,mbpo,A_generation,30016,14,13977,TS1_mixture,reward_below_zero_fraction,0.03173828125
mbpo_pushcube_500k_20261007T094728_f9d45348,PushCube-v1,mbpo,A_generation,30016,14,13977,TS1_mixture,reward_above_one_fraction,0.0
mbpo_pushcube_500k_20261007T094728_f9d45348,PushCube-v1,mbpo,A_generation,30016,14,13977,TS1_mixture,reward_min,-0.13421224057674408
mbpo_pushcube_500k_20261007T094728_f9d45348,PushCube-v1,mbpo,A_generation,30016,14,13977,TS1_mixture,reward_max,0.47066089510917664
mbpo_pushcube_500k_20261007T094728_f9d45348,PushCube-v1,mbpo,A_generation,30016,14,13977,TS1_mixture,elite_mean_reward_min,-0.05501135066151619
mbpo_pushcube_500k_20261007T094728_f9d45348,PushCube-v1,mbpo,A_generation,30016,14,13977,TS1_mixture,elite_mean_reward_max,0.40894678235054016
mbpo_pushcube_500k_20261007T094728_f9d45348,PushCube-v1,mbpo,A_generation,30016,14,13977,TS1_mixture,elite_mean_reward_outside_0_1_fraction,0.009521484375
mbpo_pushcube_500k_20261007T094728_f9d45348,PushCube-v1,mbpo,A_generation,30016,14,13977,TS1_mixture,extra.tcp_pose_quaternion_norm_mae,0.0009772803587660547
mbpo_pushcube_500k_20261007T094728_f9d45348,PushCube-v1,mbpo,A_generation,30016,14,13977,TS1_mixture,extra.tcp_pose_quaternion_norm_max_error,0.01910974907527896
mbpo_pushcube_500k_20261007T094728_f9d45348,PushCube-v1,mbpo,A_generation,30016,14,13977,TS1_mixture,extra.tcp_pose_quaternion_invalid_fraction_tol_0.01,0.00537109375
mbpo_pushcube_500k_20261007T094728_f9d45348,PushCube-v1,mbpo,A_generation,30016,14,13977,TS1_mixture,extra.obj_pose_quaternion_norm_mae,0.004435386043980553
mbpo_pushcube_500k_20261007T094728_f9d45348,PushCube-v1,mbpo,A_generation,30016,14,13977,TS1_mixture,extra.obj_pose_quaternion_norm_max_error,0.11541507048926125
mbpo_pushcube_500k_20261007T094728_f9d45348,PushCube-v1,mbpo,A_generation,30016,14,13977,TS1_mixture,extra.obj_pose_quaternion_invalid_fraction_tol_0.01,0.15576171875
mbpo_pushcube_500k_20261007T094728_f9d45348,PushCube-v1,mbpo,A_generation,30016,14,13977,TS1_mixture,goal_position_drift_rmse,1.7778409441373512e-07
mbpo_pushcube_500k_20261007T094728_f9d45348,PushCube-v1,mbpo,A_generation,30016,14,13977,TS1_mixture,projected_quaternion_max_norm_error/extra.tcp_pose,5.960464477539063e-08
mbpo_pushcube_500k_20261007T094728_f9d45348,PushCube-v1,mbpo,A_generation,30016,14,13977,TS1_mixture,projected_quaternion_max_norm_error/extra.obj_pose,5.960464477539063e-08
mbpo_pushcube_500k_20261007T094728_f9d45348,PushCube-v1,mbpo,A_generation,32000,15,15034,TS1_mixture,count,2048
mbpo_pushcube_500k_20261007T094728_f9d45348,PushCube-v1,mbpo,A_generation,32000,15,15034,TS1_mixture,all_finite,True
mbpo_pushcube_500k_20261007T094728_f9d45348,PushCube-v1,mbpo,A_generation,32000,15,15034,TS1_mixture,reward_outside_0_1_fraction,0.02587890625
mbpo_pushcube_500k_20261007T094728_f9d45348,PushCube-v1,mbpo,A_generation,32000,15,15034,TS1_mixture,reward_below_zero_fraction,0.02587890625
mbpo_pushcube_500k_20261007T094728_f9d45348,PushCube-v1,mbpo,A_generation,32000,15,15034,TS1_mixture,reward_above_one_fraction,0.0
mbpo_pushcube_500k_20261007T094728_f9d45348,PushCube-v1,mbpo,A_generation,32000,15,15034,TS1_mixture,reward_min,-0.11300194263458252
mbpo_pushcube_500k_20261007T094728_f9d45348,PushCube-v1,mbpo,A_generation,32000,15,15034,TS1_mixture,reward_max,0.40763548016548157
mbpo_pushcube_500k_20261007T094728_f9d45348,PushCube-v1,mbpo,A_generation,32000,15,15034,TS1_mixture,elite_mean_reward_min,-0.10323937237262726
mbpo_pushcube_500k_20261007T094728_f9d45348,PushCube-v1,mbpo,A_generation,32000,15,15034,TS1_mixture,elite_mean_reward_max,0.4549773037433624
mbpo_pushcube_500k_20261007T094728_f9d45348,PushCube-v1,mbpo,A_generation,32000,15,15034,TS1_mixture,elite_mean_reward_outside_0_1_fraction,0.008544921875
mbpo_pushcube_500k_20261007T094728_f9d45348,PushCube-v1,mbpo,A_generation,32000,15,15034,TS1_mixture,extra.tcp_pose_quaternion_norm_mae,0.001006764178848458
mbpo_pushcube_500k_20261007T094728_f9d45348,PushCube-v1,mbpo,A_generation,32000,15,15034,TS1_mixture,extra.tcp_pose_quaternion_norm_max_error,0.03540486083044159
mbpo_pushcube_500k_20261007T094728_f9d45348,PushCube-v1,mbpo,A_generation,32000,15,15034,TS1_mixture,extra.tcp_pose_quaternion_invalid_fraction_tol_0.01,0.005859375
mbpo_pushcube_500k_20261007T094728_f9d45348,PushCube-v1,mbpo,A_generation,32000,15,15034,TS1_mixture,extra.obj_pose_quaternion_norm_mae,0.0047508503897433834
mbpo_pushcube_500k_20261007T094728_f9d45348,PushCube-v1,mbpo,A_generation,32000,15,15034,TS1_mixture,extra.obj_pose_quaternion_norm_max_error,0.07975201494955486
mbpo_pushcube_500k_20261007T094728_f9d45348,PushCube-v1,mbpo,A_generation,32000,15,15034,TS1_mixture,extra.obj_pose_quaternion_invalid_fraction_tol_0.01,0.17578125
mbpo_pushcube_500k_20261007T094728_f9d45348,PushCube-v1,mbpo,A_generation,32000,15,15034,TS1_mixture,goal_position_drift_rmse,1.441808134771993e-07
mbpo_pushcube_500k_20261007T094728_f9d45348,PushCube-v1,mbpo,A_generation,32000,15,15034,TS1_mixture,projected_quaternion_max_norm_error/extra.tcp_pose,5.960464477539063e-08
mbpo_pushcube_500k_20261007T094728_f9d45348,PushCube-v1,mbpo,A_generation,32000,15,15034,TS1_mixture,projected_quaternion_max_norm_error/extra.obj_pose,5.960464477539063e-08
mbpo_pushcube_500k_20261007T094728_f9d45348,PushCube-v1,mbpo,A_generation,34016,16,16107,TS1_mixture,count,2048
mbpo_pushcube_500k_20261007T094728_f9d45348,PushCube-v1,mbpo,A_generation,34016,16,16107,TS1_mixture,all_finite,True
mbpo_pushcube_500k_20261007T094728_f9d45348,PushCube-v1,mbpo,A_generation,34016,16,16107,TS1_mixture,reward_outside_0_1_fraction,0.029296875
mbpo_pushcube_500k_20261007T094728_f9d45348,PushCube-v1,mbpo,A_generation,34016,16,16107,TS1_mixture,reward_below_zero_fraction,0.029296875
mbpo_pushcube_500k_20261007T094728_f9d45348,PushCube-v1,mbpo,A_generation,34016,16,16107,TS1_mixture,reward_above_one_fraction,0.0
mbpo_pushcube_500k_20261007T094728_f9d45348,PushCube-v1,mbpo,A_generation,34016,16,16107,TS1_mixture,reward_min,-0.10888125002384186
mbpo_pushcube_500k_20261007T094728_f9d45348,PushCube-v1,mbpo,A_generation,34016,16,16107,TS1_mixture,reward_max,0.4020995795726776
mbpo_pushcube_500k_20261007T094728_f9d45348,PushCube-v1,mbpo,A_generation,34016,16,16107,TS1_mixture,elite_mean_reward_min,-0.048580583184957504
mbpo_pushcube_500k_20261007T094728_f9d45348,PushCube-v1,mbpo,A_generation,34016,16,16107,TS1_mixture,elite_mean_reward_max,0.32618018984794617
mbpo_pushcube_500k_20261007T094728_f9d45348,PushCube-v1,mbpo,A_generation,34016,16,16107,TS1_mixture,elite_mean_reward_outside_0_1_fraction,0.009521484375
mbpo_pushcube_500k_20261007T094728_f9d45348,PushCube-v1,mbpo,A_generation,34016,16,16107,TS1_mixture,extra.tcp_pose_quaternion_norm_mae,0.0009643579149780476
mbpo_pushcube_500k_20261007T094728_f9d45348,PushCube-v1,mbpo,A_generation,34016,16,16107,TS1_mixture,extra.tcp_pose_quaternion_norm_max_error,0.016579319303882567
mbpo_pushcube_500k_20261007T094728_f9d45348,PushCube-v1,mbpo,A_generation,34016,16,16107,TS1_mixture,extra.tcp_pose_quaternion_invalid_fraction_tol_0.01,0.00341796875
mbpo_pushcube_500k_20261007T094728_f9d45348,PushCube-v1,mbpo,A_generation,34016,16,16107,TS1_mixture,extra.obj_pose_quaternion_norm_mae,0.005321417627221291
mbpo_pushcube_500k_20261007T094728_f9d45348,PushCube-v1,mbpo,A_generation,34016,16,16107,TS1_mixture,extra.obj_pose_quaternion_norm_max_error,0.11622484640677444
mbpo_pushcube_500k_20261007T094728_f9d45348,PushCube-v1,mbpo,A_generation,34016,16,16107,TS1_mixture,extra.obj_pose_quaternion_invalid_fraction_tol_0.01,0.19970703125
mbpo_pushcube_500k_20261007T094728_f9d45348,PushCube-v1,mbpo,A_generation,34016,16,16107,TS1_mixture,goal_position_drift_rmse,1.2042703970195466e-07
mbpo_pushcube_500k_20261007T094728_f9d45348,PushCube-v1,mbpo,A_generation,34016,16,16107,TS1_mixture,projected_quaternion_max_norm_error/extra.tcp_pose,5.960464477539063e-08
mbpo_pushcube_500k_20261007T094728_f9d45348,PushCube-v1,mbpo,A_generation,34016,16,16107,TS1_mixture,projected_quaternion_max_norm_error/extra.obj_pose,5.960464477539063e-08
mbpo_pushcube_500k_20261007T094728_f9d45348,PushCube-v1,mbpo,A_generation,36000,17,17163,TS1_mixture,count,2048
mbpo_pushcube_500k_20261007T094728_f9d45348,PushCube-v1,mbpo,A_generation,36000,17,17163,TS1_mixture,all_finite,True
mbpo_pushcube_500k_20261007T094728_f9d45348,PushCube-v1,mbpo,A_generation,36000,17,17163,TS1_mixture,reward_outside_0_1_fraction,0.02392578125
mbpo_pushcube_500k_20261007T094728_f9d45348,PushCube-v1,mbpo,A_generation,36000,17,17163,TS1_mixture,reward_below_zero_fraction,0.02392578125
mbpo_pushcube_500k_20261007T094728_f9d45348,PushCube-v1,mbpo,A_generation,36000,17,17163,TS1_mixture,reward_above_one_fraction,0.0
mbpo_pushcube_500k_20261007T094728_f9d45348,PushCube-v1,mbpo,A_generation,36000,17,17163,TS1_mixture,reward_min,-0.0722690001130104
mbpo_pushcube_500k_20261007T094728_f9d45348,PushCube-v1,mbpo,A_generation,36000,17,17163,TS1_mixture,reward_max,0.4112664461135864
mbpo_pushcube_500k_20261007T094728_f9d45348,PushCube-v1,mbpo,A_generation,36000,17,17163,TS1_mixture,elite_mean_reward_min,-0.06938786804676056
mbpo_pushcube_500k_20261007T094728_f9d45348,PushCube-v1,mbpo,A_generation,36000,17,17163,TS1_mixture,elite_mean_reward_max,0.3171542286872864
mbpo_pushcube_500k_20261007T094728_f9d45348,PushCube-v1,mbpo,A_generation,36000,17,17163,TS1_mixture,elite_mean_reward_outside_0_1_fraction,0.0126953125
mbpo_pushcube_500k_20261007T094728_f9d45348,PushCube-v1,mbpo,A_generation,36000,17,17163,TS1_mixture,extra.tcp_pose_quaternion_norm_mae,0.0009717273072667486
mbpo_pushcube_500k_20261007T094728_f9d45348,PushCube-v1,mbpo,A_generation,36000,17,17163,TS1_mixture,extra.tcp_pose_quaternion_norm_max_error,0.02004586237469086
mbpo_pushcube_500k_20261007T094728_f9d45348,PushCube-v1,mbpo,A_generation,36000,17,17163,TS1_mixture,extra.tcp_pose_quaternion_invalid_fraction_tol_0.01,0.00439453125
mbpo_pushcube_500k_20261007T094728_f9d45348,PushCube-v1,mbpo,A_generation,36000,17,17163,TS1_mixture,extra.obj_pose_quaternion_norm_mae,0.005122588499949749
mbpo_pushcube_500k_20261007T094728_f9d45348,PushCube-v1,mbpo,A_generation,36000,17,17163,TS1_mixture,extra.obj_pose_quaternion_norm_max_error,0.1354127718366096
mbpo_pushcube_500k_20261007T094728_f9d45348,PushCube-v1,mbpo,A_generation,36000,17,17163,TS1_mixture,extra.obj_pose_quaternion_invalid_fraction_tol_0.01,0.18212890625
mbpo_pushcube_500k_20261007T094728_f9d45348,PushCube-v1,mbpo,A_generation,36000,17,17163,TS1_mixture,goal_position_drift_rmse,1.2095818483213948e-07
mbpo_pushcube_500k_20261007T094728_f9d45348,PushCube-v1,mbpo,A_generation,36000,17,17163,TS1_mixture,projected_quaternion_max_norm_error/extra.tcp_pose,5.960464477539063e-08
mbpo_pushcube_500k_20261007T094728_f9d45348,PushCube-v1,mbpo,A_generation,36000,17,17163,TS1_mixture,projected_quaternion_max_norm_error/extra.obj_pose,5.960464477539063e-08
mbpo_pushcube_500k_20261007T094728_f9d45348,PushCube-v1,mbpo,A_generation,38016,18,18236,TS1_mixture,count,2048
mbpo_pushcube_500k_20261007T094728_f9d45348,PushCube-v1,mbpo,A_generation,38016,18,18236,TS1_mixture,all_finite,True
mbpo_pushcube_500k_20261007T094728_f9d45348,PushCube-v1,mbpo,A_generation,38016,18,18236,TS1_mixture,reward_outside_0_1_fraction,0.02099609375
mbpo_pushcube_500k_20261007T094728_f9d45348,PushCube-v1,mbpo,A_generation,38016,18,18236,TS1_mixture,reward_below_zero_fraction,0.02099609375
mbpo_pushcube_500k_20261007T094728_f9d45348,PushCube-v1,mbpo,A_generation,38016,18,18236,TS1_mixture,reward_above_one_fraction,0.0
mbpo_pushcube_500k_20261007T094728_f9d45348,PushCube-v1,mbpo,A_generation,38016,18,18236,TS1_mixture,reward_min,-0.23977568745613098
mbpo_pushcube_500k_20261007T094728_f9d45348,PushCube-v1,mbpo,A_generation,38016,18,18236,TS1_mixture,reward_max,0.47583264112472534
mbpo_pushcube_500k_20261007T094728_f9d45348,PushCube-v1,mbpo,A_generation,38016,18,18236,TS1_mixture,elite_mean_reward_min,-0.19564266502857208
mbpo_pushcube_500k_20261007T094728_f9d45348,PushCube-v1,mbpo,A_generation,38016,18,18236,TS1_mixture,elite_mean_reward_max,0.3371746838092804
mbpo_pushcube_500k_20261007T094728_f9d45348,PushCube-v1,mbpo,A_generation,38016,18,18236,TS1_mixture,elite_mean_reward_outside_0_1_fraction,0.009033203125
mbpo_pushcube_500k_20261007T094728_f9d45348,PushCube-v1,mbpo,A_generation,38016,18,18236,TS1_mixture,extra.tcp_pose_quaternion_norm_mae,0.0009588882033781443
mbpo_pushcube_500k_20261007T094728_f9d45348,PushCube-v1,mbpo,A_generation,38016,18,18236,TS1_mixture,extra.tcp_pose_quaternion_norm_max_error,0.025330441526181247
mbpo_pushcube_500k_20261007T094728_f9d45348,PushCube-v1,mbpo,A_generation,38016,18,18236,TS1_mixture,extra.tcp_pose_quaternion_invalid_fraction_tol_0.01,0.00634765625
mbpo_pushcube_500k_20261007T094728_f9d45348,PushCube-v1,mbpo,A_generation,38016,18,18236,TS1_mixture,extra.obj_pose_quaternion_norm_mae,0.0057377639740578915
mbpo_pushcube_500k_20261007T094728_f9d45348,PushCube-v1,mbpo,A_generation,38016,18,18236,TS1_mixture,extra.obj_pose_quaternion_norm_max_error,0.28336660158308336
mbpo_pushcube_500k_20261007T094728_f9d45348,PushCube-v1,mbpo,A_generation,38016,18,18236,TS1_mixture,extra.obj_pose_quaternion_invalid_fraction_tol_0.01,0.19091796875
mbpo_pushcube_500k_20261007T094728_f9d45348,PushCube-v1,mbpo,A_generation,38016,18,18236,TS1_mixture,goal_position_drift_rmse,1.21002223436055e-07
mbpo_pushcube_500k_20261007T094728_f9d45348,PushCube-v1,mbpo,A_generation,38016,18,18236,TS1_mixture,projected_quaternion_max_norm_error/extra.tcp_pose,5.960464477539063e-08
mbpo_pushcube_500k_20261007T094728_f9d45348,PushCube-v1,mbpo,A_generation,38016,18,18236,TS1_mixture,projected_quaternion_max_norm_error/extra.obj_pose,5.960464477539063e-08
mbpo_pushcube_500k_20261007T094728_f9d45348,PushCube-v1,mbpo,A_generation,40000,19,19293,TS1_mixture,count,2048
mbpo_pushcube_500k_20261007T094728_f9d45348,PushCube-v1,mbpo,A_generation,40000,19,19293,TS1_mixture,all_finite,True
mbpo_pushcube_500k_20261007T094728_f9d45348,PushCube-v1,mbpo,A_generation,40000,19,19293,TS1_mixture,reward_outside_0_1_fraction,0.0146484375
mbpo_pushcube_500k_20261007T094728_f9d45348,PushCube-v1,mbpo,A_generation,40000,19,19293,TS1_mixture,reward_below_zero_fraction,0.0146484375
mbpo_pushcube_500k_20261007T094728_f9d45348,PushCube-v1,mbpo,A_generation,40000,19,19293,TS1_mixture,reward_above_one_fraction,0.0
mbpo_pushcube_500k_20261007T094728_f9d45348,PushCube-v1,mbpo,A_generation,40000,19,19293,TS1_mixture,reward_min,-0.199972003698349
mbpo_pushcube_500k_20261007T094728_f9d45348,PushCube-v1,mbpo,A_generation,40000,19,19293,TS1_mixture,reward_max,0.5166366100311279
mbpo_pushcube_500k_20261007T094728_f9d45348,PushCube-v1,mbpo,A_generation,40000,19,19293,TS1_mixture,elite_mean_reward_min,-0.137273907661438
mbpo_pushcube_500k_20261007T094728_f9d45348,PushCube-v1,mbpo,A_generation,40000,19,19293,TS1_mixture,elite_mean_reward_max,0.5368087291717529
mbpo_pushcube_500k_20261007T094728_f9d45348,PushCube-v1,mbpo,A_generation,40000,19,19293,TS1_mixture,elite_mean_reward_outside_0_1_fraction,0.008056640625
mbpo_pushcube_500k_20261007T094728_f9d45348,PushCube-v1,mbpo,A_generation,40000,19,19293,TS1_mixture,extra.tcp_pose_quaternion_norm_mae,0.0010820905647165938
mbpo_pushcube_500k_20261007T094728_f9d45348,PushCube-v1,mbpo,A_generation,40000,19,19293,TS1_mixture,extra.tcp_pose_quaternion_norm_max_error,0.04930933181672237
mbpo_pushcube_500k_20261007T094728_f9d45348,PushCube-v1,mbpo,A_generation,40000,19,19293,TS1_mixture,extra.tcp_pose_quaternion_invalid_fraction_tol_0.01,0.0068359375
mbpo_pushcube_500k_20261007T094728_f9d45348,PushCube-v1,mbpo,A_generation,40000,19,19293,TS1_mixture,extra.obj_pose_quaternion_norm_mae,0.005837574550782411
mbpo_pushcube_500k_20261007T094728_f9d45348,PushCube-v1,mbpo,A_generation,40000,19,19293,TS1_mixture,extra.obj_pose_quaternion_norm_max_error,0.12009385169477738
mbpo_pushcube_500k_20261007T094728_f9d45348,PushCube-v1,mbpo,A_generation,40000,19,19293,TS1_mixture,extra.obj_pose_quaternion_invalid_fraction_tol_0.01,0.212890625
mbpo_pushcube_500k_20261007T094728_f9d45348,PushCube-v1,mbpo,A_generation,40000,19,19293,TS1_mixture,goal_position_drift_rmse,1.1745766721878823e-07
mbpo_pushcube_500k_20261007T094728_f9d45348,PushCube-v1,mbpo,A_generation,40000,19,19293,TS1_mixture,projected_quaternion_max_norm_error/extra.tcp_pose,5.960464477539063e-08
mbpo_pushcube_500k_20261007T094728_f9d45348,PushCube-v1,mbpo,A_generation,40000,19,19293,TS1_mixture,projected_quaternion_max_norm_error/extra.obj_pose,5.960464477539063e-08
mbpo_pushcube_500k_20261007T094728_f9d45348,PushCube-v1,mbpo,A_generation,42016,20,20366,TS1_mixture,count,2048
mbpo_pushcube_500k_20261007T094728_f9d45348,PushCube-v1,mbpo,A_generation,42016,20,20366,TS1_mixture,all_finite,True
mbpo_pushcube_500k_20261007T094728_f9d45348,PushCube-v1,mbpo,A_generation,42016,20,20366,TS1_mixture,reward_outside_0_1_fraction,0.01708984375
mbpo_pushcube_500k_20261007T094728_f9d45348,PushCube-v1,mbpo,A_generation,42016,20,20366,TS1_mixture,reward_below_zero_fraction,0.01708984375
mbpo_pushcube_500k_20261007T094728_f9d45348,PushCube-v1,mbpo,A_generation,42016,20,20366,TS1_mixture,reward_above_one_fraction,0.0
mbpo_pushcube_500k_20261007T094728_f9d45348,PushCube-v1,mbpo,A_generation,42016,20,20366,TS1_mixture,reward_min,-0.4171338379383087
mbpo_pushcube_500k_20261007T094728_f9d45348,PushCube-v1,mbpo,A_generation,42016,20,20366,TS1_mixture,reward_max,0.4838353991508484
mbpo_pushcube_500k_20261007T094728_f9d45348,PushCube-v1,mbpo,A_generation,42016,20,20366,TS1_mixture,elite_mean_reward_min,-0.31554487347602844
mbpo_pushcube_500k_20261007T094728_f9d45348,PushCube-v1,mbpo,A_generation,42016,20,20366,TS1_mixture,elite_mean_reward_max,0.49928832054138184
mbpo_pushcube_500k_20261007T094728_f9d45348,PushCube-v1,mbpo,A_generation,42016,20,20366,TS1_mixture,elite_mean_reward_outside_0_1_fraction,0.010009765625
mbpo_pushcube_500k_20261007T094728_f9d45348,PushCube-v1,mbpo,A_generation,42016,20,20366,TS1_mixture,extra.tcp_pose_quaternion_norm_mae,0.0010339518062779276
mbpo_pushcube_500k_20261007T094728_f9d45348,PushCube-v1,mbpo,A_generation,42016,20,20366,TS1_mixture,extra.tcp_pose_quaternion_norm_max_error,0.024647989440435003
mbpo_pushcube_500k_20261007T094728_f9d45348,PushCube-v1,mbpo,A_generation,42016,20,20366,TS1_mixture,extra.tcp_pose_quaternion_invalid_fraction_tol_0.01,0.0048828125
mbpo_pushcube_500k_20261007T094728_f9d45348,PushCube-v1,mbpo,A_generation,42016,20,20366,TS1_mixture,extra.obj_pose_quaternion_norm_mae,0.006212301718405873
mbpo_pushcube_500k_20261007T094728_f9d45348,PushCube-v1,mbpo,A_generation,42016,20,20366,TS1_mixture,extra.obj_pose_quaternion_norm_max_error,0.09209963434545132
mbpo_pushcube_500k_20261007T094728_f9d45348,PushCube-v1,mbpo,A_generation,42016,20,20366,TS1_mixture,extra.obj_pose_quaternion_invalid_fraction_tol_0.01,0.23291015625
mbpo_pushcube_500k_20261007T094728_f9d45348,PushCube-v1,mbpo,A_generation,42016,20,20366,TS1_mixture,goal_position_drift_rmse,1.4550242623244165e-07
mbpo_pushcube_500k_20261007T094728_f9d45348,PushCube-v1,mbpo,A_generation,42016,20,20366,TS1_mixture,projected_quaternion_max_norm_error/extra.tcp_pose,5.960464477539063e-08
mbpo_pushcube_500k_20261007T094728_f9d45348,PushCube-v1,mbpo,A_generation,42016,20,20366,TS1_mixture,projected_quaternion_max_norm_error/extra.obj_pose,5.960464477539063e-08
mbpo_pushcube_500k_20261007T094728_f9d45348,PushCube-v1,mbpo,A_generation,44000,21,21422,TS1_mixture,count,2048
mbpo_pushcube_500k_20261007T094728_f9d45348,PushCube-v1,mbpo,A_generation,44000,21,21422,TS1_mixture,all_finite,True
mbpo_pushcube_500k_20261007T094728_f9d45348,PushCube-v1,mbpo,A_generation,44000,21,21422,TS1_mixture,reward_outside_0_1_fraction,0.02099609375
mbpo_pushcube_500k_20261007T094728_f9d45348,PushCube-v1,mbpo,A_generation,44000,21,21422,TS1_mixture,reward_below_zero_fraction,0.02099609375
mbpo_pushcube_500k_20261007T094728_f9d45348,PushCube-v1,mbpo,A_generation,44000,21,21422,TS1_mixture,reward_above_one_fraction,0.0
mbpo_pushcube_500k_20261007T094728_f9d45348,PushCube-v1,mbpo,A_generation,44000,21,21422,TS1_mixture,reward_min,-0.3234066665172577
mbpo_pushcube_500k_20261007T094728_f9d45348,PushCube-v1,mbpo,A_generation,44000,21,21422,TS1_mixture,reward_max,0.45725956559181213
mbpo_pushcube_500k_20261007T094728_f9d45348,PushCube-v1,mbpo,A_generation,44000,21,21422,TS1_mixture,elite_mean_reward_min,-0.35066038370132446
mbpo_pushcube_500k_20261007T094728_f9d45348,PushCube-v1,mbpo,A_generation,44000,21,21422,TS1_mixture,elite_mean_reward_max,0.4266224503517151
mbpo_pushcube_500k_20261007T094728_f9d45348,PushCube-v1,mbpo,A_generation,44000,21,21422,TS1_mixture,elite_mean_reward_outside_0_1_fraction,0.012451171875
mbpo_pushcube_500k_20261007T094728_f9d45348,PushCube-v1,mbpo,A_generation,44000,21,21422,TS1_mixture,extra.tcp_pose_quaternion_norm_mae,0.0010901485442709555
mbpo_pushcube_500k_20261007T094728_f9d45348,PushCube-v1,mbpo,A_generation,44000,21,21422,TS1_mixture,extra.tcp_pose_quaternion_norm_max_error,0.04813489064506449
mbpo_pushcube_500k_20261007T094728_f9d45348,PushCube-v1,mbpo,A_generation,44000,21,21422,TS1_mixture,extra.tcp_pose_quaternion_invalid_fraction_tol_0.01,0.0068359375
mbpo_pushcube_500k_20261007T094728_f9d45348,PushCube-v1,mbpo,A_generation,44000,21,21422,TS1_mixture,extra.obj_pose_quaternion_norm_mae,0.007236689775435167
mbpo_pushcube_500k_20261007T094728_f9d45348,PushCube-v1,mbpo,A_generation,44000,21,21422,TS1_mixture,extra.obj_pose_quaternion_norm_max_error,0.160781982146736
mbpo_pushcube_500k_20261007T094728_f9d45348,PushCube-v1,mbpo,A_generation,44000,21,21422,TS1_mixture,extra.obj_pose_quaternion_invalid_fraction_tol_0.01,0.2666015625
mbpo_pushcube_500k_20261007T094728_f9d45348,PushCube-v1,mbpo,A_generation,44000,21,21422,TS1_mixture,goal_position_drift_rmse,1.3718299257422837e-07
mbpo_pushcube_500k_20261007T094728_f9d45348,PushCube-v1,mbpo,A_generation,44000,21,21422,TS1_mixture,projected_quaternion_max_norm_error/extra.tcp_pose,5.960464477539063e-08
mbpo_pushcube_500k_20261007T094728_f9d45348,PushCube-v1,mbpo,A_generation,44000,21,21422,TS1_mixture,projected_quaternion_max_norm_error/extra.obj_pose,5.960464477539063e-08
mbpo_pushcube_500k_20261007T094728_f9d45348,PushCube-v1,mbpo,A_generation,46016,22,22495,TS1_mixture,count,2048
mbpo_pushcube_500k_20261007T094728_f9d45348,PushCube-v1,mbpo,A_generation,46016,22,22495,TS1_mixture,all_finite,True
mbpo_pushcube_500k_20261007T094728_f9d45348,PushCube-v1,mbpo,A_generation,46016,22,22495,TS1_mixture,reward_outside_0_1_fraction,0.017578125
mbpo_pushcube_500k_20261007T094728_f9d45348,PushCube-v1,mbpo,A_generation,46016,22,22495,TS1_mixture,reward_below_zero_fraction,0.017578125
mbpo_pushcube_500k_20261007T094728_f9d45348,PushCube-v1,mbpo,A_generation,46016,22,22495,TS1_mixture,reward_above_one_fraction,0.0
mbpo_pushcube_500k_20261007T094728_f9d45348,PushCube-v1,mbpo,A_generation,46016,22,22495,TS1_mixture,reward_min,-0.39243611693382263
mbpo_pushcube_500k_20261007T094728_f9d45348,PushCube-v1,mbpo,A_generation,46016,22,22495,TS1_mixture,reward_max,0.4869228005409241
mbpo_pushcube_500k_20261007T094728_f9d45348,PushCube-v1,mbpo,A_generation,46016,22,22495,TS1_mixture,elite_mean_reward_min,-0.3703189194202423
mbpo_pushcube_500k_20261007T094728_f9d45348,PushCube-v1,mbpo,A_generation,46016,22,22495,TS1_mixture,elite_mean_reward_max,0.4622393250465393
mbpo_pushcube_500k_20261007T094728_f9d45348,PushCube-v1,mbpo,A_generation,46016,22,22495,TS1_mixture,elite_mean_reward_outside_0_1_fraction,0.0078125
mbpo_pushcube_500k_20261007T094728_f9d45348,PushCube-v1,mbpo,A_generation,46016,22,22495,TS1_mixture,extra.tcp_pose_quaternion_norm_mae,0.0010757694241527293
mbpo_pushcube_500k_20261007T094728_f9d45348,PushCube-v1,mbpo,A_generation,46016,22,22495,TS1_mixture,extra.tcp_pose_quaternion_norm_max_error,0.03676215413976536
mbpo_pushcube_500k_20261007T094728_f9d45348,PushCube-v1,mbpo,A_generation,46016,22,22495,TS1_mixture,extra.tcp_pose_quaternion_invalid_fraction_tol_0.01,0.00537109375
mbpo_pushcube_500k_20261007T094728_f9d45348,PushCube-v1,mbpo,A_generation,46016,22,22495,TS1_mixture,extra.obj_pose_quaternion_norm_mae,0.007260003518738917
mbpo_pushcube_500k_20261007T094728_f9d45348,PushCube-v1,mbpo,A_generation,46016,22,22495,TS1_mixture,extra.obj_pose_quaternion_norm_max_error,0.12418067544025502
mbpo_pushcube_500k_20261007T094728_f9d45348,PushCube-v1,mbpo,A_generation,46016,22,22495,TS1_mixture,extra.obj_pose_quaternion_invalid_fraction_tol_0.01,0.2646484375
mbpo_pushcube_500k_20261007T094728_f9d45348,PushCube-v1,mbpo,A_generation,46016,22,22495,TS1_mixture,goal_position_drift_rmse,1.7648979669567032e-07
mbpo_pushcube_500k_20261007T094728_f9d45348,PushCube-v1,mbpo,A_generation,46016,22,22495,TS1_mixture,projected_quaternion_max_norm_error/extra.tcp_pose,5.960464477539063e-08
mbpo_pushcube_500k_20261007T094728_f9d45348,PushCube-v1,mbpo,A_generation,46016,22,22495,TS1_mixture,projected_quaternion_max_norm_error/extra.obj_pose,5.960464477539063e-08
mbpo_pushcube_500k_20261007T094728_f9d45348,PushCube-v1,mbpo,A_generation,48000,23,23552,TS1_mixture,count,2048
mbpo_pushcube_500k_20261007T094728_f9d45348,PushCube-v1,mbpo,A_generation,48000,23,23552,TS1_mixture,all_finite,True
mbpo_pushcube_500k_20261007T094728_f9d45348,PushCube-v1,mbpo,A_generation,48000,23,23552,TS1_mixture,reward_outside_0_1_fraction,0.021484375
mbpo_pushcube_500k_20261007T094728_f9d45348,PushCube-v1,mbpo,A_generation,48000,23,23552,TS1_mixture,reward_below_zero_fraction,0.021484375
mbpo_pushcube_500k_20261007T094728_f9d45348,PushCube-v1,mbpo,A_generation,48000,23,23552,TS1_mixture,reward_above_one_fraction,0.0
mbpo_pushcube_500k_20261007T094728_f9d45348,PushCube-v1,mbpo,A_generation,48000,23,23552,TS1_mixture,reward_min,-0.4763544499874115
mbpo_pushcube_500k_20261007T094728_f9d45348,PushCube-v1,mbpo,A_generation,48000,23,23552,TS1_mixture,reward_max,0.5390139818191528
mbpo_pushcube_500k_20261007T094728_f9d45348,PushCube-v1,mbpo,A_generation,48000,23,23552,TS1_mixture,elite_mean_reward_min,-0.42092686891555786
mbpo_pushcube_500k_20261007T094728_f9d45348,PushCube-v1,mbpo,A_generation,48000,23,23552,TS1_mixture,elite_mean_reward_max,0.5545811057090759
mbpo_pushcube_500k_20261007T094728_f9d45348,PushCube-v1,mbpo,A_generation,48000,23,23552,TS1_mixture,elite_mean_reward_outside_0_1_fraction,0.00927734375
mbpo_pushcube_500k_20261007T094728_f9d45348,PushCube-v1,mbpo,A_generation,48000,23,23552,TS1_mixture,extra.tcp_pose_quaternion_norm_mae,0.0010957530376654108
mbpo_pushcube_500k_20261007T094728_f9d45348,PushCube-v1,mbpo,A_generation,48000,23,23552,TS1_mixture,extra.tcp_pose_quaternion_norm_max_error,0.03123236585311573
mbpo_pushcube_500k_20261007T094728_f9d45348,PushCube-v1,mbpo,A_generation,48000,23,23552,TS1_mixture,extra.tcp_pose_quaternion_invalid_fraction_tol_0.01,0.0068359375
mbpo_pushcube_500k_20261007T094728_f9d45348,PushCube-v1,mbpo,A_generation,48000,23,23552,TS1_mixture,extra.obj_pose_quaternion_norm_mae,0.007808136524410146
mbpo_pushcube_500k_20261007T094728_f9d45348,PushCube-v1,mbpo,A_generation,48000,23,23552,TS1_mixture,extra.obj_pose_quaternion_norm_max_error,0.2054407332054733
mbpo_pushcube_500k_20261007T094728_f9d45348,PushCube-v1,mbpo,A_generation,48000,23,23552,TS1_mixture,extra.obj_pose_quaternion_invalid_fraction_tol_0.01,0.2880859375
mbpo_pushcube_500k_20261007T094728_f9d45348,PushCube-v1,mbpo,A_generation,48000,23,23552,TS1_mixture,goal_position_drift_rmse,1.697956602670148e-07
mbpo_pushcube_500k_20261007T094728_f9d45348,PushCube-v1,mbpo,A_generation,48000,23,23552,TS1_mixture,projected_quaternion_max_norm_error/extra.tcp_pose,5.960464477539063e-08
mbpo_pushcube_500k_20261007T094728_f9d45348,PushCube-v1,mbpo,A_generation,48000,23,23552,TS1_mixture,projected_quaternion_max_norm_error/extra.obj_pose,5.960464477539063e-08
mbpo_pushcube_500k_20261007T094728_f9d45348,PushCube-v1,mbpo,A_generation,50016,24,24625,TS1_mixture,count,2048
mbpo_pushcube_500k_20261007T094728_f9d45348,PushCube-v1,mbpo,A_generation,50016,24,24625,TS1_mixture,all_finite,True
mbpo_pushcube_500k_20261007T094728_f9d45348,PushCube-v1,mbpo,A_generation,50016,24,24625,TS1_mixture,reward_outside_0_1_fraction,0.025390625
mbpo_pushcube_500k_20261007T094728_f9d45348,PushCube-v1,mbpo,A_generation,50016,24,24625,TS1_mixture,reward_below_zero_fraction,0.025390625
mbpo_pushcube_500k_20261007T094728_f9d45348,PushCube-v1,mbpo,A_generation,50016,24,24625,TS1_mixture,reward_above_one_fraction,0.0
mbpo_pushcube_500k_20261007T094728_f9d45348,PushCube-v1,mbpo,A_generation,50016,24,24625,TS1_mixture,reward_min,-0.4776403605937958
mbpo_pushcube_500k_20261007T094728_f9d45348,PushCube-v1,mbpo,A_generation,50016,24,24625,TS1_mixture,reward_max,0.5617780685424805
mbpo_pushcube_500k_20261007T094728_f9d45348,PushCube-v1,mbpo,A_generation,50016,24,24625,TS1_mixture,elite_mean_reward_min,-0.4047914445400238
mbpo_pushcube_500k_20261007T094728_f9d45348,PushCube-v1,mbpo,A_generation,50016,24,24625,TS1_mixture,elite_mean_reward_max,0.5544244647026062
mbpo_pushcube_500k_20261007T094728_f9d45348,PushCube-v1,mbpo,A_generation,50016,24,24625,TS1_mixture,elite_mean_reward_outside_0_1_fraction,0.01416015625
mbpo_pushcube_500k_20261007T094728_f9d45348,PushCube-v1,mbpo,A_generation,50016,24,24625,TS1_mixture,extra.tcp_pose_quaternion_norm_mae,0.0011202142483953412
mbpo_pushcube_500k_20261007T094728_f9d45348,PushCube-v1,mbpo,A_generation,50016,24,24625,TS1_mixture,extra.tcp_pose_quaternion_norm_max_error,0.051580129199422675
mbpo_pushcube_500k_20261007T094728_f9d45348,PushCube-v1,mbpo,A_generation,50016,24,24625,TS1_mixture,extra.tcp_pose_quaternion_invalid_fraction_tol_0.01,0.00634765625
mbpo_pushcube_500k_20261007T094728_f9d45348,PushCube-v1,mbpo,A_generation,50016,24,24625,TS1_mixture,extra.obj_pose_quaternion_norm_mae,0.007557296673127288
mbpo_pushcube_500k_20261007T094728_f9d45348,PushCube-v1,mbpo,A_generation,50016,24,24625,TS1_mixture,extra.obj_pose_quaternion_norm_max_error,0.08668349381495122
mbpo_pushcube_500k_20261007T094728_f9d45348,PushCube-v1,mbpo,A_generation,50016,24,24625,TS1_mixture,extra.obj_pose_quaternion_invalid_fraction_tol_0.01,0.26904296875
mbpo_pushcube_500k_20261007T094728_f9d45348,PushCube-v1,mbpo,A_generation,50016,24,24625,TS1_mixture,goal_position_drift_rmse,1.6327211621230712e-07
mbpo_pushcube_500k_20261007T094728_f9d45348,PushCube-v1,mbpo,A_generation,50016,24,24625,TS1_mixture,projected_quaternion_max_norm_error/extra.tcp_pose,5.960464477539063e-08
mbpo_pushcube_500k_20261007T094728_f9d45348,PushCube-v1,mbpo,A_generation,50016,24,24625,TS1_mixture,projected_quaternion_max_norm_error/extra.obj_pose,5.960464477539063e-08
mbpo_pushcube_500k_20261007T094728_f9d45348,PushCube-v1,mbpo,A_generation,52000,25,25687,TS1_mixture,count,2048
mbpo_pushcube_500k_20261007T094728_f9d45348,PushCube-v1,mbpo,A_generation,52000,25,25687,TS1_mixture,all_finite,True
mbpo_pushcube_500k_20261007T094728_f9d45348,PushCube-v1,mbpo,A_generation,52000,25,25687,TS1_mixture,reward_outside_0_1_fraction,0.03662109375
mbpo_pushcube_500k_20261007T094728_f9d45348,PushCube-v1,mbpo,A_generation,52000,25,25687,TS1_mixture,reward_below_zero_fraction,0.03662109375
mbpo_pushcube_500k_20261007T094728_f9d45348,PushCube-v1,mbpo,A_generation,52000,25,25687,TS1_mixture,reward_above_one_fraction,0.0
mbpo_pushcube_500k_20261007T094728_f9d45348,PushCube-v1,mbpo,A_generation,52000,25,25687,TS1_mixture,reward_min,-0.30046242475509644
mbpo_pushcube_500k_20261007T094728_f9d45348,PushCube-v1,mbpo,A_generation,52000,25,25687,TS1_mixture,reward_max,0.6702163815498352
mbpo_pushcube_500k_20261007T094728_f9d45348,PushCube-v1,mbpo,A_generation,52000,25,25687,TS1_mixture,elite_mean_reward_min,-0.290274053812027
mbpo_pushcube_500k_20261007T094728_f9d45348,PushCube-v1,mbpo,A_generation,52000,25,25687,TS1_mixture,elite_mean_reward_max,0.628771960735321
mbpo_pushcube_500k_20261007T094728_f9d45348,PushCube-v1,mbpo,A_generation,52000,25,25687,TS1_mixture,elite_mean_reward_outside_0_1_fraction,0.019287109375
mbpo_pushcube_500k_20261007T094728_f9d45348,PushCube-v1,mbpo,A_generation,52000,25,25687,TS1_mixture,extra.tcp_pose_quaternion_norm_mae,0.0010647305476297847
mbpo_pushcube_500k_20261007T094728_f9d45348,PushCube-v1,mbpo,A_generation,52000,25,25687,TS1_mixture,extra.tcp_pose_quaternion_norm_max_error,0.026275494725200854
mbpo_pushcube_500k_20261007T094728_f9d45348,PushCube-v1,mbpo,A_generation,52000,25,25687,TS1_mixture,extra.tcp_pose_quaternion_invalid_fraction_tol_0.01,0.00732421875
mbpo_pushcube_500k_20261007T094728_f9d45348,PushCube-v1,mbpo,A_generation,52000,25,25687,TS1_mixture,extra.obj_pose_quaternion_norm_mae,0.007640390158244771
mbpo_pushcube_500k_20261007T094728_f9d45348,PushCube-v1,mbpo,A_generation,52000,25,25687,TS1_mixture,extra.obj_pose_quaternion_norm_max_error,0.08104323053904738
mbpo_pushcube_500k_20261007T094728_f9d45348,PushCube-v1,mbpo,A_generation,52000,25,25687,TS1_mixture,extra.obj_pose_quaternion_invalid_fraction_tol_0.01,0.27783203125
mbpo_pushcube_500k_20261007T094728_f9d45348,PushCube-v1,mbpo,A_generation,52000,25,25687,TS1_mixture,goal_position_drift_rmse,1.319568773437466e-07
mbpo_pushcube_500k_20261007T094728_f9d45348,PushCube-v1,mbpo,A_generation,52000,25,25687,TS1_mixture,projected_quaternion_max_norm_error/extra.tcp_pose,5.960464477539063e-08
mbpo_pushcube_500k_20261007T094728_f9d45348,PushCube-v1,mbpo,A_generation,52000,25,25687,TS1_mixture,projected_quaternion_max_norm_error/extra.obj_pose,5.960464477539063e-08
mbpo_pushcube_500k_20261007T094728_f9d45348,PushCube-v1,mbpo,A_generation,54016,26,26760,TS1_mixture,count,2048
mbpo_pushcube_500k_20261007T094728_f9d45348,PushCube-v1,mbpo,A_generation,54016,26,26760,TS1_mixture,all_finite,True
mbpo_pushcube_500k_20261007T094728_f9d45348,PushCube-v1,mbpo,A_generation,54016,26,26760,TS1_mixture,reward_outside_0_1_fraction,0.05126953125
mbpo_pushcube_500k_20261007T094728_f9d45348,PushCube-v1,mbpo,A_generation,54016,26,26760,TS1_mixture,reward_below_zero_fraction,0.05126953125
mbpo_pushcube_500k_20261007T094728_f9d45348,PushCube-v1,mbpo,A_generation,54016,26,26760,TS1_mixture,reward_above_one_fraction,0.0
mbpo_pushcube_500k_20261007T094728_f9d45348,PushCube-v1,mbpo,A_generation,54016,26,26760,TS1_mixture,reward_min,-0.45398542284965515
mbpo_pushcube_500k_20261007T094728_f9d45348,PushCube-v1,mbpo,A_generation,54016,26,26760,TS1_mixture,reward_max,0.6697538495063782
mbpo_pushcube_500k_20261007T094728_f9d45348,PushCube-v1,mbpo,A_generation,54016,26,26760,TS1_mixture,elite_mean_reward_min,-0.45295143127441406
mbpo_pushcube_500k_20261007T094728_f9d45348,PushCube-v1,mbpo,A_generation,54016,26,26760,TS1_mixture,elite_mean_reward_max,0.5864480137825012
mbpo_pushcube_500k_20261007T094728_f9d45348,PushCube-v1,mbpo,A_generation,54016,26,26760,TS1_mixture,elite_mean_reward_outside_0_1_fraction,0.0302734375
mbpo_pushcube_500k_20261007T094728_f9d45348,PushCube-v1,mbpo,A_generation,54016,26,26760,TS1_mixture,extra.tcp_pose_quaternion_norm_mae,0.0010640634264312016
mbpo_pushcube_500k_20261007T094728_f9d45348,PushCube-v1,mbpo,A_generation,54016,26,26760,TS1_mixture,extra.tcp_pose_quaternion_norm_max_error,0.04713365379789625
mbpo_pushcube_500k_20261007T094728_f9d45348,PushCube-v1,mbpo,A_generation,54016,26,26760,TS1_mixture,extra.tcp_pose_quaternion_invalid_fraction_tol_0.01,0.00537109375
mbpo_pushcube_500k_20261007T094728_f9d45348,PushCube-v1,mbpo,A_generation,54016,26,26760,TS1_mixture,extra.obj_pose_quaternion_norm_mae,0.00771812962139982
mbpo_pushcube_500k_20261007T094728_f9d45348,PushCube-v1,mbpo,A_generation,54016,26,26760,TS1_mixture,extra.obj_pose_quaternion_norm_max_error,0.1645650098055247
mbpo_pushcube_500k_20261007T094728_f9d45348,PushCube-v1,mbpo,A_generation,54016,26,26760,TS1_mixture,extra.obj_pose_quaternion_invalid_fraction_tol_0.01,0.27294921875
mbpo_pushcube_500k_20261007T094728_f9d45348,PushCube-v1,mbpo,A_generation,54016,26,26760,TS1_mixture,goal_position_drift_rmse,1.6774497803337826e-07
mbpo_pushcube_500k_20261007T094728_f9d45348,PushCube-v1,mbpo,A_generation,54016,26,26760,TS1_mixture,projected_quaternion_max_norm_error/extra.tcp_pose,5.960464477539063e-08
mbpo_pushcube_500k_20261007T094728_f9d45348,PushCube-v1,mbpo,A_generation,54016,26,26760,TS1_mixture,projected_quaternion_max_norm_error/extra.obj_pose,5.960464477539063e-08
mbpo_pushcube_500k_20261007T094728_f9d45348,PushCube-v1,mbpo,A_generation,56000,27,27817,TS1_mixture,count,2048
mbpo_pushcube_500k_20261007T094728_f9d45348,PushCube-v1,mbpo,A_generation,56000,27,27817,TS1_mixture,all_finite,True
mbpo_pushcube_500k_20261007T094728_f9d45348,PushCube-v1,mbpo,A_generation,56000,27,27817,TS1_mixture,reward_outside_0_1_fraction,0.04296875
mbpo_pushcube_500k_20261007T094728_f9d45348,PushCube-v1,mbpo,A_generation,56000,27,27817,TS1_mixture,reward_below_zero_fraction,0.04296875
mbpo_pushcube_500k_20261007T094728_f9d45348,PushCube-v1,mbpo,A_generation,56000,27,27817,TS1_mixture,reward_above_one_fraction,0.0
mbpo_pushcube_500k_20261007T094728_f9d45348,PushCube-v1,mbpo,A_generation,56000,27,27817,TS1_mixture,reward_min,-0.34451186656951904
mbpo_pushcube_500k_20261007T094728_f9d45348,PushCube-v1,mbpo,A_generation,56000,27,27817,TS1_mixture,reward_max,0.7710851430892944
mbpo_pushcube_500k_20261007T094728_f9d45348,PushCube-v1,mbpo,A_generation,56000,27,27817,TS1_mixture,elite_mean_reward_min,-0.40223780274391174
mbpo_pushcube_500k_20261007T094728_f9d45348,PushCube-v1,mbpo,A_generation,56000,27,27817,TS1_mixture,elite_mean_reward_max,0.7155328392982483
mbpo_pushcube_500k_20261007T094728_f9d45348,PushCube-v1,mbpo,A_generation,56000,27,27817,TS1_mixture,elite_mean_reward_outside_0_1_fraction,0.029296875
mbpo_pushcube_500k_20261007T094728_f9d45348,PushCube-v1,mbpo,A_generation,56000,27,27817,TS1_mixture,extra.tcp_pose_quaternion_norm_mae,0.001109272492044953
mbpo_pushcube_500k_20261007T094728_f9d45348,PushCube-v1,mbpo,A_generation,56000,27,27817,TS1_mixture,extra.tcp_pose_quaternion_norm_max_error,0.045724630240269404
mbpo_pushcube_500k_20261007T094728_f9d45348,PushCube-v1,mbpo,A_generation,56000,27,27817,TS1_mixture,extra.tcp_pose_quaternion_invalid_fraction_tol_0.01,0.00537109375
mbpo_pushcube_500k_20261007T094728_f9d45348,PushCube-v1,mbpo,A_generation,56000,27,27817,TS1_mixture,extra.obj_pose_quaternion_norm_mae,0.00820695921993712
mbpo_pushcube_500k_20261007T094728_f9d45348,PushCube-v1,mbpo,A_generation,56000,27,27817,TS1_mixture,extra.obj_pose_quaternion_norm_max_error,0.1310419156950734
mbpo_pushcube_500k_20261007T094728_f9d45348,PushCube-v1,mbpo,A_generation,56000,27,27817,TS1_mixture,extra.obj_pose_quaternion_invalid_fraction_tol_0.01,0.30908203125
mbpo_pushcube_500k_20261007T094728_f9d45348,PushCube-v1,mbpo,A_generation,56000,27,27817,TS1_mixture,goal_position_drift_rmse,1.7320807102024612e-07
mbpo_pushcube_500k_20261007T094728_f9d45348,PushCube-v1,mbpo,A_generation,56000,27,27817,TS1_mixture,projected_quaternion_max_norm_error/extra.tcp_pose,5.960464477539063e-08
mbpo_pushcube_500k_20261007T094728_f9d45348,PushCube-v1,mbpo,A_generation,56000,27,27817,TS1_mixture,projected_quaternion_max_norm_error/extra.obj_pose,5.960464477539063e-08
mbpo_pushcube_500k_20261007T094728_f9d45348,PushCube-v1,mbpo,A_generation,58016,28,28890,TS1_mixture,count,2048
mbpo_pushcube_500k_20261007T094728_f9d45348,PushCube-v1,mbpo,A_generation,58016,28,28890,TS1_mixture,all_finite,True
mbpo_pushcube_500k_20261007T094728_f9d45348,PushCube-v1,mbpo,A_generation,58016,28,28890,TS1_mixture,reward_outside_0_1_fraction,0.052734375
mbpo_pushcube_500k_20261007T094728_f9d45348,PushCube-v1,mbpo,A_generation,58016,28,28890,TS1_mixture,reward_below_zero_fraction,0.052734375
mbpo_pushcube_500k_20261007T094728_f9d45348,PushCube-v1,mbpo,A_generation,58016,28,28890,TS1_mixture,reward_above_one_fraction,0.0
mbpo_pushcube_500k_20261007T094728_f9d45348,PushCube-v1,mbpo,A_generation,58016,28,28890,TS1_mixture,reward_min,-0.2579970061779022
mbpo_pushcube_500k_20261007T094728_f9d45348,PushCube-v1,mbpo,A_generation,58016,28,28890,TS1_mixture,reward_max,0.8595277070999146
mbpo_pushcube_500k_20261007T094728_f9d45348,PushCube-v1,mbpo,A_generation,58016,28,28890,TS1_mixture,elite_mean_reward_min,-0.23577143251895905
mbpo_pushcube_500k_20261007T094728_f9d45348,PushCube-v1,mbpo,A_generation,58016,28,28890,TS1_mixture,elite_mean_reward_max,0.7431197762489319
mbpo_pushcube_500k_20261007T094728_f9d45348,PushCube-v1,mbpo,A_generation,58016,28,28890,TS1_mixture,elite_mean_reward_outside_0_1_fraction,0.033935546875
mbpo_pushcube_500k_20261007T094728_f9d45348,PushCube-v1,mbpo,A_generation,58016,28,28890,TS1_mixture,extra.tcp_pose_quaternion_norm_mae,0.001068848549772162
mbpo_pushcube_500k_20261007T094728_f9d45348,PushCube-v1,mbpo,A_generation,58016,28,28890,TS1_mixture,extra.tcp_pose_quaternion_norm_max_error,0.018647527493124372
mbpo_pushcube_500k_20261007T094728_f9d45348,PushCube-v1,mbpo,A_generation,58016,28,28890,TS1_mixture,extra.tcp_pose_quaternion_invalid_fraction_tol_0.01,0.0068359375
mbpo_pushcube_500k_20261007T094728_f9d45348,PushCube-v1,mbpo,A_generation,58016,28,28890,TS1_mixture,extra.obj_pose_quaternion_norm_mae,0.008031494171518773
mbpo_pushcube_500k_20261007T094728_f9d45348,PushCube-v1,mbpo,A_generation,58016,28,28890,TS1_mixture,extra.obj_pose_quaternion_norm_max_error,0.11782980776924967
mbpo_pushcube_500k_20261007T094728_f9d45348,PushCube-v1,mbpo,A_generation,58016,28,28890,TS1_mixture,extra.obj_pose_quaternion_invalid_fraction_tol_0.01,0.296875
mbpo_pushcube_500k_20261007T094728_f9d45348,PushCube-v1,mbpo,A_generation,58016,28,28890,TS1_mixture,goal_position_drift_rmse,1.5370788653157358e-07
mbpo_pushcube_500k_20261007T094728_f9d45348,PushCube-v1,mbpo,A_generation,58016,28,28890,TS1_mixture,projected_quaternion_max_norm_error/extra.tcp_pose,5.960464477539063e-08
mbpo_pushcube_500k_20261007T094728_f9d45348,PushCube-v1,mbpo,A_generation,58016,28,28890,TS1_mixture,projected_quaternion_max_norm_error/extra.obj_pose,5.960464477539063e-08
mbpo_pushcube_500k_20261007T094728_f9d45348,PushCube-v1,mbpo,A_generation,60000,29,29946,TS1_mixture,count,2048
mbpo_pushcube_500k_20261007T094728_f9d45348,PushCube-v1,mbpo,A_generation,60000,29,29946,TS1_mixture,all_finite,True
mbpo_pushcube_500k_20261007T094728_f9d45348,PushCube-v1,mbpo,A_generation,60000,29,29946,TS1_mixture,reward_outside_0_1_fraction,0.04248046875
mbpo_pushcube_500k_20261007T094728_f9d45348,PushCube-v1,mbpo,A_generation,60000,29,29946,TS1_mixture,reward_below_zero_fraction,0.04248046875
mbpo_pushcube_500k_20261007T094728_f9d45348,PushCube-v1,mbpo,A_generation,60000,29,29946,TS1_mixture,reward_above_one_fraction,0.0
mbpo_pushcube_500k_20261007T094728_f9d45348,PushCube-v1,mbpo,A_generation,60000,29,29946,TS1_mixture,reward_min,-0.3307930529117584
mbpo_pushcube_500k_20261007T094728_f9d45348,PushCube-v1,mbpo,A_generation,60000,29,29946,TS1_mixture,reward_max,0.8560460805892944
mbpo_pushcube_500k_20261007T094728_f9d45348,PushCube-v1,mbpo,A_generation,60000,29,29946,TS1_mixture,elite_mean_reward_min,-0.3429383635520935
mbpo_pushcube_500k_20261007T094728_f9d45348,PushCube-v1,mbpo,A_generation,60000,29,29946,TS1_mixture,elite_mean_reward_max,0.8099274635314941
mbpo_pushcube_500k_20261007T094728_f9d45348,PushCube-v1,mbpo,A_generation,60000,29,29946,TS1_mixture,elite_mean_reward_outside_0_1_fraction,0.025146484375
mbpo_pushcube_500k_20261007T094728_f9d45348,PushCube-v1,mbpo,A_generation,60000,29,29946,TS1_mixture,extra.tcp_pose_quaternion_norm_mae,0.0010753774163789714
mbpo_pushcube_500k_20261007T094728_f9d45348,PushCube-v1,mbpo,A_generation,60000,29,29946,TS1_mixture,extra.tcp_pose_quaternion_norm_max_error,0.019759924289439734
mbpo_pushcube_500k_20261007T094728_f9d45348,PushCube-v1,mbpo,A_generation,60000,29,29946,TS1_mixture,extra.tcp_pose_quaternion_invalid_fraction_tol_0.01,0.005859375
mbpo_pushcube_500k_20261007T094728_f9d45348,PushCube-v1,mbpo,A_generation,60000,29,29946,TS1_mixture,extra.obj_pose_quaternion_norm_mae,0.008258557455254497
mbpo_pushcube_500k_20261007T094728_f9d45348,PushCube-v1,mbpo,A_generation,60000,29,29946,TS1_mixture,extra.obj_pose_quaternion_norm_max_error,0.1411258835111111
mbpo_pushcube_500k_20261007T094728_f9d45348,PushCube-v1,mbpo,A_generation,60000,29,29946,TS1_mixture,extra.obj_pose_quaternion_invalid_fraction_tol_0.01,0.314453125
mbpo_pushcube_500k_20261007T094728_f9d45348,PushCube-v1,mbpo,A_generation,60000,29,29946,TS1_mixture,goal_position_drift_rmse,1.346943210116172e-07
mbpo_pushcube_500k_20261007T094728_f9d45348,PushCube-v1,mbpo,A_generation,60000,29,29946,TS1_mixture,projected_quaternion_max_norm_error/extra.tcp_pose,5.960464477539063e-08
mbpo_pushcube_500k_20261007T094728_f9d45348,PushCube-v1,mbpo,A_generation,60000,29,29946,TS1_mixture,projected_quaternion_max_norm_error/extra.obj_pose,5.960464477539063e-08
mbpo_pushcube_500k_20261007T094728_f9d45348,PushCube-v1,mbpo,A_generation,62016,30,31019,TS1_mixture,count,2048
mbpo_pushcube_500k_20261007T094728_f9d45348,PushCube-v1,mbpo,A_generation,62016,30,31019,TS1_mixture,all_finite,True
mbpo_pushcube_500k_20261007T094728_f9d45348,PushCube-v1,mbpo,A_generation,62016,30,31019,TS1_mixture,reward_outside_0_1_fraction,0.0458984375
mbpo_pushcube_500k_20261007T094728_f9d45348,PushCube-v1,mbpo,A_generation,62016,30,31019,TS1_mixture,reward_below_zero_fraction,0.0458984375
mbpo_pushcube_500k_20261007T094728_f9d45348,PushCube-v1,mbpo,A_generation,62016,30,31019,TS1_mixture,reward_above_one_fraction,0.0
mbpo_pushcube_500k_20261007T094728_f9d45348,PushCube-v1,mbpo,A_generation,62016,30,31019,TS1_mixture,reward_min,-0.36311647295951843
mbpo_pushcube_500k_20261007T094728_f9d45348,PushCube-v1,mbpo,A_generation,62016,30,31019,TS1_mixture,reward_max,0.9663040041923523
mbpo_pushcube_500k_20261007T094728_f9d45348,PushCube-v1,mbpo,A_generation,62016,30,31019,TS1_mixture,elite_mean_reward_min,-0.3394976258277893
mbpo_pushcube_500k_20261007T094728_f9d45348,PushCube-v1,mbpo,A_generation,62016,30,31019,TS1_mixture,elite_mean_reward_max,0.8234205842018127
mbpo_pushcube_500k_20261007T094728_f9d45348,PushCube-v1,mbpo,A_generation,62016,30,31019,TS1_mixture,elite_mean_reward_outside_0_1_fraction,0.03271484375
mbpo_pushcube_500k_20261007T094728_f9d45348,PushCube-v1,mbpo,A_generation,62016,30,31019,TS1_mixture,extra.tcp_pose_quaternion_norm_mae,0.00118829048937271
mbpo_pushcube_500k_20261007T094728_f9d45348,PushCube-v1,mbpo,A_generation,62016,30,31019,TS1_mixture,extra.tcp_pose_quaternion_norm_max_error,0.06910725809858864
mbpo_pushcube_500k_20261007T094728_f9d45348,PushCube-v1,mbpo,A_generation,62016,30,31019,TS1_mixture,extra.tcp_pose_quaternion_invalid_fraction_tol_0.01,0.01025390625
mbpo_pushcube_500k_20261007T094728_f9d45348,PushCube-v1,mbpo,A_generation,62016,30,31019,TS1_mixture,extra.obj_pose_quaternion_norm_mae,0.008502119673769962
mbpo_pushcube_500k_20261007T094728_f9d45348,PushCube-v1,mbpo,A_generation,62016,30,31019,TS1_mixture,extra.obj_pose_quaternion_norm_max_error,0.15254980043627875
mbpo_pushcube_500k_20261007T094728_f9d45348,PushCube-v1,mbpo,A_generation,62016,30,31019,TS1_mixture,extra.obj_pose_quaternion_invalid_fraction_tol_0.01,0.31201171875
mbpo_pushcube_500k_20261007T094728_f9d45348,PushCube-v1,mbpo,A_generation,62016,30,31019,TS1_mixture,goal_position_drift_rmse,2.1661111410907288e-07
mbpo_pushcube_500k_20261007T094728_f9d45348,PushCube-v1,mbpo,A_generation,62016,30,31019,TS1_mixture,projected_quaternion_max_norm_error/extra.tcp_pose,5.960464477539063e-08
mbpo_pushcube_500k_20261007T094728_f9d45348,PushCube-v1,mbpo,A_generation,62016,30,31019,TS1_mixture,projected_quaternion_max_norm_error/extra.obj_pose,5.960464477539063e-08
mbpo_pushcube_500k_20261007T094728_f9d45348,PushCube-v1,mbpo,A_generation,64000,31,32076,TS1_mixture,count,2048
mbpo_pushcube_500k_20261007T094728_f9d45348,PushCube-v1,mbpo,A_generation,64000,31,32076,TS1_mixture,all_finite,True
mbpo_pushcube_500k_20261007T094728_f9d45348,PushCube-v1,mbpo,A_generation,64000,31,32076,TS1_mixture,reward_outside_0_1_fraction,0.044921875
mbpo_pushcube_500k_20261007T094728_f9d45348,PushCube-v1,mbpo,A_generation,64000,31,32076,TS1_mixture,reward_below_zero_fraction,0.044921875
mbpo_pushcube_500k_20261007T094728_f9d45348,PushCube-v1,mbpo,A_generation,64000,31,32076,TS1_mixture,reward_above_one_fraction,0.0
mbpo_pushcube_500k_20261007T094728_f9d45348,PushCube-v1,mbpo,A_generation,64000,31,32076,TS1_mixture,reward_min,-0.361773282289505
mbpo_pushcube_500k_20261007T094728_f9d45348,PushCube-v1,mbpo,A_generation,64000,31,32076,TS1_mixture,reward_max,0.9194157123565674
mbpo_pushcube_500k_20261007T094728_f9d45348,PushCube-v1,mbpo,A_generation,64000,31,32076,TS1_mixture,elite_mean_reward_min,-0.5254771113395691
mbpo_pushcube_500k_20261007T094728_f9d45348,PushCube-v1,mbpo,A_generation,64000,31,32076,TS1_mixture,elite_mean_reward_max,0.8228754997253418
mbpo_pushcube_500k_20261007T094728_f9d45348,PushCube-v1,mbpo,A_generation,64000,31,32076,TS1_mixture,elite_mean_reward_outside_0_1_fraction,0.035400390625
mbpo_pushcube_500k_20261007T094728_f9d45348,PushCube-v1,mbpo,A_generation,64000,31,32076,TS1_mixture,extra.tcp_pose_quaternion_norm_mae,0.0012164830743709564
mbpo_pushcube_500k_20261007T094728_f9d45348,PushCube-v1,mbpo,A_generation,64000,31,32076,TS1_mixture,extra.tcp_pose_quaternion_norm_max_error,0.06363397029207052
mbpo_pushcube_500k_20261007T094728_f9d45348,PushCube-v1,mbpo,A_generation,64000,31,32076,TS1_mixture,extra.tcp_pose_quaternion_invalid_fraction_tol_0.01,0.009765625
mbpo_pushcube_500k_20261007T094728_f9d45348,PushCube-v1,mbpo,A_generation,64000,31,32076,TS1_mixture,extra.obj_pose_quaternion_norm_mae,0.009640740606008707
mbpo_pushcube_500k_20261007T094728_f9d45348,PushCube-v1,mbpo,A_generation,64000,31,32076,TS1_mixture,extra.obj_pose_quaternion_norm_max_error,0.16270153033802992
mbpo_pushcube_500k_20261007T094728_f9d45348,PushCube-v1,mbpo,A_generation,64000,31,32076,TS1_mixture,extra.obj_pose_quaternion_invalid_fraction_tol_0.01,0.34765625
mbpo_pushcube_500k_20261007T094728_f9d45348,PushCube-v1,mbpo,A_generation,64000,31,32076,TS1_mixture,goal_position_drift_rmse,1.9108469354275298e-07
mbpo_pushcube_500k_20261007T094728_f9d45348,PushCube-v1,mbpo,A_generation,64000,31,32076,TS1_mixture,projected_quaternion_max_norm_error/extra.tcp_pose,5.960464477539063e-08
mbpo_pushcube_500k_20261007T094728_f9d45348,PushCube-v1,mbpo,A_generation,64000,31,32076,TS1_mixture,projected_quaternion_max_norm_error/extra.obj_pose,5.960464477539063e-08
mbpo_pushcube_500k_20261007T094728_f9d45348,PushCube-v1,mbpo,A_generation,66016,32,33149,TS1_mixture,count,2048
mbpo_pushcube_500k_20261007T094728_f9d45348,PushCube-v1,mbpo,A_generation,66016,32,33149,TS1_mixture,all_finite,True
mbpo_pushcube_500k_20261007T094728_f9d45348,PushCube-v1,mbpo,A_generation,66016,32,33149,TS1_mixture,reward_outside_0_1_fraction,0.056640625
mbpo_pushcube_500k_20261007T094728_f9d45348,PushCube-v1,mbpo,A_generation,66016,32,33149,TS1_mixture,reward_below_zero_fraction,0.056640625
mbpo_pushcube_500k_20261007T094728_f9d45348,PushCube-v1,mbpo,A_generation,66016,32,33149,TS1_mixture,reward_above_one_fraction,0.0
mbpo_pushcube_500k_20261007T094728_f9d45348,PushCube-v1,mbpo,A_generation,66016,32,33149,TS1_mixture,reward_min,-0.5153021216392517
mbpo_pushcube_500k_20261007T094728_f9d45348,PushCube-v1,mbpo,A_generation,66016,32,33149,TS1_mixture,reward_max,0.8990813493728638
mbpo_pushcube_500k_20261007T094728_f9d45348,PushCube-v1,mbpo,A_generation,66016,32,33149,TS1_mixture,elite_mean_reward_min,-0.42052409052848816
mbpo_pushcube_500k_20261007T094728_f9d45348,PushCube-v1,mbpo,A_generation,66016,32,33149,TS1_mixture,elite_mean_reward_max,0.8665482997894287
mbpo_pushcube_500k_20261007T094728_f9d45348,PushCube-v1,mbpo,A_generation,66016,32,33149,TS1_mixture,elite_mean_reward_outside_0_1_fraction,0.04248046875
mbpo_pushcube_500k_20261007T094728_f9d45348,PushCube-v1,mbpo,A_generation,66016,32,33149,TS1_mixture,extra.tcp_pose_quaternion_norm_mae,0.0012191467633376498
mbpo_pushcube_500k_20261007T094728_f9d45348,PushCube-v1,mbpo,A_generation,66016,32,33149,TS1_mixture,extra.tcp_pose_quaternion_norm_max_error,0.040508261797568945
mbpo_pushcube_500k_20261007T094728_f9d45348,PushCube-v1,mbpo,A_generation,66016,32,33149,TS1_mixture,extra.tcp_pose_quaternion_invalid_fraction_tol_0.01,0.01318359375
mbpo_pushcube_500k_20261007T094728_f9d45348,PushCube-v1,mbpo,A_generation,66016,32,33149,TS1_mixture,extra.obj_pose_quaternion_norm_mae,0.008746532644489168
mbpo_pushcube_500k_20261007T094728_f9d45348,PushCube-v1,mbpo,A_generation,66016,32,33149,TS1_mixture,extra.obj_pose_quaternion_norm_max_error,0.1857454672563088
mbpo_pushcube_500k_20261007T094728_f9d45348,PushCube-v1,mbpo,A_generation,66016,32,33149,TS1_mixture,extra.obj_pose_quaternion_invalid_fraction_tol_0.01,0.3115234375
mbpo_pushcube_500k_20261007T094728_f9d45348,PushCube-v1,mbpo,A_generation,66016,32,33149,TS1_mixture,goal_position_drift_rmse,2.2902696187703932e-07
mbpo_pushcube_500k_20261007T094728_f9d45348,PushCube-v1,mbpo,A_generation,66016,32,33149,TS1_mixture,projected_quaternion_max_norm_error/extra.tcp_pose,5.960464477539063e-08
mbpo_pushcube_500k_20261007T094728_f9d45348,PushCube-v1,mbpo,A_generation,66016,32,33149,TS1_mixture,projected_quaternion_max_norm_error/extra.obj_pose,5.960464477539063e-08
mbpo_pushcube_500k_20261007T094728_f9d45348,PushCube-v1,mbpo,A_generation,68000,33,34205,TS1_mixture,count,2048
mbpo_pushcube_500k_20261007T094728_f9d45348,PushCube-v1,mbpo,A_generation,68000,33,34205,TS1_mixture,all_finite,True
mbpo_pushcube_500k_20261007T094728_f9d45348,PushCube-v1,mbpo,A_generation,68000,33,34205,TS1_mixture,reward_outside_0_1_fraction,0.064453125
mbpo_pushcube_500k_20261007T094728_f9d45348,PushCube-v1,mbpo,A_generation,68000,33,34205,TS1_mixture,reward_below_zero_fraction,0.064453125
mbpo_pushcube_500k_20261007T094728_f9d45348,PushCube-v1,mbpo,A_generation,68000,33,34205,TS1_mixture,reward_above_one_fraction,0.0
mbpo_pushcube_500k_20261007T094728_f9d45348,PushCube-v1,mbpo,A_generation,68000,33,34205,TS1_mixture,reward_min,-0.5474966168403625
mbpo_pushcube_500k_20261007T094728_f9d45348,PushCube-v1,mbpo,A_generation,68000,33,34205,TS1_mixture,reward_max,0.9644604921340942
mbpo_pushcube_500k_20261007T094728_f9d45348,PushCube-v1,mbpo,A_generation,68000,33,34205,TS1_mixture,elite_mean_reward_min,-0.604422926902771
mbpo_pushcube_500k_20261007T094728_f9d45348,PushCube-v1,mbpo,A_generation,68000,33,34205,TS1_mixture,elite_mean_reward_max,0.9049909710884094
mbpo_pushcube_500k_20261007T094728_f9d45348,PushCube-v1,mbpo,A_generation,68000,33,34205,TS1_mixture,elite_mean_reward_outside_0_1_fraction,0.0419921875
mbpo_pushcube_500k_20261007T094728_f9d45348,PushCube-v1,mbpo,A_generation,68000,33,34205,TS1_mixture,extra.tcp_pose_quaternion_norm_mae,0.001114421117474835
mbpo_pushcube_500k_20261007T094728_f9d45348,PushCube-v1,mbpo,A_generation,68000,33,34205,TS1_mixture,extra.tcp_pose_quaternion_norm_max_error,0.12335051086707638
mbpo_pushcube_500k_20261007T094728_f9d45348,PushCube-v1,mbpo,A_generation,68000,33,34205,TS1_mixture,extra.tcp_pose_quaternion_invalid_fraction_tol_0.01,0.0048828125
mbpo_pushcube_500k_20261007T094728_f9d45348,PushCube-v1,mbpo,A_generation,68000,33,34205,TS1_mixture,extra.obj_pose_quaternion_norm_mae,0.008331827367963379
mbpo_pushcube_500k_20261007T094728_f9d45348,PushCube-v1,mbpo,A_generation,68000,33,34205,TS1_mixture,extra.obj_pose_quaternion_norm_max_error,0.20039194189496246
mbpo_pushcube_500k_20261007T094728_f9d45348,PushCube-v1,mbpo,A_generation,68000,33,34205,TS1_mixture,extra.obj_pose_quaternion_invalid_fraction_tol_0.01,0.3173828125
mbpo_pushcube_500k_20261007T094728_f9d45348,PushCube-v1,mbpo,A_generation,68000,33,34205,TS1_mixture,goal_position_drift_rmse,1.6038160264190356e-07
mbpo_pushcube_500k_20261007T094728_f9d45348,PushCube-v1,mbpo,A_generation,68000,33,34205,TS1_mixture,projected_quaternion_max_norm_error/extra.tcp_pose,5.960464477539063e-08
mbpo_pushcube_500k_20261007T094728_f9d45348,PushCube-v1,mbpo,A_generation,68000,33,34205,TS1_mixture,projected_quaternion_max_norm_error/extra.obj_pose,5.960464477539063e-08
mbpo_pushcube_500k_20261007T094728_f9d45348,PushCube-v1,mbpo,A_generation,70016,34,35278,TS1_mixture,count,2048
mbpo_pushcube_500k_20261007T094728_f9d45348,PushCube-v1,mbpo,A_generation,70016,34,35278,TS1_mixture,all_finite,True
mbpo_pushcube_500k_20261007T094728_f9d45348,PushCube-v1,mbpo,A_generation,70016,34,35278,TS1_mixture,reward_outside_0_1_fraction,0.0654296875
mbpo_pushcube_500k_20261007T094728_f9d45348,PushCube-v1,mbpo,A_generation,70016,34,35278,TS1_mixture,reward_below_zero_fraction,0.0654296875
mbpo_pushcube_500k_20261007T094728_f9d45348,PushCube-v1,mbpo,A_generation,70016,34,35278,TS1_mixture,reward_above_one_fraction,0.0
mbpo_pushcube_500k_20261007T094728_f9d45348,PushCube-v1,mbpo,A_generation,70016,34,35278,TS1_mixture,reward_min,-0.44191160798072815
mbpo_pushcube_500k_20261007T094728_f9d45348,PushCube-v1,mbpo,A_generation,70016,34,35278,TS1_mixture,reward_max,0.9495978355407715
mbpo_pushcube_500k_20261007T094728_f9d45348,PushCube-v1,mbpo,A_generation,70016,34,35278,TS1_mixture,elite_mean_reward_min,-0.5006438493728638
mbpo_pushcube_500k_20261007T094728_f9d45348,PushCube-v1,mbpo,A_generation,70016,34,35278,TS1_mixture,elite_mean_reward_max,0.8591120839118958
mbpo_pushcube_500k_20261007T094728_f9d45348,PushCube-v1,mbpo,A_generation,70016,34,35278,TS1_mixture,elite_mean_reward_outside_0_1_fraction,0.050048828125
mbpo_pushcube_500k_20261007T094728_f9d45348,PushCube-v1,mbpo,A_generation,70016,34,35278,TS1_mixture,extra.tcp_pose_quaternion_norm_mae,0.0011995187713017927
mbpo_pushcube_500k_20261007T094728_f9d45348,PushCube-v1,mbpo,A_generation,70016,34,35278,TS1_mixture,extra.tcp_pose_quaternion_norm_max_error,0.047466421069885634
mbpo_pushcube_500k_20261007T094728_f9d45348,PushCube-v1,mbpo,A_generation,70016,34,35278,TS1_mixture,extra.tcp_pose_quaternion_invalid_fraction_tol_0.01,0.009765625
mbpo_pushcube_500k_20261007T094728_f9d45348,PushCube-v1,mbpo,A_generation,70016,34,35278,TS1_mixture,extra.obj_pose_quaternion_norm_mae,0.008562871223139583
mbpo_pushcube_500k_20261007T094728_f9d45348,PushCube-v1,mbpo,A_generation,70016,34,35278,TS1_mixture,extra.obj_pose_quaternion_norm_max_error,0.09756593082863185
mbpo_pushcube_500k_20261007T094728_f9d45348,PushCube-v1,mbpo,A_generation,70016,34,35278,TS1_mixture,extra.obj_pose_quaternion_invalid_fraction_tol_0.01,0.3291015625
mbpo_pushcube_500k_20261007T094728_f9d45348,PushCube-v1,mbpo,A_generation,70016,34,35278,TS1_mixture,goal_position_drift_rmse,1.7559224836280044e-07
mbpo_pushcube_500k_20261007T094728_f9d45348,PushCube-v1,mbpo,A_generation,70016,34,35278,TS1_mixture,projected_quaternion_max_norm_error/extra.tcp_pose,5.960464477539063e-08
mbpo_pushcube_500k_20261007T094728_f9d45348,PushCube-v1,mbpo,A_generation,70016,34,35278,TS1_mixture,projected_quaternion_max_norm_error/extra.obj_pose,5.960464477539063e-08
mbpo_pushcube_500k_20261007T094728_f9d45348,PushCube-v1,mbpo,A_generation,72000,35,36335,TS1_mixture,count,2048
mbpo_pushcube_500k_20261007T094728_f9d45348,PushCube-v1,mbpo,A_generation,72000,35,36335,TS1_mixture,all_finite,True
mbpo_pushcube_500k_20261007T094728_f9d45348,PushCube-v1,mbpo,A_generation,72000,35,36335,TS1_mixture,reward_outside_0_1_fraction,0.060546875
mbpo_pushcube_500k_20261007T094728_f9d45348,PushCube-v1,mbpo,A_generation,72000,35,36335,TS1_mixture,reward_below_zero_fraction,0.060546875
mbpo_pushcube_500k_20261007T094728_f9d45348,PushCube-v1,mbpo,A_generation,72000,35,36335,TS1_mixture,reward_above_one_fraction,0.0
mbpo_pushcube_500k_20261007T094728_f9d45348,PushCube-v1,mbpo,A_generation,72000,35,36335,TS1_mixture,reward_min,-0.5781977772712708
mbpo_pushcube_500k_20261007T094728_f9d45348,PushCube-v1,mbpo,A_generation,72000,35,36335,TS1_mixture,reward_max,0.9122202396392822
mbpo_pushcube_500k_20261007T094728_f9d45348,PushCube-v1,mbpo,A_generation,72000,35,36335,TS1_mixture,elite_mean_reward_min,-0.7657719850540161
mbpo_pushcube_500k_20261007T094728_f9d45348,PushCube-v1,mbpo,A_generation,72000,35,36335,TS1_mixture,elite_mean_reward_max,0.9263810515403748
mbpo_pushcube_500k_20261007T094728_f9d45348,PushCube-v1,mbpo,A_generation,72000,35,36335,TS1_mixture,elite_mean_reward_outside_0_1_fraction,0.045654296875
mbpo_pushcube_500k_20261007T094728_f9d45348,PushCube-v1,mbpo,A_generation,72000,35,36335,TS1_mixture,extra.tcp_pose_quaternion_norm_mae,0.0012048654055201188
mbpo_pushcube_500k_20261007T094728_f9d45348,PushCube-v1,mbpo,A_generation,72000,35,36335,TS1_mixture,extra.tcp_pose_quaternion_norm_max_error,0.06960675225856228
mbpo_pushcube_500k_20261007T094728_f9d45348,PushCube-v1,mbpo,A_generation,72000,35,36335,TS1_mixture,extra.tcp_pose_quaternion_invalid_fraction_tol_0.01,0.01025390625
mbpo_pushcube_500k_20261007T094728_f9d45348,PushCube-v1,mbpo,A_generation,72000,35,36335,TS1_mixture,extra.obj_pose_quaternion_norm_mae,0.008688372559522657
mbpo_pushcube_500k_20261007T094728_f9d45348,PushCube-v1,mbpo,A_generation,72000,35,36335,TS1_mixture,extra.obj_pose_quaternion_norm_max_error,0.08838114032338662
mbpo_pushcube_500k_20261007T094728_f9d45348,PushCube-v1,mbpo,A_generation,72000,35,36335,TS1_mixture,extra.obj_pose_quaternion_invalid_fraction_tol_0.01,0.33544921875
mbpo_pushcube_500k_20261007T094728_f9d45348,PushCube-v1,mbpo,A_generation,72000,35,36335,TS1_mixture,goal_position_drift_rmse,1.774890578893666e-07
mbpo_pushcube_500k_20261007T094728_f9d45348,PushCube-v1,mbpo,A_generation,72000,35,36335,TS1_mixture,projected_quaternion_max_norm_error/extra.tcp_pose,5.960464477539063e-08
mbpo_pushcube_500k_20261007T094728_f9d45348,PushCube-v1,mbpo,A_generation,72000,35,36335,TS1_mixture,projected_quaternion_max_norm_error/extra.obj_pose,5.960464477539063e-08
mbpo_pushcube_500k_20261007T094728_f9d45348,PushCube-v1,mbpo,A_generation,74016,36,37408,TS1_mixture,count,2048
mbpo_pushcube_500k_20261007T094728_f9d45348,PushCube-v1,mbpo,A_generation,74016,36,37408,TS1_mixture,all_finite,True
mbpo_pushcube_500k_20261007T094728_f9d45348,PushCube-v1,mbpo,A_generation,74016,36,37408,TS1_mixture,reward_outside_0_1_fraction,0.0751953125
mbpo_pushcube_500k_20261007T094728_f9d45348,PushCube-v1,mbpo,A_generation,74016,36,37408,TS1_mixture,reward_below_zero_fraction,0.07470703125
mbpo_pushcube_500k_20261007T094728_f9d45348,PushCube-v1,mbpo,A_generation,74016,36,37408,TS1_mixture,reward_above_one_fraction,0.00048828125
mbpo_pushcube_500k_20261007T094728_f9d45348,PushCube-v1,mbpo,A_generation,74016,36,37408,TS1_mixture,reward_min,-0.43313392996788025
mbpo_pushcube_500k_20261007T094728_f9d45348,PushCube-v1,mbpo,A_generation,74016,36,37408,TS1_mixture,reward_max,1.0367714166641235
mbpo_pushcube_500k_20261007T094728_f9d45348,PushCube-v1,mbpo,A_generation,74016,36,37408,TS1_mixture,elite_mean_reward_min,-0.4658200144767761
mbpo_pushcube_500k_20261007T094728_f9d45348,PushCube-v1,mbpo,A_generation,74016,36,37408,TS1_mixture,elite_mean_reward_max,0.9612001180648804
mbpo_pushcube_500k_20261007T094728_f9d45348,PushCube-v1,mbpo,A_generation,74016,36,37408,TS1_mixture,elite_mean_reward_outside_0_1_fraction,0.0546875
mbpo_pushcube_500k_20261007T094728_f9d45348,PushCube-v1,mbpo,A_generation,74016,36,37408,TS1_mixture,extra.tcp_pose_quaternion_norm_mae,0.0012081943795071543
mbpo_pushcube_500k_20261007T094728_f9d45348,PushCube-v1,mbpo,A_generation,74016,36,37408,TS1_mixture,extra.tcp_pose_quaternion_norm_max_error,0.034072721293852526
mbpo_pushcube_500k_20261007T094728_f9d45348,PushCube-v1,mbpo,A_generation,74016,36,37408,TS1_mixture,extra.tcp_pose_quaternion_invalid_fraction_tol_0.01,0.01171875
mbpo_pushcube_500k_20261007T094728_f9d45348,PushCube-v1,mbpo,A_generation,74016,36,37408,TS1_mixture,extra.obj_pose_quaternion_norm_mae,0.00803017415655521
mbpo_pushcube_500k_20261007T094728_f9d45348,PushCube-v1,mbpo,A_generation,74016,36,37408,TS1_mixture,extra.obj_pose_quaternion_norm_max_error,0.08040976789373178
mbpo_pushcube_500k_20261007T094728_f9d45348,PushCube-v1,mbpo,A_generation,74016,36,37408,TS1_mixture,extra.obj_pose_quaternion_invalid_fraction_tol_0.01,0.3056640625
mbpo_pushcube_500k_20261007T094728_f9d45348,PushCube-v1,mbpo,A_generation,74016,36,37408,TS1_mixture,goal_position_drift_rmse,1.7707639338994545e-07
mbpo_pushcube_500k_20261007T094728_f9d45348,PushCube-v1,mbpo,A_generation,74016,36,37408,TS1_mixture,projected_quaternion_max_norm_error/extra.tcp_pose,5.960464477539063e-08
mbpo_pushcube_500k_20261007T094728_f9d45348,PushCube-v1,mbpo,A_generation,74016,36,37408,TS1_mixture,projected_quaternion_max_norm_error/extra.obj_pose,5.960464477539063e-08
mbpo_pushcube_500k_20261007T094728_f9d45348,PushCube-v1,mbpo,A_generation,76000,37,38464,TS1_mixture,count,2048
mbpo_pushcube_500k_20261007T094728_f9d45348,PushCube-v1,mbpo,A_generation,76000,37,38464,TS1_mixture,all_finite,True
mbpo_pushcube_500k_20261007T094728_f9d45348,PushCube-v1,mbpo,A_generation,76000,37,38464,TS1_mixture,reward_outside_0_1_fraction,0.0693359375
mbpo_pushcube_500k_20261007T094728_f9d45348,PushCube-v1,mbpo,A_generation,76000,37,38464,TS1_mixture,reward_below_zero_fraction,0.06884765625
mbpo_pushcube_500k_20261007T094728_f9d45348,PushCube-v1,mbpo,A_generation,76000,37,38464,TS1_mixture,reward_above_one_fraction,0.00048828125
mbpo_pushcube_500k_20261007T094728_f9d45348,PushCube-v1,mbpo,A_generation,76000,37,38464,TS1_mixture,reward_min,-0.9766552448272705
mbpo_pushcube_500k_20261007T094728_f9d45348,PushCube-v1,mbpo,A_generation,76000,37,38464,TS1_mixture,reward_max,1.0761135816574097
mbpo_pushcube_500k_20261007T094728_f9d45348,PushCube-v1,mbpo,A_generation,76000,37,38464,TS1_mixture,elite_mean_reward_min,-1.0108217000961304
mbpo_pushcube_500k_20261007T094728_f9d45348,PushCube-v1,mbpo,A_generation,76000,37,38464,TS1_mixture,elite_mean_reward_max,0.993527352809906
mbpo_pushcube_500k_20261007T094728_f9d45348,PushCube-v1,mbpo,A_generation,76000,37,38464,TS1_mixture,elite_mean_reward_outside_0_1_fraction,0.052978515625
mbpo_pushcube_500k_20261007T094728_f9d45348,PushCube-v1,mbpo,A_generation,76000,37,38464,TS1_mixture,extra.tcp_pose_quaternion_norm_mae,0.0010407233630452559
mbpo_pushcube_500k_20261007T094728_f9d45348,PushCube-v1,mbpo,A_generation,76000,37,38464,TS1_mixture,extra.tcp_pose_quaternion_norm_max_error,0.02493957424281601
mbpo_pushcube_500k_20261007T094728_f9d45348,PushCube-v1,mbpo,A_generation,76000,37,38464,TS1_mixture,extra.tcp_pose_quaternion_invalid_fraction_tol_0.01,0.0029296875
mbpo_pushcube_500k_20261007T094728_f9d45348,PushCube-v1,mbpo,A_generation,76000,37,38464,TS1_mixture,extra.obj_pose_quaternion_norm_mae,0.008977391647194386
mbpo_pushcube_500k_20261007T094728_f9d45348,PushCube-v1,mbpo,A_generation,76000,37,38464,TS1_mixture,extra.obj_pose_quaternion_norm_max_error,0.09840313553711466
mbpo_pushcube_500k_20261007T094728_f9d45348,PushCube-v1,mbpo,A_generation,76000,37,38464,TS1_mixture,extra.obj_pose_quaternion_invalid_fraction_tol_0.01,0.32666015625
mbpo_pushcube_500k_20261007T094728_f9d45348,PushCube-v1,mbpo,A_generation,76000,37,38464,TS1_mixture,goal_position_drift_rmse,1.7615961402416504e-07
mbpo_pushcube_500k_20261007T094728_f9d45348,PushCube-v1,mbpo,A_generation,76000,37,38464,TS1_mixture,projected_quaternion_max_norm_error/extra.tcp_pose,5.960464477539063e-08
mbpo_pushcube_500k_20261007T094728_f9d45348,PushCube-v1,mbpo,A_generation,76000,37,38464,TS1_mixture,projected_quaternion_max_norm_error/extra.obj_pose,5.960464477539063e-08
mbpo_pushcube_500k_20261007T094728_f9d45348,PushCube-v1,mbpo,A_generation,78016,38,39537,TS1_mixture,count,2048
mbpo_pushcube_500k_20261007T094728_f9d45348,PushCube-v1,mbpo,A_generation,78016,38,39537,TS1_mixture,all_finite,True
mbpo_pushcube_500k_20261007T094728_f9d45348,PushCube-v1,mbpo,A_generation,78016,38,39537,TS1_mixture,reward_outside_0_1_fraction,0.0712890625
mbpo_pushcube_500k_20261007T094728_f9d45348,PushCube-v1,mbpo,A_generation,78016,38,39537,TS1_mixture,reward_below_zero_fraction,0.0712890625
mbpo_pushcube_500k_20261007T094728_f9d45348,PushCube-v1,mbpo,A_generation,78016,38,39537,TS1_mixture,reward_above_one_fraction,0.0
mbpo_pushcube_500k_20261007T094728_f9d45348,PushCube-v1,mbpo,A_generation,78016,38,39537,TS1_mixture,reward_min,-0.5573152303695679
mbpo_pushcube_500k_20261007T094728_f9d45348,PushCube-v1,mbpo,A_generation,78016,38,39537,TS1_mixture,reward_max,0.9803533554077148
mbpo_pushcube_500k_20261007T094728_f9d45348,PushCube-v1,mbpo,A_generation,78016,38,39537,TS1_mixture,elite_mean_reward_min,-0.6008901000022888
mbpo_pushcube_500k_20261007T094728_f9d45348,PushCube-v1,mbpo,A_generation,78016,38,39537,TS1_mixture,elite_mean_reward_max,0.9817380309104919
mbpo_pushcube_500k_20261007T094728_f9d45348,PushCube-v1,mbpo,A_generation,78016,38,39537,TS1_mixture,elite_mean_reward_outside_0_1_fraction,0.0576171875
mbpo_pushcube_500k_20261007T094728_f9d45348,PushCube-v1,mbpo,A_generation,78016,38,39537,TS1_mixture,extra.tcp_pose_quaternion_norm_mae,0.0011454426866709909
mbpo_pushcube_500k_20261007T094728_f9d45348,PushCube-v1,mbpo,A_generation,78016,38,39537,TS1_mixture,extra.tcp_pose_quaternion_norm_max_error,0.03488622895036153
mbpo_pushcube_500k_20261007T094728_f9d45348,PushCube-v1,mbpo,A_generation,78016,38,39537,TS1_mixture,extra.tcp_pose_quaternion_invalid_fraction_tol_0.01,0.0068359375
mbpo_pushcube_500k_20261007T094728_f9d45348,PushCube-v1,mbpo,A_generation,78016,38,39537,TS1_mixture,extra.obj_pose_quaternion_norm_mae,0.009051693257530302
mbpo_pushcube_500k_20261007T094728_f9d45348,PushCube-v1,mbpo,A_generation,78016,38,39537,TS1_mixture,extra.obj_pose_quaternion_norm_max_error,0.06742634062099884
mbpo_pushcube_500k_20261007T094728_f9d45348,PushCube-v1,mbpo,A_generation,78016,38,39537,TS1_mixture,extra.obj_pose_quaternion_invalid_fraction_tol_0.01,0.3505859375
mbpo_pushcube_500k_20261007T094728_f9d45348,PushCube-v1,mbpo,A_generation,78016,38,39537,TS1_mixture,goal_position_drift_rmse,1.4572235319021776e-07
mbpo_pushcube_500k_20261007T094728_f9d45348,PushCube-v1,mbpo,A_generation,78016,38,39537,TS1_mixture,projected_quaternion_max_norm_error/extra.tcp_pose,5.960464477539063e-08
mbpo_pushcube_500k_20261007T094728_f9d45348,PushCube-v1,mbpo,A_generation,78016,38,39537,TS1_mixture,projected_quaternion_max_norm_error/extra.obj_pose,5.960464477539063e-08
mbpo_pushcube_500k_20261007T094728_f9d45348,PushCube-v1,mbpo,A_generation,80000,39,40594,TS1_mixture,count,2048
mbpo_pushcube_500k_20261007T094728_f9d45348,PushCube-v1,mbpo,A_generation,80000,39,40594,TS1_mixture,all_finite,True
mbpo_pushcube_500k_20261007T094728_f9d45348,PushCube-v1,mbpo,A_generation,80000,39,40594,TS1_mixture,reward_outside_0_1_fraction,0.07080078125
mbpo_pushcube_500k_20261007T094728_f9d45348,PushCube-v1,mbpo,A_generation,80000,39,40594,TS1_mixture,reward_below_zero_fraction,0.06982421875
mbpo_pushcube_500k_20261007T094728_f9d45348,PushCube-v1,mbpo,A_generation,80000,39,40594,TS1_mixture,reward_above_one_fraction,0.0009765625
mbpo_pushcube_500k_20261007T094728_f9d45348,PushCube-v1,mbpo,A_generation,80000,39,40594,TS1_mixture,reward_min,-0.469487726688385
mbpo_pushcube_500k_20261007T094728_f9d45348,PushCube-v1,mbpo,A_generation,80000,39,40594,TS1_mixture,reward_max,1.0275895595550537
mbpo_pushcube_500k_20261007T094728_f9d45348,PushCube-v1,mbpo,A_generation,80000,39,40594,TS1_mixture,elite_mean_reward_min,-0.5714367032051086
mbpo_pushcube_500k_20261007T094728_f9d45348,PushCube-v1,mbpo,A_generation,80000,39,40594,TS1_mixture,elite_mean_reward_max,0.9671810269355774
mbpo_pushcube_500k_20261007T094728_f9d45348,PushCube-v1,mbpo,A_generation,80000,39,40594,TS1_mixture,elite_mean_reward_outside_0_1_fraction,0.05712890625
mbpo_pushcube_500k_20261007T094728_f9d45348,PushCube-v1,mbpo,A_generation,80000,39,40594,TS1_mixture,extra.tcp_pose_quaternion_norm_mae,0.001176904117731969
mbpo_pushcube_500k_20261007T094728_f9d45348,PushCube-v1,mbpo,A_generation,80000,39,40594,TS1_mixture,extra.tcp_pose_quaternion_norm_max_error,0.02714105431549152
mbpo_pushcube_500k_20261007T094728_f9d45348,PushCube-v1,mbpo,A_generation,80000,39,40594,TS1_mixture,extra.tcp_pose_quaternion_invalid_fraction_tol_0.01,0.01025390625
mbpo_pushcube_500k_20261007T094728_f9d45348,PushCube-v1,mbpo,A_generation,80000,39,40594,TS1_mixture,extra.obj_pose_quaternion_norm_mae,0.008578805715246725
mbpo_pushcube_500k_20261007T094728_f9d45348,PushCube-v1,mbpo,A_generation,80000,39,40594,TS1_mixture,extra.obj_pose_quaternion_norm_max_error,0.07684853208448883
mbpo_pushcube_500k_20261007T094728_f9d45348,PushCube-v1,mbpo,A_generation,80000,39,40594,TS1_mixture,extra.obj_pose_quaternion_invalid_fraction_tol_0.01,0.33544921875
mbpo_pushcube_500k_20261007T094728_f9d45348,PushCube-v1,mbpo,A_generation,80000,39,40594,TS1_mixture,goal_position_drift_rmse,1.6324695094749075e-07
mbpo_pushcube_500k_20261007T094728_f9d45348,PushCube-v1,mbpo,A_generation,80000,39,40594,TS1_mixture,projected_quaternion_max_norm_error/extra.tcp_pose,5.960464477539063e-08
mbpo_pushcube_500k_20261007T094728_f9d45348,PushCube-v1,mbpo,A_generation,80000,39,40594,TS1_mixture,projected_quaternion_max_norm_error/extra.obj_pose,5.960464477539063e-08
mbpo_pushcube_500k_20261007T094728_f9d45348,PushCube-v1,mbpo,A_generation,82016,40,41667,TS1_mixture,count,2048
mbpo_pushcube_500k_20261007T094728_f9d45348,PushCube-v1,mbpo,A_generation,82016,40,41667,TS1_mixture,all_finite,True
mbpo_pushcube_500k_20261007T094728_f9d45348,PushCube-v1,mbpo,A_generation,82016,40,41667,TS1_mixture,reward_outside_0_1_fraction,0.05419921875
mbpo_pushcube_500k_20261007T094728_f9d45348,PushCube-v1,mbpo,A_generation,82016,40,41667,TS1_mixture,reward_below_zero_fraction,0.05322265625
mbpo_pushcube_500k_20261007T094728_f9d45348,PushCube-v1,mbpo,A_generation,82016,40,41667,TS1_mixture,reward_above_one_fraction,0.0009765625
mbpo_pushcube_500k_20261007T094728_f9d45348,PushCube-v1,mbpo,A_generation,82016,40,41667,TS1_mixture,reward_min,-0.4976678192615509
mbpo_pushcube_500k_20261007T094728_f9d45348,PushCube-v1,mbpo,A_generation,82016,40,41667,TS1_mixture,reward_max,1.0872446298599243
mbpo_pushcube_500k_20261007T094728_f9d45348,PushCube-v1,mbpo,A_generation,82016,40,41667,TS1_mixture,elite_mean_reward_min,-0.40743011236190796
mbpo_pushcube_500k_20261007T094728_f9d45348,PushCube-v1,mbpo,A_generation,82016,40,41667,TS1_mixture,elite_mean_reward_max,1.0548796653747559
mbpo_pushcube_500k_20261007T094728_f9d45348,PushCube-v1,mbpo,A_generation,82016,40,41667,TS1_mixture,elite_mean_reward_outside_0_1_fraction,0.04443359375
mbpo_pushcube_500k_20261007T094728_f9d45348,PushCube-v1,mbpo,A_generation,82016,40,41667,TS1_mixture,extra.tcp_pose_quaternion_norm_mae,0.0011375575323623838
mbpo_pushcube_500k_20261007T094728_f9d45348,PushCube-v1,mbpo,A_generation,82016,40,41667,TS1_mixture,extra.tcp_pose_quaternion_norm_max_error,0.026160130298423234
mbpo_pushcube_500k_20261007T094728_f9d45348,PushCube-v1,mbpo,A_generation,82016,40,41667,TS1_mixture,extra.tcp_pose_quaternion_invalid_fraction_tol_0.01,0.00732421875
mbpo_pushcube_500k_20261007T094728_f9d45348,PushCube-v1,mbpo,A_generation,82016,40,41667,TS1_mixture,extra.obj_pose_quaternion_norm_mae,0.008971692988301614
mbpo_pushcube_500k_20261007T094728_f9d45348,PushCube-v1,mbpo,A_generation,82016,40,41667,TS1_mixture,extra.obj_pose_quaternion_norm_max_error,0.10053049420628246
mbpo_pushcube_500k_20261007T094728_f9d45348,PushCube-v1,mbpo,A_generation,82016,40,41667,TS1_mixture,extra.obj_pose_quaternion_invalid_fraction_tol_0.01,0.3408203125
mbpo_pushcube_500k_20261007T094728_f9d45348,PushCube-v1,mbpo,A_generation,82016,40,41667,TS1_mixture,goal_position_drift_rmse,1.7056697745963437e-07
mbpo_pushcube_500k_20261007T094728_f9d45348,PushCube-v1,mbpo,A_generation,82016,40,41667,TS1_mixture,projected_quaternion_max_norm_error/extra.tcp_pose,5.960464477539063e-08
mbpo_pushcube_500k_20261007T094728_f9d45348,PushCube-v1,mbpo,A_generation,82016,40,41667,TS1_mixture,projected_quaternion_max_norm_error/extra.obj_pose,5.960464477539063e-08
mbpo_pushcube_500k_20261007T094728_f9d45348,PushCube-v1,mbpo,A_generation,84000,41,42723,TS1_mixture,count,2048
mbpo_pushcube_500k_20261007T094728_f9d45348,PushCube-v1,mbpo,A_generation,84000,41,42723,TS1_mixture,all_finite,True
mbpo_pushcube_500k_20261007T094728_f9d45348,PushCube-v1,mbpo,A_generation,84000,41,42723,TS1_mixture,reward_outside_0_1_fraction,0.06396484375
mbpo_pushcube_500k_20261007T094728_f9d45348,PushCube-v1,mbpo,A_generation,84000,41,42723,TS1_mixture,reward_below_zero_fraction,0.0625
mbpo_pushcube_500k_20261007T094728_f9d45348,PushCube-v1,mbpo,A_generation,84000,41,42723,TS1_mixture,reward_above_one_fraction,0.00146484375
mbpo_pushcube_500k_20261007T094728_f9d45348,PushCube-v1,mbpo,A_generation,84000,41,42723,TS1_mixture,reward_min,-0.7608587145805359
mbpo_pushcube_500k_20261007T094728_f9d45348,PushCube-v1,mbpo,A_generation,84000,41,42723,TS1_mixture,reward_max,1.0832446813583374
mbpo_pushcube_500k_20261007T094728_f9d45348,PushCube-v1,mbpo,A_generation,84000,41,42723,TS1_mixture,elite_mean_reward_min,-0.8068976402282715
mbpo_pushcube_500k_20261007T094728_f9d45348,PushCube-v1,mbpo,A_generation,84000,41,42723,TS1_mixture,elite_mean_reward_max,0.9672387838363647
mbpo_pushcube_500k_20261007T094728_f9d45348,PushCube-v1,mbpo,A_generation,84000,41,42723,TS1_mixture,elite_mean_reward_outside_0_1_fraction,0.050048828125
mbpo_pushcube_500k_20261007T094728_f9d45348,PushCube-v1,mbpo,A_generation,84000,41,42723,TS1_mixture,extra.tcp_pose_quaternion_norm_mae,0.0011770489443843183
mbpo_pushcube_500k_20261007T094728_f9d45348,PushCube-v1,mbpo,A_generation,84000,41,42723,TS1_mixture,extra.tcp_pose_quaternion_norm_max_error,0.03377706824757776
mbpo_pushcube_500k_20261007T094728_f9d45348,PushCube-v1,mbpo,A_generation,84000,41,42723,TS1_mixture,extra.tcp_pose_quaternion_invalid_fraction_tol_0.01,0.00830078125
mbpo_pushcube_500k_20261007T094728_f9d45348,PushCube-v1,mbpo,A_generation,84000,41,42723,TS1_mixture,extra.obj_pose_quaternion_norm_mae,0.00877172738246999
mbpo_pushcube_500k_20261007T094728_f9d45348,PushCube-v1,mbpo,A_generation,84000,41,42723,TS1_mixture,extra.obj_pose_quaternion_norm_max_error,0.09942678052404885
mbpo_pushcube_500k_20261007T094728_f9d45348,PushCube-v1,mbpo,A_generation,84000,41,42723,TS1_mixture,extra.obj_pose_quaternion_invalid_fraction_tol_0.01,0.322265625
mbpo_pushcube_500k_20261007T094728_f9d45348,PushCube-v1,mbpo,A_generation,84000,41,42723,TS1_mixture,goal_position_drift_rmse,1.658455962251836e-07
mbpo_pushcube_500k_20261007T094728_f9d45348,PushCube-v1,mbpo,A_generation,84000,41,42723,TS1_mixture,projected_quaternion_max_norm_error/extra.tcp_pose,5.960464477539063e-08
mbpo_pushcube_500k_20261007T094728_f9d45348,PushCube-v1,mbpo,A_generation,84000,41,42723,TS1_mixture,projected_quaternion_max_norm_error/extra.obj_pose,5.960464477539063e-08
mbpo_pushcube_500k_20261007T094728_f9d45348,PushCube-v1,mbpo,A_generation,86016,42,43796,TS1_mixture,count,2048
mbpo_pushcube_500k_20261007T094728_f9d45348,PushCube-v1,mbpo,A_generation,86016,42,43796,TS1_mixture,all_finite,True
mbpo_pushcube_500k_20261007T094728_f9d45348,PushCube-v1,mbpo,A_generation,86016,42,43796,TS1_mixture,reward_outside_0_1_fraction,0.07080078125
mbpo_pushcube_500k_20261007T094728_f9d45348,PushCube-v1,mbpo,A_generation,86016,42,43796,TS1_mixture,reward_below_zero_fraction,0.06884765625
mbpo_pushcube_500k_20261007T094728_f9d45348,PushCube-v1,mbpo,A_generation,86016,42,43796,TS1_mixture,reward_above_one_fraction,0.001953125
mbpo_pushcube_500k_20261007T094728_f9d45348,PushCube-v1,mbpo,A_generation,86016,42,43796,TS1_mixture,reward_min,-0.5655132532119751
mbpo_pushcube_500k_20261007T094728_f9d45348,PushCube-v1,mbpo,A_generation,86016,42,43796,TS1_mixture,reward_max,1.0220327377319336
mbpo_pushcube_500k_20261007T094728_f9d45348,PushCube-v1,mbpo,A_generation,86016,42,43796,TS1_mixture,elite_mean_reward_min,-1.2356520891189575
mbpo_pushcube_500k_20261007T094728_f9d45348,PushCube-v1,mbpo,A_generation,86016,42,43796,TS1_mixture,elite_mean_reward_max,1.0229207277297974
mbpo_pushcube_500k_20261007T094728_f9d45348,PushCube-v1,mbpo,A_generation,86016,42,43796,TS1_mixture,elite_mean_reward_outside_0_1_fraction,0.053955078125
mbpo_pushcube_500k_20261007T094728_f9d45348,PushCube-v1,mbpo,A_generation,86016,42,43796,TS1_mixture,extra.tcp_pose_quaternion_norm_mae,0.001325930484884807
mbpo_pushcube_500k_20261007T094728_f9d45348,PushCube-v1,mbpo,A_generation,86016,42,43796,TS1_mixture,extra.tcp_pose_quaternion_norm_max_error,0.08940189829983713
mbpo_pushcube_500k_20261007T094728_f9d45348,PushCube-v1,mbpo,A_generation,86016,42,43796,TS1_mixture,extra.tcp_pose_quaternion_invalid_fraction_tol_0.01,0.01123046875
mbpo_pushcube_500k_20261007T094728_f9d45348,PushCube-v1,mbpo,A_generation,86016,42,43796,TS1_mixture,extra.obj_pose_quaternion_norm_mae,0.008929702319418548
mbpo_pushcube_500k_20261007T094728_f9d45348,PushCube-v1,mbpo,A_generation,86016,42,43796,TS1_mixture,extra.obj_pose_quaternion_norm_max_error,0.09003000441137232
mbpo_pushcube_500k_20261007T094728_f9d45348,PushCube-v1,mbpo,A_generation,86016,42,43796,TS1_mixture,extra.obj_pose_quaternion_invalid_fraction_tol_0.01,0.3359375
mbpo_pushcube_500k_20261007T094728_f9d45348,PushCube-v1,mbpo,A_generation,86016,42,43796,TS1_mixture,goal_position_drift_rmse,1.931590431935542e-07
mbpo_pushcube_500k_20261007T094728_f9d45348,PushCube-v1,mbpo,A_generation,86016,42,43796,TS1_mixture,projected_quaternion_max_norm_error/extra.tcp_pose,5.960464477539063e-08
mbpo_pushcube_500k_20261007T094728_f9d45348,PushCube-v1,mbpo,A_generation,86016,42,43796,TS1_mixture,projected_quaternion_max_norm_error/extra.obj_pose,5.960464477539063e-08
mbpo_pushcube_500k_20261007T094728_f9d45348,PushCube-v1,mbpo,A_generation,88000,43,44853,TS1_mixture,count,2048
mbpo_pushcube_500k_20261007T094728_f9d45348,PushCube-v1,mbpo,A_generation,88000,43,44853,TS1_mixture,all_finite,True
mbpo_pushcube_500k_20261007T094728_f9d45348,PushCube-v1,mbpo,A_generation,88000,43,44853,TS1_mixture,reward_outside_0_1_fraction,0.056640625
mbpo_pushcube_500k_20261007T094728_f9d45348,PushCube-v1,mbpo,A_generation,88000,43,44853,TS1_mixture,reward_below_zero_fraction,0.05419921875
mbpo_pushcube_500k_20261007T094728_f9d45348,PushCube-v1,mbpo,A_generation,88000,43,44853,TS1_mixture,reward_above_one_fraction,0.00244140625
mbpo_pushcube_500k_20261007T094728_f9d45348,PushCube-v1,mbpo,A_generation,88000,43,44853,TS1_mixture,reward_min,-0.5302304029464722
mbpo_pushcube_500k_20261007T094728_f9d45348,PushCube-v1,mbpo,A_generation,88000,43,44853,TS1_mixture,reward_max,1.0685391426086426
mbpo_pushcube_500k_20261007T094728_f9d45348,PushCube-v1,mbpo,A_generation,88000,43,44853,TS1_mixture,elite_mean_reward_min,-0.4979790449142456
mbpo_pushcube_500k_20261007T094728_f9d45348,PushCube-v1,mbpo,A_generation,88000,43,44853,TS1_mixture,elite_mean_reward_max,0.9574115872383118
mbpo_pushcube_500k_20261007T094728_f9d45348,PushCube-v1,mbpo,A_generation,88000,43,44853,TS1_mixture,elite_mean_reward_outside_0_1_fraction,0.0419921875
mbpo_pushcube_500k_20261007T094728_f9d45348,PushCube-v1,mbpo,A_generation,88000,43,44853,TS1_mixture,extra.tcp_pose_quaternion_norm_mae,0.0011940110139427795
mbpo_pushcube_500k_20261007T094728_f9d45348,PushCube-v1,mbpo,A_generation,88000,43,44853,TS1_mixture,extra.tcp_pose_quaternion_norm_max_error,0.029333148680731336
mbpo_pushcube_500k_20261007T094728_f9d45348,PushCube-v1,mbpo,A_generation,88000,43,44853,TS1_mixture,extra.tcp_pose_quaternion_invalid_fraction_tol_0.01,0.01123046875
mbpo_pushcube_500k_20261007T094728_f9d45348,PushCube-v1,mbpo,A_generation,88000,43,44853,TS1_mixture,extra.obj_pose_quaternion_norm_mae,0.008848537430977847
mbpo_pushcube_500k_20261007T094728_f9d45348,PushCube-v1,mbpo,A_generation,88000,43,44853,TS1_mixture,extra.obj_pose_quaternion_norm_max_error,0.11238225421719739
mbpo_pushcube_500k_20261007T094728_f9d45348,PushCube-v1,mbpo,A_generation,88000,43,44853,TS1_mixture,extra.obj_pose_quaternion_invalid_fraction_tol_0.01,0.33154296875
mbpo_pushcube_500k_20261007T094728_f9d45348,PushCube-v1,mbpo,A_generation,88000,43,44853,TS1_mixture,goal_position_drift_rmse,1.841479554225742e-07
mbpo_pushcube_500k_20261007T094728_f9d45348,PushCube-v1,mbpo,A_generation,88000,43,44853,TS1_mixture,projected_quaternion_max_norm_error/extra.tcp_pose,5.960464477539063e-08
mbpo_pushcube_500k_20261007T094728_f9d45348,PushCube-v1,mbpo,A_generation,88000,43,44853,TS1_mixture,projected_quaternion_max_norm_error/extra.obj_pose,5.960464477539063e-08
mbpo_pushcube_500k_20261007T094728_f9d45348,PushCube-v1,mbpo,A_generation,90016,44,45926,TS1_mixture,count,2048
mbpo_pushcube_500k_20261007T094728_f9d45348,PushCube-v1,mbpo,A_generation,90016,44,45926,TS1_mixture,all_finite,True
mbpo_pushcube_500k_20261007T094728_f9d45348,PushCube-v1,mbpo,A_generation,90016,44,45926,TS1_mixture,reward_outside_0_1_fraction,0.06298828125
mbpo_pushcube_500k_20261007T094728_f9d45348,PushCube-v1,mbpo,A_generation,90016,44,45926,TS1_mixture,reward_below_zero_fraction,0.060546875
mbpo_pushcube_500k_20261007T094728_f9d45348,PushCube-v1,mbpo,A_generation,90016,44,45926,TS1_mixture,reward_above_one_fraction,0.00244140625
mbpo_pushcube_500k_20261007T094728_f9d45348,PushCube-v1,mbpo,A_generation,90016,44,45926,TS1_mixture,reward_min,-0.37650859355926514
mbpo_pushcube_500k_20261007T094728_f9d45348,PushCube-v1,mbpo,A_generation,90016,44,45926,TS1_mixture,reward_max,1.1014189720153809
mbpo_pushcube_500k_20261007T094728_f9d45348,PushCube-v1,mbpo,A_generation,90016,44,45926,TS1_mixture,elite_mean_reward_min,-0.6069942712783813
mbpo_pushcube_500k_20261007T094728_f9d45348,PushCube-v1,mbpo,A_generation,90016,44,45926,TS1_mixture,elite_mean_reward_max,0.9937111139297485
mbpo_pushcube_500k_20261007T094728_f9d45348,PushCube-v1,mbpo,A_generation,90016,44,45926,TS1_mixture,elite_mean_reward_outside_0_1_fraction,0.05126953125
mbpo_pushcube_500k_20261007T094728_f9d45348,PushCube-v1,mbpo,A_generation,90016,44,45926,TS1_mixture,extra.tcp_pose_quaternion_norm_mae,0.0011967011157008487
mbpo_pushcube_500k_20261007T094728_f9d45348,PushCube-v1,mbpo,A_generation,90016,44,45926,TS1_mixture,extra.tcp_pose_quaternion_norm_max_error,0.05290315762151665
mbpo_pushcube_500k_20261007T094728_f9d45348,PushCube-v1,mbpo,A_generation,90016,44,45926,TS1_mixture,extra.tcp_pose_quaternion_invalid_fraction_tol_0.01,0.01171875
mbpo_pushcube_500k_20261007T094728_f9d45348,PushCube-v1,mbpo,A_generation,90016,44,45926,TS1_mixture,extra.obj_pose_quaternion_norm_mae,0.009064191618126981
mbpo_pushcube_500k_20261007T094728_f9d45348,PushCube-v1,mbpo,A_generation,90016,44,45926,TS1_mixture,extra.obj_pose_quaternion_norm_max_error,0.10396385757079263
mbpo_pushcube_500k_20261007T094728_f9d45348,PushCube-v1,mbpo,A_generation,90016,44,45926,TS1_mixture,extra.obj_pose_quaternion_invalid_fraction_tol_0.01,0.3505859375
mbpo_pushcube_500k_20261007T094728_f9d45348,PushCube-v1,mbpo,A_generation,90016,44,45926,TS1_mixture,goal_position_drift_rmse,1.5576842188706427e-07
mbpo_pushcube_500k_20261007T094728_f9d45348,PushCube-v1,mbpo,A_generation,90016,44,45926,TS1_mixture,projected_quaternion_max_norm_error/extra.tcp_pose,5.960464477539063e-08
mbpo_pushcube_500k_20261007T094728_f9d45348,PushCube-v1,mbpo,A_generation,90016,44,45926,TS1_mixture,projected_quaternion_max_norm_error/extra.obj_pose,5.960464477539063e-08
mbpo_pushcube_500k_20261007T094728_f9d45348,PushCube-v1,mbpo,A_generation,92000,45,46982,TS1_mixture,count,2048
mbpo_pushcube_500k_20261007T094728_f9d45348,PushCube-v1,mbpo,A_generation,92000,45,46982,TS1_mixture,all_finite,True
mbpo_pushcube_500k_20261007T094728_f9d45348,PushCube-v1,mbpo,A_generation,92000,45,46982,TS1_mixture,reward_outside_0_1_fraction,0.072265625
mbpo_pushcube_500k_20261007T094728_f9d45348,PushCube-v1,mbpo,A_generation,92000,45,46982,TS1_mixture,reward_below_zero_fraction,0.06982421875
mbpo_pushcube_500k_20261007T094728_f9d45348,PushCube-v1,mbpo,A_generation,92000,45,46982,TS1_mixture,reward_above_one_fraction,0.00244140625
mbpo_pushcube_500k_20261007T094728_f9d45348,PushCube-v1,mbpo,A_generation,92000,45,46982,TS1_mixture,reward_min,-0.37445148825645447
mbpo_pushcube_500k_20261007T094728_f9d45348,PushCube-v1,mbpo,A_generation,92000,45,46982,TS1_mixture,reward_max,1.1273120641708374
mbpo_pushcube_500k_20261007T094728_f9d45348,PushCube-v1,mbpo,A_generation,92000,45,46982,TS1_mixture,elite_mean_reward_min,-0.4842769503593445
mbpo_pushcube_500k_20261007T094728_f9d45348,PushCube-v1,mbpo,A_generation,92000,45,46982,TS1_mixture,elite_mean_reward_max,1.058030128479004
mbpo_pushcube_500k_20261007T094728_f9d45348,PushCube-v1,mbpo,A_generation,92000,45,46982,TS1_mixture,elite_mean_reward_outside_0_1_fraction,0.05224609375
mbpo_pushcube_500k_20261007T094728_f9d45348,PushCube-v1,mbpo,A_generation,92000,45,46982,TS1_mixture,extra.tcp_pose_quaternion_norm_mae,0.0011132176377098976
mbpo_pushcube_500k_20261007T094728_f9d45348,PushCube-v1,mbpo,A_generation,92000,45,46982,TS1_mixture,extra.tcp_pose_quaternion_norm_max_error,0.03395194182536021
mbpo_pushcube_500k_20261007T094728_f9d45348,PushCube-v1,mbpo,A_generation,92000,45,46982,TS1_mixture,extra.tcp_pose_quaternion_invalid_fraction_tol_0.01,0.0078125
mbpo_pushcube_500k_20261007T094728_f9d45348,PushCube-v1,mbpo,A_generation,92000,45,46982,TS1_mixture,extra.obj_pose_quaternion_norm_mae,0.009284731569542624
mbpo_pushcube_500k_20261007T094728_f9d45348,PushCube-v1,mbpo,A_generation,92000,45,46982,TS1_mixture,extra.obj_pose_quaternion_norm_max_error,0.12463330470811929
mbpo_pushcube_500k_20261007T094728_f9d45348,PushCube-v1,mbpo,A_generation,92000,45,46982,TS1_mixture,extra.obj_pose_quaternion_invalid_fraction_tol_0.01,0.34716796875
mbpo_pushcube_500k_20261007T094728_f9d45348,PushCube-v1,mbpo,A_generation,92000,45,46982,TS1_mixture,goal_position_drift_rmse,1.5622569330519096e-07
mbpo_pushcube_500k_20261007T094728_f9d45348,PushCube-v1,mbpo,A_generation,92000,45,46982,TS1_mixture,projected_quaternion_max_norm_error/extra.tcp_pose,5.960464477539063e-08
mbpo_pushcube_500k_20261007T094728_f9d45348,PushCube-v1,mbpo,A_generation,92000,45,46982,TS1_mixture,projected_quaternion_max_norm_error/extra.obj_pose,5.960464477539063e-08
mbpo_pushcube_500k_20261007T094728_f9d45348,PushCube-v1,mbpo,A_generation,94016,46,48055,TS1_mixture,count,2048
mbpo_pushcube_500k_20261007T094728_f9d45348,PushCube-v1,mbpo,A_generation,94016,46,48055,TS1_mixture,all_finite,True
mbpo_pushcube_500k_20261007T094728_f9d45348,PushCube-v1,mbpo,A_generation,94016,46,48055,TS1_mixture,reward_outside_0_1_fraction,0.0634765625
mbpo_pushcube_500k_20261007T094728_f9d45348,PushCube-v1,mbpo,A_generation,94016,46,48055,TS1_mixture,reward_below_zero_fraction,0.05908203125
mbpo_pushcube_500k_20261007T094728_f9d45348,PushCube-v1,mbpo,A_generation,94016,46,48055,TS1_mixture,reward_above_one_fraction,0.00439453125
mbpo_pushcube_500k_20261007T094728_f9d45348,PushCube-v1,mbpo,A_generation,94016,46,48055,TS1_mixture,reward_min,-0.34485307335853577
mbpo_pushcube_500k_20261007T094728_f9d45348,PushCube-v1,mbpo,A_generation,94016,46,48055,TS1_mixture,reward_max,1.1398955583572388
mbpo_pushcube_500k_20261007T094728_f9d45348,PushCube-v1,mbpo,A_generation,94016,46,48055,TS1_mixture,elite_mean_reward_min,-0.576219379901886
mbpo_pushcube_500k_20261007T094728_f9d45348,PushCube-v1,mbpo,A_generation,94016,46,48055,TS1_mixture,elite_mean_reward_max,1.0265988111495972
mbpo_pushcube_500k_20261007T094728_f9d45348,PushCube-v1,mbpo,A_generation,94016,46,48055,TS1_mixture,elite_mean_reward_outside_0_1_fraction,0.04736328125
mbpo_pushcube_500k_20261007T094728_f9d45348,PushCube-v1,mbpo,A_generation,94016,46,48055,TS1_mixture,extra.tcp_pose_quaternion_norm_mae,0.0010047558298349663
mbpo_pushcube_500k_20261007T094728_f9d45348,PushCube-v1,mbpo,A_generation,94016,46,48055,TS1_mixture,extra.tcp_pose_quaternion_norm_max_error,0.03489180962024241
mbpo_pushcube_500k_20261007T094728_f9d45348,PushCube-v1,mbpo,A_generation,94016,46,48055,TS1_mixture,extra.tcp_pose_quaternion_invalid_fraction_tol_0.01,0.00537109375
mbpo_pushcube_500k_20261007T094728_f9d45348,PushCube-v1,mbpo,A_generation,94016,46,48055,TS1_mixture,extra.obj_pose_quaternion_norm_mae,0.008751749629296465
mbpo_pushcube_500k_20261007T094728_f9d45348,PushCube-v1,mbpo,A_generation,94016,46,48055,TS1_mixture,extra.obj_pose_quaternion_norm_max_error,0.0965656829222451
mbpo_pushcube_500k_20261007T094728_f9d45348,PushCube-v1,mbpo,A_generation,94016,46,48055,TS1_mixture,extra.obj_pose_quaternion_invalid_fraction_tol_0.01,0.3251953125
mbpo_pushcube_500k_20261007T094728_f9d45348,PushCube-v1,mbpo,A_generation,94016,46,48055,TS1_mixture,goal_position_drift_rmse,1.81547460687401e-07
mbpo_pushcube_500k_20261007T094728_f9d45348,PushCube-v1,mbpo,A_generation,94016,46,48055,TS1_mixture,projected_quaternion_max_norm_error/extra.tcp_pose,5.960464477539063e-08
mbpo_pushcube_500k_20261007T094728_f9d45348,PushCube-v1,mbpo,A_generation,94016,46,48055,TS1_mixture,projected_quaternion_max_norm_error/extra.obj_pose,5.960464477539063e-08
mbpo_pushcube_500k_20261007T094728_f9d45348,PushCube-v1,mbpo,A_generation,96000,47,49112,TS1_mixture,count,2048
mbpo_pushcube_500k_20261007T094728_f9d45348,PushCube-v1,mbpo,A_generation,96000,47,49112,TS1_mixture,all_finite,True
mbpo_pushcube_500k_20261007T094728_f9d45348,PushCube-v1,mbpo,A_generation,96000,47,49112,TS1_mixture,reward_outside_0_1_fraction,0.06640625
mbpo_pushcube_500k_20261007T094728_f9d45348,PushCube-v1,mbpo,A_generation,96000,47,49112,TS1_mixture,reward_below_zero_fraction,0.0625
mbpo_pushcube_500k_20261007T094728_f9d45348,PushCube-v1,mbpo,A_generation,96000,47,49112,TS1_mixture,reward_above_one_fraction,0.00390625
mbpo_pushcube_500k_20261007T094728_f9d45348,PushCube-v1,mbpo,A_generation,96000,47,49112,TS1_mixture,reward_min,-0.9877281785011292
mbpo_pushcube_500k_20261007T094728_f9d45348,PushCube-v1,mbpo,A_generation,96000,47,49112,TS1_mixture,reward_max,1.0506343841552734
mbpo_pushcube_500k_20261007T094728_f9d45348,PushCube-v1,mbpo,A_generation,96000,47,49112,TS1_mixture,elite_mean_reward_min,-0.9712194204330444
mbpo_pushcube_500k_20261007T094728_f9d45348,PushCube-v1,mbpo,A_generation,96000,47,49112,TS1_mixture,elite_mean_reward_max,1.0304820537567139
mbpo_pushcube_500k_20261007T094728_f9d45348,PushCube-v1,mbpo,A_generation,96000,47,49112,TS1_mixture,elite_mean_reward_outside_0_1_fraction,0.052978515625
mbpo_pushcube_500k_20261007T094728_f9d45348,PushCube-v1,mbpo,A_generation,96000,47,49112,TS1_mixture,extra.tcp_pose_quaternion_norm_mae,0.0012252496518856688
mbpo_pushcube_500k_20261007T094728_f9d45348,PushCube-v1,mbpo,A_generation,96000,47,49112,TS1_mixture,extra.tcp_pose_quaternion_norm_max_error,0.06163305439800659
mbpo_pushcube_500k_20261007T094728_f9d45348,PushCube-v1,mbpo,A_generation,96000,47,49112,TS1_mixture,extra.tcp_pose_quaternion_invalid_fraction_tol_0.01,0.01025390625
mbpo_pushcube_500k_20261007T094728_f9d45348,PushCube-v1,mbpo,A_generation,96000,47,49112,TS1_mixture,extra.obj_pose_quaternion_norm_mae,0.009087881206881882
mbpo_pushcube_500k_20261007T094728_f9d45348,PushCube-v1,mbpo,A_generation,96000,47,49112,TS1_mixture,extra.obj_pose_quaternion_norm_max_error,0.09391942441157763
mbpo_pushcube_500k_20261007T094728_f9d45348,PushCube-v1,mbpo,A_generation,96000,47,49112,TS1_mixture,extra.obj_pose_quaternion_invalid_fraction_tol_0.01,0.3505859375
mbpo_pushcube_500k_20261007T094728_f9d45348,PushCube-v1,mbpo,A_generation,96000,47,49112,TS1_mixture,goal_position_drift_rmse,2.1729305766049946e-07
mbpo_pushcube_500k_20261007T094728_f9d45348,PushCube-v1,mbpo,A_generation,96000,47,49112,TS1_mixture,projected_quaternion_max_norm_error/extra.tcp_pose,5.960464477539063e-08
mbpo_pushcube_500k_20261007T094728_f9d45348,PushCube-v1,mbpo,A_generation,96000,47,49112,TS1_mixture,projected_quaternion_max_norm_error/extra.obj_pose,5.960464477539063e-08
mbpo_pushcube_500k_20261007T094728_f9d45348,PushCube-v1,mbpo,A_generation,98016,48,50185,TS1_mixture,count,2048
mbpo_pushcube_500k_20261007T094728_f9d45348,PushCube-v1,mbpo,A_generation,98016,48,50185,TS1_mixture,all_finite,True
mbpo_pushcube_500k_20261007T094728_f9d45348,PushCube-v1,mbpo,A_generation,98016,48,50185,TS1_mixture,reward_outside_0_1_fraction,0.0703125
mbpo_pushcube_500k_20261007T094728_f9d45348,PushCube-v1,mbpo,A_generation,98016,48,50185,TS1_mixture,reward_below_zero_fraction,0.06298828125
mbpo_pushcube_500k_20261007T094728_f9d45348,PushCube-v1,mbpo,A_generation,98016,48,50185,TS1_mixture,reward_above_one_fraction,0.00732421875
mbpo_pushcube_500k_20261007T094728_f9d45348,PushCube-v1,mbpo,A_generation,98016,48,50185,TS1_mixture,reward_min,-0.5206955671310425
mbpo_pushcube_500k_20261007T094728_f9d45348,PushCube-v1,mbpo,A_generation,98016,48,50185,TS1_mixture,reward_max,1.0977022647857666
mbpo_pushcube_500k_20261007T094728_f9d45348,PushCube-v1,mbpo,A_generation,98016,48,50185,TS1_mixture,elite_mean_reward_min,-0.6421557664871216
mbpo_pushcube_500k_20261007T094728_f9d45348,PushCube-v1,mbpo,A_generation,98016,48,50185,TS1_mixture,elite_mean_reward_max,1.0287480354309082
mbpo_pushcube_500k_20261007T094728_f9d45348,PushCube-v1,mbpo,A_generation,98016,48,50185,TS1_mixture,elite_mean_reward_outside_0_1_fraction,0.058349609375
mbpo_pushcube_500k_20261007T094728_f9d45348,PushCube-v1,mbpo,A_generation,98016,48,50185,TS1_mixture,extra.tcp_pose_quaternion_norm_mae,0.0011326506796730134
mbpo_pushcube_500k_20261007T094728_f9d45348,PushCube-v1,mbpo,A_generation,98016,48,50185,TS1_mixture,extra.tcp_pose_quaternion_norm_max_error,0.029197298799396476
mbpo_pushcube_500k_20261007T094728_f9d45348,PushCube-v1,mbpo,A_generation,98016,48,50185,TS1_mixture,extra.tcp_pose_quaternion_invalid_fraction_tol_0.01,0.01171875
mbpo_pushcube_500k_20261007T094728_f9d45348,PushCube-v1,mbpo,A_generation,98016,48,50185,TS1_mixture,extra.obj_pose_quaternion_norm_mae,0.009390871534950088
mbpo_pushcube_500k_20261007T094728_f9d45348,PushCube-v1,mbpo,A_generation,98016,48,50185,TS1_mixture,extra.obj_pose_quaternion_norm_max_error,0.1638465110884968
mbpo_pushcube_500k_20261007T094728_f9d45348,PushCube-v1,mbpo,A_generation,98016,48,50185,TS1_mixture,extra.obj_pose_quaternion_invalid_fraction_tol_0.01,0.3427734375
mbpo_pushcube_500k_20261007T094728_f9d45348,PushCube-v1,mbpo,A_generation,98016,48,50185,TS1_mixture,goal_position_drift_rmse,1.720594102811016e-07
mbpo_pushcube_500k_20261007T094728_f9d45348,PushCube-v1,mbpo,A_generation,98016,48,50185,TS1_mixture,projected_quaternion_max_norm_error/extra.tcp_pose,5.960464477539063e-08
mbpo_pushcube_500k_20261007T094728_f9d45348,PushCube-v1,mbpo,A_generation,98016,48,50185,TS1_mixture,projected_quaternion_max_norm_error/extra.obj_pose,5.960464477539063e-08
mbpo_pushcube_500k_20261007T094728_f9d45348,PushCube-v1,mbpo,A_generation,100000,49,51241,TS1_mixture,count,2048
mbpo_pushcube_500k_20261007T094728_f9d45348,PushCube-v1,mbpo,A_generation,100000,49,51241,TS1_mixture,all_finite,True
mbpo_pushcube_500k_20261007T094728_f9d45348,PushCube-v1,mbpo,A_generation,100000,49,51241,TS1_mixture,reward_outside_0_1_fraction,0.06494140625
mbpo_pushcube_500k_20261007T094728_f9d45348,PushCube-v1,mbpo,A_generation,100000,49,51241,TS1_mixture,reward_below_zero_fraction,0.06201171875
mbpo_pushcube_500k_20261007T094728_f9d45348,PushCube-v1,mbpo,A_generation,100000,49,51241,TS1_mixture,reward_above_one_fraction,0.0029296875
mbpo_pushcube_500k_20261007T094728_f9d45348,PushCube-v1,mbpo,A_generation,100000,49,51241,TS1_mixture,reward_min,-0.6156208515167236
mbpo_pushcube_500k_20261007T094728_f9d45348,PushCube-v1,mbpo,A_generation,100000,49,51241,TS1_mixture,reward_max,1.1089303493499756
mbpo_pushcube_500k_20261007T094728_f9d45348,PushCube-v1,mbpo,A_generation,100000,49,51241,TS1_mixture,elite_mean_reward_min,-0.6795995831489563
mbpo_pushcube_500k_20261007T094728_f9d45348,PushCube-v1,mbpo,A_generation,100000,49,51241,TS1_mixture,elite_mean_reward_max,1.0431252717971802
mbpo_pushcube_500k_20261007T094728_f9d45348,PushCube-v1,mbpo,A_generation,100000,49,51241,TS1_mixture,elite_mean_reward_outside_0_1_fraction,0.048828125
mbpo_pushcube_500k_20261007T094728_f9d45348,PushCube-v1,mbpo,A_generation,100000,49,51241,TS1_mixture,extra.tcp_pose_quaternion_norm_mae,0.0011291802804798364
mbpo_pushcube_500k_20261007T094728_f9d45348,PushCube-v1,mbpo,A_generation,100000,49,51241,TS1_mixture,extra.tcp_pose_quaternion_norm_max_error,0.03057602911742152
mbpo_pushcube_500k_20261007T094728_f9d45348,PushCube-v1,mbpo,A_generation,100000,49,51241,TS1_mixture,extra.tcp_pose_quaternion_invalid_fraction_tol_0.01,0.0087890625
mbpo_pushcube_500k_20261007T094728_f9d45348,PushCube-v1,mbpo,A_generation,100000,49,51241,TS1_mixture,extra.obj_pose_quaternion_norm_mae,0.009203751468346844
mbpo_pushcube_500k_20261007T094728_f9d45348,PushCube-v1,mbpo,A_generation,100000,49,51241,TS1_mixture,extra.obj_pose_quaternion_norm_max_error,0.11451904328424145
mbpo_pushcube_500k_20261007T094728_f9d45348,PushCube-v1,mbpo,A_generation,100000,49,51241,TS1_mixture,extra.obj_pose_quaternion_invalid_fraction_tol_0.01,0.34033203125
mbpo_pushcube_500k_20261007T094728_f9d45348,PushCube-v1,mbpo,A_generation,100000,49,51241,TS1_mixture,goal_position_drift_rmse,1.7386643478559038e-07
mbpo_pushcube_500k_20261007T094728_f9d45348,PushCube-v1,mbpo,A_generation,100000,49,51241,TS1_mixture,projected_quaternion_max_norm_error/extra.tcp_pose,5.960464477539063e-08
mbpo_pushcube_500k_20261007T094728_f9d45348,PushCube-v1,mbpo,A_generation,100000,49,51241,TS1_mixture,projected_quaternion_max_norm_error/extra.obj_pose,5.960464477539063e-08
mbpo_pushcube_500k_20261007T094728_f9d45348,PushCube-v1,mbpo,A_generation,102016,50,52320,TS1_mixture,count,2048
mbpo_pushcube_500k_20261007T094728_f9d45348,PushCube-v1,mbpo,A_generation,102016,50,52320,TS1_mixture,all_finite,True
mbpo_pushcube_500k_20261007T094728_f9d45348,PushCube-v1,mbpo,A_generation,102016,50,52320,TS1_mixture,reward_outside_0_1_fraction,0.0517578125
mbpo_pushcube_500k_20261007T094728_f9d45348,PushCube-v1,mbpo,A_generation,102016,50,52320,TS1_mixture,reward_below_zero_fraction,0.04345703125
mbpo_pushcube_500k_20261007T094728_f9d45348,PushCube-v1,mbpo,A_generation,102016,50,52320,TS1_mixture,reward_above_one_fraction,0.00830078125
mbpo_pushcube_500k_20261007T094728_f9d45348,PushCube-v1,mbpo,A_generation,102016,50,52320,TS1_mixture,reward_min,-0.3508777916431427
mbpo_pushcube_500k_20261007T094728_f9d45348,PushCube-v1,mbpo,A_generation,102016,50,52320,TS1_mixture,reward_max,1.1248129606246948
mbpo_pushcube_500k_20261007T094728_f9d45348,PushCube-v1,mbpo,A_generation,102016,50,52320,TS1_mixture,elite_mean_reward_min,-0.3714296519756317
mbpo_pushcube_500k_20261007T094728_f9d45348,PushCube-v1,mbpo,A_generation,102016,50,52320,TS1_mixture,elite_mean_reward_max,1.1522960662841797
mbpo_pushcube_500k_20261007T094728_f9d45348,PushCube-v1,mbpo,A_generation,102016,50,52320,TS1_mixture,elite_mean_reward_outside_0_1_fraction,0.040283203125
mbpo_pushcube_500k_20261007T094728_f9d45348,PushCube-v1,mbpo,A_generation,102016,50,52320,TS1_mixture,extra.tcp_pose_quaternion_norm_mae,0.0010696545282726615
mbpo_pushcube_500k_20261007T094728_f9d45348,PushCube-v1,mbpo,A_generation,102016,50,52320,TS1_mixture,extra.tcp_pose_quaternion_norm_max_error,0.028831728752415575
mbpo_pushcube_500k_20261007T094728_f9d45348,PushCube-v1,mbpo,A_generation,102016,50,52320,TS1_mixture,extra.tcp_pose_quaternion_invalid_fraction_tol_0.01,0.0048828125
mbpo_pushcube_500k_20261007T094728_f9d45348,PushCube-v1,mbpo,A_generation,102016,50,52320,TS1_mixture,extra.obj_pose_quaternion_norm_mae,0.008853619497298557
mbpo_pushcube_500k_20261007T094728_f9d45348,PushCube-v1,mbpo,A_generation,102016,50,52320,TS1_mixture,extra.obj_pose_quaternion_norm_max_error,0.1772212420331405
mbpo_pushcube_500k_20261007T094728_f9d45348,PushCube-v1,mbpo,A_generation,102016,50,52320,TS1_mixture,extra.obj_pose_quaternion_invalid_fraction_tol_0.01,0.33544921875
mbpo_pushcube_500k_20261007T094728_f9d45348,PushCube-v1,mbpo,A_generation,102016,50,52320,TS1_mixture,goal_position_drift_rmse,1.3135006699719412e-07
mbpo_pushcube_500k_20261007T094728_f9d45348,PushCube-v1,mbpo,A_generation,102016,50,52320,TS1_mixture,projected_quaternion_max_norm_error/extra.tcp_pose,5.960464477539063e-08
mbpo_pushcube_500k_20261007T094728_f9d45348,PushCube-v1,mbpo,A_generation,102016,50,52320,TS1_mixture,projected_quaternion_max_norm_error/extra.obj_pose,5.960464477539063e-08
mbpo_pushcube_500k_20261007T094728_f9d45348,PushCube-v1,mbpo,A_generation,104000,51,53377,TS1_mixture,count,2048
mbpo_pushcube_500k_20261007T094728_f9d45348,PushCube-v1,mbpo,A_generation,104000,51,53377,TS1_mixture,all_finite,True
mbpo_pushcube_500k_20261007T094728_f9d45348,PushCube-v1,mbpo,A_generation,104000,51,53377,TS1_mixture,reward_outside_0_1_fraction,0.06298828125
mbpo_pushcube_500k_20261007T094728_f9d45348,PushCube-v1,mbpo,A_generation,104000,51,53377,TS1_mixture,reward_below_zero_fraction,0.056640625
mbpo_pushcube_500k_20261007T094728_f9d45348,PushCube-v1,mbpo,A_generation,104000,51,53377,TS1_mixture,reward_above_one_fraction,0.00634765625
mbpo_pushcube_500k_20261007T094728_f9d45348,PushCube-v1,mbpo,A_generation,104000,51,53377,TS1_mixture,reward_min,-0.7224218249320984
mbpo_pushcube_500k_20261007T094728_f9d45348,PushCube-v1,mbpo,A_generation,104000,51,53377,TS1_mixture,reward_max,1.1228249073028564
mbpo_pushcube_500k_20261007T094728_f9d45348,PushCube-v1,mbpo,A_generation,104000,51,53377,TS1_mixture,elite_mean_reward_min,-0.6323156356811523
mbpo_pushcube_500k_20261007T094728_f9d45348,PushCube-v1,mbpo,A_generation,104000,51,53377,TS1_mixture,elite_mean_reward_max,1.1102625131607056
mbpo_pushcube_500k_20261007T094728_f9d45348,PushCube-v1,mbpo,A_generation,104000,51,53377,TS1_mixture,elite_mean_reward_outside_0_1_fraction,0.0439453125
mbpo_pushcube_500k_20261007T094728_f9d45348,PushCube-v1,mbpo,A_generation,104000,51,53377,TS1_mixture,extra.tcp_pose_quaternion_norm_mae,0.0010603114455246272
mbpo_pushcube_500k_20261007T094728_f9d45348,PushCube-v1,mbpo,A_generation,104000,51,53377,TS1_mixture,extra.tcp_pose_quaternion_norm_max_error,0.06674354313443487
mbpo_pushcube_500k_20261007T094728_f9d45348,PushCube-v1,mbpo,A_generation,104000,51,53377,TS1_mixture,extra.tcp_pose_quaternion_invalid_fraction_tol_0.01,0.01025390625
mbpo_pushcube_500k_20261007T094728_f9d45348,PushCube-v1,mbpo,A_generation,104000,51,53377,TS1_mixture,extra.obj_pose_quaternion_norm_mae,0.00879796409029009
mbpo_pushcube_500k_20261007T094728_f9d45348,PushCube-v1,mbpo,A_generation,104000,51,53377,TS1_mixture,extra.obj_pose_quaternion_norm_max_error,0.0843932143406868
mbpo_pushcube_500k_20261007T094728_f9d45348,PushCube-v1,mbpo,A_generation,104000,51,53377,TS1_mixture,extra.obj_pose_quaternion_invalid_fraction_tol_0.01,0.3212890625
mbpo_pushcube_500k_20261007T094728_f9d45348,PushCube-v1,mbpo,A_generation,104000,51,53377,TS1_mixture,goal_position_drift_rmse,1.603460662702661e-07
mbpo_pushcube_500k_20261007T094728_f9d45348,PushCube-v1,mbpo,A_generation,104000,51,53377,TS1_mixture,projected_quaternion_max_norm_error/extra.tcp_pose,5.960464477539063e-08
mbpo_pushcube_500k_20261007T094728_f9d45348,PushCube-v1,mbpo,A_generation,104000,51,53377,TS1_mixture,projected_quaternion_max_norm_error/extra.obj_pose,5.960464477539063e-08
mbpo_pushcube_500k_20261007T094728_f9d45348,PushCube-v1,mbpo,A_generation,106016,52,54450,TS1_mixture,count,2048
mbpo_pushcube_500k_20261007T094728_f9d45348,PushCube-v1,mbpo,A_generation,106016,52,54450,TS1_mixture,all_finite,True
mbpo_pushcube_500k_20261007T094728_f9d45348,PushCube-v1,mbpo,A_generation,106016,52,54450,TS1_mixture,reward_outside_0_1_fraction,0.06591796875
mbpo_pushcube_500k_20261007T094728_f9d45348,PushCube-v1,mbpo,A_generation,106016,52,54450,TS1_mixture,reward_below_zero_fraction,0.05810546875
mbpo_pushcube_500k_20261007T094728_f9d45348,PushCube-v1,mbpo,A_generation,106016,52,54450,TS1_mixture,reward_above_one_fraction,0.0078125
mbpo_pushcube_500k_20261007T094728_f9d45348,PushCube-v1,mbpo,A_generation,106016,52,54450,TS1_mixture,reward_min,-0.7756343483924866
mbpo_pushcube_500k_20261007T094728_f9d45348,PushCube-v1,mbpo,A_generation,106016,52,54450,TS1_mixture,reward_max,1.0664479732513428
mbpo_pushcube_500k_20261007T094728_f9d45348,PushCube-v1,mbpo,A_generation,106016,52,54450,TS1_mixture,elite_mean_reward_min,-0.7726579308509827
mbpo_pushcube_500k_20261007T094728_f9d45348,PushCube-v1,mbpo,A_generation,106016,52,54450,TS1_mixture,elite_mean_reward_max,1.0451736450195312
mbpo_pushcube_500k_20261007T094728_f9d45348,PushCube-v1,mbpo,A_generation,106016,52,54450,TS1_mixture,elite_mean_reward_outside_0_1_fraction,0.048583984375
mbpo_pushcube_500k_20261007T094728_f9d45348,PushCube-v1,mbpo,A_generation,106016,52,54450,TS1_mixture,extra.tcp_pose_quaternion_norm_mae,0.0010434908950881332
mbpo_pushcube_500k_20261007T094728_f9d45348,PushCube-v1,mbpo,A_generation,106016,52,54450,TS1_mixture,extra.tcp_pose_quaternion_norm_max_error,0.0950856300082572
mbpo_pushcube_500k_20261007T094728_f9d45348,PushCube-v1,mbpo,A_generation,106016,52,54450,TS1_mixture,extra.tcp_pose_quaternion_invalid_fraction_tol_0.01,0.0068359375
mbpo_pushcube_500k_20261007T094728_f9d45348,PushCube-v1,mbpo,A_generation,106016,52,54450,TS1_mixture,extra.obj_pose_quaternion_norm_mae,0.009025043190633051
mbpo_pushcube_500k_20261007T094728_f9d45348,PushCube-v1,mbpo,A_generation,106016,52,54450,TS1_mixture,extra.obj_pose_quaternion_norm_max_error,0.21089193423709207
mbpo_pushcube_500k_20261007T094728_f9d45348,PushCube-v1,mbpo,A_generation,106016,52,54450,TS1_mixture,extra.obj_pose_quaternion_invalid_fraction_tol_0.01,0.3310546875
mbpo_pushcube_500k_20261007T094728_f9d45348,PushCube-v1,mbpo,A_generation,106016,52,54450,TS1_mixture,goal_position_drift_rmse,1.564039655368762e-07
mbpo_pushcube_500k_20261007T094728_f9d45348,PushCube-v1,mbpo,A_generation,106016,52,54450,TS1_mixture,projected_quaternion_max_norm_error/extra.tcp_pose,5.960464477539063e-08
mbpo_pushcube_500k_20261007T094728_f9d45348,PushCube-v1,mbpo,A_generation,106016,52,54450,TS1_mixture,projected_quaternion_max_norm_error/extra.obj_pose,5.960464477539063e-08
mbpo_pushcube_500k_20261007T094728_f9d45348,PushCube-v1,mbpo,A_generation,108000,53,55506,TS1_mixture,count,2048
mbpo_pushcube_500k_20261007T094728_f9d45348,PushCube-v1,mbpo,A_generation,108000,53,55506,TS1_mixture,all_finite,True
mbpo_pushcube_500k_20261007T094728_f9d45348,PushCube-v1,mbpo,A_generation,108000,53,55506,TS1_mixture,reward_outside_0_1_fraction,0.07080078125
mbpo_pushcube_500k_20261007T094728_f9d45348,PushCube-v1,mbpo,A_generation,108000,53,55506,TS1_mixture,reward_below_zero_fraction,0.06298828125
mbpo_pushcube_500k_20261007T094728_f9d45348,PushCube-v1,mbpo,A_generation,108000,53,55506,TS1_mixture,reward_above_one_fraction,0.0078125
mbpo_pushcube_500k_20261007T094728_f9d45348,PushCube-v1,mbpo,A_generation,108000,53,55506,TS1_mixture,reward_min,-0.5450748205184937
mbpo_pushcube_500k_20261007T094728_f9d45348,PushCube-v1,mbpo,A_generation,108000,53,55506,TS1_mixture,reward_max,1.0847514867782593
mbpo_pushcube_500k_20261007T094728_f9d45348,PushCube-v1,mbpo,A_generation,108000,53,55506,TS1_mixture,elite_mean_reward_min,-0.5859556198120117
mbpo_pushcube_500k_20261007T094728_f9d45348,PushCube-v1,mbpo,A_generation,108000,53,55506,TS1_mixture,elite_mean_reward_max,1.093732476234436
mbpo_pushcube_500k_20261007T094728_f9d45348,PushCube-v1,mbpo,A_generation,108000,53,55506,TS1_mixture,elite_mean_reward_outside_0_1_fraction,0.052001953125
mbpo_pushcube_500k_20261007T094728_f9d45348,PushCube-v1,mbpo,A_generation,108000,53,55506,TS1_mixture,extra.tcp_pose_quaternion_norm_mae,0.001061944664853708
mbpo_pushcube_500k_20261007T094728_f9d45348,PushCube-v1,mbpo,A_generation,108000,53,55506,TS1_mixture,extra.tcp_pose_quaternion_norm_max_error,0.05175475447774991
mbpo_pushcube_500k_20261007T094728_f9d45348,PushCube-v1,mbpo,A_generation,108000,53,55506,TS1_mixture,extra.tcp_pose_quaternion_invalid_fraction_tol_0.01,0.0087890625
mbpo_pushcube_500k_20261007T094728_f9d45348,PushCube-v1,mbpo,A_generation,108000,53,55506,TS1_mixture,extra.obj_pose_quaternion_norm_mae,0.008649173926568375
mbpo_pushcube_500k_20261007T094728_f9d45348,PushCube-v1,mbpo,A_generation,108000,53,55506,TS1_mixture,extra.obj_pose_quaternion_norm_max_error,0.11108445246596943
mbpo_pushcube_500k_20261007T094728_f9d45348,PushCube-v1,mbpo,A_generation,108000,53,55506,TS1_mixture,extra.obj_pose_quaternion_invalid_fraction_tol_0.01,0.33935546875
mbpo_pushcube_500k_20261007T094728_f9d45348,PushCube-v1,mbpo,A_generation,108000,53,55506,TS1_mixture,goal_position_drift_rmse,1.447777251578868e-07
mbpo_pushcube_500k_20261007T094728_f9d45348,PushCube-v1,mbpo,A_generation,108000,53,55506,TS1_mixture,projected_quaternion_max_norm_error/extra.tcp_pose,5.960464477539063e-08
mbpo_pushcube_500k_20261007T094728_f9d45348,PushCube-v1,mbpo,A_generation,108000,53,55506,TS1_mixture,projected_quaternion_max_norm_error/extra.obj_pose,5.960464477539063e-08
mbpo_pushcube_500k_20261007T094728_f9d45348,PushCube-v1,mbpo,A_generation,110016,54,56579,TS1_mixture,count,2048
mbpo_pushcube_500k_20261007T094728_f9d45348,PushCube-v1,mbpo,A_generation,110016,54,56579,TS1_mixture,all_finite,True
mbpo_pushcube_500k_20261007T094728_f9d45348,PushCube-v1,mbpo,A_generation,110016,54,56579,TS1_mixture,reward_outside_0_1_fraction,0.06982421875
mbpo_pushcube_500k_20261007T094728_f9d45348,PushCube-v1,mbpo,A_generation,110016,54,56579,TS1_mixture,reward_below_zero_fraction,0.06396484375
mbpo_pushcube_500k_20261007T094728_f9d45348,PushCube-v1,mbpo,A_generation,110016,54,56579,TS1_mixture,reward_above_one_fraction,0.005859375
mbpo_pushcube_500k_20261007T094728_f9d45348,PushCube-v1,mbpo,A_generation,110016,54,56579,TS1_mixture,reward_min,-0.4944034218788147
mbpo_pushcube_500k_20261007T094728_f9d45348,PushCube-v1,mbpo,A_generation,110016,54,56579,TS1_mixture,reward_max,1.1241906881332397
mbpo_pushcube_500k_20261007T094728_f9d45348,PushCube-v1,mbpo,A_generation,110016,54,56579,TS1_mixture,elite_mean_reward_min,-0.5568338632583618
mbpo_pushcube_500k_20261007T094728_f9d45348,PushCube-v1,mbpo,A_generation,110016,54,56579,TS1_mixture,elite_mean_reward_max,1.0759814977645874
mbpo_pushcube_500k_20261007T094728_f9d45348,PushCube-v1,mbpo,A_generation,110016,54,56579,TS1_mixture,elite_mean_reward_outside_0_1_fraction,0.052001953125
mbpo_pushcube_500k_20261007T094728_f9d45348,PushCube-v1,mbpo,A_generation,110016,54,56579,TS1_mixture,extra.tcp_pose_quaternion_norm_mae,0.0009937094973926112
mbpo_pushcube_500k_20261007T094728_f9d45348,PushCube-v1,mbpo,A_generation,110016,54,56579,TS1_mixture,extra.tcp_pose_quaternion_norm_max_error,0.03833861051818277
mbpo_pushcube_500k_20261007T094728_f9d45348,PushCube-v1,mbpo,A_generation,110016,54,56579,TS1_mixture,extra.tcp_pose_quaternion_invalid_fraction_tol_0.01,0.005859375
mbpo_pushcube_500k_20261007T094728_f9d45348,PushCube-v1,mbpo,A_generation,110016,54,56579,TS1_mixture,extra.obj_pose_quaternion_norm_mae,0.008478629392362026
mbpo_pushcube_500k_20261007T094728_f9d45348,PushCube-v1,mbpo,A_generation,110016,54,56579,TS1_mixture,extra.obj_pose_quaternion_norm_max_error,0.07787582989929964
mbpo_pushcube_500k_20261007T094728_f9d45348,PushCube-v1,mbpo,A_generation,110016,54,56579,TS1_mixture,extra.obj_pose_quaternion_invalid_fraction_tol_0.01,0.32421875
mbpo_pushcube_500k_20261007T094728_f9d45348,PushCube-v1,mbpo,A_generation,110016,54,56579,TS1_mixture,goal_position_drift_rmse,1.4618371099352053e-07
mbpo_pushcube_500k_20261007T094728_f9d45348,PushCube-v1,mbpo,A_generation,110016,54,56579,TS1_mixture,projected_quaternion_max_norm_error/extra.tcp_pose,5.960464477539063e-08
mbpo_pushcube_500k_20261007T094728_f9d45348,PushCube-v1,mbpo,A_generation,110016,54,56579,TS1_mixture,projected_quaternion_max_norm_error/extra.obj_pose,5.960464477539063e-08
mbpo_pushcube_500k_20261007T094728_f9d45348,PushCube-v1,mbpo,A_generation,112000,55,57636,TS1_mixture,count,2048
mbpo_pushcube_500k_20261007T094728_f9d45348,PushCube-v1,mbpo,A_generation,112000,55,57636,TS1_mixture,all_finite,True
mbpo_pushcube_500k_20261007T094728_f9d45348,PushCube-v1,mbpo,A_generation,112000,55,57636,TS1_mixture,reward_outside_0_1_fraction,0.07275390625
mbpo_pushcube_500k_20261007T094728_f9d45348,PushCube-v1,mbpo,A_generation,112000,55,57636,TS1_mixture,reward_below_zero_fraction,0.06591796875
mbpo_pushcube_500k_20261007T094728_f9d45348,PushCube-v1,mbpo,A_generation,112000,55,57636,TS1_mixture,reward_above_one_fraction,0.0068359375
mbpo_pushcube_500k_20261007T094728_f9d45348,PushCube-v1,mbpo,A_generation,112000,55,57636,TS1_mixture,reward_min,-0.6306131482124329
mbpo_pushcube_500k_20261007T094728_f9d45348,PushCube-v1,mbpo,A_generation,112000,55,57636,TS1_mixture,reward_max,1.1127538681030273
mbpo_pushcube_500k_20261007T094728_f9d45348,PushCube-v1,mbpo,A_generation,112000,55,57636,TS1_mixture,elite_mean_reward_min,-0.6013504862785339
mbpo_pushcube_500k_20261007T094728_f9d45348,PushCube-v1,mbpo,A_generation,112000,55,57636,TS1_mixture,elite_mean_reward_max,1.0902528762817383
mbpo_pushcube_500k_20261007T094728_f9d45348,PushCube-v1,mbpo,A_generation,112000,55,57636,TS1_mixture,elite_mean_reward_outside_0_1_fraction,0.054931640625
mbpo_pushcube_500k_20261007T094728_f9d45348,PushCube-v1,mbpo,A_generation,112000,55,57636,TS1_mixture,extra.tcp_pose_quaternion_norm_mae,0.0010310695476074456
mbpo_pushcube_500k_20261007T094728_f9d45348,PushCube-v1,mbpo,A_generation,112000,55,57636,TS1_mixture,extra.tcp_pose_quaternion_norm_max_error,0.03404950618029501
mbpo_pushcube_500k_20261007T094728_f9d45348,PushCube-v1,mbpo,A_generation,112000,55,57636,TS1_mixture,extra.tcp_pose_quaternion_invalid_fraction_tol_0.01,0.00927734375
mbpo_pushcube_500k_20261007T094728_f9d45348,PushCube-v1,mbpo,A_generation,112000,55,57636,TS1_mixture,extra.obj_pose_quaternion_norm_mae,0.008818170257006751
mbpo_pushcube_500k_20261007T094728_f9d45348,PushCube-v1,mbpo,A_generation,112000,55,57636,TS1_mixture,extra.obj_pose_quaternion_norm_max_error,0.08363639380346177
mbpo_pushcube_500k_20261007T094728_f9d45348,PushCube-v1,mbpo,A_generation,112000,55,57636,TS1_mixture,extra.obj_pose_quaternion_invalid_fraction_tol_0.01,0.34423828125
mbpo_pushcube_500k_20261007T094728_f9d45348,PushCube-v1,mbpo,A_generation,112000,55,57636,TS1_mixture,goal_position_drift_rmse,1.5096420611305302e-07
mbpo_pushcube_500k_20261007T094728_f9d45348,PushCube-v1,mbpo,A_generation,112000,55,57636,TS1_mixture,projected_quaternion_max_norm_error/extra.tcp_pose,5.960464477539063e-08
mbpo_pushcube_500k_20261007T094728_f9d45348,PushCube-v1,mbpo,A_generation,112000,55,57636,TS1_mixture,projected_quaternion_max_norm_error/extra.obj_pose,5.960464477539063e-08
mbpo_pushcube_500k_20261007T094728_f9d45348,PushCube-v1,mbpo,A_generation,114016,56,58709,TS1_mixture,count,2048
mbpo_pushcube_500k_20261007T094728_f9d45348,PushCube-v1,mbpo,A_generation,114016,56,58709,TS1_mixture,all_finite,True
mbpo_pushcube_500k_20261007T094728_f9d45348,PushCube-v1,mbpo,A_generation,114016,56,58709,TS1_mixture,reward_outside_0_1_fraction,0.07080078125
mbpo_pushcube_500k_20261007T094728_f9d45348,PushCube-v1,mbpo,A_generation,114016,56,58709,TS1_mixture,reward_below_zero_fraction,0.0537109375
mbpo_pushcube_500k_20261007T094728_f9d45348,PushCube-v1,mbpo,A_generation,114016,56,58709,TS1_mixture,reward_above_one_fraction,0.01708984375
mbpo_pushcube_500k_20261007T094728_f9d45348,PushCube-v1,mbpo,A_generation,114016,56,58709,TS1_mixture,reward_min,-0.38305631279945374
mbpo_pushcube_500k_20261007T094728_f9d45348,PushCube-v1,mbpo,A_generation,114016,56,58709,TS1_mixture,reward_max,1.1358082294464111
mbpo_pushcube_500k_20261007T094728_f9d45348,PushCube-v1,mbpo,A_generation,114016,56,58709,TS1_mixture,elite_mean_reward_min,-0.539740264415741
mbpo_pushcube_500k_20261007T094728_f9d45348,PushCube-v1,mbpo,A_generation,114016,56,58709,TS1_mixture,elite_mean_reward_max,1.0948846340179443
mbpo_pushcube_500k_20261007T094728_f9d45348,PushCube-v1,mbpo,A_generation,114016,56,58709,TS1_mixture,elite_mean_reward_outside_0_1_fraction,0.0537109375
mbpo_pushcube_500k_20261007T094728_f9d45348,PushCube-v1,mbpo,A_generation,114016,56,58709,TS1_mixture,extra.tcp_pose_quaternion_norm_mae,0.0010505464075249698
mbpo_pushcube_500k_20261007T094728_f9d45348,PushCube-v1,mbpo,A_generation,114016,56,58709,TS1_mixture,extra.tcp_pose_quaternion_norm_max_error,0.06633352438774365
mbpo_pushcube_500k_20261007T094728_f9d45348,PushCube-v1,mbpo,A_generation,114016,56,58709,TS1_mixture,extra.tcp_pose_quaternion_invalid_fraction_tol_0.01,0.00830078125
mbpo_pushcube_500k_20261007T094728_f9d45348,PushCube-v1,mbpo,A_generation,114016,56,58709,TS1_mixture,extra.obj_pose_quaternion_norm_mae,0.008002116918754645
mbpo_pushcube_500k_20261007T094728_f9d45348,PushCube-v1,mbpo,A_generation,114016,56,58709,TS1_mixture,extra.obj_pose_quaternion_norm_max_error,0.1109660734036142
mbpo_pushcube_500k_20261007T094728_f9d45348,PushCube-v1,mbpo,A_generation,114016,56,58709,TS1_mixture,extra.obj_pose_quaternion_invalid_fraction_tol_0.01,0.30126953125
mbpo_pushcube_500k_20261007T094728_f9d45348,PushCube-v1,mbpo,A_generation,114016,56,58709,TS1_mixture,goal_position_drift_rmse,1.5174304170784092e-07
mbpo_pushcube_500k_20261007T094728_f9d45348,PushCube-v1,mbpo,A_generation,114016,56,58709,TS1_mixture,projected_quaternion_max_norm_error/extra.tcp_pose,5.960464477539063e-08
mbpo_pushcube_500k_20261007T094728_f9d45348,PushCube-v1,mbpo,A_generation,114016,56,58709,TS1_mixture,projected_quaternion_max_norm_error/extra.obj_pose,5.960464477539063e-08
mbpo_pushcube_500k_20261007T094728_f9d45348,PushCube-v1,mbpo,A_generation,116000,57,59765,TS1_mixture,count,2048
mbpo_pushcube_500k_20261007T094728_f9d45348,PushCube-v1,mbpo,A_generation,116000,57,59765,TS1_mixture,all_finite,True
mbpo_pushcube_500k_20261007T094728_f9d45348,PushCube-v1,mbpo,A_generation,116000,57,59765,TS1_mixture,reward_outside_0_1_fraction,0.07373046875
mbpo_pushcube_500k_20261007T094728_f9d45348,PushCube-v1,mbpo,A_generation,116000,57,59765,TS1_mixture,reward_below_zero_fraction,0.0625
mbpo_pushcube_500k_20261007T094728_f9d45348,PushCube-v1,mbpo,A_generation,116000,57,59765,TS1_mixture,reward_above_one_fraction,0.01123046875
mbpo_pushcube_500k_20261007T094728_f9d45348,PushCube-v1,mbpo,A_generation,116000,57,59765,TS1_mixture,reward_min,-0.7764755487442017
mbpo_pushcube_500k_20261007T094728_f9d45348,PushCube-v1,mbpo,A_generation,116000,57,59765,TS1_mixture,reward_max,1.1218291521072388
mbpo_pushcube_500k_20261007T094728_f9d45348,PushCube-v1,mbpo,A_generation,116000,57,59765,TS1_mixture,elite_mean_reward_min,-0.7720097899436951
mbpo_pushcube_500k_20261007T094728_f9d45348,PushCube-v1,mbpo,A_generation,116000,57,59765,TS1_mixture,elite_mean_reward_max,1.1168360710144043
mbpo_pushcube_500k_20261007T094728_f9d45348,PushCube-v1,mbpo,A_generation,116000,57,59765,TS1_mixture,elite_mean_reward_outside_0_1_fraction,0.0576171875
mbpo_pushcube_500k_20261007T094728_f9d45348,PushCube-v1,mbpo,A_generation,116000,57,59765,TS1_mixture,extra.tcp_pose_quaternion_norm_mae,0.0010423246048885844
mbpo_pushcube_500k_20261007T094728_f9d45348,PushCube-v1,mbpo,A_generation,116000,57,59765,TS1_mixture,extra.tcp_pose_quaternion_norm_max_error,0.02872095575631861
mbpo_pushcube_500k_20261007T094728_f9d45348,PushCube-v1,mbpo,A_generation,116000,57,59765,TS1_mixture,extra.tcp_pose_quaternion_invalid_fraction_tol_0.01,0.00732421875
mbpo_pushcube_500k_20261007T094728_f9d45348,PushCube-v1,mbpo,A_generation,116000,57,59765,TS1_mixture,extra.obj_pose_quaternion_norm_mae,0.008542282961562394
mbpo_pushcube_500k_20261007T094728_f9d45348,PushCube-v1,mbpo,A_generation,116000,57,59765,TS1_mixture,extra.obj_pose_quaternion_norm_max_error,0.06617688165834945
mbpo_pushcube_500k_20261007T094728_f9d45348,PushCube-v1,mbpo,A_generation,116000,57,59765,TS1_mixture,extra.obj_pose_quaternion_invalid_fraction_tol_0.01,0.3310546875
mbpo_pushcube_500k_20261007T094728_f9d45348,PushCube-v1,mbpo,A_generation,116000,57,59765,TS1_mixture,goal_position_drift_rmse,1.9085532788674468e-07
mbpo_pushcube_500k_20261007T094728_f9d45348,PushCube-v1,mbpo,A_generation,116000,57,59765,TS1_mixture,projected_quaternion_max_norm_error/extra.tcp_pose,5.960464477539063e-08
mbpo_pushcube_500k_20261007T094728_f9d45348,PushCube-v1,mbpo,A_generation,116000,57,59765,TS1_mixture,projected_quaternion_max_norm_error/extra.obj_pose,5.960464477539063e-08
mbpo_pushcube_500k_20261007T094728_f9d45348,PushCube-v1,mbpo,A_generation,118016,58,60838,TS1_mixture,count,2048
mbpo_pushcube_500k_20261007T094728_f9d45348,PushCube-v1,mbpo,A_generation,118016,58,60838,TS1_mixture,all_finite,True
mbpo_pushcube_500k_20261007T094728_f9d45348,PushCube-v1,mbpo,A_generation,118016,58,60838,TS1_mixture,reward_outside_0_1_fraction,0.07421875
mbpo_pushcube_500k_20261007T094728_f9d45348,PushCube-v1,mbpo,A_generation,118016,58,60838,TS1_mixture,reward_below_zero_fraction,0.05810546875
mbpo_pushcube_500k_20261007T094728_f9d45348,PushCube-v1,mbpo,A_generation,118016,58,60838,TS1_mixture,reward_above_one_fraction,0.01611328125
mbpo_pushcube_500k_20261007T094728_f9d45348,PushCube-v1,mbpo,A_generation,118016,58,60838,TS1_mixture,reward_min,-0.47770270705223083
mbpo_pushcube_500k_20261007T094728_f9d45348,PushCube-v1,mbpo,A_generation,118016,58,60838,TS1_mixture,reward_max,1.1133697032928467
mbpo_pushcube_500k_20261007T094728_f9d45348,PushCube-v1,mbpo,A_generation,118016,58,60838,TS1_mixture,elite_mean_reward_min,-0.6511461734771729
mbpo_pushcube_500k_20261007T094728_f9d45348,PushCube-v1,mbpo,A_generation,118016,58,60838,TS1_mixture,elite_mean_reward_max,1.1591978073120117
mbpo_pushcube_500k_20261007T094728_f9d45348,PushCube-v1,mbpo,A_generation,118016,58,60838,TS1_mixture,elite_mean_reward_outside_0_1_fraction,0.0654296875
mbpo_pushcube_500k_20261007T094728_f9d45348,PushCube-v1,mbpo,A_generation,118016,58,60838,TS1_mixture,extra.tcp_pose_quaternion_norm_mae,0.0010067344786972758
mbpo_pushcube_500k_20261007T094728_f9d45348,PushCube-v1,mbpo,A_generation,118016,58,60838,TS1_mixture,extra.tcp_pose_quaternion_norm_max_error,0.05538167983395814
mbpo_pushcube_500k_20261007T094728_f9d45348,PushCube-v1,mbpo,A_generation,118016,58,60838,TS1_mixture,extra.tcp_pose_quaternion_invalid_fraction_tol_0.01,0.0078125
mbpo_pushcube_500k_20261007T094728_f9d45348,PushCube-v1,mbpo,A_generation,118016,58,60838,TS1_mixture,extra.obj_pose_quaternion_norm_mae,0.0075983980466531155
mbpo_pushcube_500k_20261007T094728_f9d45348,PushCube-v1,mbpo,A_generation,118016,58,60838,TS1_mixture,extra.obj_pose_quaternion_norm_max_error,0.10490310399844494
mbpo_pushcube_500k_20261007T094728_f9d45348,PushCube-v1,mbpo,A_generation,118016,58,60838,TS1_mixture,extra.obj_pose_quaternion_invalid_fraction_tol_0.01,0.28466796875
mbpo_pushcube_500k_20261007T094728_f9d45348,PushCube-v1,mbpo,A_generation,118016,58,60838,TS1_mixture,goal_position_drift_rmse,1.777737241012148e-07
mbpo_pushcube_500k_20261007T094728_f9d45348,PushCube-v1,mbpo,A_generation,118016,58,60838,TS1_mixture,projected_quaternion_max_norm_error/extra.tcp_pose,5.960464477539063e-08
mbpo_pushcube_500k_20261007T094728_f9d45348,PushCube-v1,mbpo,A_generation,118016,58,60838,TS1_mixture,projected_quaternion_max_norm_error/extra.obj_pose,5.960464477539063e-08
mbpo_pushcube_500k_20261007T094728_f9d45348,PushCube-v1,mbpo,A_generation,120000,59,61895,TS1_mixture,count,2048
mbpo_pushcube_500k_20261007T094728_f9d45348,PushCube-v1,mbpo,A_generation,120000,59,61895,TS1_mixture,all_finite,True
mbpo_pushcube_500k_20261007T094728_f9d45348,PushCube-v1,mbpo,A_generation,120000,59,61895,TS1_mixture,reward_outside_0_1_fraction,0.0869140625
mbpo_pushcube_500k_20261007T094728_f9d45348,PushCube-v1,mbpo,A_generation,120000,59,61895,TS1_mixture,reward_below_zero_fraction,0.0625
mbpo_pushcube_500k_20261007T094728_f9d45348,PushCube-v1,mbpo,A_generation,120000,59,61895,TS1_mixture,reward_above_one_fraction,0.0244140625
mbpo_pushcube_500k_20261007T094728_f9d45348,PushCube-v1,mbpo,A_generation,120000,59,61895,TS1_mixture,reward_min,-0.4765147268772125
mbpo_pushcube_500k_20261007T094728_f9d45348,PushCube-v1,mbpo,A_generation,120000,59,61895,TS1_mixture,reward_max,1.179037094116211
mbpo_pushcube_500k_20261007T094728_f9d45348,PushCube-v1,mbpo,A_generation,120000,59,61895,TS1_mixture,elite_mean_reward_min,-0.5437141060829163
mbpo_pushcube_500k_20261007T094728_f9d45348,PushCube-v1,mbpo,A_generation,120000,59,61895,TS1_mixture,elite_mean_reward_max,1.0936521291732788
mbpo_pushcube_500k_20261007T094728_f9d45348,PushCube-v1,mbpo,A_generation,120000,59,61895,TS1_mixture,elite_mean_reward_outside_0_1_fraction,0.05810546875
mbpo_pushcube_500k_20261007T094728_f9d45348,PushCube-v1,mbpo,A_generation,120000,59,61895,TS1_mixture,extra.tcp_pose_quaternion_norm_mae,0.0009606650546562458
mbpo_pushcube_500k_20261007T094728_f9d45348,PushCube-v1,mbpo,A_generation,120000,59,61895,TS1_mixture,extra.tcp_pose_quaternion_norm_max_error,0.021899726108841833
mbpo_pushcube_500k_20261007T094728_f9d45348,PushCube-v1,mbpo,A_generation,120000,59,61895,TS1_mixture,extra.tcp_pose_quaternion_invalid_fraction_tol_0.01,0.00927734375
mbpo_pushcube_500k_20261007T094728_f9d45348,PushCube-v1,mbpo,A_generation,120000,59,61895,TS1_mixture,extra.obj_pose_quaternion_norm_mae,0.007975200017510614
mbpo_pushcube_500k_20261007T094728_f9d45348,PushCube-v1,mbpo,A_generation,120000,59,61895,TS1_mixture,extra.obj_pose_quaternion_norm_max_error,0.06894437710021062
mbpo_pushcube_500k_20261007T094728_f9d45348,PushCube-v1,mbpo,A_generation,120000,59,61895,TS1_mixture,extra.obj_pose_quaternion_invalid_fraction_tol_0.01,0.2978515625
mbpo_pushcube_500k_20261007T094728_f9d45348,PushCube-v1,mbpo,A_generation,120000,59,61895,TS1_mixture,goal_position_drift_rmse,1.3390456527735204e-07
mbpo_pushcube_500k_20261007T094728_f9d45348,PushCube-v1,mbpo,A_generation,120000,59,61895,TS1_mixture,projected_quaternion_max_norm_error/extra.tcp_pose,5.960464477539063e-08
mbpo_pushcube_500k_20261007T094728_f9d45348,PushCube-v1,mbpo,A_generation,120000,59,61895,TS1_mixture,projected_quaternion_max_norm_error/extra.obj_pose,5.960464477539063e-08
mbpo_pushcube_500k_20261007T094728_f9d45348,PushCube-v1,mbpo,A_generation,122016,60,62968,TS1_mixture,count,2048
mbpo_pushcube_500k_20261007T094728_f9d45348,PushCube-v1,mbpo,A_generation,122016,60,62968,TS1_mixture,all_finite,True
mbpo_pushcube_500k_20261007T094728_f9d45348,PushCube-v1,mbpo,A_generation,122016,60,62968,TS1_mixture,reward_outside_0_1_fraction,0.08154296875
mbpo_pushcube_500k_20261007T094728_f9d45348,PushCube-v1,mbpo,A_generation,122016,60,62968,TS1_mixture,reward_below_zero_fraction,0.06396484375
mbpo_pushcube_500k_20261007T094728_f9d45348,PushCube-v1,mbpo,A_generation,122016,60,62968,TS1_mixture,reward_above_one_fraction,0.017578125
mbpo_pushcube_500k_20261007T094728_f9d45348,PushCube-v1,mbpo,A_generation,122016,60,62968,TS1_mixture,reward_min,-0.5399730205535889
mbpo_pushcube_500k_20261007T094728_f9d45348,PushCube-v1,mbpo,A_generation,122016,60,62968,TS1_mixture,reward_max,1.1743718385696411
mbpo_pushcube_500k_20261007T094728_f9d45348,PushCube-v1,mbpo,A_generation,122016,60,62968,TS1_mixture,elite_mean_reward_min,-0.5682873725891113
mbpo_pushcube_500k_20261007T094728_f9d45348,PushCube-v1,mbpo,A_generation,122016,60,62968,TS1_mixture,elite_mean_reward_max,1.1085127592086792
mbpo_pushcube_500k_20261007T094728_f9d45348,PushCube-v1,mbpo,A_generation,122016,60,62968,TS1_mixture,elite_mean_reward_outside_0_1_fraction,0.06494140625
mbpo_pushcube_500k_20261007T094728_f9d45348,PushCube-v1,mbpo,A_generation,122016,60,62968,TS1_mixture,extra.tcp_pose_quaternion_norm_mae,0.0010958891812497605
mbpo_pushcube_500k_20261007T094728_f9d45348,PushCube-v1,mbpo,A_generation,122016,60,62968,TS1_mixture,extra.tcp_pose_quaternion_norm_max_error,0.038918018945809596
mbpo_pushcube_500k_20261007T094728_f9d45348,PushCube-v1,mbpo,A_generation,122016,60,62968,TS1_mixture,extra.tcp_pose_quaternion_invalid_fraction_tol_0.01,0.01123046875
mbpo_pushcube_500k_20261007T094728_f9d45348,PushCube-v1,mbpo,A_generation,122016,60,62968,TS1_mixture,extra.obj_pose_quaternion_norm_mae,0.008665286928804968
mbpo_pushcube_500k_20261007T094728_f9d45348,PushCube-v1,mbpo,A_generation,122016,60,62968,TS1_mixture,extra.obj_pose_quaternion_norm_max_error,0.07218455291749093
mbpo_pushcube_500k_20261007T094728_f9d45348,PushCube-v1,mbpo,A_generation,122016,60,62968,TS1_mixture,extra.obj_pose_quaternion_invalid_fraction_tol_0.01,0.330078125
mbpo_pushcube_500k_20261007T094728_f9d45348,PushCube-v1,mbpo,A_generation,122016,60,62968,TS1_mixture,goal_position_drift_rmse,1.4499616862480084e-07
mbpo_pushcube_500k_20261007T094728_f9d45348,PushCube-v1,mbpo,A_generation,122016,60,62968,TS1_mixture,projected_quaternion_max_norm_error/extra.tcp_pose,5.960464477539063e-08
mbpo_pushcube_500k_20261007T094728_f9d45348,PushCube-v1,mbpo,A_generation,122016,60,62968,TS1_mixture,projected_quaternion_max_norm_error/extra.obj_pose,5.960464477539063e-08
mbpo_pushcube_500k_20261007T094728_f9d45348,PushCube-v1,mbpo,A_generation,124000,61,64024,TS1_mixture,count,2048
mbpo_pushcube_500k_20261007T094728_f9d45348,PushCube-v1,mbpo,A_generation,124000,61,64024,TS1_mixture,all_finite,True
mbpo_pushcube_500k_20261007T094728_f9d45348,PushCube-v1,mbpo,A_generation,124000,61,64024,TS1_mixture,reward_outside_0_1_fraction,0.0693359375
mbpo_pushcube_500k_20261007T094728_f9d45348,PushCube-v1,mbpo,A_generation,124000,61,64024,TS1_mixture,reward_below_zero_fraction,0.05224609375
mbpo_pushcube_500k_20261007T094728_f9d45348,PushCube-v1,mbpo,A_generation,124000,61,64024,TS1_mixture,reward_above_one_fraction,0.01708984375
mbpo_pushcube_500k_20261007T094728_f9d45348,PushCube-v1,mbpo,A_generation,124000,61,64024,TS1_mixture,reward_min,-0.45886409282684326
mbpo_pushcube_500k_20261007T094728_f9d45348,PushCube-v1,mbpo,A_generation,124000,61,64024,TS1_mixture,reward_max,1.1200833320617676
mbpo_pushcube_500k_20261007T094728_f9d45348,PushCube-v1,mbpo,A_generation,124000,61,64024,TS1_mixture,elite_mean_reward_min,-0.4877241849899292
mbpo_pushcube_500k_20261007T094728_f9d45348,PushCube-v1,mbpo,A_generation,124000,61,64024,TS1_mixture,elite_mean_reward_max,1.119245171546936
mbpo_pushcube_500k_20261007T094728_f9d45348,PushCube-v1,mbpo,A_generation,124000,61,64024,TS1_mixture,elite_mean_reward_outside_0_1_fraction,0.054443359375
mbpo_pushcube_500k_20261007T094728_f9d45348,PushCube-v1,mbpo,A_generation,124000,61,64024,TS1_mixture,extra.tcp_pose_quaternion_norm_mae,0.001038198125959136
mbpo_pushcube_500k_20261007T094728_f9d45348,PushCube-v1,mbpo,A_generation,124000,61,64024,TS1_mixture,extra.tcp_pose_quaternion_norm_max_error,0.02350867713983318
mbpo_pushcube_500k_20261007T094728_f9d45348,PushCube-v1,mbpo,A_generation,124000,61,64024,TS1_mixture,extra.tcp_pose_quaternion_invalid_fraction_tol_0.01,0.0078125
mbpo_pushcube_500k_20261007T094728_f9d45348,PushCube-v1,mbpo,A_generation,124000,61,64024,TS1_mixture,extra.obj_pose_quaternion_norm_mae,0.009019113522129269
mbpo_pushcube_500k_20261007T094728_f9d45348,PushCube-v1,mbpo,A_generation,124000,61,64024,TS1_mixture,extra.obj_pose_quaternion_norm_max_error,0.07457586387344084
mbpo_pushcube_500k_20261007T094728_f9d45348,PushCube-v1,mbpo,A_generation,124000,61,64024,TS1_mixture,extra.obj_pose_quaternion_invalid_fraction_tol_0.01,0.341796875
mbpo_pushcube_500k_20261007T094728_f9d45348,PushCube-v1,mbpo,A_generation,124000,61,64024,TS1_mixture,goal_position_drift_rmse,1.8129728063452445e-07
mbpo_pushcube_500k_20261007T094728_f9d45348,PushCube-v1,mbpo,A_generation,124000,61,64024,TS1_mixture,projected_quaternion_max_norm_error/extra.tcp_pose,5.960464477539063e-08
mbpo_pushcube_500k_20261007T094728_f9d45348,PushCube-v1,mbpo,A_generation,124000,61,64024,TS1_mixture,projected_quaternion_max_norm_error/extra.obj_pose,5.960464477539063e-08
mbpo_pushcube_500k_20261007T094728_f9d45348,PushCube-v1,mbpo,A_generation,126016,62,65097,TS1_mixture,count,2048
mbpo_pushcube_500k_20261007T094728_f9d45348,PushCube-v1,mbpo,A_generation,126016,62,65097,TS1_mixture,all_finite,True
mbpo_pushcube_500k_20261007T094728_f9d45348,PushCube-v1,mbpo,A_generation,126016,62,65097,TS1_mixture,reward_outside_0_1_fraction,0.08251953125
mbpo_pushcube_500k_20261007T094728_f9d45348,PushCube-v1,mbpo,A_generation,126016,62,65097,TS1_mixture,reward_below_zero_fraction,0.06103515625
mbpo_pushcube_500k_20261007T094728_f9d45348,PushCube-v1,mbpo,A_generation,126016,62,65097,TS1_mixture,reward_above_one_fraction,0.021484375
mbpo_pushcube_500k_20261007T094728_f9d45348,PushCube-v1,mbpo,A_generation,126016,62,65097,TS1_mixture,reward_min,-0.5473331212997437
mbpo_pushcube_500k_20261007T094728_f9d45348,PushCube-v1,mbpo,A_generation,126016,62,65097,TS1_mixture,reward_max,1.113138198852539
mbpo_pushcube_500k_20261007T094728_f9d45348,PushCube-v1,mbpo,A_generation,126016,62,65097,TS1_mixture,elite_mean_reward_min,-0.5287371873855591
mbpo_pushcube_500k_20261007T094728_f9d45348,PushCube-v1,mbpo,A_generation,126016,62,65097,TS1_mixture,elite_mean_reward_max,1.0597023963928223
mbpo_pushcube_500k_20261007T094728_f9d45348,PushCube-v1,mbpo,A_generation,126016,62,65097,TS1_mixture,elite_mean_reward_outside_0_1_fraction,0.064208984375
mbpo_pushcube_500k_20261007T094728_f9d45348,PushCube-v1,mbpo,A_generation,126016,62,65097,TS1_mixture,extra.tcp_pose_quaternion_norm_mae,0.0010276523334746379
mbpo_pushcube_500k_20261007T094728_f9d45348,PushCube-v1,mbpo,A_generation,126016,62,65097,TS1_mixture,extra.tcp_pose_quaternion_norm_max_error,0.039726568188774625
mbpo_pushcube_500k_20261007T094728_f9d45348,PushCube-v1,mbpo,A_generation,126016,62,65097,TS1_mixture,extra.tcp_pose_quaternion_invalid_fraction_tol_0.01,0.005859375
mbpo_pushcube_500k_20261007T094728_f9d45348,PushCube-v1,mbpo,A_generation,126016,62,65097,TS1_mixture,extra.obj_pose_quaternion_norm_mae,0.008425787634518886
mbpo_pushcube_500k_20261007T094728_f9d45348,PushCube-v1,mbpo,A_generation,126016,62,65097,TS1_mixture,extra.obj_pose_quaternion_norm_max_error,0.12346865996606149
mbpo_pushcube_500k_20261007T094728_f9d45348,PushCube-v1,mbpo,A_generation,126016,62,65097,TS1_mixture,extra.obj_pose_quaternion_invalid_fraction_tol_0.01,0.31982421875
mbpo_pushcube_500k_20261007T094728_f9d45348,PushCube-v1,mbpo,A_generation,126016,62,65097,TS1_mixture,goal_position_drift_rmse,1.3410712182006642e-07
mbpo_pushcube_500k_20261007T094728_f9d45348,PushCube-v1,mbpo,A_generation,126016,62,65097,TS1_mixture,projected_quaternion_max_norm_error/extra.tcp_pose,5.960464477539063e-08
mbpo_pushcube_500k_20261007T094728_f9d45348,PushCube-v1,mbpo,A_generation,126016,62,65097,TS1_mixture,projected_quaternion_max_norm_error/extra.obj_pose,5.960464477539063e-08
mbpo_pushcube_500k_20261007T094728_f9d45348,PushCube-v1,mbpo,A_generation,128000,63,66154,TS1_mixture,count,2048
mbpo_pushcube_500k_20261007T094728_f9d45348,PushCube-v1,mbpo,A_generation,128000,63,66154,TS1_mixture,all_finite,True
mbpo_pushcube_500k_20261007T094728_f9d45348,PushCube-v1,mbpo,A_generation,128000,63,66154,TS1_mixture,reward_outside_0_1_fraction,0.07958984375
mbpo_pushcube_500k_20261007T094728_f9d45348,PushCube-v1,mbpo,A_generation,128000,63,66154,TS1_mixture,reward_below_zero_fraction,0.06201171875
mbpo_pushcube_500k_20261007T094728_f9d45348,PushCube-v1,mbpo,A_generation,128000,63,66154,TS1_mixture,reward_above_one_fraction,0.017578125
mbpo_pushcube_500k_20261007T094728_f9d45348,PushCube-v1,mbpo,A_generation,128000,63,66154,TS1_mixture,reward_min,-0.6399427056312561
mbpo_pushcube_500k_20261007T094728_f9d45348,PushCube-v1,mbpo,A_generation,128000,63,66154,TS1_mixture,reward_max,1.1222132444381714
mbpo_pushcube_500k_20261007T094728_f9d45348,PushCube-v1,mbpo,A_generation,128000,63,66154,TS1_mixture,elite_mean_reward_min,-0.674659252166748
mbpo_pushcube_500k_20261007T094728_f9d45348,PushCube-v1,mbpo,A_generation,128000,63,66154,TS1_mixture,elite_mean_reward_max,1.0771628618240356
mbpo_pushcube_500k_20261007T094728_f9d45348,PushCube-v1,mbpo,A_generation,128000,63,66154,TS1_mixture,elite_mean_reward_outside_0_1_fraction,0.065185546875
mbpo_pushcube_500k_20261007T094728_f9d45348,PushCube-v1,mbpo,A_generation,128000,63,66154,TS1_mixture,extra.tcp_pose_quaternion_norm_mae,0.001173595807988008
mbpo_pushcube_500k_20261007T094728_f9d45348,PushCube-v1,mbpo,A_generation,128000,63,66154,TS1_mixture,extra.tcp_pose_quaternion_norm_max_error,0.035216609522397024
mbpo_pushcube_500k_20261007T094728_f9d45348,PushCube-v1,mbpo,A_generation,128000,63,66154,TS1_mixture,extra.tcp_pose_quaternion_invalid_fraction_tol_0.01,0.009765625
mbpo_pushcube_500k_20261007T094728_f9d45348,PushCube-v1,mbpo,A_generation,128000,63,66154,TS1_mixture,extra.obj_pose_quaternion_norm_mae,0.009137696819111226
mbpo_pushcube_500k_20261007T094728_f9d45348,PushCube-v1,mbpo,A_generation,128000,63,66154,TS1_mixture,extra.obj_pose_quaternion_norm_max_error,0.17577977677367518
mbpo_pushcube_500k_20261007T094728_f9d45348,PushCube-v1,mbpo,A_generation,128000,63,66154,TS1_mixture,extra.obj_pose_quaternion_invalid_fraction_tol_0.01,0.3603515625
mbpo_pushcube_500k_20261007T094728_f9d45348,PushCube-v1,mbpo,A_generation,128000,63,66154,TS1_mixture,goal_position_drift_rmse,1.6004678647404095e-07
mbpo_pushcube_500k_20261007T094728_f9d45348,PushCube-v1,mbpo,A_generation,128000,63,66154,TS1_mixture,projected_quaternion_max_norm_error/extra.tcp_pose,5.960464477539063e-08
mbpo_pushcube_500k_20261007T094728_f9d45348,PushCube-v1,mbpo,A_generation,128000,63,66154,TS1_mixture,projected_quaternion_max_norm_error/extra.obj_pose,5.960464477539063e-08
mbpo_pushcube_500k_20261007T094728_f9d45348,PushCube-v1,mbpo,A_generation,130016,64,67227,TS1_mixture,count,2048
mbpo_pushcube_500k_20261007T094728_f9d45348,PushCube-v1,mbpo,A_generation,130016,64,67227,TS1_mixture,all_finite,True
mbpo_pushcube_500k_20261007T094728_f9d45348,PushCube-v1,mbpo,A_generation,130016,64,67227,TS1_mixture,reward_outside_0_1_fraction,0.1025390625
mbpo_pushcube_500k_20261007T094728_f9d45348,PushCube-v1,mbpo,A_generation,130016,64,67227,TS1_mixture,reward_below_zero_fraction,0.07470703125
mbpo_pushcube_500k_20261007T094728_f9d45348,PushCube-v1,mbpo,A_generation,130016,64,67227,TS1_mixture,reward_above_one_fraction,0.02783203125
mbpo_pushcube_500k_20261007T094728_f9d45348,PushCube-v1,mbpo,A_generation,130016,64,67227,TS1_mixture,reward_min,-0.6559860706329346
mbpo_pushcube_500k_20261007T094728_f9d45348,PushCube-v1,mbpo,A_generation,130016,64,67227,TS1_mixture,reward_max,1.1705012321472168
mbpo_pushcube_500k_20261007T094728_f9d45348,PushCube-v1,mbpo,A_generation,130016,64,67227,TS1_mixture,elite_mean_reward_min,-0.6220675110816956
mbpo_pushcube_500k_20261007T094728_f9d45348,PushCube-v1,mbpo,A_generation,130016,64,67227,TS1_mixture,elite_mean_reward_max,1.0610677003860474
mbpo_pushcube_500k_20261007T094728_f9d45348,PushCube-v1,mbpo,A_generation,130016,64,67227,TS1_mixture,elite_mean_reward_outside_0_1_fraction,0.073974609375
mbpo_pushcube_500k_20261007T094728_f9d45348,PushCube-v1,mbpo,A_generation,130016,64,67227,TS1_mixture,extra.tcp_pose_quaternion_norm_mae,0.0011177765930172048
mbpo_pushcube_500k_20261007T094728_f9d45348,PushCube-v1,mbpo,A_generation,130016,64,67227,TS1_mixture,extra.tcp_pose_quaternion_norm_max_error,0.06023291933668484
mbpo_pushcube_500k_20261007T094728_f9d45348,PushCube-v1,mbpo,A_generation,130016,64,67227,TS1_mixture,extra.tcp_pose_quaternion_invalid_fraction_tol_0.01,0.01025390625
mbpo_pushcube_500k_20261007T094728_f9d45348,PushCube-v1,mbpo,A_generation,130016,64,67227,TS1_mixture,extra.obj_pose_quaternion_norm_mae,0.009024121664224026
mbpo_pushcube_500k_20261007T094728_f9d45348,PushCube-v1,mbpo,A_generation,130016,64,67227,TS1_mixture,extra.obj_pose_quaternion_norm_max_error,0.09871465808932411
mbpo_pushcube_500k_20261007T094728_f9d45348,PushCube-v1,mbpo,A_generation,130016,64,67227,TS1_mixture,extra.obj_pose_quaternion_invalid_fraction_tol_0.01,0.345703125
mbpo_pushcube_500k_20261007T094728_f9d45348,PushCube-v1,mbpo,A_generation,130016,64,67227,TS1_mixture,goal_position_drift_rmse,1.7630836344386063e-07
mbpo_pushcube_500k_20261007T094728_f9d45348,PushCube-v1,mbpo,A_generation,130016,64,67227,TS1_mixture,projected_quaternion_max_norm_error/extra.tcp_pose,5.960464477539063e-08
mbpo_pushcube_500k_20261007T094728_f9d45348,PushCube-v1,mbpo,A_generation,130016,64,67227,TS1_mixture,projected_quaternion_max_norm_error/extra.obj_pose,5.960464477539063e-08
mbpo_pushcube_500k_20261007T094728_f9d45348,PushCube-v1,mbpo,A_generation,132000,65,68283,TS1_mixture,count,2048
mbpo_pushcube_500k_20261007T094728_f9d45348,PushCube-v1,mbpo,A_generation,132000,65,68283,TS1_mixture,all_finite,True
mbpo_pushcube_500k_20261007T094728_f9d45348,PushCube-v1,mbpo,A_generation,132000,65,68283,TS1_mixture,reward_outside_0_1_fraction,0.09326171875
mbpo_pushcube_500k_20261007T094728_f9d45348,PushCube-v1,mbpo,A_generation,132000,65,68283,TS1_mixture,reward_below_zero_fraction,0.0634765625
mbpo_pushcube_500k_20261007T094728_f9d45348,PushCube-v1,mbpo,A_generation,132000,65,68283,TS1_mixture,reward_above_one_fraction,0.02978515625
mbpo_pushcube_500k_20261007T094728_f9d45348,PushCube-v1,mbpo,A_generation,132000,65,68283,TS1_mixture,reward_min,-0.7509757876396179
mbpo_pushcube_500k_20261007T094728_f9d45348,PushCube-v1,mbpo,A_generation,132000,65,68283,TS1_mixture,reward_max,1.1663931608200073
mbpo_pushcube_500k_20261007T094728_f9d45348,PushCube-v1,mbpo,A_generation,132000,65,68283,TS1_mixture,elite_mean_reward_min,-0.6847451329231262
mbpo_pushcube_500k_20261007T094728_f9d45348,PushCube-v1,mbpo,A_generation,132000,65,68283,TS1_mixture,elite_mean_reward_max,1.1520742177963257
mbpo_pushcube_500k_20261007T094728_f9d45348,PushCube-v1,mbpo,A_generation,132000,65,68283,TS1_mixture,elite_mean_reward_outside_0_1_fraction,0.063720703125
mbpo_pushcube_500k_20261007T094728_f9d45348,PushCube-v1,mbpo,A_generation,132000,65,68283,TS1_mixture,extra.tcp_pose_quaternion_norm_mae,0.001176175811283178
mbpo_pushcube_500k_20261007T094728_f9d45348,PushCube-v1,mbpo,A_generation,132000,65,68283,TS1_mixture,extra.tcp_pose_quaternion_norm_max_error,0.16944726659742448
mbpo_pushcube_500k_20261007T094728_f9d45348,PushCube-v1,mbpo,A_generation,132000,65,68283,TS1_mixture,extra.tcp_pose_quaternion_invalid_fraction_tol_0.01,0.01123046875
mbpo_pushcube_500k_20261007T094728_f9d45348,PushCube-v1,mbpo,A_generation,132000,65,68283,TS1_mixture,extra.obj_pose_quaternion_norm_mae,0.008486987114083775
mbpo_pushcube_500k_20261007T094728_f9d45348,PushCube-v1,mbpo,A_generation,132000,65,68283,TS1_mixture,extra.obj_pose_quaternion_norm_max_error,0.08659189106028053
mbpo_pushcube_500k_20261007T094728_f9d45348,PushCube-v1,mbpo,A_generation,132000,65,68283,TS1_mixture,extra.obj_pose_quaternion_invalid_fraction_tol_0.01,0.31689453125
mbpo_pushcube_500k_20261007T094728_f9d45348,PushCube-v1,mbpo,A_generation,132000,65,68283,TS1_mixture,goal_position_drift_rmse,1.7958568522796825e-07
mbpo_pushcube_500k_20261007T094728_f9d45348,PushCube-v1,mbpo,A_generation,132000,65,68283,TS1_mixture,projected_quaternion_max_norm_error/extra.tcp_pose,5.960464477539063e-08
mbpo_pushcube_500k_20261007T094728_f9d45348,PushCube-v1,mbpo,A_generation,132000,65,68283,TS1_mixture,projected_quaternion_max_norm_error/extra.obj_pose,5.960464477539063e-08
mbpo_pushcube_500k_20261007T094728_f9d45348,PushCube-v1,mbpo,A_generation,134016,66,69356,TS1_mixture,count,2048
mbpo_pushcube_500k_20261007T094728_f9d45348,PushCube-v1,mbpo,A_generation,134016,66,69356,TS1_mixture,all_finite,True
mbpo_pushcube_500k_20261007T094728_f9d45348,PushCube-v1,mbpo,A_generation,134016,66,69356,TS1_mixture,reward_outside_0_1_fraction,0.09375
mbpo_pushcube_500k_20261007T094728_f9d45348,PushCube-v1,mbpo,A_generation,134016,66,69356,TS1_mixture,reward_below_zero_fraction,0.0615234375
mbpo_pushcube_500k_20261007T094728_f9d45348,PushCube-v1,mbpo,A_generation,134016,66,69356,TS1_mixture,reward_above_one_fraction,0.0322265625
mbpo_pushcube_500k_20261007T094728_f9d45348,PushCube-v1,mbpo,A_generation,134016,66,69356,TS1_mixture,reward_min,-0.5534927845001221
mbpo_pushcube_500k_20261007T094728_f9d45348,PushCube-v1,mbpo,A_generation,134016,66,69356,TS1_mixture,reward_max,1.2684036493301392
mbpo_pushcube_500k_20261007T094728_f9d45348,PushCube-v1,mbpo,A_generation,134016,66,69356,TS1_mixture,elite_mean_reward_min,-0.45649755001068115
mbpo_pushcube_500k_20261007T094728_f9d45348,PushCube-v1,mbpo,A_generation,134016,66,69356,TS1_mixture,elite_mean_reward_max,1.1007874011993408
mbpo_pushcube_500k_20261007T094728_f9d45348,PushCube-v1,mbpo,A_generation,134016,66,69356,TS1_mixture,elite_mean_reward_outside_0_1_fraction,0.068603515625
mbpo_pushcube_500k_20261007T094728_f9d45348,PushCube-v1,mbpo,A_generation,134016,66,69356,TS1_mixture,extra.tcp_pose_quaternion_norm_mae,0.0010839037967093734
mbpo_pushcube_500k_20261007T094728_f9d45348,PushCube-v1,mbpo,A_generation,134016,66,69356,TS1_mixture,extra.tcp_pose_quaternion_norm_max_error,0.0609598809425933
mbpo_pushcube_500k_20261007T094728_f9d45348,PushCube-v1,mbpo,A_generation,134016,66,69356,TS1_mixture,extra.tcp_pose_quaternion_invalid_fraction_tol_0.01,0.0078125
mbpo_pushcube_500k_20261007T094728_f9d45348,PushCube-v1,mbpo,A_generation,134016,66,69356,TS1_mixture,extra.obj_pose_quaternion_norm_mae,0.00838870280315063
mbpo_pushcube_500k_20261007T094728_f9d45348,PushCube-v1,mbpo,A_generation,134016,66,69356,TS1_mixture,extra.obj_pose_quaternion_norm_max_error,0.09179510416420777
mbpo_pushcube_500k_20261007T094728_f9d45348,PushCube-v1,mbpo,A_generation,134016,66,69356,TS1_mixture,extra.obj_pose_quaternion_invalid_fraction_tol_0.01,0.32080078125
mbpo_pushcube_500k_20261007T094728_f9d45348,PushCube-v1,mbpo,A_generation,134016,66,69356,TS1_mixture,goal_position_drift_rmse,1.395178849884613e-07
mbpo_pushcube_500k_20261007T094728_f9d45348,PushCube-v1,mbpo,A_generation,134016,66,69356,TS1_mixture,projected_quaternion_max_norm_error/extra.tcp_pose,5.960464477539063e-08
mbpo_pushcube_500k_20261007T094728_f9d45348,PushCube-v1,mbpo,A_generation,134016,66,69356,TS1_mixture,projected_quaternion_max_norm_error/extra.obj_pose,5.960464477539063e-08
mbpo_pushcube_500k_20261007T094728_f9d45348,PushCube-v1,mbpo,A_generation,136000,67,70413,TS1_mixture,count,2048
mbpo_pushcube_500k_20261007T094728_f9d45348,PushCube-v1,mbpo,A_generation,136000,67,70413,TS1_mixture,all_finite,True
mbpo_pushcube_500k_20261007T094728_f9d45348,PushCube-v1,mbpo,A_generation,136000,67,70413,TS1_mixture,reward_outside_0_1_fraction,0.08544921875
mbpo_pushcube_500k_20261007T094728_f9d45348,PushCube-v1,mbpo,A_generation,136000,67,70413,TS1_mixture,reward_below_zero_fraction,0.05615234375
mbpo_pushcube_500k_20261007T094728_f9d45348,PushCube-v1,mbpo,A_generation,136000,67,70413,TS1_mixture,reward_above_one_fraction,0.029296875
mbpo_pushcube_500k_20261007T094728_f9d45348,PushCube-v1,mbpo,A_generation,136000,67,70413,TS1_mixture,reward_min,-0.5821607112884521
mbpo_pushcube_500k_20261007T094728_f9d45348,PushCube-v1,mbpo,A_generation,136000,67,70413,TS1_mixture,reward_max,1.2065883874893188
mbpo_pushcube_500k_20261007T094728_f9d45348,PushCube-v1,mbpo,A_generation,136000,67,70413,TS1_mixture,elite_mean_reward_min,-0.48260605335235596
mbpo_pushcube_500k_20261007T094728_f9d45348,PushCube-v1,mbpo,A_generation,136000,67,70413,TS1_mixture,elite_mean_reward_max,1.093477725982666
mbpo_pushcube_500k_20261007T094728_f9d45348,PushCube-v1,mbpo,A_generation,136000,67,70413,TS1_mixture,elite_mean_reward_outside_0_1_fraction,0.0634765625
mbpo_pushcube_500k_20261007T094728_f9d45348,PushCube-v1,mbpo,A_generation,136000,67,70413,TS1_mixture,extra.tcp_pose_quaternion_norm_mae,0.000999919397038996
mbpo_pushcube_500k_20261007T094728_f9d45348,PushCube-v1,mbpo,A_generation,136000,67,70413,TS1_mixture,extra.tcp_pose_quaternion_norm_max_error,0.02910399214102477
mbpo_pushcube_500k_20261007T094728_f9d45348,PushCube-v1,mbpo,A_generation,136000,67,70413,TS1_mixture,extra.tcp_pose_quaternion_invalid_fraction_tol_0.01,0.0068359375
mbpo_pushcube_500k_20261007T094728_f9d45348,PushCube-v1,mbpo,A_generation,136000,67,70413,TS1_mixture,extra.obj_pose_quaternion_norm_mae,0.00887659289978796
mbpo_pushcube_500k_20261007T094728_f9d45348,PushCube-v1,mbpo,A_generation,136000,67,70413,TS1_mixture,extra.obj_pose_quaternion_norm_max_error,0.07190097524736916
mbpo_pushcube_500k_20261007T094728_f9d45348,PushCube-v1,mbpo,A_generation,136000,67,70413,TS1_mixture,extra.obj_pose_quaternion_invalid_fraction_tol_0.01,0.33447265625
mbpo_pushcube_500k_20261007T094728_f9d45348,PushCube-v1,mbpo,A_generation,136000,67,70413,TS1_mixture,goal_position_drift_rmse,1.8342545414248364e-07
mbpo_pushcube_500k_20261007T094728_f9d45348,PushCube-v1,mbpo,A_generation,136000,67,70413,TS1_mixture,projected_quaternion_max_norm_error/extra.tcp_pose,5.960464477539063e-08
mbpo_pushcube_500k_20261007T094728_f9d45348,PushCube-v1,mbpo,A_generation,136000,67,70413,TS1_mixture,projected_quaternion_max_norm_error/extra.obj_pose,5.960464477539063e-08
mbpo_pushcube_500k_20261007T094728_f9d45348,PushCube-v1,mbpo,A_generation,138016,68,71486,TS1_mixture,count,2048
mbpo_pushcube_500k_20261007T094728_f9d45348,PushCube-v1,mbpo,A_generation,138016,68,71486,TS1_mixture,all_finite,True
mbpo_pushcube_500k_20261007T094728_f9d45348,PushCube-v1,mbpo,A_generation,138016,68,71486,TS1_mixture,reward_outside_0_1_fraction,0.107421875
mbpo_pushcube_500k_20261007T094728_f9d45348,PushCube-v1,mbpo,A_generation,138016,68,71486,TS1_mixture,reward_below_zero_fraction,0.06689453125
mbpo_pushcube_500k_20261007T094728_f9d45348,PushCube-v1,mbpo,A_generation,138016,68,71486,TS1_mixture,reward_above_one_fraction,0.04052734375
mbpo_pushcube_500k_20261007T094728_f9d45348,PushCube-v1,mbpo,A_generation,138016,68,71486,TS1_mixture,reward_min,-1.2309998273849487
mbpo_pushcube_500k_20261007T094728_f9d45348,PushCube-v1,mbpo,A_generation,138016,68,71486,TS1_mixture,reward_max,1.189435601234436
mbpo_pushcube_500k_20261007T094728_f9d45348,PushCube-v1,mbpo,A_generation,138016,68,71486,TS1_mixture,elite_mean_reward_min,-1.2905678749084473
mbpo_pushcube_500k_20261007T094728_f9d45348,PushCube-v1,mbpo,A_generation,138016,68,71486,TS1_mixture,elite_mean_reward_max,1.0857653617858887
mbpo_pushcube_500k_20261007T094728_f9d45348,PushCube-v1,mbpo,A_generation,138016,68,71486,TS1_mixture,elite_mean_reward_outside_0_1_fraction,0.071044921875
mbpo_pushcube_500k_20261007T094728_f9d45348,PushCube-v1,mbpo,A_generation,138016,68,71486,TS1_mixture,extra.tcp_pose_quaternion_norm_mae,0.0010347452368118914
mbpo_pushcube_500k_20261007T094728_f9d45348,PushCube-v1,mbpo,A_generation,138016,68,71486,TS1_mixture,extra.tcp_pose_quaternion_norm_max_error,0.044166511320334
mbpo_pushcube_500k_20261007T094728_f9d45348,PushCube-v1,mbpo,A_generation,138016,68,71486,TS1_mixture,extra.tcp_pose_quaternion_invalid_fraction_tol_0.01,0.009765625
mbpo_pushcube_500k_20261007T094728_f9d45348,PushCube-v1,mbpo,A_generation,138016,68,71486,TS1_mixture,extra.obj_pose_quaternion_norm_mae,0.008712123780827457
mbpo_pushcube_500k_20261007T094728_f9d45348,PushCube-v1,mbpo,A_generation,138016,68,71486,TS1_mixture,extra.obj_pose_quaternion_norm_max_error,0.06694484715852878
mbpo_pushcube_500k_20261007T094728_f9d45348,PushCube-v1,mbpo,A_generation,138016,68,71486,TS1_mixture,extra.obj_pose_quaternion_invalid_fraction_tol_0.01,0.32763671875
mbpo_pushcube_500k_20261007T094728_f9d45348,PushCube-v1,mbpo,A_generation,138016,68,71486,TS1_mixture,goal_position_drift_rmse,1.8548345584706456e-07
mbpo_pushcube_500k_20261007T094728_f9d45348,PushCube-v1,mbpo,A_generation,138016,68,71486,TS1_mixture,projected_quaternion_max_norm_error/extra.tcp_pose,5.960464477539063e-08
mbpo_pushcube_500k_20261007T094728_f9d45348,PushCube-v1,mbpo,A_generation,138016,68,71486,TS1_mixture,projected_quaternion_max_norm_error/extra.obj_pose,5.960464477539063e-08
mbpo_pushcube_500k_20261007T094728_f9d45348,PushCube-v1,mbpo,A_generation,140000,69,72542,TS1_mixture,count,2048
mbpo_pushcube_500k_20261007T094728_f9d45348,PushCube-v1,mbpo,A_generation,140000,69,72542,TS1_mixture,all_finite,True
mbpo_pushcube_500k_20261007T094728_f9d45348,PushCube-v1,mbpo,A_generation,140000,69,72542,TS1_mixture,reward_outside_0_1_fraction,0.0859375
mbpo_pushcube_500k_20261007T094728_f9d45348,PushCube-v1,mbpo,A_generation,140000,69,72542,TS1_mixture,reward_below_zero_fraction,0.0556640625
mbpo_pushcube_500k_20261007T094728_f9d45348,PushCube-v1,mbpo,A_generation,140000,69,72542,TS1_mixture,reward_above_one_fraction,0.0302734375
mbpo_pushcube_500k_20261007T094728_f9d45348,PushCube-v1,mbpo,A_generation,140000,69,72542,TS1_mixture,reward_min,-0.705997109413147
mbpo_pushcube_500k_20261007T094728_f9d45348,PushCube-v1,mbpo,A_generation,140000,69,72542,TS1_mixture,reward_max,1.1943856477737427
mbpo_pushcube_500k_20261007T094728_f9d45348,PushCube-v1,mbpo,A_generation,140000,69,72542,TS1_mixture,elite_mean_reward_min,-0.7234192490577698
mbpo_pushcube_500k_20261007T094728_f9d45348,PushCube-v1,mbpo,A_generation,140000,69,72542,TS1_mixture,elite_mean_reward_max,1.0926605463027954
mbpo_pushcube_500k_20261007T094728_f9d45348,PushCube-v1,mbpo,A_generation,140000,69,72542,TS1_mixture,elite_mean_reward_outside_0_1_fraction,0.05810546875
mbpo_pushcube_500k_20261007T094728_f9d45348,PushCube-v1,mbpo,A_generation,140000,69,72542,TS1_mixture,extra.tcp_pose_quaternion_norm_mae,0.0011402618557357059
mbpo_pushcube_500k_20261007T094728_f9d45348,PushCube-v1,mbpo,A_generation,140000,69,72542,TS1_mixture,extra.tcp_pose_quaternion_norm_max_error,0.052051593071729574
mbpo_pushcube_500k_20261007T094728_f9d45348,PushCube-v1,mbpo,A_generation,140000,69,72542,TS1_mixture,extra.tcp_pose_quaternion_invalid_fraction_tol_0.01,0.01416015625
mbpo_pushcube_500k_20261007T094728_f9d45348,PushCube-v1,mbpo,A_generation,140000,69,72542,TS1_mixture,extra.obj_pose_quaternion_norm_mae,0.009010407598994867
mbpo_pushcube_500k_20261007T094728_f9d45348,PushCube-v1,mbpo,A_generation,140000,69,72542,TS1_mixture,extra.obj_pose_quaternion_norm_max_error,0.07104381618492561
mbpo_pushcube_500k_20261007T094728_f9d45348,PushCube-v1,mbpo,A_generation,140000,69,72542,TS1_mixture,extra.obj_pose_quaternion_invalid_fraction_tol_0.01,0.34619140625
mbpo_pushcube_500k_20261007T094728_f9d45348,PushCube-v1,mbpo,A_generation,140000,69,72542,TS1_mixture,goal_position_drift_rmse,1.815166099703436e-07
mbpo_pushcube_500k_20261007T094728_f9d45348,PushCube-v1,mbpo,A_generation,140000,69,72542,TS1_mixture,projected_quaternion_max_norm_error/extra.tcp_pose,5.960464477539063e-08
mbpo_pushcube_500k_20261007T094728_f9d45348,PushCube-v1,mbpo,A_generation,140000,69,72542,TS1_mixture,projected_quaternion_max_norm_error/extra.obj_pose,5.960464477539063e-08
mbpo_pushcube_500k_20261007T094728_f9d45348,PushCube-v1,mbpo,A_generation,142016,70,73615,TS1_mixture,count,2048
mbpo_pushcube_500k_20261007T094728_f9d45348,PushCube-v1,mbpo,A_generation,142016,70,73615,TS1_mixture,all_finite,True
mbpo_pushcube_500k_20261007T094728_f9d45348,PushCube-v1,mbpo,A_generation,142016,70,73615,TS1_mixture,reward_outside_0_1_fraction,0.11181640625
mbpo_pushcube_500k_20261007T094728_f9d45348,PushCube-v1,mbpo,A_generation,142016,70,73615,TS1_mixture,reward_below_zero_fraction,0.0673828125
mbpo_pushcube_500k_20261007T094728_f9d45348,PushCube-v1,mbpo,A_generation,142016,70,73615,TS1_mixture,reward_above_one_fraction,0.04443359375
mbpo_pushcube_500k_20261007T094728_f9d45348,PushCube-v1,mbpo,A_generation,142016,70,73615,TS1_mixture,reward_min,-0.4532996118068695
mbpo_pushcube_500k_20261007T094728_f9d45348,PushCube-v1,mbpo,A_generation,142016,70,73615,TS1_mixture,reward_max,1.144202709197998
mbpo_pushcube_500k_20261007T094728_f9d45348,PushCube-v1,mbpo,A_generation,142016,70,73615,TS1_mixture,elite_mean_reward_min,-0.5532466173171997
mbpo_pushcube_500k_20261007T094728_f9d45348,PushCube-v1,mbpo,A_generation,142016,70,73615,TS1_mixture,elite_mean_reward_max,1.146033525466919
mbpo_pushcube_500k_20261007T094728_f9d45348,PushCube-v1,mbpo,A_generation,142016,70,73615,TS1_mixture,elite_mean_reward_outside_0_1_fraction,0.0693359375
mbpo_pushcube_500k_20261007T094728_f9d45348,PushCube-v1,mbpo,A_generation,142016,70,73615,TS1_mixture,extra.tcp_pose_quaternion_norm_mae,0.0009868707834674673
mbpo_pushcube_500k_20261007T094728_f9d45348,PushCube-v1,mbpo,A_generation,142016,70,73615,TS1_mixture,extra.tcp_pose_quaternion_norm_max_error,0.024682832051248438
mbpo_pushcube_500k_20261007T094728_f9d45348,PushCube-v1,mbpo,A_generation,142016,70,73615,TS1_mixture,extra.tcp_pose_quaternion_invalid_fraction_tol_0.01,0.005859375
mbpo_pushcube_500k_20261007T094728_f9d45348,PushCube-v1,mbpo,A_generation,142016,70,73615,TS1_mixture,extra.obj_pose_quaternion_norm_mae,0.008180318524226245
mbpo_pushcube_500k_20261007T094728_f9d45348,PushCube-v1,mbpo,A_generation,142016,70,73615,TS1_mixture,extra.obj_pose_quaternion_norm_max_error,0.056135611243225636
mbpo_pushcube_500k_20261007T094728_f9d45348,PushCube-v1,mbpo,A_generation,142016,70,73615,TS1_mixture,extra.obj_pose_quaternion_invalid_fraction_tol_0.01,0.30810546875
mbpo_pushcube_500k_20261007T094728_f9d45348,PushCube-v1,mbpo,A_generation,142016,70,73615,TS1_mixture,goal_position_drift_rmse,1.7664781534017216e-07
mbpo_pushcube_500k_20261007T094728_f9d45348,PushCube-v1,mbpo,A_generation,142016,70,73615,TS1_mixture,projected_quaternion_max_norm_error/extra.tcp_pose,5.960464477539063e-08
mbpo_pushcube_500k_20261007T094728_f9d45348,PushCube-v1,mbpo,A_generation,142016,70,73615,TS1_mixture,projected_quaternion_max_norm_error/extra.obj_pose,5.960464477539063e-08
mbpo_pushcube_500k_20261007T094728_f9d45348,PushCube-v1,mbpo,A_generation,144000,71,74672,TS1_mixture,count,2048
mbpo_pushcube_500k_20261007T094728_f9d45348,PushCube-v1,mbpo,A_generation,144000,71,74672,TS1_mixture,all_finite,True
mbpo_pushcube_500k_20261007T094728_f9d45348,PushCube-v1,mbpo,A_generation,144000,71,74672,TS1_mixture,reward_outside_0_1_fraction,0.080078125
mbpo_pushcube_500k_20261007T094728_f9d45348,PushCube-v1,mbpo,A_generation,144000,71,74672,TS1_mixture,reward_below_zero_fraction,0.05029296875
mbpo_pushcube_500k_20261007T094728_f9d45348,PushCube-v1,mbpo,A_generation,144000,71,74672,TS1_mixture,reward_above_one_fraction,0.02978515625
mbpo_pushcube_500k_20261007T094728_f9d45348,PushCube-v1,mbpo,A_generation,144000,71,74672,TS1_mixture,reward_min,-0.483154296875
mbpo_pushcube_500k_20261007T094728_f9d45348,PushCube-v1,mbpo,A_generation,144000,71,74672,TS1_mixture,reward_max,1.208614468574524
mbpo_pushcube_500k_20261007T094728_f9d45348,PushCube-v1,mbpo,A_generation,144000,71,74672,TS1_mixture,elite_mean_reward_min,-0.49323171377182007
mbpo_pushcube_500k_20261007T094728_f9d45348,PushCube-v1,mbpo,A_generation,144000,71,74672,TS1_mixture,elite_mean_reward_max,1.1382611989974976
mbpo_pushcube_500k_20261007T094728_f9d45348,PushCube-v1,mbpo,A_generation,144000,71,74672,TS1_mixture,elite_mean_reward_outside_0_1_fraction,0.056884765625
mbpo_pushcube_500k_20261007T094728_f9d45348,PushCube-v1,mbpo,A_generation,144000,71,74672,TS1_mixture,extra.tcp_pose_quaternion_norm_mae,0.0011107342012716538
mbpo_pushcube_500k_20261007T094728_f9d45348,PushCube-v1,mbpo,A_generation,144000,71,74672,TS1_mixture,extra.tcp_pose_quaternion_norm_max_error,0.06637372646560502
mbpo_pushcube_500k_20261007T094728_f9d45348,PushCube-v1,mbpo,A_generation,144000,71,74672,TS1_mixture,extra.tcp_pose_quaternion_invalid_fraction_tol_0.01,0.0107421875
mbpo_pushcube_500k_20261007T094728_f9d45348,PushCube-v1,mbpo,A_generation,144000,71,74672,TS1_mixture,extra.obj_pose_quaternion_norm_mae,0.00863876725377416
mbpo_pushcube_500k_20261007T094728_f9d45348,PushCube-v1,mbpo,A_generation,144000,71,74672,TS1_mixture,extra.obj_pose_quaternion_norm_max_error,0.1058494901043775
mbpo_pushcube_500k_20261007T094728_f9d45348,PushCube-v1,mbpo,A_generation,144000,71,74672,TS1_mixture,extra.obj_pose_quaternion_invalid_fraction_tol_0.01,0.3271484375
mbpo_pushcube_500k_20261007T094728_f9d45348,PushCube-v1,mbpo,A_generation,144000,71,74672,TS1_mixture,goal_position_drift_rmse,1.643390567345238e-07
mbpo_pushcube_500k_20261007T094728_f9d45348,PushCube-v1,mbpo,A_generation,144000,71,74672,TS1_mixture,projected_quaternion_max_norm_error/extra.tcp_pose,5.960464477539063e-08
mbpo_pushcube_500k_20261007T094728_f9d45348,PushCube-v1,mbpo,A_generation,144000,71,74672,TS1_mixture,projected_quaternion_max_norm_error/extra.obj_pose,5.960464477539063e-08
mbpo_pushcube_500k_20261007T094728_f9d45348,PushCube-v1,mbpo,A_generation,146016,72,75745,TS1_mixture,count,2048
mbpo_pushcube_500k_20261007T094728_f9d45348,PushCube-v1,mbpo,A_generation,146016,72,75745,TS1_mixture,all_finite,True
mbpo_pushcube_500k_20261007T094728_f9d45348,PushCube-v1,mbpo,A_generation,146016,72,75745,TS1_mixture,reward_outside_0_1_fraction,0.087890625
mbpo_pushcube_500k_20261007T094728_f9d45348,PushCube-v1,mbpo,A_generation,146016,72,75745,TS1_mixture,reward_below_zero_fraction,0.0498046875
mbpo_pushcube_500k_20261007T094728_f9d45348,PushCube-v1,mbpo,A_generation,146016,72,75745,TS1_mixture,reward_above_one_fraction,0.0380859375
mbpo_pushcube_500k_20261007T094728_f9d45348,PushCube-v1,mbpo,A_generation,146016,72,75745,TS1_mixture,reward_min,-0.41368862986564636
mbpo_pushcube_500k_20261007T094728_f9d45348,PushCube-v1,mbpo,A_generation,146016,72,75745,TS1_mixture,reward_max,1.17612886428833
mbpo_pushcube_500k_20261007T094728_f9d45348,PushCube-v1,mbpo,A_generation,146016,72,75745,TS1_mixture,elite_mean_reward_min,-0.4141049385070801
mbpo_pushcube_500k_20261007T094728_f9d45348,PushCube-v1,mbpo,A_generation,146016,72,75745,TS1_mixture,elite_mean_reward_max,1.344771385192871
mbpo_pushcube_500k_20261007T094728_f9d45348,PushCube-v1,mbpo,A_generation,146016,72,75745,TS1_mixture,elite_mean_reward_outside_0_1_fraction,0.060546875
mbpo_pushcube_500k_20261007T094728_f9d45348,PushCube-v1,mbpo,A_generation,146016,72,75745,TS1_mixture,extra.tcp_pose_quaternion_norm_mae,0.0010800890777624183
mbpo_pushcube_500k_20261007T094728_f9d45348,PushCube-v1,mbpo,A_generation,146016,72,75745,TS1_mixture,extra.tcp_pose_quaternion_norm_max_error,0.07491533456414534
mbpo_pushcube_500k_20261007T094728_f9d45348,PushCube-v1,mbpo,A_generation,146016,72,75745,TS1_mixture,extra.tcp_pose_quaternion_invalid_fraction_tol_0.01,0.01171875
mbpo_pushcube_500k_20261007T094728_f9d45348,PushCube-v1,mbpo,A_generation,146016,72,75745,TS1_mixture,extra.obj_pose_quaternion_norm_mae,0.00879266567946694
mbpo_pushcube_500k_20261007T094728_f9d45348,PushCube-v1,mbpo,A_generation,146016,72,75745,TS1_mixture,extra.obj_pose_quaternion_norm_max_error,0.09086125187978789
mbpo_pushcube_500k_20261007T094728_f9d45348,PushCube-v1,mbpo,A_generation,146016,72,75745,TS1_mixture,extra.obj_pose_quaternion_invalid_fraction_tol_0.01,0.32373046875
mbpo_pushcube_500k_20261007T094728_f9d45348,PushCube-v1,mbpo,A_generation,146016,72,75745,TS1_mixture,goal_position_drift_rmse,1.634927746266265e-07
mbpo_pushcube_500k_20261007T094728_f9d45348,PushCube-v1,mbpo,A_generation,146016,72,75745,TS1_mixture,projected_quaternion_max_norm_error/extra.tcp_pose,5.960464477539063e-08
mbpo_pushcube_500k_20261007T094728_f9d45348,PushCube-v1,mbpo,A_generation,146016,72,75745,TS1_mixture,projected_quaternion_max_norm_error/extra.obj_pose,5.960464477539063e-08
mbpo_pushcube_500k_20261007T094728_f9d45348,PushCube-v1,mbpo,A_generation,148000,73,76801,TS1_mixture,count,2048
mbpo_pushcube_500k_20261007T094728_f9d45348,PushCube-v1,mbpo,A_generation,148000,73,76801,TS1_mixture,all_finite,True
mbpo_pushcube_500k_20261007T094728_f9d45348,PushCube-v1,mbpo,A_generation,148000,73,76801,TS1_mixture,reward_outside_0_1_fraction,0.0859375
mbpo_pushcube_500k_20261007T094728_f9d45348,PushCube-v1,mbpo,A_generation,148000,73,76801,TS1_mixture,reward_below_zero_fraction,0.04931640625
mbpo_pushcube_500k_20261007T094728_f9d45348,PushCube-v1,mbpo,A_generation,148000,73,76801,TS1_mixture,reward_above_one_fraction,0.03662109375
mbpo_pushcube_500k_20261007T094728_f9d45348,PushCube-v1,mbpo,A_generation,148000,73,76801,TS1_mixture,reward_min,-0.4253087341785431
mbpo_pushcube_500k_20261007T094728_f9d45348,PushCube-v1,mbpo,A_generation,148000,73,76801,TS1_mixture,reward_max,1.157526969909668
mbpo_pushcube_500k_20261007T094728_f9d45348,PushCube-v1,mbpo,A_generation,148000,73,76801,TS1_mixture,elite_mean_reward_min,-0.43460163474082947
mbpo_pushcube_500k_20261007T094728_f9d45348,PushCube-v1,mbpo,A_generation,148000,73,76801,TS1_mixture,elite_mean_reward_max,1.154779314994812
mbpo_pushcube_500k_20261007T094728_f9d45348,PushCube-v1,mbpo,A_generation,148000,73,76801,TS1_mixture,elite_mean_reward_outside_0_1_fraction,0.05908203125
mbpo_pushcube_500k_20261007T094728_f9d45348,PushCube-v1,mbpo,A_generation,148000,73,76801,TS1_mixture,extra.tcp_pose_quaternion_norm_mae,0.0010235346789593117
mbpo_pushcube_500k_20261007T094728_f9d45348,PushCube-v1,mbpo,A_generation,148000,73,76801,TS1_mixture,extra.tcp_pose_quaternion_norm_max_error,0.032574695150013655
mbpo_pushcube_500k_20261007T094728_f9d45348,PushCube-v1,mbpo,A_generation,148000,73,76801,TS1_mixture,extra.tcp_pose_quaternion_invalid_fraction_tol_0.01,0.009765625
mbpo_pushcube_500k_20261007T094728_f9d45348,PushCube-v1,mbpo,A_generation,148000,73,76801,TS1_mixture,extra.obj_pose_quaternion_norm_mae,0.008686850446991032
mbpo_pushcube_500k_20261007T094728_f9d45348,PushCube-v1,mbpo,A_generation,148000,73,76801,TS1_mixture,extra.obj_pose_quaternion_norm_max_error,0.057171478566435674
mbpo_pushcube_500k_20261007T094728_f9d45348,PushCube-v1,mbpo,A_generation,148000,73,76801,TS1_mixture,extra.obj_pose_quaternion_invalid_fraction_tol_0.01,0.337890625
mbpo_pushcube_500k_20261007T094728_f9d45348,PushCube-v1,mbpo,A_generation,148000,73,76801,TS1_mixture,goal_position_drift_rmse,1.8089217554575786e-07
mbpo_pushcube_500k_20261007T094728_f9d45348,PushCube-v1,mbpo,A_generation,148000,73,76801,TS1_mixture,projected_quaternion_max_norm_error/extra.tcp_pose,5.960464477539063e-08
mbpo_pushcube_500k_20261007T094728_f9d45348,PushCube-v1,mbpo,A_generation,148000,73,76801,TS1_mixture,projected_quaternion_max_norm_error/extra.obj_pose,5.960464477539063e-08
mbpo_pushcube_500k_20261007T094728_f9d45348,PushCube-v1,mbpo,A_generation,150016,74,77874,TS1_mixture,count,2048
mbpo_pushcube_500k_20261007T094728_f9d45348,PushCube-v1,mbpo,A_generation,150016,74,77874,TS1_mixture,all_finite,True
mbpo_pushcube_500k_20261007T094728_f9d45348,PushCube-v1,mbpo,A_generation,150016,74,77874,TS1_mixture,reward_outside_0_1_fraction,0.0947265625
mbpo_pushcube_500k_20261007T094728_f9d45348,PushCube-v1,mbpo,A_generation,150016,74,77874,TS1_mixture,reward_below_zero_fraction,0.04638671875
mbpo_pushcube_500k_20261007T094728_f9d45348,PushCube-v1,mbpo,A_generation,150016,74,77874,TS1_mixture,reward_above_one_fraction,0.04833984375
mbpo_pushcube_500k_20261007T094728_f9d45348,PushCube-v1,mbpo,A_generation,150016,74,77874,TS1_mixture,reward_min,-0.42193424701690674
mbpo_pushcube_500k_20261007T094728_f9d45348,PushCube-v1,mbpo,A_generation,150016,74,77874,TS1_mixture,reward_max,1.1669484376907349
mbpo_pushcube_500k_20261007T094728_f9d45348,PushCube-v1,mbpo,A_generation,150016,74,77874,TS1_mixture,elite_mean_reward_min,-0.47574448585510254
mbpo_pushcube_500k_20261007T094728_f9d45348,PushCube-v1,mbpo,A_generation,150016,74,77874,TS1_mixture,elite_mean_reward_max,1.0845763683319092
mbpo_pushcube_500k_20261007T094728_f9d45348,PushCube-v1,mbpo,A_generation,150016,74,77874,TS1_mixture,elite_mean_reward_outside_0_1_fraction,0.060791015625
mbpo_pushcube_500k_20261007T094728_f9d45348,PushCube-v1,mbpo,A_generation,150016,74,77874,TS1_mixture,extra.tcp_pose_quaternion_norm_mae,0.0009385089475350201
mbpo_pushcube_500k_20261007T094728_f9d45348,PushCube-v1,mbpo,A_generation,150016,74,77874,TS1_mixture,extra.tcp_pose_quaternion_norm_max_error,0.03999632180761781
mbpo_pushcube_500k_20261007T094728_f9d45348,PushCube-v1,mbpo,A_generation,150016,74,77874,TS1_mixture,extra.tcp_pose_quaternion_invalid_fraction_tol_0.01,0.00341796875
mbpo_pushcube_500k_20261007T094728_f9d45348,PushCube-v1,mbpo,A_generation,150016,74,77874,TS1_mixture,extra.obj_pose_quaternion_norm_mae,0.008564687497521069
mbpo_pushcube_500k_20261007T094728_f9d45348,PushCube-v1,mbpo,A_generation,150016,74,77874,TS1_mixture,extra.obj_pose_quaternion_norm_max_error,0.05443925719302112
mbpo_pushcube_500k_20261007T094728_f9d45348,PushCube-v1,mbpo,A_generation,150016,74,77874,TS1_mixture,extra.obj_pose_quaternion_invalid_fraction_tol_0.01,0.3310546875
mbpo_pushcube_500k_20261007T094728_f9d45348,PushCube-v1,mbpo,A_generation,150016,74,77874,TS1_mixture,goal_position_drift_rmse,1.4478439619996364e-07
mbpo_pushcube_500k_20261007T094728_f9d45348,PushCube-v1,mbpo,A_generation,150016,74,77874,TS1_mixture,projected_quaternion_max_norm_error/extra.tcp_pose,5.960464477539063e-08
mbpo_pushcube_500k_20261007T094728_f9d45348,PushCube-v1,mbpo,A_generation,150016,74,77874,TS1_mixture,projected_quaternion_max_norm_error/extra.obj_pose,5.960464477539063e-08
mbpo_pushcube_500k_20261007T094728_f9d45348,PushCube-v1,mbpo,A_generation,152000,75,78937,TS1_mixture,count,2048
mbpo_pushcube_500k_20261007T094728_f9d45348,PushCube-v1,mbpo,A_generation,152000,75,78937,TS1_mixture,all_finite,True
mbpo_pushcube_500k_20261007T094728_f9d45348,PushCube-v1,mbpo,A_generation,152000,75,78937,TS1_mixture,reward_outside_0_1_fraction,0.10693359375
mbpo_pushcube_500k_20261007T094728_f9d45348,PushCube-v1,mbpo,A_generation,152000,75,78937,TS1_mixture,reward_below_zero_fraction,0.0625
mbpo_pushcube_500k_20261007T094728_f9d45348,PushCube-v1,mbpo,A_generation,152000,75,78937,TS1_mixture,reward_above_one_fraction,0.04443359375
mbpo_pushcube_500k_20261007T094728_f9d45348,PushCube-v1,mbpo,A_generation,152000,75,78937,TS1_mixture,reward_min,-0.6483912467956543
mbpo_pushcube_500k_20261007T094728_f9d45348,PushCube-v1,mbpo,A_generation,152000,75,78937,TS1_mixture,reward_max,1.176123857498169
mbpo_pushcube_500k_20261007T094728_f9d45348,PushCube-v1,mbpo,A_generation,152000,75,78937,TS1_mixture,elite_mean_reward_min,-0.729958713054657
mbpo_pushcube_500k_20261007T094728_f9d45348,PushCube-v1,mbpo,A_generation,152000,75,78937,TS1_mixture,elite_mean_reward_max,1.0769429206848145
mbpo_pushcube_500k_20261007T094728_f9d45348,PushCube-v1,mbpo,A_generation,152000,75,78937,TS1_mixture,elite_mean_reward_outside_0_1_fraction,0.0703125
mbpo_pushcube_500k_20261007T094728_f9d45348,PushCube-v1,mbpo,A_generation,152000,75,78937,TS1_mixture,extra.tcp_pose_quaternion_norm_mae,0.000982275869167914
mbpo_pushcube_500k_20261007T094728_f9d45348,PushCube-v1,mbpo,A_generation,152000,75,78937,TS1_mixture,extra.tcp_pose_quaternion_norm_max_error,0.05230872546484977
mbpo_pushcube_500k_20261007T094728_f9d45348,PushCube-v1,mbpo,A_generation,152000,75,78937,TS1_mixture,extra.tcp_pose_quaternion_invalid_fraction_tol_0.01,0.0087890625
mbpo_pushcube_500k_20261007T094728_f9d45348,PushCube-v1,mbpo,A_generation,152000,75,78937,TS1_mixture,extra.obj_pose_quaternion_norm_mae,0.008487600271317015
mbpo_pushcube_500k_20261007T094728_f9d45348,PushCube-v1,mbpo,A_generation,152000,75,78937,TS1_mixture,extra.obj_pose_quaternion_norm_max_error,0.13980736022664564
mbpo_pushcube_500k_20261007T094728_f9d45348,PushCube-v1,mbpo,A_generation,152000,75,78937,TS1_mixture,extra.obj_pose_quaternion_invalid_fraction_tol_0.01,0.33154296875
mbpo_pushcube_500k_20261007T094728_f9d45348,PushCube-v1,mbpo,A_generation,152000,75,78937,TS1_mixture,goal_position_drift_rmse,1.871770612973061e-07
mbpo_pushcube_500k_20261007T094728_f9d45348,PushCube-v1,mbpo,A_generation,152000,75,78937,TS1_mixture,projected_quaternion_max_norm_error/extra.tcp_pose,5.960464477539063e-08
mbpo_pushcube_500k_20261007T094728_f9d45348,PushCube-v1,mbpo,A_generation,152000,75,78937,TS1_mixture,projected_quaternion_max_norm_error/extra.obj_pose,5.960464477539063e-08
mbpo_pushcube_500k_20261007T094728_f9d45348,PushCube-v1,mbpo,A_generation,154016,76,80010,TS1_mixture,count,2048
mbpo_pushcube_500k_20261007T094728_f9d45348,PushCube-v1,mbpo,A_generation,154016,76,80010,TS1_mixture,all_finite,True
mbpo_pushcube_500k_20261007T094728_f9d45348,PushCube-v1,mbpo,A_generation,154016,76,80010,TS1_mixture,reward_outside_0_1_fraction,0.08203125
mbpo_pushcube_500k_20261007T094728_f9d45348,PushCube-v1,mbpo,A_generation,154016,76,80010,TS1_mixture,reward_below_zero_fraction,0.04296875
mbpo_pushcube_500k_20261007T094728_f9d45348,PushCube-v1,mbpo,A_generation,154016,76,80010,TS1_mixture,reward_above_one_fraction,0.0390625
mbpo_pushcube_500k_20261007T094728_f9d45348,PushCube-v1,mbpo,A_generation,154016,76,80010,TS1_mixture,reward_min,-0.8852664828300476
mbpo_pushcube_500k_20261007T094728_f9d45348,PushCube-v1,mbpo,A_generation,154016,76,80010,TS1_mixture,reward_max,1.1716973781585693
mbpo_pushcube_500k_20261007T094728_f9d45348,PushCube-v1,mbpo,A_generation,154016,76,80010,TS1_mixture,elite_mean_reward_min,-0.968145489692688
mbpo_pushcube_500k_20261007T094728_f9d45348,PushCube-v1,mbpo,A_generation,154016,76,80010,TS1_mixture,elite_mean_reward_max,1.0990779399871826
mbpo_pushcube_500k_20261007T094728_f9d45348,PushCube-v1,mbpo,A_generation,154016,76,80010,TS1_mixture,elite_mean_reward_outside_0_1_fraction,0.056884765625
mbpo_pushcube_500k_20261007T094728_f9d45348,PushCube-v1,mbpo,A_generation,154016,76,80010,TS1_mixture,extra.tcp_pose_quaternion_norm_mae,0.0010268217313076228
mbpo_pushcube_500k_20261007T094728_f9d45348,PushCube-v1,mbpo,A_generation,154016,76,80010,TS1_mixture,extra.tcp_pose_quaternion_norm_max_error,0.046806261302872576
mbpo_pushcube_500k_20261007T094728_f9d45348,PushCube-v1,mbpo,A_generation,154016,76,80010,TS1_mixture,extra.tcp_pose_quaternion_invalid_fraction_tol_0.01,0.01318359375
mbpo_pushcube_500k_20261007T094728_f9d45348,PushCube-v1,mbpo,A_generation,154016,76,80010,TS1_mixture,extra.obj_pose_quaternion_norm_mae,0.008041811643158779
mbpo_pushcube_500k_20261007T094728_f9d45348,PushCube-v1,mbpo,A_generation,154016,76,80010,TS1_mixture,extra.obj_pose_quaternion_norm_max_error,0.06388311464088015
mbpo_pushcube_500k_20261007T094728_f9d45348,PushCube-v1,mbpo,A_generation,154016,76,80010,TS1_mixture,extra.obj_pose_quaternion_invalid_fraction_tol_0.01,0.3017578125
mbpo_pushcube_500k_20261007T094728_f9d45348,PushCube-v1,mbpo,A_generation,154016,76,80010,TS1_mixture,goal_position_drift_rmse,1.739973757356921e-07
mbpo_pushcube_500k_20261007T094728_f9d45348,PushCube-v1,mbpo,A_generation,154016,76,80010,TS1_mixture,projected_quaternion_max_norm_error/extra.tcp_pose,5.960464477539063e-08
mbpo_pushcube_500k_20261007T094728_f9d45348,PushCube-v1,mbpo,A_generation,154016,76,80010,TS1_mixture,projected_quaternion_max_norm_error/extra.obj_pose,5.960464477539063e-08
mbpo_pushcube_500k_20261007T094728_f9d45348,PushCube-v1,mbpo,A_generation,156000,77,81066,TS1_mixture,count,2048
mbpo_pushcube_500k_20261007T094728_f9d45348,PushCube-v1,mbpo,A_generation,156000,77,81066,TS1_mixture,all_finite,True
mbpo_pushcube_500k_20261007T094728_f9d45348,PushCube-v1,mbpo,A_generation,156000,77,81066,TS1_mixture,reward_outside_0_1_fraction,0.08984375
mbpo_pushcube_500k_20261007T094728_f9d45348,PushCube-v1,mbpo,A_generation,156000,77,81066,TS1_mixture,reward_below_zero_fraction,0.04638671875
mbpo_pushcube_500k_20261007T094728_f9d45348,PushCube-v1,mbpo,A_generation,156000,77,81066,TS1_mixture,reward_above_one_fraction,0.04345703125
mbpo_pushcube_500k_20261007T094728_f9d45348,PushCube-v1,mbpo,A_generation,156000,77,81066,TS1_mixture,reward_min,-0.3891104757785797
mbpo_pushcube_500k_20261007T094728_f9d45348,PushCube-v1,mbpo,A_generation,156000,77,81066,TS1_mixture,reward_max,1.147501826286316
mbpo_pushcube_500k_20261007T094728_f9d45348,PushCube-v1,mbpo,A_generation,156000,77,81066,TS1_mixture,elite_mean_reward_min,-0.3941439390182495
mbpo_pushcube_500k_20261007T094728_f9d45348,PushCube-v1,mbpo,A_generation,156000,77,81066,TS1_mixture,elite_mean_reward_max,1.0908043384552002
mbpo_pushcube_500k_20261007T094728_f9d45348,PushCube-v1,mbpo,A_generation,156000,77,81066,TS1_mixture,elite_mean_reward_outside_0_1_fraction,0.060302734375
mbpo_pushcube_500k_20261007T094728_f9d45348,PushCube-v1,mbpo,A_generation,156000,77,81066,TS1_mixture,extra.tcp_pose_quaternion_norm_mae,0.0010604519755235131
mbpo_pushcube_500k_20261007T094728_f9d45348,PushCube-v1,mbpo,A_generation,156000,77,81066,TS1_mixture,extra.tcp_pose_quaternion_norm_max_error,0.04180586228963046
mbpo_pushcube_500k_20261007T094728_f9d45348,PushCube-v1,mbpo,A_generation,156000,77,81066,TS1_mixture,extra.tcp_pose_quaternion_invalid_fraction_tol_0.01,0.0126953125
mbpo_pushcube_500k_20261007T094728_f9d45348,PushCube-v1,mbpo,A_generation,156000,77,81066,TS1_mixture,extra.obj_pose_quaternion_norm_mae,0.00831756829775766
mbpo_pushcube_500k_20261007T094728_f9d45348,PushCube-v1,mbpo,A_generation,156000,77,81066,TS1_mixture,extra.obj_pose_quaternion_norm_max_error,0.08122111298460344
mbpo_pushcube_500k_20261007T094728_f9d45348,PushCube-v1,mbpo,A_generation,156000,77,81066,TS1_mixture,extra.obj_pose_quaternion_invalid_fraction_tol_0.01,0.31005859375
mbpo_pushcube_500k_20261007T094728_f9d45348,PushCube-v1,mbpo,A_generation,156000,77,81066,TS1_mixture,goal_position_drift_rmse,1.5916549585538247e-07
mbpo_pushcube_500k_20261007T094728_f9d45348,PushCube-v1,mbpo,A_generation,156000,77,81066,TS1_mixture,projected_quaternion_max_norm_error/extra.tcp_pose,5.960464477539063e-08
mbpo_pushcube_500k_20261007T094728_f9d45348,PushCube-v1,mbpo,A_generation,156000,77,81066,TS1_mixture,projected_quaternion_max_norm_error/extra.obj_pose,5.960464477539063e-08
mbpo_pushcube_500k_20261007T094728_f9d45348,PushCube-v1,mbpo,A_generation,158016,78,82139,TS1_mixture,count,2048
mbpo_pushcube_500k_20261007T094728_f9d45348,PushCube-v1,mbpo,A_generation,158016,78,82139,TS1_mixture,all_finite,True
mbpo_pushcube_500k_20261007T094728_f9d45348,PushCube-v1,mbpo,A_generation,158016,78,82139,TS1_mixture,reward_outside_0_1_fraction,0.09375
mbpo_pushcube_500k_20261007T094728_f9d45348,PushCube-v1,mbpo,A_generation,158016,78,82139,TS1_mixture,reward_below_zero_fraction,0.06201171875
mbpo_pushcube_500k_20261007T094728_f9d45348,PushCube-v1,mbpo,A_generation,158016,78,82139,TS1_mixture,reward_above_one_fraction,0.03173828125
mbpo_pushcube_500k_20261007T094728_f9d45348,PushCube-v1,mbpo,A_generation,158016,78,82139,TS1_mixture,reward_min,-0.49947017431259155
mbpo_pushcube_500k_20261007T094728_f9d45348,PushCube-v1,mbpo,A_generation,158016,78,82139,TS1_mixture,reward_max,1.1431056261062622
mbpo_pushcube_500k_20261007T094728_f9d45348,PushCube-v1,mbpo,A_generation,158016,78,82139,TS1_mixture,elite_mean_reward_min,-0.8122280240058899
mbpo_pushcube_500k_20261007T094728_f9d45348,PushCube-v1,mbpo,A_generation,158016,78,82139,TS1_mixture,elite_mean_reward_max,1.0858747959136963
mbpo_pushcube_500k_20261007T094728_f9d45348,PushCube-v1,mbpo,A_generation,158016,78,82139,TS1_mixture,elite_mean_reward_outside_0_1_fraction,0.0625
mbpo_pushcube_500k_20261007T094728_f9d45348,PushCube-v1,mbpo,A_generation,158016,78,82139,TS1_mixture,extra.tcp_pose_quaternion_norm_mae,0.0009937622119157617
mbpo_pushcube_500k_20261007T094728_f9d45348,PushCube-v1,mbpo,A_generation,158016,78,82139,TS1_mixture,extra.tcp_pose_quaternion_norm_max_error,0.0583837830921361
mbpo_pushcube_500k_20261007T094728_f9d45348,PushCube-v1,mbpo,A_generation,158016,78,82139,TS1_mixture,extra.tcp_pose_quaternion_invalid_fraction_tol_0.01,0.009765625
mbpo_pushcube_500k_20261007T094728_f9d45348,PushCube-v1,mbpo,A_generation,158016,78,82139,TS1_mixture,extra.obj_pose_quaternion_norm_mae,0.008664934249772752
mbpo_pushcube_500k_20261007T094728_f9d45348,PushCube-v1,mbpo,A_generation,158016,78,82139,TS1_mixture,extra.obj_pose_quaternion_norm_max_error,0.07352340127043422
mbpo_pushcube_500k_20261007T094728_f9d45348,PushCube-v1,mbpo,A_generation,158016,78,82139,TS1_mixture,extra.obj_pose_quaternion_invalid_fraction_tol_0.01,0.32373046875
mbpo_pushcube_500k_20261007T094728_f9d45348,PushCube-v1,mbpo,A_generation,158016,78,82139,TS1_mixture,goal_position_drift_rmse,1.75297488084065e-07
mbpo_pushcube_500k_20261007T094728_f9d45348,PushCube-v1,mbpo,A_generation,158016,78,82139,TS1_mixture,projected_quaternion_max_norm_error/extra.tcp_pose,5.960464477539063e-08
mbpo_pushcube_500k_20261007T094728_f9d45348,PushCube-v1,mbpo,A_generation,158016,78,82139,TS1_mixture,projected_quaternion_max_norm_error/extra.obj_pose,5.960464477539063e-08
mbpo_pushcube_500k_20261007T094728_f9d45348,PushCube-v1,mbpo,A_generation,160000,79,83196,TS1_mixture,count,2048
mbpo_pushcube_500k_20261007T094728_f9d45348,PushCube-v1,mbpo,A_generation,160000,79,83196,TS1_mixture,all_finite,True
mbpo_pushcube_500k_20261007T094728_f9d45348,PushCube-v1,mbpo,A_generation,160000,79,83196,TS1_mixture,reward_outside_0_1_fraction,0.099609375
mbpo_pushcube_500k_20261007T094728_f9d45348,PushCube-v1,mbpo,A_generation,160000,79,83196,TS1_mixture,reward_below_zero_fraction,0.0517578125
mbpo_pushcube_500k_20261007T094728_f9d45348,PushCube-v1,mbpo,A_generation,160000,79,83196,TS1_mixture,reward_above_one_fraction,0.0478515625
mbpo_pushcube_500k_20261007T094728_f9d45348,PushCube-v1,mbpo,A_generation,160000,79,83196,TS1_mixture,reward_min,-0.5108323693275452
mbpo_pushcube_500k_20261007T094728_f9d45348,PushCube-v1,mbpo,A_generation,160000,79,83196,TS1_mixture,reward_max,1.1565909385681152
mbpo_pushcube_500k_20261007T094728_f9d45348,PushCube-v1,mbpo,A_generation,160000,79,83196,TS1_mixture,elite_mean_reward_min,-0.45752817392349243
mbpo_pushcube_500k_20261007T094728_f9d45348,PushCube-v1,mbpo,A_generation,160000,79,83196,TS1_mixture,elite_mean_reward_max,1.1011303663253784
mbpo_pushcube_500k_20261007T094728_f9d45348,PushCube-v1,mbpo,A_generation,160000,79,83196,TS1_mixture,elite_mean_reward_outside_0_1_fraction,0.066162109375
mbpo_pushcube_500k_20261007T094728_f9d45348,PushCube-v1,mbpo,A_generation,160000,79,83196,TS1_mixture,extra.tcp_pose_quaternion_norm_mae,0.00092376840975459
mbpo_pushcube_500k_20261007T094728_f9d45348,PushCube-v1,mbpo,A_generation,160000,79,83196,TS1_mixture,extra.tcp_pose_quaternion_norm_max_error,0.03899972402228247
mbpo_pushcube_500k_20261007T094728_f9d45348,PushCube-v1,mbpo,A_generation,160000,79,83196,TS1_mixture,extra.tcp_pose_quaternion_invalid_fraction_tol_0.01,0.005859375
mbpo_pushcube_500k_20261007T094728_f9d45348,PushCube-v1,mbpo,A_generation,160000,79,83196,TS1_mixture,extra.obj_pose_quaternion_norm_mae,0.008563569885124096
mbpo_pushcube_500k_20261007T094728_f9d45348,PushCube-v1,mbpo,A_generation,160000,79,83196,TS1_mixture,extra.obj_pose_quaternion_norm_max_error,0.08459917590352595
mbpo_pushcube_500k_20261007T094728_f9d45348,PushCube-v1,mbpo,A_generation,160000,79,83196,TS1_mixture,extra.obj_pose_quaternion_invalid_fraction_tol_0.01,0.31298828125
mbpo_pushcube_500k_20261007T094728_f9d45348,PushCube-v1,mbpo,A_generation,160000,79,83196,TS1_mixture,goal_position_drift_rmse,1.649168071461344e-07
mbpo_pushcube_500k_20261007T094728_f9d45348,PushCube-v1,mbpo,A_generation,160000,79,83196,TS1_mixture,projected_quaternion_max_norm_error/extra.tcp_pose,5.960464477539063e-08
mbpo_pushcube_500k_20261007T094728_f9d45348,PushCube-v1,mbpo,A_generation,160000,79,83196,TS1_mixture,projected_quaternion_max_norm_error/extra.obj_pose,5.960464477539063e-08
mbpo_pushcube_500k_20261007T094728_f9d45348,PushCube-v1,mbpo,A_generation,162016,80,84269,TS1_mixture,count,2048
mbpo_pushcube_500k_20261007T094728_f9d45348,PushCube-v1,mbpo,A_generation,162016,80,84269,TS1_mixture,all_finite,True
mbpo_pushcube_500k_20261007T094728_f9d45348,PushCube-v1,mbpo,A_generation,162016,80,84269,TS1_mixture,reward_outside_0_1_fraction,0.09130859375
mbpo_pushcube_500k_20261007T094728_f9d45348,PushCube-v1,mbpo,A_generation,162016,80,84269,TS1_mixture,reward_below_zero_fraction,0.04736328125
mbpo_pushcube_500k_20261007T094728_f9d45348,PushCube-v1,mbpo,A_generation,162016,80,84269,TS1_mixture,reward_above_one_fraction,0.0439453125
mbpo_pushcube_500k_20261007T094728_f9d45348,PushCube-v1,mbpo,A_generation,162016,80,84269,TS1_mixture,reward_min,-0.48280099034309387
mbpo_pushcube_500k_20261007T094728_f9d45348,PushCube-v1,mbpo,A_generation,162016,80,84269,TS1_mixture,reward_max,1.1725491285324097
mbpo_pushcube_500k_20261007T094728_f9d45348,PushCube-v1,mbpo,A_generation,162016,80,84269,TS1_mixture,elite_mean_reward_min,-0.49295979738235474
mbpo_pushcube_500k_20261007T094728_f9d45348,PushCube-v1,mbpo,A_generation,162016,80,84269,TS1_mixture,elite_mean_reward_max,1.0844718217849731
mbpo_pushcube_500k_20261007T094728_f9d45348,PushCube-v1,mbpo,A_generation,162016,80,84269,TS1_mixture,elite_mean_reward_outside_0_1_fraction,0.06005859375
mbpo_pushcube_500k_20261007T094728_f9d45348,PushCube-v1,mbpo,A_generation,162016,80,84269,TS1_mixture,extra.tcp_pose_quaternion_norm_mae,0.0009637422961623303
mbpo_pushcube_500k_20261007T094728_f9d45348,PushCube-v1,mbpo,A_generation,162016,80,84269,TS1_mixture,extra.tcp_pose_quaternion_norm_max_error,0.047082479947632705
mbpo_pushcube_500k_20261007T094728_f9d45348,PushCube-v1,mbpo,A_generation,162016,80,84269,TS1_mixture,extra.tcp_pose_quaternion_invalid_fraction_tol_0.01,0.0078125
mbpo_pushcube_500k_20261007T094728_f9d45348,PushCube-v1,mbpo,A_generation,162016,80,84269,TS1_mixture,extra.obj_pose_quaternion_norm_mae,0.008451384351187592
mbpo_pushcube_500k_20261007T094728_f9d45348,PushCube-v1,mbpo,A_generation,162016,80,84269,TS1_mixture,extra.obj_pose_quaternion_norm_max_error,0.05973663836726184
mbpo_pushcube_500k_20261007T094728_f9d45348,PushCube-v1,mbpo,A_generation,162016,80,84269,TS1_mixture,extra.obj_pose_quaternion_invalid_fraction_tol_0.01,0.3115234375
mbpo_pushcube_500k_20261007T094728_f9d45348,PushCube-v1,mbpo,A_generation,162016,80,84269,TS1_mixture,goal_position_drift_rmse,1.558513999009963e-07
mbpo_pushcube_500k_20261007T094728_f9d45348,PushCube-v1,mbpo,A_generation,162016,80,84269,TS1_mixture,projected_quaternion_max_norm_error/extra.tcp_pose,5.960464477539063e-08
mbpo_pushcube_500k_20261007T094728_f9d45348,PushCube-v1,mbpo,A_generation,162016,80,84269,TS1_mixture,projected_quaternion_max_norm_error/extra.obj_pose,5.960464477539063e-08
mbpo_pushcube_500k_20261007T094728_f9d45348,PushCube-v1,mbpo,A_generation,164000,81,85325,TS1_mixture,count,2048
mbpo_pushcube_500k_20261007T094728_f9d45348,PushCube-v1,mbpo,A_generation,164000,81,85325,TS1_mixture,all_finite,True
mbpo_pushcube_500k_20261007T094728_f9d45348,PushCube-v1,mbpo,A_generation,164000,81,85325,TS1_mixture,reward_outside_0_1_fraction,0.10107421875
mbpo_pushcube_500k_20261007T094728_f9d45348,PushCube-v1,mbpo,A_generation,164000,81,85325,TS1_mixture,reward_below_zero_fraction,0.05126953125
mbpo_pushcube_500k_20261007T094728_f9d45348,PushCube-v1,mbpo,A_generation,164000,81,85325,TS1_mixture,reward_above_one_fraction,0.0498046875
mbpo_pushcube_500k_20261007T094728_f9d45348,PushCube-v1,mbpo,A_generation,164000,81,85325,TS1_mixture,reward_min,-1.1150472164154053
mbpo_pushcube_500k_20261007T094728_f9d45348,PushCube-v1,mbpo,A_generation,164000,81,85325,TS1_mixture,reward_max,1.1470602750778198
mbpo_pushcube_500k_20261007T094728_f9d45348,PushCube-v1,mbpo,A_generation,164000,81,85325,TS1_mixture,elite_mean_reward_min,-1.24812650680542
mbpo_pushcube_500k_20261007T094728_f9d45348,PushCube-v1,mbpo,A_generation,164000,81,85325,TS1_mixture,elite_mean_reward_max,1.0990352630615234
mbpo_pushcube_500k_20261007T094728_f9d45348,PushCube-v1,mbpo,A_generation,164000,81,85325,TS1_mixture,elite_mean_reward_outside_0_1_fraction,0.064697265625
mbpo_pushcube_500k_20261007T094728_f9d45348,PushCube-v1,mbpo,A_generation,164000,81,85325,TS1_mixture,extra.tcp_pose_quaternion_norm_mae,0.0009648831687097095
mbpo_pushcube_500k_20261007T094728_f9d45348,PushCube-v1,mbpo,A_generation,164000,81,85325,TS1_mixture,extra.tcp_pose_quaternion_norm_max_error,0.06822064167735709
mbpo_pushcube_500k_20261007T094728_f9d45348,PushCube-v1,mbpo,A_generation,164000,81,85325,TS1_mixture,extra.tcp_pose_quaternion_invalid_fraction_tol_0.01,0.00732421875
mbpo_pushcube_500k_20261007T094728_f9d45348,PushCube-v1,mbpo,A_generation,164000,81,85325,TS1_mixture,extra.obj_pose_quaternion_norm_mae,0.008832679845179284
mbpo_pushcube_500k_20261007T094728_f9d45348,PushCube-v1,mbpo,A_generation,164000,81,85325,TS1_mixture,extra.obj_pose_quaternion_norm_max_error,0.13493160740306953
mbpo_pushcube_500k_20261007T094728_f9d45348,PushCube-v1,mbpo,A_generation,164000,81,85325,TS1_mixture,extra.obj_pose_quaternion_invalid_fraction_tol_0.01,0.34765625
mbpo_pushcube_500k_20261007T094728_f9d45348,PushCube-v1,mbpo,A_generation,164000,81,85325,TS1_mixture,goal_position_drift_rmse,1.532674981446383e-07
mbpo_pushcube_500k_20261007T094728_f9d45348,PushCube-v1,mbpo,A_generation,164000,81,85325,TS1_mixture,projected_quaternion_max_norm_error/extra.tcp_pose,5.960464477539063e-08
mbpo_pushcube_500k_20261007T094728_f9d45348,PushCube-v1,mbpo,A_generation,164000,81,85325,TS1_mixture,projected_quaternion_max_norm_error/extra.obj_pose,5.960464477539063e-08
mbpo_pushcube_500k_20261007T094728_f9d45348,PushCube-v1,mbpo,A_generation,166016,82,86398,TS1_mixture,count,2048
mbpo_pushcube_500k_20261007T094728_f9d45348,PushCube-v1,mbpo,A_generation,166016,82,86398,TS1_mixture,all_finite,True
mbpo_pushcube_500k_20261007T094728_f9d45348,PushCube-v1,mbpo,A_generation,166016,82,86398,TS1_mixture,reward_outside_0_1_fraction,0.10107421875
mbpo_pushcube_500k_20261007T094728_f9d45348,PushCube-v1,mbpo,A_generation,166016,82,86398,TS1_mixture,reward_below_zero_fraction,0.0556640625
mbpo_pushcube_500k_20261007T094728_f9d45348,PushCube-v1,mbpo,A_generation,166016,82,86398,TS1_mixture,reward_above_one_fraction,0.04541015625
mbpo_pushcube_500k_20261007T094728_f9d45348,PushCube-v1,mbpo,A_generation,166016,82,86398,TS1_mixture,reward_min,-0.6291301250457764
mbpo_pushcube_500k_20261007T094728_f9d45348,PushCube-v1,mbpo,A_generation,166016,82,86398,TS1_mixture,reward_max,1.20967435836792
mbpo_pushcube_500k_20261007T094728_f9d45348,PushCube-v1,mbpo,A_generation,166016,82,86398,TS1_mixture,elite_mean_reward_min,-0.6339412331581116
mbpo_pushcube_500k_20261007T094728_f9d45348,PushCube-v1,mbpo,A_generation,166016,82,86398,TS1_mixture,elite_mean_reward_max,1.1001542806625366
mbpo_pushcube_500k_20261007T094728_f9d45348,PushCube-v1,mbpo,A_generation,166016,82,86398,TS1_mixture,elite_mean_reward_outside_0_1_fraction,0.06640625
mbpo_pushcube_500k_20261007T094728_f9d45348,PushCube-v1,mbpo,A_generation,166016,82,86398,TS1_mixture,extra.tcp_pose_quaternion_norm_mae,0.0009494651548507282
mbpo_pushcube_500k_20261007T094728_f9d45348,PushCube-v1,mbpo,A_generation,166016,82,86398,TS1_mixture,extra.tcp_pose_quaternion_norm_max_error,0.04762092500974646
mbpo_pushcube_500k_20261007T094728_f9d45348,PushCube-v1,mbpo,A_generation,166016,82,86398,TS1_mixture,extra.tcp_pose_quaternion_invalid_fraction_tol_0.01,0.0068359375
mbpo_pushcube_500k_20261007T094728_f9d45348,PushCube-v1,mbpo,A_generation,166016,82,86398,TS1_mixture,extra.obj_pose_quaternion_norm_mae,0.008294755223064252
mbpo_pushcube_500k_20261007T094728_f9d45348,PushCube-v1,mbpo,A_generation,166016,82,86398,TS1_mixture,extra.obj_pose_quaternion_norm_max_error,0.07962277071151347
mbpo_pushcube_500k_20261007T094728_f9d45348,PushCube-v1,mbpo,A_generation,166016,82,86398,TS1_mixture,extra.obj_pose_quaternion_invalid_fraction_tol_0.01,0.31982421875
mbpo_pushcube_500k_20261007T094728_f9d45348,PushCube-v1,mbpo,A_generation,166016,82,86398,TS1_mixture,goal_position_drift_rmse,1.4090636211900924e-07
mbpo_pushcube_500k_20261007T094728_f9d45348,PushCube-v1,mbpo,A_generation,166016,82,86398,TS1_mixture,projected_quaternion_max_norm_error/extra.tcp_pose,5.960464477539063e-08
mbpo_pushcube_500k_20261007T094728_f9d45348,PushCube-v1,mbpo,A_generation,166016,82,86398,TS1_mixture,projected_quaternion_max_norm_error/extra.obj_pose,5.960464477539063e-08
mbpo_pushcube_500k_20261007T094728_f9d45348,PushCube-v1,mbpo,A_generation,168000,83,87455,TS1_mixture,count,2048
mbpo_pushcube_500k_20261007T094728_f9d45348,PushCube-v1,mbpo,A_generation,168000,83,87455,TS1_mixture,all_finite,True
mbpo_pushcube_500k_20261007T094728_f9d45348,PushCube-v1,mbpo,A_generation,168000,83,87455,TS1_mixture,reward_outside_0_1_fraction,0.10791015625
mbpo_pushcube_500k_20261007T094728_f9d45348,PushCube-v1,mbpo,A_generation,168000,83,87455,TS1_mixture,reward_below_zero_fraction,0.06005859375
mbpo_pushcube_500k_20261007T094728_f9d45348,PushCube-v1,mbpo,A_generation,168000,83,87455,TS1_mixture,reward_above_one_fraction,0.0478515625
mbpo_pushcube_500k_20261007T094728_f9d45348,PushCube-v1,mbpo,A_generation,168000,83,87455,TS1_mixture,reward_min,-0.3918338119983673
mbpo_pushcube_500k_20261007T094728_f9d45348,PushCube-v1,mbpo,A_generation,168000,83,87455,TS1_mixture,reward_max,1.221462607383728
mbpo_pushcube_500k_20261007T094728_f9d45348,PushCube-v1,mbpo,A_generation,168000,83,87455,TS1_mixture,elite_mean_reward_min,-0.6209278702735901
mbpo_pushcube_500k_20261007T094728_f9d45348,PushCube-v1,mbpo,A_generation,168000,83,87455,TS1_mixture,elite_mean_reward_max,1.0730565786361694
mbpo_pushcube_500k_20261007T094728_f9d45348,PushCube-v1,mbpo,A_generation,168000,83,87455,TS1_mixture,elite_mean_reward_outside_0_1_fraction,0.07275390625
mbpo_pushcube_500k_20261007T094728_f9d45348,PushCube-v1,mbpo,A_generation,168000,83,87455,TS1_mixture,extra.tcp_pose_quaternion_norm_mae,0.0009043496088549576
mbpo_pushcube_500k_20261007T094728_f9d45348,PushCube-v1,mbpo,A_generation,168000,83,87455,TS1_mixture,extra.tcp_pose_quaternion_norm_max_error,0.020984789470742338
mbpo_pushcube_500k_20261007T094728_f9d45348,PushCube-v1,mbpo,A_generation,168000,83,87455,TS1_mixture,extra.tcp_pose_quaternion_invalid_fraction_tol_0.01,0.0048828125
mbpo_pushcube_500k_20261007T094728_f9d45348,PushCube-v1,mbpo,A_generation,168000,83,87455,TS1_mixture,extra.obj_pose_quaternion_norm_mae,0.008175506089039494
mbpo_pushcube_500k_20261007T094728_f9d45348,PushCube-v1,mbpo,A_generation,168000,83,87455,TS1_mixture,extra.obj_pose_quaternion_norm_max_error,0.07466739229328323
mbpo_pushcube_500k_20261007T094728_f9d45348,PushCube-v1,mbpo,A_generation,168000,83,87455,TS1_mixture,extra.obj_pose_quaternion_invalid_fraction_tol_0.01,0.3154296875
mbpo_pushcube_500k_20261007T094728_f9d45348,PushCube-v1,mbpo,A_generation,168000,83,87455,TS1_mixture,goal_position_drift_rmse,1.4079770882800699e-07
mbpo_pushcube_500k_20261007T094728_f9d45348,PushCube-v1,mbpo,A_generation,168000,83,87455,TS1_mixture,projected_quaternion_max_norm_error/extra.tcp_pose,5.960464477539063e-08
mbpo_pushcube_500k_20261007T094728_f9d45348,PushCube-v1,mbpo,A_generation,168000,83,87455,TS1_mixture,projected_quaternion_max_norm_error/extra.obj_pose,5.960464477539063e-08
mbpo_pushcube_500k_20261007T094728_f9d45348,PushCube-v1,mbpo,A_generation,170016,84,88528,TS1_mixture,count,2048
mbpo_pushcube_500k_20261007T094728_f9d45348,PushCube-v1,mbpo,A_generation,170016,84,88528,TS1_mixture,all_finite,True
mbpo_pushcube_500k_20261007T094728_f9d45348,PushCube-v1,mbpo,A_generation,170016,84,88528,TS1_mixture,reward_outside_0_1_fraction,0.0966796875
mbpo_pushcube_500k_20261007T094728_f9d45348,PushCube-v1,mbpo,A_generation,170016,84,88528,TS1_mixture,reward_below_zero_fraction,0.05078125
mbpo_pushcube_500k_20261007T094728_f9d45348,PushCube-v1,mbpo,A_generation,170016,84,88528,TS1_mixture,reward_above_one_fraction,0.0458984375
mbpo_pushcube_500k_20261007T094728_f9d45348,PushCube-v1,mbpo,A_generation,170016,84,88528,TS1_mixture,reward_min,-0.6081597805023193
mbpo_pushcube_500k_20261007T094728_f9d45348,PushCube-v1,mbpo,A_generation,170016,84,88528,TS1_mixture,reward_max,1.1635558605194092
mbpo_pushcube_500k_20261007T094728_f9d45348,PushCube-v1,mbpo,A_generation,170016,84,88528,TS1_mixture,elite_mean_reward_min,-0.649409830570221
mbpo_pushcube_500k_20261007T094728_f9d45348,PushCube-v1,mbpo,A_generation,170016,84,88528,TS1_mixture,elite_mean_reward_max,1.0859484672546387
mbpo_pushcube_500k_20261007T094728_f9d45348,PushCube-v1,mbpo,A_generation,170016,84,88528,TS1_mixture,elite_mean_reward_outside_0_1_fraction,0.061767578125
mbpo_pushcube_500k_20261007T094728_f9d45348,PushCube-v1,mbpo,A_generation,170016,84,88528,TS1_mixture,extra.tcp_pose_quaternion_norm_mae,0.000964444552453534
mbpo_pushcube_500k_20261007T094728_f9d45348,PushCube-v1,mbpo,A_generation,170016,84,88528,TS1_mixture,extra.tcp_pose_quaternion_norm_max_error,0.0733822356286229
mbpo_pushcube_500k_20261007T094728_f9d45348,PushCube-v1,mbpo,A_generation,170016,84,88528,TS1_mixture,extra.tcp_pose_quaternion_invalid_fraction_tol_0.01,0.0068359375
mbpo_pushcube_500k_20261007T094728_f9d45348,PushCube-v1,mbpo,A_generation,170016,84,88528,TS1_mixture,extra.obj_pose_quaternion_norm_mae,0.008013884812592357
mbpo_pushcube_500k_20261007T094728_f9d45348,PushCube-v1,mbpo,A_generation,170016,84,88528,TS1_mixture,extra.obj_pose_quaternion_norm_max_error,0.07245573835048458
mbpo_pushcube_500k_20261007T094728_f9d45348,PushCube-v1,mbpo,A_generation,170016,84,88528,TS1_mixture,extra.obj_pose_quaternion_invalid_fraction_tol_0.01,0.30615234375
mbpo_pushcube_500k_20261007T094728_f9d45348,PushCube-v1,mbpo,A_generation,170016,84,88528,TS1_mixture,goal_position_drift_rmse,1.2065081773028352e-07
mbpo_pushcube_500k_20261007T094728_f9d45348,PushCube-v1,mbpo,A_generation,170016,84,88528,TS1_mixture,projected_quaternion_max_norm_error/extra.tcp_pose,5.960464477539063e-08
mbpo_pushcube_500k_20261007T094728_f9d45348,PushCube-v1,mbpo,A_generation,170016,84,88528,TS1_mixture,projected_quaternion_max_norm_error/extra.obj_pose,5.960464477539063e-08
mbpo_pushcube_500k_20261007T094728_f9d45348,PushCube-v1,mbpo,A_generation,172000,85,89584,TS1_mixture,count,2048
mbpo_pushcube_500k_20261007T094728_f9d45348,PushCube-v1,mbpo,A_generation,172000,85,89584,TS1_mixture,all_finite,True
mbpo_pushcube_500k_20261007T094728_f9d45348,PushCube-v1,mbpo,A_generation,172000,85,89584,TS1_mixture,reward_outside_0_1_fraction,0.08984375
mbpo_pushcube_500k_20261007T094728_f9d45348,PushCube-v1,mbpo,A_generation,172000,85,89584,TS1_mixture,reward_below_zero_fraction,0.044921875
mbpo_pushcube_500k_20261007T094728_f9d45348,PushCube-v1,mbpo,A_generation,172000,85,89584,TS1_mixture,reward_above_one_fraction,0.044921875
mbpo_pushcube_500k_20261007T094728_f9d45348,PushCube-v1,mbpo,A_generation,172000,85,89584,TS1_mixture,reward_min,-0.5965223908424377
mbpo_pushcube_500k_20261007T094728_f9d45348,PushCube-v1,mbpo,A_generation,172000,85,89584,TS1_mixture,reward_max,1.2119724750518799
mbpo_pushcube_500k_20261007T094728_f9d45348,PushCube-v1,mbpo,A_generation,172000,85,89584,TS1_mixture,elite_mean_reward_min,-0.5967296361923218
mbpo_pushcube_500k_20261007T094728_f9d45348,PushCube-v1,mbpo,A_generation,172000,85,89584,TS1_mixture,elite_mean_reward_max,1.1104329824447632
mbpo_pushcube_500k_20261007T094728_f9d45348,PushCube-v1,mbpo,A_generation,172000,85,89584,TS1_mixture,elite_mean_reward_outside_0_1_fraction,0.064453125
mbpo_pushcube_500k_20261007T094728_f9d45348,PushCube-v1,mbpo,A_generation,172000,85,89584,TS1_mixture,extra.tcp_pose_quaternion_norm_mae,0.0010099466491140154
mbpo_pushcube_500k_20261007T094728_f9d45348,PushCube-v1,mbpo,A_generation,172000,85,89584,TS1_mixture,extra.tcp_pose_quaternion_norm_max_error,0.10600913291829805
mbpo_pushcube_500k_20261007T094728_f9d45348,PushCube-v1,mbpo,A_generation,172000,85,89584,TS1_mixture,extra.tcp_pose_quaternion_invalid_fraction_tol_0.01,0.01123046875
mbpo_pushcube_500k_20261007T094728_f9d45348,PushCube-v1,mbpo,A_generation,172000,85,89584,TS1_mixture,extra.obj_pose_quaternion_norm_mae,0.008179529178525656
mbpo_pushcube_500k_20261007T094728_f9d45348,PushCube-v1,mbpo,A_generation,172000,85,89584,TS1_mixture,extra.obj_pose_quaternion_norm_max_error,0.09728664945248888
mbpo_pushcube_500k_20261007T094728_f9d45348,PushCube-v1,mbpo,A_generation,172000,85,89584,TS1_mixture,extra.obj_pose_quaternion_invalid_fraction_tol_0.01,0.3017578125
mbpo_pushcube_500k_20261007T094728_f9d45348,PushCube-v1,mbpo,A_generation,172000,85,89584,TS1_mixture,goal_position_drift_rmse,2.0355639389730985e-07
mbpo_pushcube_500k_20261007T094728_f9d45348,PushCube-v1,mbpo,A_generation,172000,85,89584,TS1_mixture,projected_quaternion_max_norm_error/extra.tcp_pose,5.960464477539063e-08
mbpo_pushcube_500k_20261007T094728_f9d45348,PushCube-v1,mbpo,A_generation,172000,85,89584,TS1_mixture,projected_quaternion_max_norm_error/extra.obj_pose,5.960464477539063e-08
mbpo_pushcube_500k_20261007T094728_f9d45348,PushCube-v1,mbpo,A_generation,174016,86,90657,TS1_mixture,count,2048
mbpo_pushcube_500k_20261007T094728_f9d45348,PushCube-v1,mbpo,A_generation,174016,86,90657,TS1_mixture,all_finite,True
mbpo_pushcube_500k_20261007T094728_f9d45348,PushCube-v1,mbpo,A_generation,174016,86,90657,TS1_mixture,reward_outside_0_1_fraction,0.11328125
mbpo_pushcube_500k_20261007T094728_f9d45348,PushCube-v1,mbpo,A_generation,174016,86,90657,TS1_mixture,reward_below_zero_fraction,0.04150390625
mbpo_pushcube_500k_20261007T094728_f9d45348,PushCube-v1,mbpo,A_generation,174016,86,90657,TS1_mixture,reward_above_one_fraction,0.07177734375
mbpo_pushcube_500k_20261007T094728_f9d45348,PushCube-v1,mbpo,A_generation,174016,86,90657,TS1_mixture,reward_min,-0.5113850831985474
mbpo_pushcube_500k_20261007T094728_f9d45348,PushCube-v1,mbpo,A_generation,174016,86,90657,TS1_mixture,reward_max,1.2431365251541138
mbpo_pushcube_500k_20261007T094728_f9d45348,PushCube-v1,mbpo,A_generation,174016,86,90657,TS1_mixture,elite_mean_reward_min,-0.5084837675094604
mbpo_pushcube_500k_20261007T094728_f9d45348,PushCube-v1,mbpo,A_generation,174016,86,90657,TS1_mixture,elite_mean_reward_max,1.1650336980819702
mbpo_pushcube_500k_20261007T094728_f9d45348,PushCube-v1,mbpo,A_generation,174016,86,90657,TS1_mixture,elite_mean_reward_outside_0_1_fraction,0.07958984375
mbpo_pushcube_500k_20261007T094728_f9d45348,PushCube-v1,mbpo,A_generation,174016,86,90657,TS1_mixture,extra.tcp_pose_quaternion_norm_mae,0.0008715733169087903
mbpo_pushcube_500k_20261007T094728_f9d45348,PushCube-v1,mbpo,A_generation,174016,86,90657,TS1_mixture,extra.tcp_pose_quaternion_norm_max_error,0.018021411605250837
mbpo_pushcube_500k_20261007T094728_f9d45348,PushCube-v1,mbpo,A_generation,174016,86,90657,TS1_mixture,extra.tcp_pose_quaternion_invalid_fraction_tol_0.01,0.00537109375
mbpo_pushcube_500k_20261007T094728_f9d45348,PushCube-v1,mbpo,A_generation,174016,86,90657,TS1_mixture,extra.obj_pose_quaternion_norm_mae,0.007867684999370239
mbpo_pushcube_500k_20261007T094728_f9d45348,PushCube-v1,mbpo,A_generation,174016,86,90657,TS1_mixture,extra.obj_pose_quaternion_norm_max_error,0.0792250639346963
mbpo_pushcube_500k_20261007T094728_f9d45348,PushCube-v1,mbpo,A_generation,174016,86,90657,TS1_mixture,extra.obj_pose_quaternion_invalid_fraction_tol_0.01,0.291015625
mbpo_pushcube_500k_20261007T094728_f9d45348,PushCube-v1,mbpo,A_generation,174016,86,90657,TS1_mixture,goal_position_drift_rmse,1.398136347774037e-07
mbpo_pushcube_500k_20261007T094728_f9d45348,PushCube-v1,mbpo,A_generation,174016,86,90657,TS1_mixture,projected_quaternion_max_norm_error/extra.tcp_pose,5.960464477539063e-08
mbpo_pushcube_500k_20261007T094728_f9d45348,PushCube-v1,mbpo,A_generation,174016,86,90657,TS1_mixture,projected_quaternion_max_norm_error/extra.obj_pose,5.960464477539063e-08
mbpo_pushcube_500k_20261007T094728_f9d45348,PushCube-v1,mbpo,A_generation,176000,87,91714,TS1_mixture,count,2048
mbpo_pushcube_500k_20261007T094728_f9d45348,PushCube-v1,mbpo,A_generation,176000,87,91714,TS1_mixture,all_finite,True
mbpo_pushcube_500k_20261007T094728_f9d45348,PushCube-v1,mbpo,A_generation,176000,87,91714,TS1_mixture,reward_outside_0_1_fraction,0.119140625
mbpo_pushcube_500k_20261007T094728_f9d45348,PushCube-v1,mbpo,A_generation,176000,87,91714,TS1_mixture,reward_below_zero_fraction,0.04150390625
mbpo_pushcube_500k_20261007T094728_f9d45348,PushCube-v1,mbpo,A_generation,176000,87,91714,TS1_mixture,reward_above_one_fraction,0.07763671875
mbpo_pushcube_500k_20261007T094728_f9d45348,PushCube-v1,mbpo,A_generation,176000,87,91714,TS1_mixture,reward_min,-0.6498286128044128
mbpo_pushcube_500k_20261007T094728_f9d45348,PushCube-v1,mbpo,A_generation,176000,87,91714,TS1_mixture,reward_max,1.1834754943847656
mbpo_pushcube_500k_20261007T094728_f9d45348,PushCube-v1,mbpo,A_generation,176000,87,91714,TS1_mixture,elite_mean_reward_min,-0.7136545777320862
mbpo_pushcube_500k_20261007T094728_f9d45348,PushCube-v1,mbpo,A_generation,176000,87,91714,TS1_mixture,elite_mean_reward_max,1.1065046787261963
mbpo_pushcube_500k_20261007T094728_f9d45348,PushCube-v1,mbpo,A_generation,176000,87,91714,TS1_mixture,elite_mean_reward_outside_0_1_fraction,0.0859375
mbpo_pushcube_500k_20261007T094728_f9d45348,PushCube-v1,mbpo,A_generation,176000,87,91714,TS1_mixture,extra.tcp_pose_quaternion_norm_mae,0.0008866590942266039
mbpo_pushcube_500k_20261007T094728_f9d45348,PushCube-v1,mbpo,A_generation,176000,87,91714,TS1_mixture,extra.tcp_pose_quaternion_norm_max_error,0.061313541959976625
mbpo_pushcube_500k_20261007T094728_f9d45348,PushCube-v1,mbpo,A_generation,176000,87,91714,TS1_mixture,extra.tcp_pose_quaternion_invalid_fraction_tol_0.01,0.00634765625
mbpo_pushcube_500k_20261007T094728_f9d45348,PushCube-v1,mbpo,A_generation,176000,87,91714,TS1_mixture,extra.obj_pose_quaternion_norm_mae,0.008288661511273509
mbpo_pushcube_500k_20261007T094728_f9d45348,PushCube-v1,mbpo,A_generation,176000,87,91714,TS1_mixture,extra.obj_pose_quaternion_norm_max_error,0.0919488259058977
mbpo_pushcube_500k_20261007T094728_f9d45348,PushCube-v1,mbpo,A_generation,176000,87,91714,TS1_mixture,extra.obj_pose_quaternion_invalid_fraction_tol_0.01,0.31591796875
mbpo_pushcube_500k_20261007T094728_f9d45348,PushCube-v1,mbpo,A_generation,176000,87,91714,TS1_mixture,goal_position_drift_rmse,1.6730419105405865e-07
mbpo_pushcube_500k_20261007T094728_f9d45348,PushCube-v1,mbpo,A_generation,176000,87,91714,TS1_mixture,projected_quaternion_max_norm_error/extra.tcp_pose,5.960464477539063e-08
mbpo_pushcube_500k_20261007T094728_f9d45348,PushCube-v1,mbpo,A_generation,176000,87,91714,TS1_mixture,projected_quaternion_max_norm_error/extra.obj_pose,5.960464477539063e-08
mbpo_pushcube_500k_20261007T094728_f9d45348,PushCube-v1,mbpo,A_generation,178016,88,92787,TS1_mixture,count,2048
mbpo_pushcube_500k_20261007T094728_f9d45348,PushCube-v1,mbpo,A_generation,178016,88,92787,TS1_mixture,all_finite,True
mbpo_pushcube_500k_20261007T094728_f9d45348,PushCube-v1,mbpo,A_generation,178016,88,92787,TS1_mixture,reward_outside_0_1_fraction,0.10693359375
mbpo_pushcube_500k_20261007T094728_f9d45348,PushCube-v1,mbpo,A_generation,178016,88,92787,TS1_mixture,reward_below_zero_fraction,0.05029296875
mbpo_pushcube_500k_20261007T094728_f9d45348,PushCube-v1,mbpo,A_generation,178016,88,92787,TS1_mixture,reward_above_one_fraction,0.056640625
mbpo_pushcube_500k_20261007T094728_f9d45348,PushCube-v1,mbpo,A_generation,178016,88,92787,TS1_mixture,reward_min,-0.5700228810310364
mbpo_pushcube_500k_20261007T094728_f9d45348,PushCube-v1,mbpo,A_generation,178016,88,92787,TS1_mixture,reward_max,1.164149522781372
mbpo_pushcube_500k_20261007T094728_f9d45348,PushCube-v1,mbpo,A_generation,178016,88,92787,TS1_mixture,elite_mean_reward_min,-0.5723322629928589
mbpo_pushcube_500k_20261007T094728_f9d45348,PushCube-v1,mbpo,A_generation,178016,88,92787,TS1_mixture,elite_mean_reward_max,1.0689682960510254
mbpo_pushcube_500k_20261007T094728_f9d45348,PushCube-v1,mbpo,A_generation,178016,88,92787,TS1_mixture,elite_mean_reward_outside_0_1_fraction,0.066162109375
mbpo_pushcube_500k_20261007T094728_f9d45348,PushCube-v1,mbpo,A_generation,178016,88,92787,TS1_mixture,extra.tcp_pose_quaternion_norm_mae,0.0010320899171214132
mbpo_pushcube_500k_20261007T094728_f9d45348,PushCube-v1,mbpo,A_generation,178016,88,92787,TS1_mixture,extra.tcp_pose_quaternion_norm_max_error,0.15508141125456099
mbpo_pushcube_500k_20261007T094728_f9d45348,PushCube-v1,mbpo,A_generation,178016,88,92787,TS1_mixture,extra.tcp_pose_quaternion_invalid_fraction_tol_0.01,0.00830078125
mbpo_pushcube_500k_20261007T094728_f9d45348,PushCube-v1,mbpo,A_generation,178016,88,92787,TS1_mixture,extra.obj_pose_quaternion_norm_mae,0.008165298190105391
mbpo_pushcube_500k_20261007T094728_f9d45348,PushCube-v1,mbpo,A_generation,178016,88,92787,TS1_mixture,extra.obj_pose_quaternion_norm_max_error,0.10623719080527472
mbpo_pushcube_500k_20261007T094728_f9d45348,PushCube-v1,mbpo,A_generation,178016,88,92787,TS1_mixture,extra.obj_pose_quaternion_invalid_fraction_tol_0.01,0.3154296875
mbpo_pushcube_500k_20261007T094728_f9d45348,PushCube-v1,mbpo,A_generation,178016,88,92787,TS1_mixture,goal_position_drift_rmse,1.4654730970255078e-07
mbpo_pushcube_500k_20261007T094728_f9d45348,PushCube-v1,mbpo,A_generation,178016,88,92787,TS1_mixture,projected_quaternion_max_norm_error/extra.tcp_pose,5.960464477539063e-08
mbpo_pushcube_500k_20261007T094728_f9d45348,PushCube-v1,mbpo,A_generation,178016,88,92787,TS1_mixture,projected_quaternion_max_norm_error/extra.obj_pose,5.960464477539063e-08
mbpo_pushcube_500k_20261007T094728_f9d45348,PushCube-v1,mbpo,A_generation,180000,89,93843,TS1_mixture,count,2048
mbpo_pushcube_500k_20261007T094728_f9d45348,PushCube-v1,mbpo,A_generation,180000,89,93843,TS1_mixture,all_finite,True
mbpo_pushcube_500k_20261007T094728_f9d45348,PushCube-v1,mbpo,A_generation,180000,89,93843,TS1_mixture,reward_outside_0_1_fraction,0.10888671875
mbpo_pushcube_500k_20261007T094728_f9d45348,PushCube-v1,mbpo,A_generation,180000,89,93843,TS1_mixture,reward_below_zero_fraction,0.04833984375
mbpo_pushcube_500k_20261007T094728_f9d45348,PushCube-v1,mbpo,A_generation,180000,89,93843,TS1_mixture,reward_above_one_fraction,0.060546875
mbpo_pushcube_500k_20261007T094728_f9d45348,PushCube-v1,mbpo,A_generation,180000,89,93843,TS1_mixture,reward_min,-0.5806187391281128
mbpo_pushcube_500k_20261007T094728_f9d45348,PushCube-v1,mbpo,A_generation,180000,89,93843,TS1_mixture,reward_max,1.2785485982894897
mbpo_pushcube_500k_20261007T094728_f9d45348,PushCube-v1,mbpo,A_generation,180000,89,93843,TS1_mixture,elite_mean_reward_min,-0.7136750817298889
mbpo_pushcube_500k_20261007T094728_f9d45348,PushCube-v1,mbpo,A_generation,180000,89,93843,TS1_mixture,elite_mean_reward_max,1.1561846733093262
mbpo_pushcube_500k_20261007T094728_f9d45348,PushCube-v1,mbpo,A_generation,180000,89,93843,TS1_mixture,elite_mean_reward_outside_0_1_fraction,0.078857421875
mbpo_pushcube_500k_20261007T094728_f9d45348,PushCube-v1,mbpo,A_generation,180000,89,93843,TS1_mixture,extra.tcp_pose_quaternion_norm_mae,0.0010330198338938815
mbpo_pushcube_500k_20261007T094728_f9d45348,PushCube-v1,mbpo,A_generation,180000,89,93843,TS1_mixture,extra.tcp_pose_quaternion_norm_max_error,0.06815180063976367
mbpo_pushcube_500k_20261007T094728_f9d45348,PushCube-v1,mbpo,A_generation,180000,89,93843,TS1_mixture,extra.tcp_pose_quaternion_invalid_fraction_tol_0.01,0.0087890625
mbpo_pushcube_500k_20261007T094728_f9d45348,PushCube-v1,mbpo,A_generation,180000,89,93843,TS1_mixture,extra.obj_pose_quaternion_norm_mae,0.00851319809532764
mbpo_pushcube_500k_20261007T094728_f9d45348,PushCube-v1,mbpo,A_generation,180000,89,93843,TS1_mixture,extra.obj_pose_quaternion_norm_max_error,0.08027919286857488
mbpo_pushcube_500k_20261007T094728_f9d45348,PushCube-v1,mbpo,A_generation,180000,89,93843,TS1_mixture,extra.obj_pose_quaternion_invalid_fraction_tol_0.01,0.3125
mbpo_pushcube_500k_20261007T094728_f9d45348,PushCube-v1,mbpo,A_generation,180000,89,93843,TS1_mixture,goal_position_drift_rmse,2.0870323380827985e-07
mbpo_pushcube_500k_20261007T094728_f9d45348,PushCube-v1,mbpo,A_generation,180000,89,93843,TS1_mixture,projected_quaternion_max_norm_error/extra.tcp_pose,5.960464477539063e-08
mbpo_pushcube_500k_20261007T094728_f9d45348,PushCube-v1,mbpo,A_generation,180000,89,93843,TS1_mixture,projected_quaternion_max_norm_error/extra.obj_pose,5.960464477539063e-08
mbpo_pushcube_500k_20261007T094728_f9d45348,PushCube-v1,mbpo,A_generation,182016,90,94916,TS1_mixture,count,2048
mbpo_pushcube_500k_20261007T094728_f9d45348,PushCube-v1,mbpo,A_generation,182016,90,94916,TS1_mixture,all_finite,True
mbpo_pushcube_500k_20261007T094728_f9d45348,PushCube-v1,mbpo,A_generation,182016,90,94916,TS1_mixture,reward_outside_0_1_fraction,0.1005859375
mbpo_pushcube_500k_20261007T094728_f9d45348,PushCube-v1,mbpo,A_generation,182016,90,94916,TS1_mixture,reward_below_zero_fraction,0.04052734375
mbpo_pushcube_500k_20261007T094728_f9d45348,PushCube-v1,mbpo,A_generation,182016,90,94916,TS1_mixture,reward_above_one_fraction,0.06005859375
mbpo_pushcube_500k_20261007T094728_f9d45348,PushCube-v1,mbpo,A_generation,182016,90,94916,TS1_mixture,reward_min,-0.7821234464645386
mbpo_pushcube_500k_20261007T094728_f9d45348,PushCube-v1,mbpo,A_generation,182016,90,94916,TS1_mixture,reward_max,1.2634140253067017
mbpo_pushcube_500k_20261007T094728_f9d45348,PushCube-v1,mbpo,A_generation,182016,90,94916,TS1_mixture,elite_mean_reward_min,-0.8120567798614502
mbpo_pushcube_500k_20261007T094728_f9d45348,PushCube-v1,mbpo,A_generation,182016,90,94916,TS1_mixture,elite_mean_reward_max,1.0922847986221313
mbpo_pushcube_500k_20261007T094728_f9d45348,PushCube-v1,mbpo,A_generation,182016,90,94916,TS1_mixture,elite_mean_reward_outside_0_1_fraction,0.06884765625
mbpo_pushcube_500k_20261007T094728_f9d45348,PushCube-v1,mbpo,A_generation,182016,90,94916,TS1_mixture,extra.tcp_pose_quaternion_norm_mae,0.0010133680899011613
mbpo_pushcube_500k_20261007T094728_f9d45348,PushCube-v1,mbpo,A_generation,182016,90,94916,TS1_mixture,extra.tcp_pose_quaternion_norm_max_error,0.041044797237911324
mbpo_pushcube_500k_20261007T094728_f9d45348,PushCube-v1,mbpo,A_generation,182016,90,94916,TS1_mixture,extra.tcp_pose_quaternion_invalid_fraction_tol_0.01,0.0107421875
mbpo_pushcube_500k_20261007T094728_f9d45348,PushCube-v1,mbpo,A_generation,182016,90,94916,TS1_mixture,extra.obj_pose_quaternion_norm_mae,0.008530493254076371
mbpo_pushcube_500k_20261007T094728_f9d45348,PushCube-v1,mbpo,A_generation,182016,90,94916,TS1_mixture,extra.obj_pose_quaternion_norm_max_error,0.06893818508731608
mbpo_pushcube_500k_20261007T094728_f9d45348,PushCube-v1,mbpo,A_generation,182016,90,94916,TS1_mixture,extra.obj_pose_quaternion_invalid_fraction_tol_0.01,0.33056640625
mbpo_pushcube_500k_20261007T094728_f9d45348,PushCube-v1,mbpo,A_generation,182016,90,94916,TS1_mixture,goal_position_drift_rmse,1.785554756055946e-07
mbpo_pushcube_500k_20261007T094728_f9d45348,PushCube-v1,mbpo,A_generation,182016,90,94916,TS1_mixture,projected_quaternion_max_norm_error/extra.tcp_pose,5.960464477539063e-08
mbpo_pushcube_500k_20261007T094728_f9d45348,PushCube-v1,mbpo,A_generation,182016,90,94916,TS1_mixture,projected_quaternion_max_norm_error/extra.obj_pose,5.960464477539063e-08
mbpo_pushcube_500k_20261007T094728_f9d45348,PushCube-v1,mbpo,A_generation,184000,91,95973,TS1_mixture,count,2048
mbpo_pushcube_500k_20261007T094728_f9d45348,PushCube-v1,mbpo,A_generation,184000,91,95973,TS1_mixture,all_finite,True
mbpo_pushcube_500k_20261007T094728_f9d45348,PushCube-v1,mbpo,A_generation,184000,91,95973,TS1_mixture,reward_outside_0_1_fraction,0.11572265625
mbpo_pushcube_500k_20261007T094728_f9d45348,PushCube-v1,mbpo,A_generation,184000,91,95973,TS1_mixture,reward_below_zero_fraction,0.05712890625
mbpo_pushcube_500k_20261007T094728_f9d45348,PushCube-v1,mbpo,A_generation,184000,91,95973,TS1_mixture,reward_above_one_fraction,0.05859375
mbpo_pushcube_500k_20261007T094728_f9d45348,PushCube-v1,mbpo,A_generation,184000,91,95973,TS1_mixture,reward_min,-0.5564684271812439
mbpo_pushcube_500k_20261007T094728_f9d45348,PushCube-v1,mbpo,A_generation,184000,91,95973,TS1_mixture,reward_max,1.2071382999420166
mbpo_pushcube_500k_20261007T094728_f9d45348,PushCube-v1,mbpo,A_generation,184000,91,95973,TS1_mixture,elite_mean_reward_min,-0.4960101842880249
mbpo_pushcube_500k_20261007T094728_f9d45348,PushCube-v1,mbpo,A_generation,184000,91,95973,TS1_mixture,elite_mean_reward_max,1.1052314043045044
mbpo_pushcube_500k_20261007T094728_f9d45348,PushCube-v1,mbpo,A_generation,184000,91,95973,TS1_mixture,elite_mean_reward_outside_0_1_fraction,0.0888671875
mbpo_pushcube_500k_20261007T094728_f9d45348,PushCube-v1,mbpo,A_generation,184000,91,95973,TS1_mixture,extra.tcp_pose_quaternion_norm_mae,0.0009770119691090134
mbpo_pushcube_500k_20261007T094728_f9d45348,PushCube-v1,mbpo,A_generation,184000,91,95973,TS1_mixture,extra.tcp_pose_quaternion_norm_max_error,0.03759766852566093
mbpo_pushcube_500k_20261007T094728_f9d45348,PushCube-v1,mbpo,A_generation,184000,91,95973,TS1_mixture,extra.tcp_pose_quaternion_invalid_fraction_tol_0.01,0.009765625
mbpo_pushcube_500k_20261007T094728_f9d45348,PushCube-v1,mbpo,A_generation,184000,91,95973,TS1_mixture,extra.obj_pose_quaternion_norm_mae,0.007550893437659184
mbpo_pushcube_500k_20261007T094728_f9d45348,PushCube-v1,mbpo,A_generation,184000,91,95973,TS1_mixture,extra.obj_pose_quaternion_norm_max_error,0.115185742033316
mbpo_pushcube_500k_20261007T094728_f9d45348,PushCube-v1,mbpo,A_generation,184000,91,95973,TS1_mixture,extra.obj_pose_quaternion_invalid_fraction_tol_0.01,0.28271484375
mbpo_pushcube_500k_20261007T094728_f9d45348,PushCube-v1,mbpo,A_generation,184000,91,95973,TS1_mixture,goal_position_drift_rmse,1.777128480083863e-07
mbpo_pushcube_500k_20261007T094728_f9d45348,PushCube-v1,mbpo,A_generation,184000,91,95973,TS1_mixture,projected_quaternion_max_norm_error/extra.tcp_pose,5.960464477539063e-08
mbpo_pushcube_500k_20261007T094728_f9d45348,PushCube-v1,mbpo,A_generation,184000,91,95973,TS1_mixture,projected_quaternion_max_norm_error/extra.obj_pose,5.960464477539063e-08
mbpo_pushcube_500k_20261007T094728_f9d45348,PushCube-v1,mbpo,A_generation,186016,92,97046,TS1_mixture,count,2048
mbpo_pushcube_500k_20261007T094728_f9d45348,PushCube-v1,mbpo,A_generation,186016,92,97046,TS1_mixture,all_finite,True
mbpo_pushcube_500k_20261007T094728_f9d45348,PushCube-v1,mbpo,A_generation,186016,92,97046,TS1_mixture,reward_outside_0_1_fraction,0.1142578125
mbpo_pushcube_500k_20261007T094728_f9d45348,PushCube-v1,mbpo,A_generation,186016,92,97046,TS1_mixture,reward_below_zero_fraction,0.052734375
mbpo_pushcube_500k_20261007T094728_f9d45348,PushCube-v1,mbpo,A_generation,186016,92,97046,TS1_mixture,reward_above_one_fraction,0.0615234375
mbpo_pushcube_500k_20261007T094728_f9d45348,PushCube-v1,mbpo,A_generation,186016,92,97046,TS1_mixture,reward_min,-1.9074723720550537
mbpo_pushcube_500k_20261007T094728_f9d45348,PushCube-v1,mbpo,A_generation,186016,92,97046,TS1_mixture,reward_max,1.2199045419692993
mbpo_pushcube_500k_20261007T094728_f9d45348,PushCube-v1,mbpo,A_generation,186016,92,97046,TS1_mixture,elite_mean_reward_min,-1.8056524991989136
mbpo_pushcube_500k_20261007T094728_f9d45348,PushCube-v1,mbpo,A_generation,186016,92,97046,TS1_mixture,elite_mean_reward_max,1.0908983945846558
mbpo_pushcube_500k_20261007T094728_f9d45348,PushCube-v1,mbpo,A_generation,186016,92,97046,TS1_mixture,elite_mean_reward_outside_0_1_fraction,0.08349609375
mbpo_pushcube_500k_20261007T094728_f9d45348,PushCube-v1,mbpo,A_generation,186016,92,97046,TS1_mixture,extra.tcp_pose_quaternion_norm_mae,0.0009124482874749439
mbpo_pushcube_500k_20261007T094728_f9d45348,PushCube-v1,mbpo,A_generation,186016,92,97046,TS1_mixture,extra.tcp_pose_quaternion_norm_max_error,0.024537591108858114
mbpo_pushcube_500k_20261007T094728_f9d45348,PushCube-v1,mbpo,A_generation,186016,92,97046,TS1_mixture,extra.tcp_pose_quaternion_invalid_fraction_tol_0.01,0.00732421875
mbpo_pushcube_500k_20261007T094728_f9d45348,PushCube-v1,mbpo,A_generation,186016,92,97046,TS1_mixture,extra.obj_pose_quaternion_norm_mae,0.00719867047604057
mbpo_pushcube_500k_20261007T094728_f9d45348,PushCube-v1,mbpo,A_generation,186016,92,97046,TS1_mixture,extra.obj_pose_quaternion_norm_max_error,0.10975184131976012
mbpo_pushcube_500k_20261007T094728_f9d45348,PushCube-v1,mbpo,A_generation,186016,92,97046,TS1_mixture,extra.obj_pose_quaternion_invalid_fraction_tol_0.01,0.2666015625
mbpo_pushcube_500k_20261007T094728_f9d45348,PushCube-v1,mbpo,A_generation,186016,92,97046,TS1_mixture,goal_position_drift_rmse,1.6377133139105476e-07
mbpo_pushcube_500k_20261007T094728_f9d45348,PushCube-v1,mbpo,A_generation,186016,92,97046,TS1_mixture,projected_quaternion_max_norm_error/extra.tcp_pose,5.960464477539063e-08
mbpo_pushcube_500k_20261007T094728_f9d45348,PushCube-v1,mbpo,A_generation,186016,92,97046,TS1_mixture,projected_quaternion_max_norm_error/extra.obj_pose,5.960464477539063e-08
mbpo_pushcube_500k_20261007T094728_f9d45348,PushCube-v1,mbpo,A_generation,188000,93,98102,TS1_mixture,count,2048
mbpo_pushcube_500k_20261007T094728_f9d45348,PushCube-v1,mbpo,A_generation,188000,93,98102,TS1_mixture,all_finite,True
mbpo_pushcube_500k_20261007T094728_f9d45348,PushCube-v1,mbpo,A_generation,188000,93,98102,TS1_mixture,reward_outside_0_1_fraction,0.111328125
mbpo_pushcube_500k_20261007T094728_f9d45348,PushCube-v1,mbpo,A_generation,188000,93,98102,TS1_mixture,reward_below_zero_fraction,0.04345703125
mbpo_pushcube_500k_20261007T094728_f9d45348,PushCube-v1,mbpo,A_generation,188000,93,98102,TS1_mixture,reward_above_one_fraction,0.06787109375
mbpo_pushcube_500k_20261007T094728_f9d45348,PushCube-v1,mbpo,A_generation,188000,93,98102,TS1_mixture,reward_min,-0.40545082092285156
mbpo_pushcube_500k_20261007T094728_f9d45348,PushCube-v1,mbpo,A_generation,188000,93,98102,TS1_mixture,reward_max,1.2292990684509277
mbpo_pushcube_500k_20261007T094728_f9d45348,PushCube-v1,mbpo,A_generation,188000,93,98102,TS1_mixture,elite_mean_reward_min,-0.4659825563430786
mbpo_pushcube_500k_20261007T094728_f9d45348,PushCube-v1,mbpo,A_generation,188000,93,98102,TS1_mixture,elite_mean_reward_max,1.0775418281555176
mbpo_pushcube_500k_20261007T094728_f9d45348,PushCube-v1,mbpo,A_generation,188000,93,98102,TS1_mixture,elite_mean_reward_outside_0_1_fraction,0.064208984375
mbpo_pushcube_500k_20261007T094728_f9d45348,PushCube-v1,mbpo,A_generation,188000,93,98102,TS1_mixture,extra.tcp_pose_quaternion_norm_mae,0.0009191744793446005
mbpo_pushcube_500k_20261007T094728_f9d45348,PushCube-v1,mbpo,A_generation,188000,93,98102,TS1_mixture,extra.tcp_pose_quaternion_norm_max_error,0.037165360139842174
mbpo_pushcube_500k_20261007T094728_f9d45348,PushCube-v1,mbpo,A_generation,188000,93,98102,TS1_mixture,extra.tcp_pose_quaternion_invalid_fraction_tol_0.01,0.00732421875
mbpo_pushcube_500k_20261007T094728_f9d45348,PushCube-v1,mbpo,A_generation,188000,93,98102,TS1_mixture,extra.obj_pose_quaternion_norm_mae,0.008446723219410392
mbpo_pushcube_500k_20261007T094728_f9d45348,PushCube-v1,mbpo,A_generation,188000,93,98102,TS1_mixture,extra.obj_pose_quaternion_norm_max_error,0.14320274187649973
mbpo_pushcube_500k_20261007T094728_f9d45348,PushCube-v1,mbpo,A_generation,188000,93,98102,TS1_mixture,extra.obj_pose_quaternion_invalid_fraction_tol_0.01,0.3095703125
mbpo_pushcube_500k_20261007T094728_f9d45348,PushCube-v1,mbpo,A_generation,188000,93,98102,TS1_mixture,goal_position_drift_rmse,1.9977673964650323e-07
mbpo_pushcube_500k_20261007T094728_f9d45348,PushCube-v1,mbpo,A_generation,188000,93,98102,TS1_mixture,projected_quaternion_max_norm_error/extra.tcp_pose,5.960464477539063e-08
mbpo_pushcube_500k_20261007T094728_f9d45348,PushCube-v1,mbpo,A_generation,188000,93,98102,TS1_mixture,projected_quaternion_max_norm_error/extra.obj_pose,5.960464477539063e-08
mbpo_pushcube_500k_20261007T094728_f9d45348,PushCube-v1,mbpo,A_generation,190016,94,99175,TS1_mixture,count,2048
mbpo_pushcube_500k_20261007T094728_f9d45348,PushCube-v1,mbpo,A_generation,190016,94,99175,TS1_mixture,all_finite,True
mbpo_pushcube_500k_20261007T094728_f9d45348,PushCube-v1,mbpo,A_generation,190016,94,99175,TS1_mixture,reward_outside_0_1_fraction,0.10693359375
mbpo_pushcube_500k_20261007T094728_f9d45348,PushCube-v1,mbpo,A_generation,190016,94,99175,TS1_mixture,reward_below_zero_fraction,0.048828125
mbpo_pushcube_500k_20261007T094728_f9d45348,PushCube-v1,mbpo,A_generation,190016,94,99175,TS1_mixture,reward_above_one_fraction,0.05810546875
mbpo_pushcube_500k_20261007T094728_f9d45348,PushCube-v1,mbpo,A_generation,190016,94,99175,TS1_mixture,reward_min,-1.0652830600738525
mbpo_pushcube_500k_20261007T094728_f9d45348,PushCube-v1,mbpo,A_generation,190016,94,99175,TS1_mixture,reward_max,1.1983565092086792
mbpo_pushcube_500k_20261007T094728_f9d45348,PushCube-v1,mbpo,A_generation,190016,94,99175,TS1_mixture,elite_mean_reward_min,-1.0142608880996704
mbpo_pushcube_500k_20261007T094728_f9d45348,PushCube-v1,mbpo,A_generation,190016,94,99175,TS1_mixture,elite_mean_reward_max,1.0983332395553589
mbpo_pushcube_500k_20261007T094728_f9d45348,PushCube-v1,mbpo,A_generation,190016,94,99175,TS1_mixture,elite_mean_reward_outside_0_1_fraction,0.076416015625
mbpo_pushcube_500k_20261007T094728_f9d45348,PushCube-v1,mbpo,A_generation,190016,94,99175,TS1_mixture,extra.tcp_pose_quaternion_norm_mae,0.0009683613528242408
mbpo_pushcube_500k_20261007T094728_f9d45348,PushCube-v1,mbpo,A_generation,190016,94,99175,TS1_mixture,extra.tcp_pose_quaternion_norm_max_error,0.05356600652798649
mbpo_pushcube_500k_20261007T094728_f9d45348,PushCube-v1,mbpo,A_generation,190016,94,99175,TS1_mixture,extra.tcp_pose_quaternion_invalid_fraction_tol_0.01,0.00927734375
mbpo_pushcube_500k_20261007T094728_f9d45348,PushCube-v1,mbpo,A_generation,190016,94,99175,TS1_mixture,extra.obj_pose_quaternion_norm_mae,0.007833873050203029
mbpo_pushcube_500k_20261007T094728_f9d45348,PushCube-v1,mbpo,A_generation,190016,94,99175,TS1_mixture,extra.obj_pose_quaternion_norm_max_error,0.06404401727332587
mbpo_pushcube_500k_20261007T094728_f9d45348,PushCube-v1,mbpo,A_generation,190016,94,99175,TS1_mixture,extra.obj_pose_quaternion_invalid_fraction_tol_0.01,0.29833984375
mbpo_pushcube_500k_20261007T094728_f9d45348,PushCube-v1,mbpo,A_generation,190016,94,99175,TS1_mixture,goal_position_drift_rmse,1.851242597063142e-07
mbpo_pushcube_500k_20261007T094728_f9d45348,PushCube-v1,mbpo,A_generation,190016,94,99175,TS1_mixture,projected_quaternion_max_norm_error/extra.tcp_pose,5.960464477539063e-08
mbpo_pushcube_500k_20261007T094728_f9d45348,PushCube-v1,mbpo,A_generation,190016,94,99175,TS1_mixture,projected_quaternion_max_norm_error/extra.obj_pose,5.960464477539063e-08
mbpo_pushcube_500k_20261007T094728_f9d45348,PushCube-v1,mbpo,A_generation,192000,95,100232,TS1_mixture,count,2048
mbpo_pushcube_500k_20261007T094728_f9d45348,PushCube-v1,mbpo,A_generation,192000,95,100232,TS1_mixture,all_finite,True
mbpo_pushcube_500k_20261007T094728_f9d45348,PushCube-v1,mbpo,A_generation,192000,95,100232,TS1_mixture,reward_outside_0_1_fraction,0.10693359375
mbpo_pushcube_500k_20261007T094728_f9d45348,PushCube-v1,mbpo,A_generation,192000,95,100232,TS1_mixture,reward_below_zero_fraction,0.0439453125
mbpo_pushcube_500k_20261007T094728_f9d45348,PushCube-v1,mbpo,A_generation,192000,95,100232,TS1_mixture,reward_above_one_fraction,0.06298828125
mbpo_pushcube_500k_20261007T094728_f9d45348,PushCube-v1,mbpo,A_generation,192000,95,100232,TS1_mixture,reward_min,-0.5895360112190247
mbpo_pushcube_500k_20261007T094728_f9d45348,PushCube-v1,mbpo,A_generation,192000,95,100232,TS1_mixture,reward_max,1.2321528196334839
mbpo_pushcube_500k_20261007T094728_f9d45348,PushCube-v1,mbpo,A_generation,192000,95,100232,TS1_mixture,elite_mean_reward_min,-0.5412356853485107
mbpo_pushcube_500k_20261007T094728_f9d45348,PushCube-v1,mbpo,A_generation,192000,95,100232,TS1_mixture,elite_mean_reward_max,1.1149122714996338
mbpo_pushcube_500k_20261007T094728_f9d45348,PushCube-v1,mbpo,A_generation,192000,95,100232,TS1_mixture,elite_mean_reward_outside_0_1_fraction,0.072509765625
mbpo_pushcube_500k_20261007T094728_f9d45348,PushCube-v1,mbpo,A_generation,192000,95,100232,TS1_mixture,extra.tcp_pose_quaternion_norm_mae,0.0009397638076206686
mbpo_pushcube_500k_20261007T094728_f9d45348,PushCube-v1,mbpo,A_generation,192000,95,100232,TS1_mixture,extra.tcp_pose_quaternion_norm_max_error,0.06593247650185774
mbpo_pushcube_500k_20261007T094728_f9d45348,PushCube-v1,mbpo,A_generation,192000,95,100232,TS1_mixture,extra.tcp_pose_quaternion_invalid_fraction_tol_0.01,0.0087890625
mbpo_pushcube_500k_20261007T094728_f9d45348,PushCube-v1,mbpo,A_generation,192000,95,100232,TS1_mixture,extra.obj_pose_quaternion_norm_mae,0.007443642384390712
mbpo_pushcube_500k_20261007T094728_f9d45348,PushCube-v1,mbpo,A_generation,192000,95,100232,TS1_mixture,extra.obj_pose_quaternion_norm_max_error,0.07313541786057287
mbpo_pushcube_500k_20261007T094728_f9d45348,PushCube-v1,mbpo,A_generation,192000,95,100232,TS1_mixture,extra.obj_pose_quaternion_invalid_fraction_tol_0.01,0.2744140625
mbpo_pushcube_500k_20261007T094728_f9d45348,PushCube-v1,mbpo,A_generation,192000,95,100232,TS1_mixture,goal_position_drift_rmse,1.9434786610651964e-07
mbpo_pushcube_500k_20261007T094728_f9d45348,PushCube-v1,mbpo,A_generation,192000,95,100232,TS1_mixture,projected_quaternion_max_norm_error/extra.tcp_pose,5.960464477539063e-08
mbpo_pushcube_500k_20261007T094728_f9d45348,PushCube-v1,mbpo,A_generation,192000,95,100232,TS1_mixture,projected_quaternion_max_norm_error/extra.obj_pose,5.960464477539063e-08
mbpo_pushcube_500k_20261007T094728_f9d45348,PushCube-v1,mbpo,A_generation,194016,96,101305,TS1_mixture,count,2048
mbpo_pushcube_500k_20261007T094728_f9d45348,PushCube-v1,mbpo,A_generation,194016,96,101305,TS1_mixture,all_finite,True
mbpo_pushcube_500k_20261007T094728_f9d45348,PushCube-v1,mbpo,A_generation,194016,96,101305,TS1_mixture,reward_outside_0_1_fraction,0.1162109375
mbpo_pushcube_500k_20261007T094728_f9d45348,PushCube-v1,mbpo,A_generation,194016,96,101305,TS1_mixture,reward_below_zero_fraction,0.04931640625
mbpo_pushcube_500k_20261007T094728_f9d45348,PushCube-v1,mbpo,A_generation,194016,96,101305,TS1_mixture,reward_above_one_fraction,0.06689453125
mbpo_pushcube_500k_20261007T094728_f9d45348,PushCube-v1,mbpo,A_generation,194016,96,101305,TS1_mixture,reward_min,-0.3493535816669464
mbpo_pushcube_500k_20261007T094728_f9d45348,PushCube-v1,mbpo,A_generation,194016,96,101305,TS1_mixture,reward_max,1.1805408000946045
mbpo_pushcube_500k_20261007T094728_f9d45348,PushCube-v1,mbpo,A_generation,194016,96,101305,TS1_mixture,elite_mean_reward_min,-0.45810234546661377
mbpo_pushcube_500k_20261007T094728_f9d45348,PushCube-v1,mbpo,A_generation,194016,96,101305,TS1_mixture,elite_mean_reward_max,1.1611404418945312
mbpo_pushcube_500k_20261007T094728_f9d45348,PushCube-v1,mbpo,A_generation,194016,96,101305,TS1_mixture,elite_mean_reward_outside_0_1_fraction,0.072265625
mbpo_pushcube_500k_20261007T094728_f9d45348,PushCube-v1,mbpo,A_generation,194016,96,101305,TS1_mixture,extra.tcp_pose_quaternion_norm_mae,0.0009112021152193362
mbpo_pushcube_500k_20261007T094728_f9d45348,PushCube-v1,mbpo,A_generation,194016,96,101305,TS1_mixture,extra.tcp_pose_quaternion_norm_max_error,0.051337777447668986
mbpo_pushcube_500k_20261007T094728_f9d45348,PushCube-v1,mbpo,A_generation,194016,96,101305,TS1_mixture,extra.tcp_pose_quaternion_invalid_fraction_tol_0.01,0.00537109375
mbpo_pushcube_500k_20261007T094728_f9d45348,PushCube-v1,mbpo,A_generation,194016,96,101305,TS1_mixture,extra.obj_pose_quaternion_norm_mae,0.0073458206289612905
mbpo_pushcube_500k_20261007T094728_f9d45348,PushCube-v1,mbpo,A_generation,194016,96,101305,TS1_mixture,extra.obj_pose_quaternion_norm_max_error,0.05390755061362462
mbpo_pushcube_500k_20261007T094728_f9d45348,PushCube-v1,mbpo,A_generation,194016,96,101305,TS1_mixture,extra.obj_pose_quaternion_invalid_fraction_tol_0.01,0.2666015625
mbpo_pushcube_500k_20261007T094728_f9d45348,PushCube-v1,mbpo,A_generation,194016,96,101305,TS1_mixture,goal_position_drift_rmse,1.8179320504331845e-07
mbpo_pushcube_500k_20261007T094728_f9d45348,PushCube-v1,mbpo,A_generation,194016,96,101305,TS1_mixture,projected_quaternion_max_norm_error/extra.tcp_pose,5.960464477539063e-08
mbpo_pushcube_500k_20261007T094728_f9d45348,PushCube-v1,mbpo,A_generation,194016,96,101305,TS1_mixture,projected_quaternion_max_norm_error/extra.obj_pose,5.960464477539063e-08
mbpo_pushcube_500k_20261007T094728_f9d45348,PushCube-v1,mbpo,A_generation,196000,97,102361,TS1_mixture,count,2048
mbpo_pushcube_500k_20261007T094728_f9d45348,PushCube-v1,mbpo,A_generation,196000,97,102361,TS1_mixture,all_finite,True
mbpo_pushcube_500k_20261007T094728_f9d45348,PushCube-v1,mbpo,A_generation,196000,97,102361,TS1_mixture,reward_outside_0_1_fraction,0.107421875
mbpo_pushcube_500k_20261007T094728_f9d45348,PushCube-v1,mbpo,A_generation,196000,97,102361,TS1_mixture,reward_below_zero_fraction,0.0498046875
mbpo_pushcube_500k_20261007T094728_f9d45348,PushCube-v1,mbpo,A_generation,196000,97,102361,TS1_mixture,reward_above_one_fraction,0.0576171875
mbpo_pushcube_500k_20261007T094728_f9d45348,PushCube-v1,mbpo,A_generation,196000,97,102361,TS1_mixture,reward_min,-0.5545231103897095
mbpo_pushcube_500k_20261007T094728_f9d45348,PushCube-v1,mbpo,A_generation,196000,97,102361,TS1_mixture,reward_max,1.1733839511871338
mbpo_pushcube_500k_20261007T094728_f9d45348,PushCube-v1,mbpo,A_generation,196000,97,102361,TS1_mixture,elite_mean_reward_min,-0.795118510723114
mbpo_pushcube_500k_20261007T094728_f9d45348,PushCube-v1,mbpo,A_generation,196000,97,102361,TS1_mixture,elite_mean_reward_max,1.0628069639205933
mbpo_pushcube_500k_20261007T094728_f9d45348,PushCube-v1,mbpo,A_generation,196000,97,102361,TS1_mixture,elite_mean_reward_outside_0_1_fraction,0.06640625
mbpo_pushcube_500k_20261007T094728_f9d45348,PushCube-v1,mbpo,A_generation,196000,97,102361,TS1_mixture,extra.tcp_pose_quaternion_norm_mae,0.0009921633850343368
mbpo_pushcube_500k_20261007T094728_f9d45348,PushCube-v1,mbpo,A_generation,196000,97,102361,TS1_mixture,extra.tcp_pose_quaternion_norm_max_error,0.06972686653686844
mbpo_pushcube_500k_20261007T094728_f9d45348,PushCube-v1,mbpo,A_generation,196000,97,102361,TS1_mixture,extra.tcp_pose_quaternion_invalid_fraction_tol_0.01,0.00732421875
mbpo_pushcube_500k_20261007T094728_f9d45348,PushCube-v1,mbpo,A_generation,196000,97,102361,TS1_mixture,extra.obj_pose_quaternion_norm_mae,0.007164956920514495
mbpo_pushcube_500k_20261007T094728_f9d45348,PushCube-v1,mbpo,A_generation,196000,97,102361,TS1_mixture,extra.obj_pose_quaternion_norm_max_error,0.08822215334177941
mbpo_pushcube_500k_20261007T094728_f9d45348,PushCube-v1,mbpo,A_generation,196000,97,102361,TS1_mixture,extra.obj_pose_quaternion_invalid_fraction_tol_0.01,0.2705078125
mbpo_pushcube_500k_20261007T094728_f9d45348,PushCube-v1,mbpo,A_generation,196000,97,102361,TS1_mixture,goal_position_drift_rmse,1.705794621370054e-07
mbpo_pushcube_500k_20261007T094728_f9d45348,PushCube-v1,mbpo,A_generation,196000,97,102361,TS1_mixture,projected_quaternion_max_norm_error/extra.tcp_pose,5.960464477539063e-08
mbpo_pushcube_500k_20261007T094728_f9d45348,PushCube-v1,mbpo,A_generation,196000,97,102361,TS1_mixture,projected_quaternion_max_norm_error/extra.obj_pose,5.960464477539063e-08
mbpo_pushcube_500k_20261007T094728_f9d45348,PushCube-v1,mbpo,A_generation,198016,98,103434,TS1_mixture,count,2048
mbpo_pushcube_500k_20261007T094728_f9d45348,PushCube-v1,mbpo,A_generation,198016,98,103434,TS1_mixture,all_finite,True
mbpo_pushcube_500k_20261007T094728_f9d45348,PushCube-v1,mbpo,A_generation,198016,98,103434,TS1_mixture,reward_outside_0_1_fraction,0.109375
mbpo_pushcube_500k_20261007T094728_f9d45348,PushCube-v1,mbpo,A_generation,198016,98,103434,TS1_mixture,reward_below_zero_fraction,0.0400390625
mbpo_pushcube_500k_20261007T094728_f9d45348,PushCube-v1,mbpo,A_generation,198016,98,103434,TS1_mixture,reward_above_one_fraction,0.0693359375
mbpo_pushcube_500k_20261007T094728_f9d45348,PushCube-v1,mbpo,A_generation,198016,98,103434,TS1_mixture,reward_min,-0.45273739099502563
mbpo_pushcube_500k_20261007T094728_f9d45348,PushCube-v1,mbpo,A_generation,198016,98,103434,TS1_mixture,reward_max,1.2376424074172974
mbpo_pushcube_500k_20261007T094728_f9d45348,PushCube-v1,mbpo,A_generation,198016,98,103434,TS1_mixture,elite_mean_reward_min,-0.4768372178077698
mbpo_pushcube_500k_20261007T094728_f9d45348,PushCube-v1,mbpo,A_generation,198016,98,103434,TS1_mixture,elite_mean_reward_max,1.0711392164230347
mbpo_pushcube_500k_20261007T094728_f9d45348,PushCube-v1,mbpo,A_generation,198016,98,103434,TS1_mixture,elite_mean_reward_outside_0_1_fraction,0.066162109375
mbpo_pushcube_500k_20261007T094728_f9d45348,PushCube-v1,mbpo,A_generation,198016,98,103434,TS1_mixture,extra.tcp_pose_quaternion_norm_mae,0.0008723915942729424
mbpo_pushcube_500k_20261007T094728_f9d45348,PushCube-v1,mbpo,A_generation,198016,98,103434,TS1_mixture,extra.tcp_pose_quaternion_norm_max_error,0.10817313923148508
mbpo_pushcube_500k_20261007T094728_f9d45348,PushCube-v1,mbpo,A_generation,198016,98,103434,TS1_mixture,extra.tcp_pose_quaternion_invalid_fraction_tol_0.01,0.00341796875
mbpo_pushcube_500k_20261007T094728_f9d45348,PushCube-v1,mbpo,A_generation,198016,98,103434,TS1_mixture,extra.obj_pose_quaternion_norm_mae,0.0071366096973154314
mbpo_pushcube_500k_20261007T094728_f9d45348,PushCube-v1,mbpo,A_generation,198016,98,103434,TS1_mixture,extra.obj_pose_quaternion_norm_max_error,0.07847995242929151
mbpo_pushcube_500k_20261007T094728_f9d45348,PushCube-v1,mbpo,A_generation,198016,98,103434,TS1_mixture,extra.obj_pose_quaternion_invalid_fraction_tol_0.01,0.265625
mbpo_pushcube_500k_20261007T094728_f9d45348,PushCube-v1,mbpo,A_generation,198016,98,103434,TS1_mixture,goal_position_drift_rmse,1.923040986953708e-07
mbpo_pushcube_500k_20261007T094728_f9d45348,PushCube-v1,mbpo,A_generation,198016,98,103434,TS1_mixture,projected_quaternion_max_norm_error/extra.tcp_pose,5.960464477539063e-08
mbpo_pushcube_500k_20261007T094728_f9d45348,PushCube-v1,mbpo,A_generation,198016,98,103434,TS1_mixture,projected_quaternion_max_norm_error/extra.obj_pose,5.960464477539063e-08
mbpo_pushcube_500k_20261007T094728_f9d45348,PushCube-v1,mbpo,A_generation,200000,99,104491,TS1_mixture,count,2048
mbpo_pushcube_500k_20261007T094728_f9d45348,PushCube-v1,mbpo,A_generation,200000,99,104491,TS1_mixture,all_finite,True
mbpo_pushcube_500k_20261007T094728_f9d45348,PushCube-v1,mbpo,A_generation,200000,99,104491,TS1_mixture,reward_outside_0_1_fraction,0.10595703125
mbpo_pushcube_500k_20261007T094728_f9d45348,PushCube-v1,mbpo,A_generation,200000,99,104491,TS1_mixture,reward_below_zero_fraction,0.0439453125
mbpo_pushcube_500k_20261007T094728_f9d45348,PushCube-v1,mbpo,A_generation,200000,99,104491,TS1_mixture,reward_above_one_fraction,0.06201171875
mbpo_pushcube_500k_20261007T094728_f9d45348,PushCube-v1,mbpo,A_generation,200000,99,104491,TS1_mixture,reward_min,-0.4932612478733063
mbpo_pushcube_500k_20261007T094728_f9d45348,PushCube-v1,mbpo,A_generation,200000,99,104491,TS1_mixture,reward_max,1.236492395401001
mbpo_pushcube_500k_20261007T094728_f9d45348,PushCube-v1,mbpo,A_generation,200000,99,104491,TS1_mixture,elite_mean_reward_min,-0.6303447484970093
mbpo_pushcube_500k_20261007T094728_f9d45348,PushCube-v1,mbpo,A_generation,200000,99,104491,TS1_mixture,elite_mean_reward_max,1.0780766010284424
mbpo_pushcube_500k_20261007T094728_f9d45348,PushCube-v1,mbpo,A_generation,200000,99,104491,TS1_mixture,elite_mean_reward_outside_0_1_fraction,0.06103515625
mbpo_pushcube_500k_20261007T094728_f9d45348,PushCube-v1,mbpo,A_generation,200000,99,104491,TS1_mixture,extra.tcp_pose_quaternion_norm_mae,0.0008484851834572029
mbpo_pushcube_500k_20261007T094728_f9d45348,PushCube-v1,mbpo,A_generation,200000,99,104491,TS1_mixture,extra.tcp_pose_quaternion_norm_max_error,0.0590259733509394
mbpo_pushcube_500k_20261007T094728_f9d45348,PushCube-v1,mbpo,A_generation,200000,99,104491,TS1_mixture,extra.tcp_pose_quaternion_invalid_fraction_tol_0.01,0.00732421875
mbpo_pushcube_500k_20261007T094728_f9d45348,PushCube-v1,mbpo,A_generation,200000,99,104491,TS1_mixture,extra.obj_pose_quaternion_norm_mae,0.00707098432092018
mbpo_pushcube_500k_20261007T094728_f9d45348,PushCube-v1,mbpo,A_generation,200000,99,104491,TS1_mixture,extra.obj_pose_quaternion_norm_max_error,0.09237782262510708
mbpo_pushcube_500k_20261007T094728_f9d45348,PushCube-v1,mbpo,A_generation,200000,99,104491,TS1_mixture,extra.obj_pose_quaternion_invalid_fraction_tol_0.01,0.2607421875
mbpo_pushcube_500k_20261007T094728_f9d45348,PushCube-v1,mbpo,A_generation,200000,99,104491,TS1_mixture,goal_position_drift_rmse,1.7896879865720728e-07
mbpo_pushcube_500k_20261007T094728_f9d45348,PushCube-v1,mbpo,A_generation,200000,99,104491,TS1_mixture,projected_quaternion_max_norm_error/extra.tcp_pose,5.960464477539063e-08
mbpo_pushcube_500k_20261007T094728_f9d45348,PushCube-v1,mbpo,A_generation,200000,99,104491,TS1_mixture,projected_quaternion_max_norm_error/extra.obj_pose,5.960464477539063e-08
mbpo_pushcube_500k_20261007T094728_f9d45348,PushCube-v1,mbpo,A_generation,202016,100,105570,TS1_mixture,count,2048
mbpo_pushcube_500k_20261007T094728_f9d45348,PushCube-v1,mbpo,A_generation,202016,100,105570,TS1_mixture,all_finite,True
mbpo_pushcube_500k_20261007T094728_f9d45348,PushCube-v1,mbpo,A_generation,202016,100,105570,TS1_mixture,reward_outside_0_1_fraction,0.0888671875
mbpo_pushcube_500k_20261007T094728_f9d45348,PushCube-v1,mbpo,A_generation,202016,100,105570,TS1_mixture,reward_below_zero_fraction,0.0390625
mbpo_pushcube_500k_20261007T094728_f9d45348,PushCube-v1,mbpo,A_generation,202016,100,105570,TS1_mixture,reward_above_one_fraction,0.0498046875
mbpo_pushcube_500k_20261007T094728_f9d45348,PushCube-v1,mbpo,A_generation,202016,100,105570,TS1_mixture,reward_min,-0.4186205267906189
mbpo_pushcube_500k_20261007T094728_f9d45348,PushCube-v1,mbpo,A_generation,202016,100,105570,TS1_mixture,reward_max,1.171492338180542
mbpo_pushcube_500k_20261007T094728_f9d45348,PushCube-v1,mbpo,A_generation,202016,100,105570,TS1_mixture,elite_mean_reward_min,-0.38242071866989136
mbpo_pushcube_500k_20261007T094728_f9d45348,PushCube-v1,mbpo,A_generation,202016,100,105570,TS1_mixture,elite_mean_reward_max,1.0891129970550537
mbpo_pushcube_500k_20261007T094728_f9d45348,PushCube-v1,mbpo,A_generation,202016,100,105570,TS1_mixture,elite_mean_reward_outside_0_1_fraction,0.06201171875
mbpo_pushcube_500k_20261007T094728_f9d45348,PushCube-v1,mbpo,A_generation,202016,100,105570,TS1_mixture,extra.tcp_pose_quaternion_norm_mae,0.0008941528016359009
mbpo_pushcube_500k_20261007T094728_f9d45348,PushCube-v1,mbpo,A_generation,202016,100,105570,TS1_mixture,extra.tcp_pose_quaternion_norm_max_error,0.03579365793746814
mbpo_pushcube_500k_20261007T094728_f9d45348,PushCube-v1,mbpo,A_generation,202016,100,105570,TS1_mixture,extra.tcp_pose_quaternion_invalid_fraction_tol_0.01,0.0078125
mbpo_pushcube_500k_20261007T094728_f9d45348,PushCube-v1,mbpo,A_generation,202016,100,105570,TS1_mixture,extra.obj_pose_quaternion_norm_mae,0.007628761172894818
mbpo_pushcube_500k_20261007T094728_f9d45348,PushCube-v1,mbpo,A_generation,202016,100,105570,TS1_mixture,extra.obj_pose_quaternion_norm_max_error,0.06817327740528811
mbpo_pushcube_500k_20261007T094728_f9d45348,PushCube-v1,mbpo,A_generation,202016,100,105570,TS1_mixture,extra.obj_pose_quaternion_invalid_fraction_tol_0.01,0.283203125
mbpo_pushcube_500k_20261007T094728_f9d45348,PushCube-v1,mbpo,A_generation,202016,100,105570,TS1_mixture,goal_position_drift_rmse,1.6126428854821025e-07
mbpo_pushcube_500k_20261007T094728_f9d45348,PushCube-v1,mbpo,A_generation,202016,100,105570,TS1_mixture,projected_quaternion_max_norm_error/extra.tcp_pose,5.960464477539063e-08
mbpo_pushcube_500k_20261007T094728_f9d45348,PushCube-v1,mbpo,A_generation,202016,100,105570,TS1_mixture,projected_quaternion_max_norm_error/extra.obj_pose,5.960464477539063e-08
mbpo_pushcube_500k_20261007T094728_f9d45348,PushCube-v1,mbpo,A_generation,204000,101,106626,TS1_mixture,count,2048
mbpo_pushcube_500k_20261007T094728_f9d45348,PushCube-v1,mbpo,A_generation,204000,101,106626,TS1_mixture,all_finite,True
mbpo_pushcube_500k_20261007T094728_f9d45348,PushCube-v1,mbpo,A_generation,204000,101,106626,TS1_mixture,reward_outside_0_1_fraction,0.11669921875
mbpo_pushcube_500k_20261007T094728_f9d45348,PushCube-v1,mbpo,A_generation,204000,101,106626,TS1_mixture,reward_below_zero_fraction,0.05224609375
mbpo_pushcube_500k_20261007T094728_f9d45348,PushCube-v1,mbpo,A_generation,204000,101,106626,TS1_mixture,reward_above_one_fraction,0.064453125
mbpo_pushcube_500k_20261007T094728_f9d45348,PushCube-v1,mbpo,A_generation,204000,101,106626,TS1_mixture,reward_min,-0.49098947644233704
mbpo_pushcube_500k_20261007T094728_f9d45348,PushCube-v1,mbpo,A_generation,204000,101,106626,TS1_mixture,reward_max,1.17064368724823
mbpo_pushcube_500k_20261007T094728_f9d45348,PushCube-v1,mbpo,A_generation,204000,101,106626,TS1_mixture,elite_mean_reward_min,-0.5276312232017517
mbpo_pushcube_500k_20261007T094728_f9d45348,PushCube-v1,mbpo,A_generation,204000,101,106626,TS1_mixture,elite_mean_reward_max,1.0800385475158691
mbpo_pushcube_500k_20261007T094728_f9d45348,PushCube-v1,mbpo,A_generation,204000,101,106626,TS1_mixture,elite_mean_reward_outside_0_1_fraction,0.070068359375
mbpo_pushcube_500k_20261007T094728_f9d45348,PushCube-v1,mbpo,A_generation,204000,101,106626,TS1_mixture,extra.tcp_pose_quaternion_norm_mae,0.000877861791058175
mbpo_pushcube_500k_20261007T094728_f9d45348,PushCube-v1,mbpo,A_generation,204000,101,106626,TS1_mixture,extra.tcp_pose_quaternion_norm_max_error,0.03905625931255097
mbpo_pushcube_500k_20261007T094728_f9d45348,PushCube-v1,mbpo,A_generation,204000,101,106626,TS1_mixture,extra.tcp_pose_quaternion_invalid_fraction_tol_0.01,0.0068359375
mbpo_pushcube_500k_20261007T094728_f9d45348,PushCube-v1,mbpo,A_generation,204000,101,106626,TS1_mixture,extra.obj_pose_quaternion_norm_mae,0.00747487124323103
mbpo_pushcube_500k_20261007T094728_f9d45348,PushCube-v1,mbpo,A_generation,204000,101,106626,TS1_mixture,extra.obj_pose_quaternion_norm_max_error,0.05915498147506204
mbpo_pushcube_500k_20261007T094728_f9d45348,PushCube-v1,mbpo,A_generation,204000,101,106626,TS1_mixture,extra.obj_pose_quaternion_invalid_fraction_tol_0.01,0.28369140625
mbpo_pushcube_500k_20261007T094728_f9d45348,PushCube-v1,mbpo,A_generation,204000,101,106626,TS1_mixture,goal_position_drift_rmse,1.671340658573412e-07
mbpo_pushcube_500k_20261007T094728_f9d45348,PushCube-v1,mbpo,A_generation,204000,101,106626,TS1_mixture,projected_quaternion_max_norm_error/extra.tcp_pose,5.960464477539063e-08
mbpo_pushcube_500k_20261007T094728_f9d45348,PushCube-v1,mbpo,A_generation,204000,101,106626,TS1_mixture,projected_quaternion_max_norm_error/extra.obj_pose,5.960464477539063e-08
mbpo_pushcube_500k_20261007T094728_f9d45348,PushCube-v1,mbpo,A_generation,206016,102,107699,TS1_mixture,count,2048
mbpo_pushcube_500k_20261007T094728_f9d45348,PushCube-v1,mbpo,A_generation,206016,102,107699,TS1_mixture,all_finite,True
mbpo_pushcube_500k_20261007T094728_f9d45348,PushCube-v1,mbpo,A_generation,206016,102,107699,TS1_mixture,reward_outside_0_1_fraction,0.1083984375
mbpo_pushcube_500k_20261007T094728_f9d45348,PushCube-v1,mbpo,A_generation,206016,102,107699,TS1_mixture,reward_below_zero_fraction,0.04296875
mbpo_pushcube_500k_20261007T094728_f9d45348,PushCube-v1,mbpo,A_generation,206016,102,107699,TS1_mixture,reward_above_one_fraction,0.0654296875
mbpo_pushcube_500k_20261007T094728_f9d45348,PushCube-v1,mbpo,A_generation,206016,102,107699,TS1_mixture,reward_min,-0.968163251876831
mbpo_pushcube_500k_20261007T094728_f9d45348,PushCube-v1,mbpo,A_generation,206016,102,107699,TS1_mixture,reward_max,1.1690212488174438
mbpo_pushcube_500k_20261007T094728_f9d45348,PushCube-v1,mbpo,A_generation,206016,102,107699,TS1_mixture,elite_mean_reward_min,-0.9505503177642822
mbpo_pushcube_500k_20261007T094728_f9d45348,PushCube-v1,mbpo,A_generation,206016,102,107699,TS1_mixture,elite_mean_reward_max,1.0900986194610596
mbpo_pushcube_500k_20261007T094728_f9d45348,PushCube-v1,mbpo,A_generation,206016,102,107699,TS1_mixture,elite_mean_reward_outside_0_1_fraction,0.0634765625
mbpo_pushcube_500k_20261007T094728_f9d45348,PushCube-v1,mbpo,A_generation,206016,102,107699,TS1_mixture,extra.tcp_pose_quaternion_norm_mae,0.0009978107314351054
mbpo_pushcube_500k_20261007T094728_f9d45348,PushCube-v1,mbpo,A_generation,206016,102,107699,TS1_mixture,extra.tcp_pose_quaternion_norm_max_error,0.05774159505747323
mbpo_pushcube_500k_20261007T094728_f9d45348,PushCube-v1,mbpo,A_generation,206016,102,107699,TS1_mixture,extra.tcp_pose_quaternion_invalid_fraction_tol_0.01,0.01318359375
mbpo_pushcube_500k_20261007T094728_f9d45348,PushCube-v1,mbpo,A_generation,206016,102,107699,TS1_mixture,extra.obj_pose_quaternion_norm_mae,0.007341623935572002
mbpo_pushcube_500k_20261007T094728_f9d45348,PushCube-v1,mbpo,A_generation,206016,102,107699,TS1_mixture,extra.obj_pose_quaternion_norm_max_error,0.08734987633375324
mbpo_pushcube_500k_20261007T094728_f9d45348,PushCube-v1,mbpo,A_generation,206016,102,107699,TS1_mixture,extra.obj_pose_quaternion_invalid_fraction_tol_0.01,0.275390625
mbpo_pushcube_500k_20261007T094728_f9d45348,PushCube-v1,mbpo,A_generation,206016,102,107699,TS1_mixture,goal_position_drift_rmse,1.7559265593184193e-07
mbpo_pushcube_500k_20261007T094728_f9d45348,PushCube-v1,mbpo,A_generation,206016,102,107699,TS1_mixture,projected_quaternion_max_norm_error/extra.tcp_pose,5.960464477539063e-08
mbpo_pushcube_500k_20261007T094728_f9d45348,PushCube-v1,mbpo,A_generation,206016,102,107699,TS1_mixture,projected_quaternion_max_norm_error/extra.obj_pose,5.960464477539063e-08
mbpo_pushcube_500k_20261007T094728_f9d45348,PushCube-v1,mbpo,A_generation,208000,103,108756,TS1_mixture,count,2048
mbpo_pushcube_500k_20261007T094728_f9d45348,PushCube-v1,mbpo,A_generation,208000,103,108756,TS1_mixture,all_finite,True
mbpo_pushcube_500k_20261007T094728_f9d45348,PushCube-v1,mbpo,A_generation,208000,103,108756,TS1_mixture,reward_outside_0_1_fraction,0.1171875
mbpo_pushcube_500k_20261007T094728_f9d45348,PushCube-v1,mbpo,A_generation,208000,103,108756,TS1_mixture,reward_below_zero_fraction,0.04443359375
mbpo_pushcube_500k_20261007T094728_f9d45348,PushCube-v1,mbpo,A_generation,208000,103,108756,TS1_mixture,reward_above_one_fraction,0.07275390625
mbpo_pushcube_500k_20261007T094728_f9d45348,PushCube-v1,mbpo,A_generation,208000,103,108756,TS1_mixture,reward_min,-0.5265756249427795
mbpo_pushcube_500k_20261007T094728_f9d45348,PushCube-v1,mbpo,A_generation,208000,103,108756,TS1_mixture,reward_max,1.177309274673462
mbpo_pushcube_500k_20261007T094728_f9d45348,PushCube-v1,mbpo,A_generation,208000,103,108756,TS1_mixture,elite_mean_reward_min,-0.7224677801132202
mbpo_pushcube_500k_20261007T094728_f9d45348,PushCube-v1,mbpo,A_generation,208000,103,108756,TS1_mixture,elite_mean_reward_max,1.0938947200775146
mbpo_pushcube_500k_20261007T094728_f9d45348,PushCube-v1,mbpo,A_generation,208000,103,108756,TS1_mixture,elite_mean_reward_outside_0_1_fraction,0.085205078125
mbpo_pushcube_500k_20261007T094728_f9d45348,PushCube-v1,mbpo,A_generation,208000,103,108756,TS1_mixture,extra.tcp_pose_quaternion_norm_mae,0.0009265702812334897
mbpo_pushcube_500k_20261007T094728_f9d45348,PushCube-v1,mbpo,A_generation,208000,103,108756,TS1_mixture,extra.tcp_pose_quaternion_norm_max_error,0.04281823092375536
mbpo_pushcube_500k_20261007T094728_f9d45348,PushCube-v1,mbpo,A_generation,208000,103,108756,TS1_mixture,extra.tcp_pose_quaternion_invalid_fraction_tol_0.01,0.0078125
mbpo_pushcube_500k_20261007T094728_f9d45348,PushCube-v1,mbpo,A_generation,208000,103,108756,TS1_mixture,extra.obj_pose_quaternion_norm_mae,0.00763252484717918
mbpo_pushcube_500k_20261007T094728_f9d45348,PushCube-v1,mbpo,A_generation,208000,103,108756,TS1_mixture,extra.obj_pose_quaternion_norm_max_error,0.07307786682526285
mbpo_pushcube_500k_20261007T094728_f9d45348,PushCube-v1,mbpo,A_generation,208000,103,108756,TS1_mixture,extra.obj_pose_quaternion_invalid_fraction_tol_0.01,0.2841796875
mbpo_pushcube_500k_20261007T094728_f9d45348,PushCube-v1,mbpo,A_generation,208000,103,108756,TS1_mixture,goal_position_drift_rmse,1.7327055050437604e-07
mbpo_pushcube_500k_20261007T094728_f9d45348,PushCube-v1,mbpo,A_generation,208000,103,108756,TS1_mixture,projected_quaternion_max_norm_error/extra.tcp_pose,5.960464477539063e-08
mbpo_pushcube_500k_20261007T094728_f9d45348,PushCube-v1,mbpo,A_generation,208000,103,108756,TS1_mixture,projected_quaternion_max_norm_error/extra.obj_pose,5.960464477539063e-08
mbpo_pushcube_500k_20261007T094728_f9d45348,PushCube-v1,mbpo,A_generation,210016,104,109829,TS1_mixture,count,2048
mbpo_pushcube_500k_20261007T094728_f9d45348,PushCube-v1,mbpo,A_generation,210016,104,109829,TS1_mixture,all_finite,True
mbpo_pushcube_500k_20261007T094728_f9d45348,PushCube-v1,mbpo,A_generation,210016,104,109829,TS1_mixture,reward_outside_0_1_fraction,0.1484375
mbpo_pushcube_500k_20261007T094728_f9d45348,PushCube-v1,mbpo,A_generation,210016,104,109829,TS1_mixture,reward_below_zero_fraction,0.04638671875
mbpo_pushcube_500k_20261007T094728_f9d45348,PushCube-v1,mbpo,A_generation,210016,104,109829,TS1_mixture,reward_above_one_fraction,0.10205078125
mbpo_pushcube_500k_20261007T094728_f9d45348,PushCube-v1,mbpo,A_generation,210016,104,109829,TS1_mixture,reward_min,-0.43784603476524353
mbpo_pushcube_500k_20261007T094728_f9d45348,PushCube-v1,mbpo,A_generation,210016,104,109829,TS1_mixture,reward_max,1.2103878259658813
mbpo_pushcube_500k_20261007T094728_f9d45348,PushCube-v1,mbpo,A_generation,210016,104,109829,TS1_mixture,elite_mean_reward_min,-0.472830593585968
mbpo_pushcube_500k_20261007T094728_f9d45348,PushCube-v1,mbpo,A_generation,210016,104,109829,TS1_mixture,elite_mean_reward_max,1.1034759283065796
mbpo_pushcube_500k_20261007T094728_f9d45348,PushCube-v1,mbpo,A_generation,210016,104,109829,TS1_mixture,elite_mean_reward_outside_0_1_fraction,0.104248046875
mbpo_pushcube_500k_20261007T094728_f9d45348,PushCube-v1,mbpo,A_generation,210016,104,109829,TS1_mixture,extra.tcp_pose_quaternion_norm_mae,0.0008998264179890988
mbpo_pushcube_500k_20261007T094728_f9d45348,PushCube-v1,mbpo,A_generation,210016,104,109829,TS1_mixture,extra.tcp_pose_quaternion_norm_max_error,0.04139624769012784
mbpo_pushcube_500k_20261007T094728_f9d45348,PushCube-v1,mbpo,A_generation,210016,104,109829,TS1_mixture,extra.tcp_pose_quaternion_invalid_fraction_tol_0.01,0.00830078125
mbpo_pushcube_500k_20261007T094728_f9d45348,PushCube-v1,mbpo,A_generation,210016,104,109829,TS1_mixture,extra.obj_pose_quaternion_norm_mae,0.006655122581272776
mbpo_pushcube_500k_20261007T094728_f9d45348,PushCube-v1,mbpo,A_generation,210016,104,109829,TS1_mixture,extra.obj_pose_quaternion_norm_max_error,0.06340888162485925
mbpo_pushcube_500k_20261007T094728_f9d45348,PushCube-v1,mbpo,A_generation,210016,104,109829,TS1_mixture,extra.obj_pose_quaternion_invalid_fraction_tol_0.01,0.24169921875
mbpo_pushcube_500k_20261007T094728_f9d45348,PushCube-v1,mbpo,A_generation,210016,104,109829,TS1_mixture,goal_position_drift_rmse,1.9358644533879946e-07
mbpo_pushcube_500k_20261007T094728_f9d45348,PushCube-v1,mbpo,A_generation,210016,104,109829,TS1_mixture,projected_quaternion_max_norm_error/extra.tcp_pose,5.960464477539063e-08
mbpo_pushcube_500k_20261007T094728_f9d45348,PushCube-v1,mbpo,A_generation,210016,104,109829,TS1_mixture,projected_quaternion_max_norm_error/extra.obj_pose,5.960464477539063e-08
mbpo_pushcube_500k_20261007T094728_f9d45348,PushCube-v1,mbpo,A_generation,212000,105,110885,TS1_mixture,count,2048
mbpo_pushcube_500k_20261007T094728_f9d45348,PushCube-v1,mbpo,A_generation,212000,105,110885,TS1_mixture,all_finite,True
mbpo_pushcube_500k_20261007T094728_f9d45348,PushCube-v1,mbpo,A_generation,212000,105,110885,TS1_mixture,reward_outside_0_1_fraction,0.1396484375
mbpo_pushcube_500k_20261007T094728_f9d45348,PushCube-v1,mbpo,A_generation,212000,105,110885,TS1_mixture,reward_below_zero_fraction,0.05078125
mbpo_pushcube_500k_20261007T094728_f9d45348,PushCube-v1,mbpo,A_generation,212000,105,110885,TS1_mixture,reward_above_one_fraction,0.0888671875
mbpo_pushcube_500k_20261007T094728_f9d45348,PushCube-v1,mbpo,A_generation,212000,105,110885,TS1_mixture,reward_min,-0.4232799708843231
mbpo_pushcube_500k_20261007T094728_f9d45348,PushCube-v1,mbpo,A_generation,212000,105,110885,TS1_mixture,reward_max,1.2034046649932861
mbpo_pushcube_500k_20261007T094728_f9d45348,PushCube-v1,mbpo,A_generation,212000,105,110885,TS1_mixture,elite_mean_reward_min,-0.5767581462860107
mbpo_pushcube_500k_20261007T094728_f9d45348,PushCube-v1,mbpo,A_generation,212000,105,110885,TS1_mixture,elite_mean_reward_max,1.1046234369277954
mbpo_pushcube_500k_20261007T094728_f9d45348,PushCube-v1,mbpo,A_generation,212000,105,110885,TS1_mixture,elite_mean_reward_outside_0_1_fraction,0.0927734375
mbpo_pushcube_500k_20261007T094728_f9d45348,PushCube-v1,mbpo,A_generation,212000,105,110885,TS1_mixture,extra.tcp_pose_quaternion_norm_mae,0.0008755966099810374
mbpo_pushcube_500k_20261007T094728_f9d45348,PushCube-v1,mbpo,A_generation,212000,105,110885,TS1_mixture,extra.tcp_pose_quaternion_norm_max_error,0.028092020338402968
mbpo_pushcube_500k_20261007T094728_f9d45348,PushCube-v1,mbpo,A_generation,212000,105,110885,TS1_mixture,extra.tcp_pose_quaternion_invalid_fraction_tol_0.01,0.005859375
mbpo_pushcube_500k_20261007T094728_f9d45348,PushCube-v1,mbpo,A_generation,212000,105,110885,TS1_mixture,extra.obj_pose_quaternion_norm_mae,0.0071082802866027075
mbpo_pushcube_500k_20261007T094728_f9d45348,PushCube-v1,mbpo,A_generation,212000,105,110885,TS1_mixture,extra.obj_pose_quaternion_norm_max_error,0.09129074721747377
mbpo_pushcube_500k_20261007T094728_f9d45348,PushCube-v1,mbpo,A_generation,212000,105,110885,TS1_mixture,extra.obj_pose_quaternion_invalid_fraction_tol_0.01,0.26025390625
mbpo_pushcube_500k_20261007T094728_f9d45348,PushCube-v1,mbpo,A_generation,212000,105,110885,TS1_mixture,goal_position_drift_rmse,1.9281637635892477e-07
mbpo_pushcube_500k_20261007T094728_f9d45348,PushCube-v1,mbpo,A_generation,212000,105,110885,TS1_mixture,projected_quaternion_max_norm_error/extra.tcp_pose,5.960464477539063e-08
mbpo_pushcube_500k_20261007T094728_f9d45348,PushCube-v1,mbpo,A_generation,212000,105,110885,TS1_mixture,projected_quaternion_max_norm_error/extra.obj_pose,5.960464477539063e-08
mbpo_pushcube_500k_20261007T094728_f9d45348,PushCube-v1,mbpo,A_generation,214016,106,111958,TS1_mixture,count,2048
mbpo_pushcube_500k_20261007T094728_f9d45348,PushCube-v1,mbpo,A_generation,214016,106,111958,TS1_mixture,all_finite,True
mbpo_pushcube_500k_20261007T094728_f9d45348,PushCube-v1,mbpo,A_generation,214016,106,111958,TS1_mixture,reward_outside_0_1_fraction,0.13720703125
mbpo_pushcube_500k_20261007T094728_f9d45348,PushCube-v1,mbpo,A_generation,214016,106,111958,TS1_mixture,reward_below_zero_fraction,0.04296875
mbpo_pushcube_500k_20261007T094728_f9d45348,PushCube-v1,mbpo,A_generation,214016,106,111958,TS1_mixture,reward_above_one_fraction,0.09423828125
mbpo_pushcube_500k_20261007T094728_f9d45348,PushCube-v1,mbpo,A_generation,214016,106,111958,TS1_mixture,reward_min,-0.7468206882476807
mbpo_pushcube_500k_20261007T094728_f9d45348,PushCube-v1,mbpo,A_generation,214016,106,111958,TS1_mixture,reward_max,1.271755337715149
mbpo_pushcube_500k_20261007T094728_f9d45348,PushCube-v1,mbpo,A_generation,214016,106,111958,TS1_mixture,elite_mean_reward_min,-0.7187615633010864
mbpo_pushcube_500k_20261007T094728_f9d45348,PushCube-v1,mbpo,A_generation,214016,106,111958,TS1_mixture,elite_mean_reward_max,1.092319130897522
mbpo_pushcube_500k_20261007T094728_f9d45348,PushCube-v1,mbpo,A_generation,214016,106,111958,TS1_mixture,elite_mean_reward_outside_0_1_fraction,0.0927734375
mbpo_pushcube_500k_20261007T094728_f9d45348,PushCube-v1,mbpo,A_generation,214016,106,111958,TS1_mixture,extra.tcp_pose_quaternion_norm_mae,0.0008598717168529369
mbpo_pushcube_500k_20261007T094728_f9d45348,PushCube-v1,mbpo,A_generation,214016,106,111958,TS1_mixture,extra.tcp_pose_quaternion_norm_max_error,0.046515382907241776
mbpo_pushcube_500k_20261007T094728_f9d45348,PushCube-v1,mbpo,A_generation,214016,106,111958,TS1_mixture,extra.tcp_pose_quaternion_invalid_fraction_tol_0.01,0.0087890625
mbpo_pushcube_500k_20261007T094728_f9d45348,PushCube-v1,mbpo,A_generation,214016,106,111958,TS1_mixture,extra.obj_pose_quaternion_norm_mae,0.006852030577123745
mbpo_pushcube_500k_20261007T094728_f9d45348,PushCube-v1,mbpo,A_generation,214016,106,111958,TS1_mixture,extra.obj_pose_quaternion_norm_max_error,0.060912578712482235
mbpo_pushcube_500k_20261007T094728_f9d45348,PushCube-v1,mbpo,A_generation,214016,106,111958,TS1_mixture,extra.obj_pose_quaternion_invalid_fraction_tol_0.01,0.255859375
mbpo_pushcube_500k_20261007T094728_f9d45348,PushCube-v1,mbpo,A_generation,214016,106,111958,TS1_mixture,goal_position_drift_rmse,1.6531314464168075e-07
mbpo_pushcube_500k_20261007T094728_f9d45348,PushCube-v1,mbpo,A_generation,214016,106,111958,TS1_mixture,projected_quaternion_max_norm_error/extra.tcp_pose,5.960464477539063e-08
mbpo_pushcube_500k_20261007T094728_f9d45348,PushCube-v1,mbpo,A_generation,214016,106,111958,TS1_mixture,projected_quaternion_max_norm_error/extra.obj_pose,5.960464477539063e-08
mbpo_pushcube_500k_20261007T094728_f9d45348,PushCube-v1,mbpo,A_generation,216000,107,113015,TS1_mixture,count,2048
mbpo_pushcube_500k_20261007T094728_f9d45348,PushCube-v1,mbpo,A_generation,216000,107,113015,TS1_mixture,all_finite,True
mbpo_pushcube_500k_20261007T094728_f9d45348,PushCube-v1,mbpo,A_generation,216000,107,113015,TS1_mixture,reward_outside_0_1_fraction,0.10107421875
mbpo_pushcube_500k_20261007T094728_f9d45348,PushCube-v1,mbpo,A_generation,216000,107,113015,TS1_mixture,reward_below_zero_fraction,0.0419921875
mbpo_pushcube_500k_20261007T094728_f9d45348,PushCube-v1,mbpo,A_generation,216000,107,113015,TS1_mixture,reward_above_one_fraction,0.05908203125
mbpo_pushcube_500k_20261007T094728_f9d45348,PushCube-v1,mbpo,A_generation,216000,107,113015,TS1_mixture,reward_min,-0.727393627166748
mbpo_pushcube_500k_20261007T094728_f9d45348,PushCube-v1,mbpo,A_generation,216000,107,113015,TS1_mixture,reward_max,1.178076148033142
mbpo_pushcube_500k_20261007T094728_f9d45348,PushCube-v1,mbpo,A_generation,216000,107,113015,TS1_mixture,elite_mean_reward_min,-0.7899900078773499
mbpo_pushcube_500k_20261007T094728_f9d45348,PushCube-v1,mbpo,A_generation,216000,107,113015,TS1_mixture,elite_mean_reward_max,1.0802019834518433
mbpo_pushcube_500k_20261007T094728_f9d45348,PushCube-v1,mbpo,A_generation,216000,107,113015,TS1_mixture,elite_mean_reward_outside_0_1_fraction,0.064208984375
mbpo_pushcube_500k_20261007T094728_f9d45348,PushCube-v1,mbpo,A_generation,216000,107,113015,TS1_mixture,extra.tcp_pose_quaternion_norm_mae,0.0009007481142780095
mbpo_pushcube_500k_20261007T094728_f9d45348,PushCube-v1,mbpo,A_generation,216000,107,113015,TS1_mixture,extra.tcp_pose_quaternion_norm_max_error,0.024029981719970506
mbpo_pushcube_500k_20261007T094728_f9d45348,PushCube-v1,mbpo,A_generation,216000,107,113015,TS1_mixture,extra.tcp_pose_quaternion_invalid_fraction_tol_0.01,0.01123046875
mbpo_pushcube_500k_20261007T094728_f9d45348,PushCube-v1,mbpo,A_generation,216000,107,113015,TS1_mixture,extra.obj_pose_quaternion_norm_mae,0.007415460836120158
mbpo_pushcube_500k_20261007T094728_f9d45348,PushCube-v1,mbpo,A_generation,216000,107,113015,TS1_mixture,extra.obj_pose_quaternion_norm_max_error,0.06497372836833493
mbpo_pushcube_500k_20261007T094728_f9d45348,PushCube-v1,mbpo,A_generation,216000,107,113015,TS1_mixture,extra.obj_pose_quaternion_invalid_fraction_tol_0.01,0.27294921875
mbpo_pushcube_500k_20261007T094728_f9d45348,PushCube-v1,mbpo,A_generation,216000,107,113015,TS1_mixture,goal_position_drift_rmse,1.550255494523046e-07
mbpo_pushcube_500k_20261007T094728_f9d45348,PushCube-v1,mbpo,A_generation,216000,107,113015,TS1_mixture,projected_quaternion_max_norm_error/extra.tcp_pose,5.960464477539063e-08
mbpo_pushcube_500k_20261007T094728_f9d45348,PushCube-v1,mbpo,A_generation,216000,107,113015,TS1_mixture,projected_quaternion_max_norm_error/extra.obj_pose,5.960464477539063e-08
mbpo_pushcube_500k_20261007T094728_f9d45348,PushCube-v1,mbpo,A_generation,218016,108,114088,TS1_mixture,count,2048
mbpo_pushcube_500k_20261007T094728_f9d45348,PushCube-v1,mbpo,A_generation,218016,108,114088,TS1_mixture,all_finite,True
mbpo_pushcube_500k_20261007T094728_f9d45348,PushCube-v1,mbpo,A_generation,218016,108,114088,TS1_mixture,reward_outside_0_1_fraction,0.13720703125
mbpo_pushcube_500k_20261007T094728_f9d45348,PushCube-v1,mbpo,A_generation,218016,108,114088,TS1_mixture,reward_below_zero_fraction,0.04345703125
mbpo_pushcube_500k_20261007T094728_f9d45348,PushCube-v1,mbpo,A_generation,218016,108,114088,TS1_mixture,reward_above_one_fraction,0.09375
mbpo_pushcube_500k_20261007T094728_f9d45348,PushCube-v1,mbpo,A_generation,218016,108,114088,TS1_mixture,reward_min,-0.5204592347145081
mbpo_pushcube_500k_20261007T094728_f9d45348,PushCube-v1,mbpo,A_generation,218016,108,114088,TS1_mixture,reward_max,1.208522081375122
mbpo_pushcube_500k_20261007T094728_f9d45348,PushCube-v1,mbpo,A_generation,218016,108,114088,TS1_mixture,elite_mean_reward_min,-0.45025718212127686
mbpo_pushcube_500k_20261007T094728_f9d45348,PushCube-v1,mbpo,A_generation,218016,108,114088,TS1_mixture,elite_mean_reward_max,1.0890593528747559
mbpo_pushcube_500k_20261007T094728_f9d45348,PushCube-v1,mbpo,A_generation,218016,108,114088,TS1_mixture,elite_mean_reward_outside_0_1_fraction,0.0849609375
mbpo_pushcube_500k_20261007T094728_f9d45348,PushCube-v1,mbpo,A_generation,218016,108,114088,TS1_mixture,extra.tcp_pose_quaternion_norm_mae,0.000931451371799126
mbpo_pushcube_500k_20261007T094728_f9d45348,PushCube-v1,mbpo,A_generation,218016,108,114088,TS1_mixture,extra.tcp_pose_quaternion_norm_max_error,0.05790572279831907
mbpo_pushcube_500k_20261007T094728_f9d45348,PushCube-v1,mbpo,A_generation,218016,108,114088,TS1_mixture,extra.tcp_pose_quaternion_invalid_fraction_tol_0.01,0.01025390625
mbpo_pushcube_500k_20261007T094728_f9d45348,PushCube-v1,mbpo,A_generation,218016,108,114088,TS1_mixture,extra.obj_pose_quaternion_norm_mae,0.007179747916709731
mbpo_pushcube_500k_20261007T094728_f9d45348,PushCube-v1,mbpo,A_generation,218016,108,114088,TS1_mixture,extra.obj_pose_quaternion_norm_max_error,0.08645588980728047
mbpo_pushcube_500k_20261007T094728_f9d45348,PushCube-v1,mbpo,A_generation,218016,108,114088,TS1_mixture,extra.obj_pose_quaternion_invalid_fraction_tol_0.01,0.27001953125
mbpo_pushcube_500k_20261007T094728_f9d45348,PushCube-v1,mbpo,A_generation,218016,108,114088,TS1_mixture,goal_position_drift_rmse,1.6662287437305469e-07
mbpo_pushcube_500k_20261007T094728_f9d45348,PushCube-v1,mbpo,A_generation,218016,108,114088,TS1_mixture,projected_quaternion_max_norm_error/extra.tcp_pose,5.960464477539063e-08
mbpo_pushcube_500k_20261007T094728_f9d45348,PushCube-v1,mbpo,A_generation,218016,108,114088,TS1_mixture,projected_quaternion_max_norm_error/extra.obj_pose,5.960464477539063e-08
mbpo_pushcube_500k_20261007T094728_f9d45348,PushCube-v1,mbpo,A_generation,220000,109,115144,TS1_mixture,count,2048
mbpo_pushcube_500k_20261007T094728_f9d45348,PushCube-v1,mbpo,A_generation,220000,109,115144,TS1_mixture,all_finite,True
mbpo_pushcube_500k_20261007T094728_f9d45348,PushCube-v1,mbpo,A_generation,220000,109,115144,TS1_mixture,reward_outside_0_1_fraction,0.12451171875
mbpo_pushcube_500k_20261007T094728_f9d45348,PushCube-v1,mbpo,A_generation,220000,109,115144,TS1_mixture,reward_below_zero_fraction,0.03369140625
mbpo_pushcube_500k_20261007T094728_f9d45348,PushCube-v1,mbpo,A_generation,220000,109,115144,TS1_mixture,reward_above_one_fraction,0.0908203125
mbpo_pushcube_500k_20261007T094728_f9d45348,PushCube-v1,mbpo,A_generation,220000,109,115144,TS1_mixture,reward_min,-0.5218618512153625
mbpo_pushcube_500k_20261007T094728_f9d45348,PushCube-v1,mbpo,A_generation,220000,109,115144,TS1_mixture,reward_max,1.175008773803711
mbpo_pushcube_500k_20261007T094728_f9d45348,PushCube-v1,mbpo,A_generation,220000,109,115144,TS1_mixture,elite_mean_reward_min,-0.9333587288856506
mbpo_pushcube_500k_20261007T094728_f9d45348,PushCube-v1,mbpo,A_generation,220000,109,115144,TS1_mixture,elite_mean_reward_max,1.1085718870162964
mbpo_pushcube_500k_20261007T094728_f9d45348,PushCube-v1,mbpo,A_generation,220000,109,115144,TS1_mixture,elite_mean_reward_outside_0_1_fraction,0.098876953125
mbpo_pushcube_500k_20261007T094728_f9d45348,PushCube-v1,mbpo,A_generation,220000,109,115144,TS1_mixture,extra.tcp_pose_quaternion_norm_mae,0.0008735690306634213
mbpo_pushcube_500k_20261007T094728_f9d45348,PushCube-v1,mbpo,A_generation,220000,109,115144,TS1_mixture,extra.tcp_pose_quaternion_norm_max_error,0.05005930549911586
mbpo_pushcube_500k_20261007T094728_f9d45348,PushCube-v1,mbpo,A_generation,220000,109,115144,TS1_mixture,extra.tcp_pose_quaternion_invalid_fraction_tol_0.01,0.00830078125
mbpo_pushcube_500k_20261007T094728_f9d45348,PushCube-v1,mbpo,A_generation,220000,109,115144,TS1_mixture,extra.obj_pose_quaternion_norm_mae,0.0077476621923063035
mbpo_pushcube_500k_20261007T094728_f9d45348,PushCube-v1,mbpo,A_generation,220000,109,115144,TS1_mixture,extra.obj_pose_quaternion_norm_max_error,0.19234421995865703
mbpo_pushcube_500k_20261007T094728_f9d45348,PushCube-v1,mbpo,A_generation,220000,109,115144,TS1_mixture,extra.obj_pose_quaternion_invalid_fraction_tol_0.01,0.2802734375
mbpo_pushcube_500k_20261007T094728_f9d45348,PushCube-v1,mbpo,A_generation,220000,109,115144,TS1_mixture,goal_position_drift_rmse,1.797229063585696e-07
mbpo_pushcube_500k_20261007T094728_f9d45348,PushCube-v1,mbpo,A_generation,220000,109,115144,TS1_mixture,projected_quaternion_max_norm_error/extra.tcp_pose,5.960464477539063e-08
mbpo_pushcube_500k_20261007T094728_f9d45348,PushCube-v1,mbpo,A_generation,220000,109,115144,TS1_mixture,projected_quaternion_max_norm_error/extra.obj_pose,5.960464477539063e-08
mbpo_pushcube_500k_20261007T094728_f9d45348,PushCube-v1,mbpo,A_generation,222016,110,116217,TS1_mixture,count,2048
mbpo_pushcube_500k_20261007T094728_f9d45348,PushCube-v1,mbpo,A_generation,222016,110,116217,TS1_mixture,all_finite,True
mbpo_pushcube_500k_20261007T094728_f9d45348,PushCube-v1,mbpo,A_generation,222016,110,116217,TS1_mixture,reward_outside_0_1_fraction,0.12890625
mbpo_pushcube_500k_20261007T094728_f9d45348,PushCube-v1,mbpo,A_generation,222016,110,116217,TS1_mixture,reward_below_zero_fraction,0.0419921875
mbpo_pushcube_500k_20261007T094728_f9d45348,PushCube-v1,mbpo,A_generation,222016,110,116217,TS1_mixture,reward_above_one_fraction,0.0869140625
mbpo_pushcube_500k_20261007T094728_f9d45348,PushCube-v1,mbpo,A_generation,222016,110,116217,TS1_mixture,reward_min,-0.43354177474975586
mbpo_pushcube_500k_20261007T094728_f9d45348,PushCube-v1,mbpo,A_generation,222016,110,116217,TS1_mixture,reward_max,1.1830151081085205
mbpo_pushcube_500k_20261007T094728_f9d45348,PushCube-v1,mbpo,A_generation,222016,110,116217,TS1_mixture,elite_mean_reward_min,-0.43583017587661743
mbpo_pushcube_500k_20261007T094728_f9d45348,PushCube-v1,mbpo,A_generation,222016,110,116217,TS1_mixture,elite_mean_reward_max,1.0939714908599854
mbpo_pushcube_500k_20261007T094728_f9d45348,PushCube-v1,mbpo,A_generation,222016,110,116217,TS1_mixture,elite_mean_reward_outside_0_1_fraction,0.0830078125
mbpo_pushcube_500k_20261007T094728_f9d45348,PushCube-v1,mbpo,A_generation,222016,110,116217,TS1_mixture,extra.tcp_pose_quaternion_norm_mae,0.0008330779172604554
mbpo_pushcube_500k_20261007T094728_f9d45348,PushCube-v1,mbpo,A_generation,222016,110,116217,TS1_mixture,extra.tcp_pose_quaternion_norm_max_error,0.0316345876929649
mbpo_pushcube_500k_20261007T094728_f9d45348,PushCube-v1,mbpo,A_generation,222016,110,116217,TS1_mixture,extra.tcp_pose_quaternion_invalid_fraction_tol_0.01,0.00537109375
mbpo_pushcube_500k_20261007T094728_f9d45348,PushCube-v1,mbpo,A_generation,222016,110,116217,TS1_mixture,extra.obj_pose_quaternion_norm_mae,0.007317761174004785
mbpo_pushcube_500k_20261007T094728_f9d45348,PushCube-v1,mbpo,A_generation,222016,110,116217,TS1_mixture,extra.obj_pose_quaternion_norm_max_error,0.13402636877427399
mbpo_pushcube_500k_20261007T094728_f9d45348,PushCube-v1,mbpo,A_generation,222016,110,116217,TS1_mixture,extra.obj_pose_quaternion_invalid_fraction_tol_0.01,0.2724609375
mbpo_pushcube_500k_20261007T094728_f9d45348,PushCube-v1,mbpo,A_generation,222016,110,116217,TS1_mixture,goal_position_drift_rmse,1.322684310831892e-07
mbpo_pushcube_500k_20261007T094728_f9d45348,PushCube-v1,mbpo,A_generation,222016,110,116217,TS1_mixture,projected_quaternion_max_norm_error/extra.tcp_pose,5.960464477539063e-08
mbpo_pushcube_500k_20261007T094728_f9d45348,PushCube-v1,mbpo,A_generation,222016,110,116217,TS1_mixture,projected_quaternion_max_norm_error/extra.obj_pose,5.960464477539063e-08
mbpo_pushcube_500k_20261007T094728_f9d45348,PushCube-v1,mbpo,A_generation,224000,111,117274,TS1_mixture,count,2048
mbpo_pushcube_500k_20261007T094728_f9d45348,PushCube-v1,mbpo,A_generation,224000,111,117274,TS1_mixture,all_finite,True
mbpo_pushcube_500k_20261007T094728_f9d45348,PushCube-v1,mbpo,A_generation,224000,111,117274,TS1_mixture,reward_outside_0_1_fraction,0.15673828125
mbpo_pushcube_500k_20261007T094728_f9d45348,PushCube-v1,mbpo,A_generation,224000,111,117274,TS1_mixture,reward_below_zero_fraction,0.0390625
mbpo_pushcube_500k_20261007T094728_f9d45348,PushCube-v1,mbpo,A_generation,224000,111,117274,TS1_mixture,reward_above_one_fraction,0.11767578125
mbpo_pushcube_500k_20261007T094728_f9d45348,PushCube-v1,mbpo,A_generation,224000,111,117274,TS1_mixture,reward_min,-0.3912386894226074
mbpo_pushcube_500k_20261007T094728_f9d45348,PushCube-v1,mbpo,A_generation,224000,111,117274,TS1_mixture,reward_max,1.2225728034973145
mbpo_pushcube_500k_20261007T094728_f9d45348,PushCube-v1,mbpo,A_generation,224000,111,117274,TS1_mixture,elite_mean_reward_min,-0.4071516990661621
mbpo_pushcube_500k_20261007T094728_f9d45348,PushCube-v1,mbpo,A_generation,224000,111,117274,TS1_mixture,elite_mean_reward_max,1.1127169132232666
mbpo_pushcube_500k_20261007T094728_f9d45348,PushCube-v1,mbpo,A_generation,224000,111,117274,TS1_mixture,elite_mean_reward_outside_0_1_fraction,0.118408203125
mbpo_pushcube_500k_20261007T094728_f9d45348,PushCube-v1,mbpo,A_generation,224000,111,117274,TS1_mixture,extra.tcp_pose_quaternion_norm_mae,0.0008612743016898755
mbpo_pushcube_500k_20261007T094728_f9d45348,PushCube-v1,mbpo,A_generation,224000,111,117274,TS1_mixture,extra.tcp_pose_quaternion_norm_max_error,0.0762228552318368
mbpo_pushcube_500k_20261007T094728_f9d45348,PushCube-v1,mbpo,A_generation,224000,111,117274,TS1_mixture,extra.tcp_pose_quaternion_invalid_fraction_tol_0.01,0.0078125
mbpo_pushcube_500k_20261007T094728_f9d45348,PushCube-v1,mbpo,A_generation,224000,111,117274,TS1_mixture,extra.obj_pose_quaternion_norm_mae,0.007449943735949769
mbpo_pushcube_500k_20261007T094728_f9d45348,PushCube-v1,mbpo,A_generation,224000,111,117274,TS1_mixture,extra.obj_pose_quaternion_norm_max_error,0.13224795850950022
mbpo_pushcube_500k_20261007T094728_f9d45348,PushCube-v1,mbpo,A_generation,224000,111,117274,TS1_mixture,extra.obj_pose_quaternion_invalid_fraction_tol_0.01,0.2802734375
mbpo_pushcube_500k_20261007T094728_f9d45348,PushCube-v1,mbpo,A_generation,224000,111,117274,TS1_mixture,goal_position_drift_rmse,1.7780548329015617e-07
mbpo_pushcube_500k_20261007T094728_f9d45348,PushCube-v1,mbpo,A_generation,224000,111,117274,TS1_mixture,projected_quaternion_max_norm_error/extra.tcp_pose,5.960464477539063e-08
mbpo_pushcube_500k_20261007T094728_f9d45348,PushCube-v1,mbpo,A_generation,224000,111,117274,TS1_mixture,projected_quaternion_max_norm_error/extra.obj_pose,5.960464477539063e-08
mbpo_pushcube_500k_20261007T094728_f9d45348,PushCube-v1,mbpo,A_generation,226016,112,118347,TS1_mixture,count,2048
mbpo_pushcube_500k_20261007T094728_f9d45348,PushCube-v1,mbpo,A_generation,226016,112,118347,TS1_mixture,all_finite,True
mbpo_pushcube_500k_20261007T094728_f9d45348,PushCube-v1,mbpo,A_generation,226016,112,118347,TS1_mixture,reward_outside_0_1_fraction,0.15478515625
mbpo_pushcube_500k_20261007T094728_f9d45348,PushCube-v1,mbpo,A_generation,226016,112,118347,TS1_mixture,reward_below_zero_fraction,0.04150390625
mbpo_pushcube_500k_20261007T094728_f9d45348,PushCube-v1,mbpo,A_generation,226016,112,118347,TS1_mixture,reward_above_one_fraction,0.11328125
mbpo_pushcube_500k_20261007T094728_f9d45348,PushCube-v1,mbpo,A_generation,226016,112,118347,TS1_mixture,reward_min,-0.4114223122596741
mbpo_pushcube_500k_20261007T094728_f9d45348,PushCube-v1,mbpo,A_generation,226016,112,118347,TS1_mixture,reward_max,1.1940968036651611
mbpo_pushcube_500k_20261007T094728_f9d45348,PushCube-v1,mbpo,A_generation,226016,112,118347,TS1_mixture,elite_mean_reward_min,-0.49964970350265503
mbpo_pushcube_500k_20261007T094728_f9d45348,PushCube-v1,mbpo,A_generation,226016,112,118347,TS1_mixture,elite_mean_reward_max,1.1279605627059937
mbpo_pushcube_500k_20261007T094728_f9d45348,PushCube-v1,mbpo,A_generation,226016,112,118347,TS1_mixture,elite_mean_reward_outside_0_1_fraction,0.110595703125
mbpo_pushcube_500k_20261007T094728_f9d45348,PushCube-v1,mbpo,A_generation,226016,112,118347,TS1_mixture,extra.tcp_pose_quaternion_norm_mae,0.0008716342070959864
mbpo_pushcube_500k_20261007T094728_f9d45348,PushCube-v1,mbpo,A_generation,226016,112,118347,TS1_mixture,extra.tcp_pose_quaternion_norm_max_error,0.04963702594347663
mbpo_pushcube_500k_20261007T094728_f9d45348,PushCube-v1,mbpo,A_generation,226016,112,118347,TS1_mixture,extra.tcp_pose_quaternion_invalid_fraction_tol_0.01,0.005859375
mbpo_pushcube_500k_20261007T094728_f9d45348,PushCube-v1,mbpo,A_generation,226016,112,118347,TS1_mixture,extra.obj_pose_quaternion_norm_mae,0.007259242528325007
mbpo_pushcube_500k_20261007T094728_f9d45348,PushCube-v1,mbpo,A_generation,226016,112,118347,TS1_mixture,extra.obj_pose_quaternion_norm_max_error,0.07223074549643682
mbpo_pushcube_500k_20261007T094728_f9d45348,PushCube-v1,mbpo,A_generation,226016,112,118347,TS1_mixture,extra.obj_pose_quaternion_invalid_fraction_tol_0.01,0.26904296875
mbpo_pushcube_500k_20261007T094728_f9d45348,PushCube-v1,mbpo,A_generation,226016,112,118347,TS1_mixture,goal_position_drift_rmse,1.716229463405606e-07
mbpo_pushcube_500k_20261007T094728_f9d45348,PushCube-v1,mbpo,A_generation,226016,112,118347,TS1_mixture,projected_quaternion_max_norm_error/extra.tcp_pose,5.960464477539063e-08
mbpo_pushcube_500k_20261007T094728_f9d45348,PushCube-v1,mbpo,A_generation,226016,112,118347,TS1_mixture,projected_quaternion_max_norm_error/extra.obj_pose,5.960464477539063e-08
mbpo_pushcube_500k_20261007T094728_f9d45348,PushCube-v1,mbpo,A_generation,228000,113,119403,TS1_mixture,count,2048
mbpo_pushcube_500k_20261007T094728_f9d45348,PushCube-v1,mbpo,A_generation,228000,113,119403,TS1_mixture,all_finite,True
mbpo_pushcube_500k_20261007T094728_f9d45348,PushCube-v1,mbpo,A_generation,228000,113,119403,TS1_mixture,reward_outside_0_1_fraction,0.1572265625
mbpo_pushcube_500k_20261007T094728_f9d45348,PushCube-v1,mbpo,A_generation,228000,113,119403,TS1_mixture,reward_below_zero_fraction,0.0546875
mbpo_pushcube_500k_20261007T094728_f9d45348,PushCube-v1,mbpo,A_generation,228000,113,119403,TS1_mixture,reward_above_one_fraction,0.1025390625
mbpo_pushcube_500k_20261007T094728_f9d45348,PushCube-v1,mbpo,A_generation,228000,113,119403,TS1_mixture,reward_min,-0.3602795898914337
mbpo_pushcube_500k_20261007T094728_f9d45348,PushCube-v1,mbpo,A_generation,228000,113,119403,TS1_mixture,reward_max,1.1926034688949585
mbpo_pushcube_500k_20261007T094728_f9d45348,PushCube-v1,mbpo,A_generation,228000,113,119403,TS1_mixture,elite_mean_reward_min,-0.472434937953949
mbpo_pushcube_500k_20261007T094728_f9d45348,PushCube-v1,mbpo,A_generation,228000,113,119403,TS1_mixture,elite_mean_reward_max,1.1073871850967407
mbpo_pushcube_500k_20261007T094728_f9d45348,PushCube-v1,mbpo,A_generation,228000,113,119403,TS1_mixture,elite_mean_reward_outside_0_1_fraction,0.114013671875
mbpo_pushcube_500k_20261007T094728_f9d45348,PushCube-v1,mbpo,A_generation,228000,113,119403,TS1_mixture,extra.tcp_pose_quaternion_norm_mae,0.0008221122153759274
mbpo_pushcube_500k_20261007T094728_f9d45348,PushCube-v1,mbpo,A_generation,228000,113,119403,TS1_mixture,extra.tcp_pose_quaternion_norm_max_error,0.020618624357688686
mbpo_pushcube_500k_20261007T094728_f9d45348,PushCube-v1,mbpo,A_generation,228000,113,119403,TS1_mixture,extra.tcp_pose_quaternion_invalid_fraction_tol_0.01,0.0048828125
mbpo_pushcube_500k_20261007T094728_f9d45348,PushCube-v1,mbpo,A_generation,228000,113,119403,TS1_mixture,extra.obj_pose_quaternion_norm_mae,0.007124202118809805
mbpo_pushcube_500k_20261007T094728_f9d45348,PushCube-v1,mbpo,A_generation,228000,113,119403,TS1_mixture,extra.obj_pose_quaternion_norm_max_error,0.07782827133268622
mbpo_pushcube_500k_20261007T094728_f9d45348,PushCube-v1,mbpo,A_generation,228000,113,119403,TS1_mixture,extra.obj_pose_quaternion_invalid_fraction_tol_0.01,0.26513671875
mbpo_pushcube_500k_20261007T094728_f9d45348,PushCube-v1,mbpo,A_generation,228000,113,119403,TS1_mixture,goal_position_drift_rmse,1.7321505385393496e-07
mbpo_pushcube_500k_20261007T094728_f9d45348,PushCube-v1,mbpo,A_generation,228000,113,119403,TS1_mixture,projected_quaternion_max_norm_error/extra.tcp_pose,5.960464477539063e-08
mbpo_pushcube_500k_20261007T094728_f9d45348,PushCube-v1,mbpo,A_generation,228000,113,119403,TS1_mixture,projected_quaternion_max_norm_error/extra.obj_pose,5.960464477539063e-08
mbpo_pushcube_500k_20261007T094728_f9d45348,PushCube-v1,mbpo,A_generation,230016,114,120476,TS1_mixture,count,2048
mbpo_pushcube_500k_20261007T094728_f9d45348,PushCube-v1,mbpo,A_generation,230016,114,120476,TS1_mixture,all_finite,True
mbpo_pushcube_500k_20261007T094728_f9d45348,PushCube-v1,mbpo,A_generation,230016,114,120476,TS1_mixture,reward_outside_0_1_fraction,0.14599609375
mbpo_pushcube_500k_20261007T094728_f9d45348,PushCube-v1,mbpo,A_generation,230016,114,120476,TS1_mixture,reward_below_zero_fraction,0.037109375
mbpo_pushcube_500k_20261007T094728_f9d45348,PushCube-v1,mbpo,A_generation,230016,114,120476,TS1_mixture,reward_above_one_fraction,0.10888671875
mbpo_pushcube_500k_20261007T094728_f9d45348,PushCube-v1,mbpo,A_generation,230016,114,120476,TS1_mixture,reward_min,-0.43268561363220215
mbpo_pushcube_500k_20261007T094728_f9d45348,PushCube-v1,mbpo,A_generation,230016,114,120476,TS1_mixture,reward_max,1.1917948722839355
mbpo_pushcube_500k_20261007T094728_f9d45348,PushCube-v1,mbpo,A_generation,230016,114,120476,TS1_mixture,elite_mean_reward_min,-0.3632001578807831
mbpo_pushcube_500k_20261007T094728_f9d45348,PushCube-v1,mbpo,A_generation,230016,114,120476,TS1_mixture,elite_mean_reward_max,1.0927711725234985
mbpo_pushcube_500k_20261007T094728_f9d45348,PushCube-v1,mbpo,A_generation,230016,114,120476,TS1_mixture,elite_mean_reward_outside_0_1_fraction,0.102294921875
mbpo_pushcube_500k_20261007T094728_f9d45348,PushCube-v1,mbpo,A_generation,230016,114,120476,TS1_mixture,extra.tcp_pose_quaternion_norm_mae,0.0008109458419414232
mbpo_pushcube_500k_20261007T094728_f9d45348,PushCube-v1,mbpo,A_generation,230016,114,120476,TS1_mixture,extra.tcp_pose_quaternion_norm_max_error,0.03483751680833436
mbpo_pushcube_500k_20261007T094728_f9d45348,PushCube-v1,mbpo,A_generation,230016,114,120476,TS1_mixture,extra.tcp_pose_quaternion_invalid_fraction_tol_0.01,0.00732421875
mbpo_pushcube_500k_20261007T094728_f9d45348,PushCube-v1,mbpo,A_generation,230016,114,120476,TS1_mixture,extra.obj_pose_quaternion_norm_mae,0.006944572072372802
mbpo_pushcube_500k_20261007T094728_f9d45348,PushCube-v1,mbpo,A_generation,230016,114,120476,TS1_mixture,extra.obj_pose_quaternion_norm_max_error,0.06488589080288876
mbpo_pushcube_500k_20261007T094728_f9d45348,PushCube-v1,mbpo,A_generation,230016,114,120476,TS1_mixture,extra.obj_pose_quaternion_invalid_fraction_tol_0.01,0.25146484375
mbpo_pushcube_500k_20261007T094728_f9d45348,PushCube-v1,mbpo,A_generation,230016,114,120476,TS1_mixture,goal_position_drift_rmse,1.6056681797227136e-07
mbpo_pushcube_500k_20261007T094728_f9d45348,PushCube-v1,mbpo,A_generation,230016,114,120476,TS1_mixture,projected_quaternion_max_norm_error/extra.tcp_pose,5.960464477539063e-08
mbpo_pushcube_500k_20261007T094728_f9d45348,PushCube-v1,mbpo,A_generation,230016,114,120476,TS1_mixture,projected_quaternion_max_norm_error/extra.obj_pose,5.960464477539063e-08
mbpo_pushcube_500k_20261007T094728_f9d45348,PushCube-v1,mbpo,A_generation,232000,115,121533,TS1_mixture,count,2048
mbpo_pushcube_500k_20261007T094728_f9d45348,PushCube-v1,mbpo,A_generation,232000,115,121533,TS1_mixture,all_finite,True
mbpo_pushcube_500k_20261007T094728_f9d45348,PushCube-v1,mbpo,A_generation,232000,115,121533,TS1_mixture,reward_outside_0_1_fraction,0.1572265625
mbpo_pushcube_500k_20261007T094728_f9d45348,PushCube-v1,mbpo,A_generation,232000,115,121533,TS1_mixture,reward_below_zero_fraction,0.04541015625
mbpo_pushcube_500k_20261007T094728_f9d45348,PushCube-v1,mbpo,A_generation,232000,115,121533,TS1_mixture,reward_above_one_fraction,0.11181640625
mbpo_pushcube_500k_20261007T094728_f9d45348,PushCube-v1,mbpo,A_generation,232000,115,121533,TS1_mixture,reward_min,-0.3613867163658142
mbpo_pushcube_500k_20261007T094728_f9d45348,PushCube-v1,mbpo,A_generation,232000,115,121533,TS1_mixture,reward_max,1.1790622472763062
mbpo_pushcube_500k_20261007T094728_f9d45348,PushCube-v1,mbpo,A_generation,232000,115,121533,TS1_mixture,elite_mean_reward_min,-0.49626588821411133
mbpo_pushcube_500k_20261007T094728_f9d45348,PushCube-v1,mbpo,A_generation,232000,115,121533,TS1_mixture,elite_mean_reward_max,1.1118800640106201
mbpo_pushcube_500k_20261007T094728_f9d45348,PushCube-v1,mbpo,A_generation,232000,115,121533,TS1_mixture,elite_mean_reward_outside_0_1_fraction,0.127197265625
mbpo_pushcube_500k_20261007T094728_f9d45348,PushCube-v1,mbpo,A_generation,232000,115,121533,TS1_mixture,extra.tcp_pose_quaternion_norm_mae,0.0008852571006407194
mbpo_pushcube_500k_20261007T094728_f9d45348,PushCube-v1,mbpo,A_generation,232000,115,121533,TS1_mixture,extra.tcp_pose_quaternion_norm_max_error,0.05731776910304831
mbpo_pushcube_500k_20261007T094728_f9d45348,PushCube-v1,mbpo,A_generation,232000,115,121533,TS1_mixture,extra.tcp_pose_quaternion_invalid_fraction_tol_0.01,0.0078125
mbpo_pushcube_500k_20261007T094728_f9d45348,PushCube-v1,mbpo,A_generation,232000,115,121533,TS1_mixture,extra.obj_pose_quaternion_norm_mae,0.0067999246133387935
mbpo_pushcube_500k_20261007T094728_f9d45348,PushCube-v1,mbpo,A_generation,232000,115,121533,TS1_mixture,extra.obj_pose_quaternion_norm_max_error,0.06445407642560752
mbpo_pushcube_500k_20261007T094728_f9d45348,PushCube-v1,mbpo,A_generation,232000,115,121533,TS1_mixture,extra.obj_pose_quaternion_invalid_fraction_tol_0.01,0.2607421875
mbpo_pushcube_500k_20261007T094728_f9d45348,PushCube-v1,mbpo,A_generation,232000,115,121533,TS1_mixture,goal_position_drift_rmse,1.6443121968514986e-07
mbpo_pushcube_500k_20261007T094728_f9d45348,PushCube-v1,mbpo,A_generation,232000,115,121533,TS1_mixture,projected_quaternion_max_norm_error/extra.tcp_pose,5.960464477539063e-08
mbpo_pushcube_500k_20261007T094728_f9d45348,PushCube-v1,mbpo,A_generation,232000,115,121533,TS1_mixture,projected_quaternion_max_norm_error/extra.obj_pose,5.960464477539063e-08
mbpo_pushcube_500k_20261007T094728_f9d45348,PushCube-v1,mbpo,A_generation,234016,116,122606,TS1_mixture,count,2048
mbpo_pushcube_500k_20261007T094728_f9d45348,PushCube-v1,mbpo,A_generation,234016,116,122606,TS1_mixture,all_finite,True
mbpo_pushcube_500k_20261007T094728_f9d45348,PushCube-v1,mbpo,A_generation,234016,116,122606,TS1_mixture,reward_outside_0_1_fraction,0.12158203125
mbpo_pushcube_500k_20261007T094728_f9d45348,PushCube-v1,mbpo,A_generation,234016,116,122606,TS1_mixture,reward_below_zero_fraction,0.04150390625
mbpo_pushcube_500k_20261007T094728_f9d45348,PushCube-v1,mbpo,A_generation,234016,116,122606,TS1_mixture,reward_above_one_fraction,0.080078125
mbpo_pushcube_500k_20261007T094728_f9d45348,PushCube-v1,mbpo,A_generation,234016,116,122606,TS1_mixture,reward_min,-0.4885714650154114
mbpo_pushcube_500k_20261007T094728_f9d45348,PushCube-v1,mbpo,A_generation,234016,116,122606,TS1_mixture,reward_max,1.1988811492919922
mbpo_pushcube_500k_20261007T094728_f9d45348,PushCube-v1,mbpo,A_generation,234016,116,122606,TS1_mixture,elite_mean_reward_min,-0.5485608577728271
mbpo_pushcube_500k_20261007T094728_f9d45348,PushCube-v1,mbpo,A_generation,234016,116,122606,TS1_mixture,elite_mean_reward_max,1.0769124031066895
mbpo_pushcube_500k_20261007T094728_f9d45348,PushCube-v1,mbpo,A_generation,234016,116,122606,TS1_mixture,elite_mean_reward_outside_0_1_fraction,0.07470703125
mbpo_pushcube_500k_20261007T094728_f9d45348,PushCube-v1,mbpo,A_generation,234016,116,122606,TS1_mixture,extra.tcp_pose_quaternion_norm_mae,0.0008853952633960526
mbpo_pushcube_500k_20261007T094728_f9d45348,PushCube-v1,mbpo,A_generation,234016,116,122606,TS1_mixture,extra.tcp_pose_quaternion_norm_max_error,0.07089808373447815
mbpo_pushcube_500k_20261007T094728_f9d45348,PushCube-v1,mbpo,A_generation,234016,116,122606,TS1_mixture,extra.tcp_pose_quaternion_invalid_fraction_tol_0.01,0.00634765625
mbpo_pushcube_500k_20261007T094728_f9d45348,PushCube-v1,mbpo,A_generation,234016,116,122606,TS1_mixture,extra.obj_pose_quaternion_norm_mae,0.007130448645533565
mbpo_pushcube_500k_20261007T094728_f9d45348,PushCube-v1,mbpo,A_generation,234016,116,122606,TS1_mixture,extra.obj_pose_quaternion_norm_max_error,0.12363941285293545
mbpo_pushcube_500k_20261007T094728_f9d45348,PushCube-v1,mbpo,A_generation,234016,116,122606,TS1_mixture,extra.obj_pose_quaternion_invalid_fraction_tol_0.01,0.2626953125
mbpo_pushcube_500k_20261007T094728_f9d45348,PushCube-v1,mbpo,A_generation,234016,116,122606,TS1_mixture,goal_position_drift_rmse,2.0376999298561156e-07
mbpo_pushcube_500k_20261007T094728_f9d45348,PushCube-v1,mbpo,A_generation,234016,116,122606,TS1_mixture,projected_quaternion_max_norm_error/extra.tcp_pose,5.960464477539063e-08
mbpo_pushcube_500k_20261007T094728_f9d45348,PushCube-v1,mbpo,A_generation,234016,116,122606,TS1_mixture,projected_quaternion_max_norm_error/extra.obj_pose,5.960464477539063e-08
mbpo_pushcube_500k_20261007T094728_f9d45348,PushCube-v1,mbpo,A_generation,236000,117,123662,TS1_mixture,count,2048
mbpo_pushcube_500k_20261007T094728_f9d45348,PushCube-v1,mbpo,A_generation,236000,117,123662,TS1_mixture,all_finite,True
mbpo_pushcube_500k_20261007T094728_f9d45348,PushCube-v1,mbpo,A_generation,236000,117,123662,TS1_mixture,reward_outside_0_1_fraction,0.12255859375
mbpo_pushcube_500k_20261007T094728_f9d45348,PushCube-v1,mbpo,A_generation,236000,117,123662,TS1_mixture,reward_below_zero_fraction,0.04296875
mbpo_pushcube_500k_20261007T094728_f9d45348,PushCube-v1,mbpo,A_generation,236000,117,123662,TS1_mixture,reward_above_one_fraction,0.07958984375
mbpo_pushcube_500k_20261007T094728_f9d45348,PushCube-v1,mbpo,A_generation,236000,117,123662,TS1_mixture,reward_min,-0.5053941607475281
mbpo_pushcube_500k_20261007T094728_f9d45348,PushCube-v1,mbpo,A_generation,236000,117,123662,TS1_mixture,reward_max,1.2542290687561035
mbpo_pushcube_500k_20261007T094728_f9d45348,PushCube-v1,mbpo,A_generation,236000,117,123662,TS1_mixture,elite_mean_reward_min,-0.5397951602935791
mbpo_pushcube_500k_20261007T094728_f9d45348,PushCube-v1,mbpo,A_generation,236000,117,123662,TS1_mixture,elite_mean_reward_max,1.089848518371582
mbpo_pushcube_500k_20261007T094728_f9d45348,PushCube-v1,mbpo,A_generation,236000,117,123662,TS1_mixture,elite_mean_reward_outside_0_1_fraction,0.09130859375
mbpo_pushcube_500k_20261007T094728_f9d45348,PushCube-v1,mbpo,A_generation,236000,117,123662,TS1_mixture,extra.tcp_pose_quaternion_norm_mae,0.0008580423783055798
mbpo_pushcube_500k_20261007T094728_f9d45348,PushCube-v1,mbpo,A_generation,236000,117,123662,TS1_mixture,extra.tcp_pose_quaternion_norm_max_error,0.031421003341624454
mbpo_pushcube_500k_20261007T094728_f9d45348,PushCube-v1,mbpo,A_generation,236000,117,123662,TS1_mixture,extra.tcp_pose_quaternion_invalid_fraction_tol_0.01,0.00634765625
mbpo_pushcube_500k_20261007T094728_f9d45348,PushCube-v1,mbpo,A_generation,236000,117,123662,TS1_mixture,extra.obj_pose_quaternion_norm_mae,0.006810809882401529
mbpo_pushcube_500k_20261007T094728_f9d45348,PushCube-v1,mbpo,A_generation,236000,117,123662,TS1_mixture,extra.obj_pose_quaternion_norm_max_error,0.07997566856159699
mbpo_pushcube_500k_20261007T094728_f9d45348,PushCube-v1,mbpo,A_generation,236000,117,123662,TS1_mixture,extra.obj_pose_quaternion_invalid_fraction_tol_0.01,0.24658203125
mbpo_pushcube_500k_20261007T094728_f9d45348,PushCube-v1,mbpo,A_generation,236000,117,123662,TS1_mixture,goal_position_drift_rmse,1.9038227345017003e-07
mbpo_pushcube_500k_20261007T094728_f9d45348,PushCube-v1,mbpo,A_generation,236000,117,123662,TS1_mixture,projected_quaternion_max_norm_error/extra.tcp_pose,5.960464477539063e-08
mbpo_pushcube_500k_20261007T094728_f9d45348,PushCube-v1,mbpo,A_generation,236000,117,123662,TS1_mixture,projected_quaternion_max_norm_error/extra.obj_pose,5.960464477539063e-08
mbpo_pushcube_500k_20261007T094728_f9d45348,PushCube-v1,mbpo,A_generation,238016,118,124735,TS1_mixture,count,2048
mbpo_pushcube_500k_20261007T094728_f9d45348,PushCube-v1,mbpo,A_generation,238016,118,124735,TS1_mixture,all_finite,True
mbpo_pushcube_500k_20261007T094728_f9d45348,PushCube-v1,mbpo,A_generation,238016,118,124735,TS1_mixture,reward_outside_0_1_fraction,0.16064453125
mbpo_pushcube_500k_20261007T094728_f9d45348,PushCube-v1,mbpo,A_generation,238016,118,124735,TS1_mixture,reward_below_zero_fraction,0.05029296875
mbpo_pushcube_500k_20261007T094728_f9d45348,PushCube-v1,mbpo,A_generation,238016,118,124735,TS1_mixture,reward_above_one_fraction,0.1103515625
mbpo_pushcube_500k_20261007T094728_f9d45348,PushCube-v1,mbpo,A_generation,238016,118,124735,TS1_mixture,reward_min,-0.598024308681488
mbpo_pushcube_500k_20261007T094728_f9d45348,PushCube-v1,mbpo,A_generation,238016,118,124735,TS1_mixture,reward_max,1.2069942951202393
mbpo_pushcube_500k_20261007T094728_f9d45348,PushCube-v1,mbpo,A_generation,238016,118,124735,TS1_mixture,elite_mean_reward_min,-0.5925799608230591
mbpo_pushcube_500k_20261007T094728_f9d45348,PushCube-v1,mbpo,A_generation,238016,118,124735,TS1_mixture,elite_mean_reward_max,1.0855963230133057
mbpo_pushcube_500k_20261007T094728_f9d45348,PushCube-v1,mbpo,A_generation,238016,118,124735,TS1_mixture,elite_mean_reward_outside_0_1_fraction,0.12890625
mbpo_pushcube_500k_20261007T094728_f9d45348,PushCube-v1,mbpo,A_generation,238016,118,124735,TS1_mixture,extra.tcp_pose_quaternion_norm_mae,0.0008649346452694567
mbpo_pushcube_500k_20261007T094728_f9d45348,PushCube-v1,mbpo,A_generation,238016,118,124735,TS1_mixture,extra.tcp_pose_quaternion_norm_max_error,0.030856703663019958
mbpo_pushcube_500k_20261007T094728_f9d45348,PushCube-v1,mbpo,A_generation,238016,118,124735,TS1_mixture,extra.tcp_pose_quaternion_invalid_fraction_tol_0.01,0.0048828125
mbpo_pushcube_500k_20261007T094728_f9d45348,PushCube-v1,mbpo,A_generation,238016,118,124735,TS1_mixture,extra.obj_pose_quaternion_norm_mae,0.006904969179155905
mbpo_pushcube_500k_20261007T094728_f9d45348,PushCube-v1,mbpo,A_generation,238016,118,124735,TS1_mixture,extra.obj_pose_quaternion_norm_max_error,0.08019825841465655
mbpo_pushcube_500k_20261007T094728_f9d45348,PushCube-v1,mbpo,A_generation,238016,118,124735,TS1_mixture,extra.obj_pose_quaternion_invalid_fraction_tol_0.01,0.2568359375
mbpo_pushcube_500k_20261007T094728_f9d45348,PushCube-v1,mbpo,A_generation,238016,118,124735,TS1_mixture,goal_position_drift_rmse,1.8159320722102225e-07
mbpo_pushcube_500k_20261007T094728_f9d45348,PushCube-v1,mbpo,A_generation,238016,118,124735,TS1_mixture,projected_quaternion_max_norm_error/extra.tcp_pose,5.960464477539063e-08
mbpo_pushcube_500k_20261007T094728_f9d45348,PushCube-v1,mbpo,A_generation,238016,118,124735,TS1_mixture,projected_quaternion_max_norm_error/extra.obj_pose,5.960464477539063e-08
mbpo_pushcube_500k_20261007T094728_f9d45348,PushCube-v1,mbpo,A_generation,240000,119,125792,TS1_mixture,count,2048
mbpo_pushcube_500k_20261007T094728_f9d45348,PushCube-v1,mbpo,A_generation,240000,119,125792,TS1_mixture,all_finite,True
mbpo_pushcube_500k_20261007T094728_f9d45348,PushCube-v1,mbpo,A_generation,240000,119,125792,TS1_mixture,reward_outside_0_1_fraction,0.1455078125
mbpo_pushcube_500k_20261007T094728_f9d45348,PushCube-v1,mbpo,A_generation,240000,119,125792,TS1_mixture,reward_below_zero_fraction,0.03662109375
mbpo_pushcube_500k_20261007T094728_f9d45348,PushCube-v1,mbpo,A_generation,240000,119,125792,TS1_mixture,reward_above_one_fraction,0.10888671875
mbpo_pushcube_500k_20261007T094728_f9d45348,PushCube-v1,mbpo,A_generation,240000,119,125792,TS1_mixture,reward_min,-0.7092763185501099
mbpo_pushcube_500k_20261007T094728_f9d45348,PushCube-v1,mbpo,A_generation,240000,119,125792,TS1_mixture,reward_max,1.2105470895767212
mbpo_pushcube_500k_20261007T094728_f9d45348,PushCube-v1,mbpo,A_generation,240000,119,125792,TS1_mixture,elite_mean_reward_min,-0.6985830068588257
mbpo_pushcube_500k_20261007T094728_f9d45348,PushCube-v1,mbpo,A_generation,240000,119,125792,TS1_mixture,elite_mean_reward_max,1.080656886100769
mbpo_pushcube_500k_20261007T094728_f9d45348,PushCube-v1,mbpo,A_generation,240000,119,125792,TS1_mixture,elite_mean_reward_outside_0_1_fraction,0.112060546875
mbpo_pushcube_500k_20261007T094728_f9d45348,PushCube-v1,mbpo,A_generation,240000,119,125792,TS1_mixture,extra.tcp_pose_quaternion_norm_mae,0.0007939695372794079
mbpo_pushcube_500k_20261007T094728_f9d45348,PushCube-v1,mbpo,A_generation,240000,119,125792,TS1_mixture,extra.tcp_pose_quaternion_norm_max_error,0.02992346198660334
mbpo_pushcube_500k_20261007T094728_f9d45348,PushCube-v1,mbpo,A_generation,240000,119,125792,TS1_mixture,extra.tcp_pose_quaternion_invalid_fraction_tol_0.01,0.00732421875
mbpo_pushcube_500k_20261007T094728_f9d45348,PushCube-v1,mbpo,A_generation,240000,119,125792,TS1_mixture,extra.obj_pose_quaternion_norm_mae,0.006645737521598909
mbpo_pushcube_500k_20261007T094728_f9d45348,PushCube-v1,mbpo,A_generation,240000,119,125792,TS1_mixture,extra.obj_pose_quaternion_norm_max_error,0.0772805335787754
mbpo_pushcube_500k_20261007T094728_f9d45348,PushCube-v1,mbpo,A_generation,240000,119,125792,TS1_mixture,extra.obj_pose_quaternion_invalid_fraction_tol_0.01,0.24267578125
mbpo_pushcube_500k_20261007T094728_f9d45348,PushCube-v1,mbpo,A_generation,240000,119,125792,TS1_mixture,goal_position_drift_rmse,1.659926074737969e-07
mbpo_pushcube_500k_20261007T094728_f9d45348,PushCube-v1,mbpo,A_generation,240000,119,125792,TS1_mixture,projected_quaternion_max_norm_error/extra.tcp_pose,5.960464477539063e-08
mbpo_pushcube_500k_20261007T094728_f9d45348,PushCube-v1,mbpo,A_generation,240000,119,125792,TS1_mixture,projected_quaternion_max_norm_error/extra.obj_pose,5.960464477539063e-08
mbpo_pushcube_500k_20261007T094728_f9d45348,PushCube-v1,mbpo,A_generation,242016,120,126865,TS1_mixture,count,2048
mbpo_pushcube_500k_20261007T094728_f9d45348,PushCube-v1,mbpo,A_generation,242016,120,126865,TS1_mixture,all_finite,True
mbpo_pushcube_500k_20261007T094728_f9d45348,PushCube-v1,mbpo,A_generation,242016,120,126865,TS1_mixture,reward_outside_0_1_fraction,0.15283203125
mbpo_pushcube_500k_20261007T094728_f9d45348,PushCube-v1,mbpo,A_generation,242016,120,126865,TS1_mixture,reward_below_zero_fraction,0.0390625
mbpo_pushcube_500k_20261007T094728_f9d45348,PushCube-v1,mbpo,A_generation,242016,120,126865,TS1_mixture,reward_above_one_fraction,0.11376953125
mbpo_pushcube_500k_20261007T094728_f9d45348,PushCube-v1,mbpo,A_generation,242016,120,126865,TS1_mixture,reward_min,-0.5343320965766907
mbpo_pushcube_500k_20261007T094728_f9d45348,PushCube-v1,mbpo,A_generation,242016,120,126865,TS1_mixture,reward_max,1.176772952079773
mbpo_pushcube_500k_20261007T094728_f9d45348,PushCube-v1,mbpo,A_generation,242016,120,126865,TS1_mixture,elite_mean_reward_min,-0.4897487759590149
mbpo_pushcube_500k_20261007T094728_f9d45348,PushCube-v1,mbpo,A_generation,242016,120,126865,TS1_mixture,elite_mean_reward_max,1.0900131464004517
mbpo_pushcube_500k_20261007T094728_f9d45348,PushCube-v1,mbpo,A_generation,242016,120,126865,TS1_mixture,elite_mean_reward_outside_0_1_fraction,0.10546875
mbpo_pushcube_500k_20261007T094728_f9d45348,PushCube-v1,mbpo,A_generation,242016,120,126865,TS1_mixture,extra.tcp_pose_quaternion_norm_mae,0.000776280442553255
mbpo_pushcube_500k_20261007T094728_f9d45348,PushCube-v1,mbpo,A_generation,242016,120,126865,TS1_mixture,extra.tcp_pose_quaternion_norm_max_error,0.025681365225413977
mbpo_pushcube_500k_20261007T094728_f9d45348,PushCube-v1,mbpo,A_generation,242016,120,126865,TS1_mixture,extra.tcp_pose_quaternion_invalid_fraction_tol_0.01,0.00439453125
mbpo_pushcube_500k_20261007T094728_f9d45348,PushCube-v1,mbpo,A_generation,242016,120,126865,TS1_mixture,extra.obj_pose_quaternion_norm_mae,0.0062699734698461965
mbpo_pushcube_500k_20261007T094728_f9d45348,PushCube-v1,mbpo,A_generation,242016,120,126865,TS1_mixture,extra.obj_pose_quaternion_norm_max_error,0.2503088468556307
mbpo_pushcube_500k_20261007T094728_f9d45348,PushCube-v1,mbpo,A_generation,242016,120,126865,TS1_mixture,extra.obj_pose_quaternion_invalid_fraction_tol_0.01,0.23388671875
mbpo_pushcube_500k_20261007T094728_f9d45348,PushCube-v1,mbpo,A_generation,242016,120,126865,TS1_mixture,goal_position_drift_rmse,1.4693115284828246e-07
mbpo_pushcube_500k_20261007T094728_f9d45348,PushCube-v1,mbpo,A_generation,242016,120,126865,TS1_mixture,projected_quaternion_max_norm_error/extra.tcp_pose,5.960464477539063e-08
mbpo_pushcube_500k_20261007T094728_f9d45348,PushCube-v1,mbpo,A_generation,242016,120,126865,TS1_mixture,projected_quaternion_max_norm_error/extra.obj_pose,5.960464477539063e-08
mbpo_pushcube_500k_20261007T094728_f9d45348,PushCube-v1,mbpo,A_generation,244000,121,127921,TS1_mixture,count,2048
mbpo_pushcube_500k_20261007T094728_f9d45348,PushCube-v1,mbpo,A_generation,244000,121,127921,TS1_mixture,all_finite,True
mbpo_pushcube_500k_20261007T094728_f9d45348,PushCube-v1,mbpo,A_generation,244000,121,127921,TS1_mixture,reward_outside_0_1_fraction,0.16943359375
mbpo_pushcube_500k_20261007T094728_f9d45348,PushCube-v1,mbpo,A_generation,244000,121,127921,TS1_mixture,reward_below_zero_fraction,0.0380859375
mbpo_pushcube_500k_20261007T094728_f9d45348,PushCube-v1,mbpo,A_generation,244000,121,127921,TS1_mixture,reward_above_one_fraction,0.13134765625
mbpo_pushcube_500k_20261007T094728_f9d45348,PushCube-v1,mbpo,A_generation,244000,121,127921,TS1_mixture,reward_min,-0.6528245210647583
mbpo_pushcube_500k_20261007T094728_f9d45348,PushCube-v1,mbpo,A_generation,244000,121,127921,TS1_mixture,reward_max,1.2360029220581055
mbpo_pushcube_500k_20261007T094728_f9d45348,PushCube-v1,mbpo,A_generation,244000,121,127921,TS1_mixture,elite_mean_reward_min,-0.6284746527671814
mbpo_pushcube_500k_20261007T094728_f9d45348,PushCube-v1,mbpo,A_generation,244000,121,127921,TS1_mixture,elite_mean_reward_max,1.1160415410995483
mbpo_pushcube_500k_20261007T094728_f9d45348,PushCube-v1,mbpo,A_generation,244000,121,127921,TS1_mixture,elite_mean_reward_outside_0_1_fraction,0.125
mbpo_pushcube_500k_20261007T094728_f9d45348,PushCube-v1,mbpo,A_generation,244000,121,127921,TS1_mixture,extra.tcp_pose_quaternion_norm_mae,0.0008288457200095887
mbpo_pushcube_500k_20261007T094728_f9d45348,PushCube-v1,mbpo,A_generation,244000,121,127921,TS1_mixture,extra.tcp_pose_quaternion_norm_max_error,0.034140101312655546
mbpo_pushcube_500k_20261007T094728_f9d45348,PushCube-v1,mbpo,A_generation,244000,121,127921,TS1_mixture,extra.tcp_pose_quaternion_invalid_fraction_tol_0.01,0.00634765625
mbpo_pushcube_500k_20261007T094728_f9d45348,PushCube-v1,mbpo,A_generation,244000,121,127921,TS1_mixture,extra.obj_pose_quaternion_norm_mae,0.006840110871876954
mbpo_pushcube_500k_20261007T094728_f9d45348,PushCube-v1,mbpo,A_generation,244000,121,127921,TS1_mixture,extra.obj_pose_quaternion_norm_max_error,0.07460866146398004
mbpo_pushcube_500k_20261007T094728_f9d45348,PushCube-v1,mbpo,A_generation,244000,121,127921,TS1_mixture,extra.obj_pose_quaternion_invalid_fraction_tol_0.01,0.25439453125
mbpo_pushcube_500k_20261007T094728_f9d45348,PushCube-v1,mbpo,A_generation,244000,121,127921,TS1_mixture,goal_position_drift_rmse,2.044349676165049e-07
mbpo_pushcube_500k_20261007T094728_f9d45348,PushCube-v1,mbpo,A_generation,244000,121,127921,TS1_mixture,projected_quaternion_max_norm_error/extra.tcp_pose,5.960464477539063e-08
mbpo_pushcube_500k_20261007T094728_f9d45348,PushCube-v1,mbpo,A_generation,244000,121,127921,TS1_mixture,projected_quaternion_max_norm_error/extra.obj_pose,5.960464477539063e-08
mbpo_pushcube_500k_20261007T094728_f9d45348,PushCube-v1,mbpo,A_generation,246016,122,128994,TS1_mixture,count,2048
mbpo_pushcube_500k_20261007T094728_f9d45348,PushCube-v1,mbpo,A_generation,246016,122,128994,TS1_mixture,all_finite,True
mbpo_pushcube_500k_20261007T094728_f9d45348,PushCube-v1,mbpo,A_generation,246016,122,128994,TS1_mixture,reward_outside_0_1_fraction,0.1630859375
mbpo_pushcube_500k_20261007T094728_f9d45348,PushCube-v1,mbpo,A_generation,246016,122,128994,TS1_mixture,reward_below_zero_fraction,0.0400390625
mbpo_pushcube_500k_20261007T094728_f9d45348,PushCube-v1,mbpo,A_generation,246016,122,128994,TS1_mixture,reward_above_one_fraction,0.123046875
mbpo_pushcube_500k_20261007T094728_f9d45348,PushCube-v1,mbpo,A_generation,246016,122,128994,TS1_mixture,reward_min,-0.4535883367061615
mbpo_pushcube_500k_20261007T094728_f9d45348,PushCube-v1,mbpo,A_generation,246016,122,128994,TS1_mixture,reward_max,1.2492109537124634
mbpo_pushcube_500k_20261007T094728_f9d45348,PushCube-v1,mbpo,A_generation,246016,122,128994,TS1_mixture,elite_mean_reward_min,-0.7361409664154053
mbpo_pushcube_500k_20261007T094728_f9d45348,PushCube-v1,mbpo,A_generation,246016,122,128994,TS1_mixture,elite_mean_reward_max,1.0963165760040283
mbpo_pushcube_500k_20261007T094728_f9d45348,PushCube-v1,mbpo,A_generation,246016,122,128994,TS1_mixture,elite_mean_reward_outside_0_1_fraction,0.123291015625
mbpo_pushcube_500k_20261007T094728_f9d45348,PushCube-v1,mbpo,A_generation,246016,122,128994,TS1_mixture,extra.tcp_pose_quaternion_norm_mae,0.0008501728744894305
mbpo_pushcube_500k_20261007T094728_f9d45348,PushCube-v1,mbpo,A_generation,246016,122,128994,TS1_mixture,extra.tcp_pose_quaternion_norm_max_error,0.049204068534618894
mbpo_pushcube_500k_20261007T094728_f9d45348,PushCube-v1,mbpo,A_generation,246016,122,128994,TS1_mixture,extra.tcp_pose_quaternion_invalid_fraction_tol_0.01,0.00927734375
mbpo_pushcube_500k_20261007T094728_f9d45348,PushCube-v1,mbpo,A_generation,246016,122,128994,TS1_mixture,extra.obj_pose_quaternion_norm_mae,0.007131866742177878
mbpo_pushcube_500k_20261007T094728_f9d45348,PushCube-v1,mbpo,A_generation,246016,122,128994,TS1_mixture,extra.obj_pose_quaternion_norm_max_error,0.08862879819696401
mbpo_pushcube_500k_20261007T094728_f9d45348,PushCube-v1,mbpo,A_generation,246016,122,128994,TS1_mixture,extra.obj_pose_quaternion_invalid_fraction_tol_0.01,0.26416015625
mbpo_pushcube_500k_20261007T094728_f9d45348,PushCube-v1,mbpo,A_generation,246016,122,128994,TS1_mixture,goal_position_drift_rmse,1.660313174353773e-07
mbpo_pushcube_500k_20261007T094728_f9d45348,PushCube-v1,mbpo,A_generation,246016,122,128994,TS1_mixture,projected_quaternion_max_norm_error/extra.tcp_pose,5.960464477539063e-08
mbpo_pushcube_500k_20261007T094728_f9d45348,PushCube-v1,mbpo,A_generation,246016,122,128994,TS1_mixture,projected_quaternion_max_norm_error/extra.obj_pose,5.960464477539063e-08
mbpo_pushcube_500k_20261007T094728_f9d45348,PushCube-v1,mbpo,A_generation,248000,123,130051,TS1_mixture,count,2048
mbpo_pushcube_500k_20261007T094728_f9d45348,PushCube-v1,mbpo,A_generation,248000,123,130051,TS1_mixture,all_finite,True
mbpo_pushcube_500k_20261007T094728_f9d45348,PushCube-v1,mbpo,A_generation,248000,123,130051,TS1_mixture,reward_outside_0_1_fraction,0.181640625
mbpo_pushcube_500k_20261007T094728_f9d45348,PushCube-v1,mbpo,A_generation,248000,123,130051,TS1_mixture,reward_below_zero_fraction,0.04248046875
mbpo_pushcube_500k_20261007T094728_f9d45348,PushCube-v1,mbpo,A_generation,248000,123,130051,TS1_mixture,reward_above_one_fraction,0.13916015625
mbpo_pushcube_500k_20261007T094728_f9d45348,PushCube-v1,mbpo,A_generation,248000,123,130051,TS1_mixture,reward_min,-0.40370893478393555
mbpo_pushcube_500k_20261007T094728_f9d45348,PushCube-v1,mbpo,A_generation,248000,123,130051,TS1_mixture,reward_max,1.2090250253677368
mbpo_pushcube_500k_20261007T094728_f9d45348,PushCube-v1,mbpo,A_generation,248000,123,130051,TS1_mixture,elite_mean_reward_min,-0.4952363967895508
mbpo_pushcube_500k_20261007T094728_f9d45348,PushCube-v1,mbpo,A_generation,248000,123,130051,TS1_mixture,elite_mean_reward_max,1.1180591583251953
mbpo_pushcube_500k_20261007T094728_f9d45348,PushCube-v1,mbpo,A_generation,248000,123,130051,TS1_mixture,elite_mean_reward_outside_0_1_fraction,0.136474609375
mbpo_pushcube_500k_20261007T094728_f9d45348,PushCube-v1,mbpo,A_generation,248000,123,130051,TS1_mixture,extra.tcp_pose_quaternion_norm_mae,0.000744463249074765
mbpo_pushcube_500k_20261007T094728_f9d45348,PushCube-v1,mbpo,A_generation,248000,123,130051,TS1_mixture,extra.tcp_pose_quaternion_norm_max_error,0.026736865556141298
mbpo_pushcube_500k_20261007T094728_f9d45348,PushCube-v1,mbpo,A_generation,248000,123,130051,TS1_mixture,extra.tcp_pose_quaternion_invalid_fraction_tol_0.01,0.005859375
mbpo_pushcube_500k_20261007T094728_f9d45348,PushCube-v1,mbpo,A_generation,248000,123,130051,TS1_mixture,extra.obj_pose_quaternion_norm_mae,0.006940308064165632
mbpo_pushcube_500k_20261007T094728_f9d45348,PushCube-v1,mbpo,A_generation,248000,123,130051,TS1_mixture,extra.obj_pose_quaternion_norm_max_error,0.06418575123296788
mbpo_pushcube_500k_20261007T094728_f9d45348,PushCube-v1,mbpo,A_generation,248000,123,130051,TS1_mixture,extra.obj_pose_quaternion_invalid_fraction_tol_0.01,0.26025390625
mbpo_pushcube_500k_20261007T094728_f9d45348,PushCube-v1,mbpo,A_generation,248000,123,130051,TS1_mixture,goal_position_drift_rmse,1.4936557056470142e-07
mbpo_pushcube_500k_20261007T094728_f9d45348,PushCube-v1,mbpo,A_generation,248000,123,130051,TS1_mixture,projected_quaternion_max_norm_error/extra.tcp_pose,5.960464477539063e-08
mbpo_pushcube_500k_20261007T094728_f9d45348,PushCube-v1,mbpo,A_generation,248000,123,130051,TS1_mixture,projected_quaternion_max_norm_error/extra.obj_pose,5.960464477539063e-08
mbpo_pushcube_500k_20261007T094728_f9d45348,PushCube-v1,mbpo,A_generation,250016,124,131124,TS1_mixture,count,2048
mbpo_pushcube_500k_20261007T094728_f9d45348,PushCube-v1,mbpo,A_generation,250016,124,131124,TS1_mixture,all_finite,True
mbpo_pushcube_500k_20261007T094728_f9d45348,PushCube-v1,mbpo,A_generation,250016,124,131124,TS1_mixture,reward_outside_0_1_fraction,0.1728515625
mbpo_pushcube_500k_20261007T094728_f9d45348,PushCube-v1,mbpo,A_generation,250016,124,131124,TS1_mixture,reward_below_zero_fraction,0.04931640625
mbpo_pushcube_500k_20261007T094728_f9d45348,PushCube-v1,mbpo,A_generation,250016,124,131124,TS1_mixture,reward_above_one_fraction,0.12353515625
mbpo_pushcube_500k_20261007T094728_f9d45348,PushCube-v1,mbpo,A_generation,250016,124,131124,TS1_mixture,reward_min,-0.46576443314552307
mbpo_pushcube_500k_20261007T094728_f9d45348,PushCube-v1,mbpo,A_generation,250016,124,131124,TS1_mixture,reward_max,1.2681851387023926
mbpo_pushcube_500k_20261007T094728_f9d45348,PushCube-v1,mbpo,A_generation,250016,124,131124,TS1_mixture,elite_mean_reward_min,-0.6136400699615479
mbpo_pushcube_500k_20261007T094728_f9d45348,PushCube-v1,mbpo,A_generation,250016,124,131124,TS1_mixture,elite_mean_reward_max,1.1271989345550537
mbpo_pushcube_500k_20261007T094728_f9d45348,PushCube-v1,mbpo,A_generation,250016,124,131124,TS1_mixture,elite_mean_reward_outside_0_1_fraction,0.136474609375
mbpo_pushcube_500k_20261007T094728_f9d45348,PushCube-v1,mbpo,A_generation,250016,124,131124,TS1_mixture,extra.tcp_pose_quaternion_norm_mae,0.0007865299064010534
mbpo_pushcube_500k_20261007T094728_f9d45348,PushCube-v1,mbpo,A_generation,250016,124,131124,TS1_mixture,extra.tcp_pose_quaternion_norm_max_error,0.052049231381331884
mbpo_pushcube_500k_20261007T094728_f9d45348,PushCube-v1,mbpo,A_generation,250016,124,131124,TS1_mixture,extra.tcp_pose_quaternion_invalid_fraction_tol_0.01,0.00732421875
mbpo_pushcube_500k_20261007T094728_f9d45348,PushCube-v1,mbpo,A_generation,250016,124,131124,TS1_mixture,extra.obj_pose_quaternion_norm_mae,0.006876328936981232
mbpo_pushcube_500k_20261007T094728_f9d45348,PushCube-v1,mbpo,A_generation,250016,124,131124,TS1_mixture,extra.obj_pose_quaternion_norm_max_error,0.10220097128495942
mbpo_pushcube_500k_20261007T094728_f9d45348,PushCube-v1,mbpo,A_generation,250016,124,131124,TS1_mixture,extra.obj_pose_quaternion_invalid_fraction_tol_0.01,0.25048828125
mbpo_pushcube_500k_20261007T094728_f9d45348,PushCube-v1,mbpo,A_generation,250016,124,131124,TS1_mixture,goal_position_drift_rmse,1.931123718756904e-07
mbpo_pushcube_500k_20261007T094728_f9d45348,PushCube-v1,mbpo,A_generation,250016,124,131124,TS1_mixture,projected_quaternion_max_norm_error/extra.tcp_pose,5.960464477539063e-08
mbpo_pushcube_500k_20261007T094728_f9d45348,PushCube-v1,mbpo,A_generation,250016,124,131124,TS1_mixture,projected_quaternion_max_norm_error/extra.obj_pose,5.960464477539063e-08
mbpo_pushcube_500k_20261007T094728_f9d45348,PushCube-v1,mbpo,A_generation,252000,125,132186,TS1_mixture,count,2048
mbpo_pushcube_500k_20261007T094728_f9d45348,PushCube-v1,mbpo,A_generation,252000,125,132186,TS1_mixture,all_finite,True
mbpo_pushcube_500k_20261007T094728_f9d45348,PushCube-v1,mbpo,A_generation,252000,125,132186,TS1_mixture,reward_outside_0_1_fraction,0.166015625
mbpo_pushcube_500k_20261007T094728_f9d45348,PushCube-v1,mbpo,A_generation,252000,125,132186,TS1_mixture,reward_below_zero_fraction,0.0458984375
mbpo_pushcube_500k_20261007T094728_f9d45348,PushCube-v1,mbpo,A_generation,252000,125,132186,TS1_mixture,reward_above_one_fraction,0.1201171875
mbpo_pushcube_500k_20261007T094728_f9d45348,PushCube-v1,mbpo,A_generation,252000,125,132186,TS1_mixture,reward_min,-0.47545963525772095
mbpo_pushcube_500k_20261007T094728_f9d45348,PushCube-v1,mbpo,A_generation,252000,125,132186,TS1_mixture,reward_max,1.2277597188949585
mbpo_pushcube_500k_20261007T094728_f9d45348,PushCube-v1,mbpo,A_generation,252000,125,132186,TS1_mixture,elite_mean_reward_min,-0.49934107065200806
mbpo_pushcube_500k_20261007T094728_f9d45348,PushCube-v1,mbpo,A_generation,252000,125,132186,TS1_mixture,elite_mean_reward_max,1.1056264638900757
mbpo_pushcube_500k_20261007T094728_f9d45348,PushCube-v1,mbpo,A_generation,252000,125,132186,TS1_mixture,elite_mean_reward_outside_0_1_fraction,0.130859375
mbpo_pushcube_500k_20261007T094728_f9d45348,PushCube-v1,mbpo,A_generation,252000,125,132186,TS1_mixture,extra.tcp_pose_quaternion_norm_mae,0.0007908902476138132
mbpo_pushcube_500k_20261007T094728_f9d45348,PushCube-v1,mbpo,A_generation,252000,125,132186,TS1_mixture,extra.tcp_pose_quaternion_norm_max_error,0.08002872463853938
mbpo_pushcube_500k_20261007T094728_f9d45348,PushCube-v1,mbpo,A_generation,252000,125,132186,TS1_mixture,extra.tcp_pose_quaternion_invalid_fraction_tol_0.01,0.0068359375
mbpo_pushcube_500k_20261007T094728_f9d45348,PushCube-v1,mbpo,A_generation,252000,125,132186,TS1_mixture,extra.obj_pose_quaternion_norm_mae,0.006853068428472951
mbpo_pushcube_500k_20261007T094728_f9d45348,PushCube-v1,mbpo,A_generation,252000,125,132186,TS1_mixture,extra.obj_pose_quaternion_norm_max_error,0.06636366503849822
mbpo_pushcube_500k_20261007T094728_f9d45348,PushCube-v1,mbpo,A_generation,252000,125,132186,TS1_mixture,extra.obj_pose_quaternion_invalid_fraction_tol_0.01,0.25341796875
mbpo_pushcube_500k_20261007T094728_f9d45348,PushCube-v1,mbpo,A_generation,252000,125,132186,TS1_mixture,goal_position_drift_rmse,1.6283877192179216e-07
mbpo_pushcube_500k_20261007T094728_f9d45348,PushCube-v1,mbpo,A_generation,252000,125,132186,TS1_mixture,projected_quaternion_max_norm_error/extra.tcp_pose,5.960464477539063e-08
mbpo_pushcube_500k_20261007T094728_f9d45348,PushCube-v1,mbpo,A_generation,252000,125,132186,TS1_mixture,projected_quaternion_max_norm_error/extra.obj_pose,5.960464477539063e-08
mbpo_pushcube_500k_20261007T094728_f9d45348,PushCube-v1,mbpo,A_generation,254016,126,133259,TS1_mixture,count,2048
mbpo_pushcube_500k_20261007T094728_f9d45348,PushCube-v1,mbpo,A_generation,254016,126,133259,TS1_mixture,all_finite,True
mbpo_pushcube_500k_20261007T094728_f9d45348,PushCube-v1,mbpo,A_generation,254016,126,133259,TS1_mixture,reward_outside_0_1_fraction,0.15185546875
mbpo_pushcube_500k_20261007T094728_f9d45348,PushCube-v1,mbpo,A_generation,254016,126,133259,TS1_mixture,reward_below_zero_fraction,0.03515625
mbpo_pushcube_500k_20261007T094728_f9d45348,PushCube-v1,mbpo,A_generation,254016,126,133259,TS1_mixture,reward_above_one_fraction,0.11669921875
mbpo_pushcube_500k_20261007T094728_f9d45348,PushCube-v1,mbpo,A_generation,254016,126,133259,TS1_mixture,reward_min,-1.1340751647949219
mbpo_pushcube_500k_20261007T094728_f9d45348,PushCube-v1,mbpo,A_generation,254016,126,133259,TS1_mixture,reward_max,1.210145354270935
mbpo_pushcube_500k_20261007T094728_f9d45348,PushCube-v1,mbpo,A_generation,254016,126,133259,TS1_mixture,elite_mean_reward_min,-1.1176866292953491
mbpo_pushcube_500k_20261007T094728_f9d45348,PushCube-v1,mbpo,A_generation,254016,126,133259,TS1_mixture,elite_mean_reward_max,1.1160898208618164
mbpo_pushcube_500k_20261007T094728_f9d45348,PushCube-v1,mbpo,A_generation,254016,126,133259,TS1_mixture,elite_mean_reward_outside_0_1_fraction,0.140625
mbpo_pushcube_500k_20261007T094728_f9d45348,PushCube-v1,mbpo,A_generation,254016,126,133259,TS1_mixture,extra.tcp_pose_quaternion_norm_mae,0.0006843041674030924
mbpo_pushcube_500k_20261007T094728_f9d45348,PushCube-v1,mbpo,A_generation,254016,126,133259,TS1_mixture,extra.tcp_pose_quaternion_norm_max_error,0.017817397392718926
mbpo_pushcube_500k_20261007T094728_f9d45348,PushCube-v1,mbpo,A_generation,254016,126,133259,TS1_mixture,extra.tcp_pose_quaternion_invalid_fraction_tol_0.01,0.00537109375
mbpo_pushcube_500k_20261007T094728_f9d45348,PushCube-v1,mbpo,A_generation,254016,126,133259,TS1_mixture,extra.obj_pose_quaternion_norm_mae,0.007066919360364195
mbpo_pushcube_500k_20261007T094728_f9d45348,PushCube-v1,mbpo,A_generation,254016,126,133259,TS1_mixture,extra.obj_pose_quaternion_norm_max_error,0.11425682823991634
mbpo_pushcube_500k_20261007T094728_f9d45348,PushCube-v1,mbpo,A_generation,254016,126,133259,TS1_mixture,extra.obj_pose_quaternion_invalid_fraction_tol_0.01,0.27490234375
mbpo_pushcube_500k_20261007T094728_f9d45348,PushCube-v1,mbpo,A_generation,254016,126,133259,TS1_mixture,goal_position_drift_rmse,1.7199923364835465e-07
mbpo_pushcube_500k_20261007T094728_f9d45348,PushCube-v1,mbpo,A_generation,254016,126,133259,TS1_mixture,projected_quaternion_max_norm_error/extra.tcp_pose,5.960464477539063e-08
mbpo_pushcube_500k_20261007T094728_f9d45348,PushCube-v1,mbpo,A_generation,254016,126,133259,TS1_mixture,projected_quaternion_max_norm_error/extra.obj_pose,5.960464477539063e-08
mbpo_pushcube_500k_20261007T094728_f9d45348,PushCube-v1,mbpo,A_generation,256000,127,134316,TS1_mixture,count,2048
mbpo_pushcube_500k_20261007T094728_f9d45348,PushCube-v1,mbpo,A_generation,256000,127,134316,TS1_mixture,all_finite,True
mbpo_pushcube_500k_20261007T094728_f9d45348,PushCube-v1,mbpo,A_generation,256000,127,134316,TS1_mixture,reward_outside_0_1_fraction,0.18359375
mbpo_pushcube_500k_20261007T094728_f9d45348,PushCube-v1,mbpo,A_generation,256000,127,134316,TS1_mixture,reward_below_zero_fraction,0.0439453125
mbpo_pushcube_500k_20261007T094728_f9d45348,PushCube-v1,mbpo,A_generation,256000,127,134316,TS1_mixture,reward_above_one_fraction,0.1396484375
mbpo_pushcube_500k_20261007T094728_f9d45348,PushCube-v1,mbpo,A_generation,256000,127,134316,TS1_mixture,reward_min,-0.44338682293891907
mbpo_pushcube_500k_20261007T094728_f9d45348,PushCube-v1,mbpo,A_generation,256000,127,134316,TS1_mixture,reward_max,1.243775725364685
mbpo_pushcube_500k_20261007T094728_f9d45348,PushCube-v1,mbpo,A_generation,256000,127,134316,TS1_mixture,elite_mean_reward_min,-0.722472071647644
mbpo_pushcube_500k_20261007T094728_f9d45348,PushCube-v1,mbpo,A_generation,256000,127,134316,TS1_mixture,elite_mean_reward_max,1.10487699508667
mbpo_pushcube_500k_20261007T094728_f9d45348,PushCube-v1,mbpo,A_generation,256000,127,134316,TS1_mixture,elite_mean_reward_outside_0_1_fraction,0.140380859375
mbpo_pushcube_500k_20261007T094728_f9d45348,PushCube-v1,mbpo,A_generation,256000,127,134316,TS1_mixture,extra.tcp_pose_quaternion_norm_mae,0.0008569890901237769
mbpo_pushcube_500k_20261007T094728_f9d45348,PushCube-v1,mbpo,A_generation,256000,127,134316,TS1_mixture,extra.tcp_pose_quaternion_norm_max_error,0.062042552992651157
mbpo_pushcube_500k_20261007T094728_f9d45348,PushCube-v1,mbpo,A_generation,256000,127,134316,TS1_mixture,extra.tcp_pose_quaternion_invalid_fraction_tol_0.01,0.0078125
mbpo_pushcube_500k_20261007T094728_f9d45348,PushCube-v1,mbpo,A_generation,256000,127,134316,TS1_mixture,extra.obj_pose_quaternion_norm_mae,0.007085742387695007
mbpo_pushcube_500k_20261007T094728_f9d45348,PushCube-v1,mbpo,A_generation,256000,127,134316,TS1_mixture,extra.obj_pose_quaternion_norm_max_error,0.06368965545021632
mbpo_pushcube_500k_20261007T094728_f9d45348,PushCube-v1,mbpo,A_generation,256000,127,134316,TS1_mixture,extra.obj_pose_quaternion_invalid_fraction_tol_0.01,0.2607421875
mbpo_pushcube_500k_20261007T094728_f9d45348,PushCube-v1,mbpo,A_generation,256000,127,134316,TS1_mixture,goal_position_drift_rmse,1.7688761792430424e-07
mbpo_pushcube_500k_20261007T094728_f9d45348,PushCube-v1,mbpo,A_generation,256000,127,134316,TS1_mixture,projected_quaternion_max_norm_error/extra.tcp_pose,5.960464477539063e-08
mbpo_pushcube_500k_20261007T094728_f9d45348,PushCube-v1,mbpo,A_generation,256000,127,134316,TS1_mixture,projected_quaternion_max_norm_error/extra.obj_pose,5.960464477539063e-08
mbpo_pushcube_500k_20261007T094728_f9d45348,PushCube-v1,mbpo,A_generation,258016,128,135389,TS1_mixture,count,2048
mbpo_pushcube_500k_20261007T094728_f9d45348,PushCube-v1,mbpo,A_generation,258016,128,135389,TS1_mixture,all_finite,True
mbpo_pushcube_500k_20261007T094728_f9d45348,PushCube-v1,mbpo,A_generation,258016,128,135389,TS1_mixture,reward_outside_0_1_fraction,0.1640625
mbpo_pushcube_500k_20261007T094728_f9d45348,PushCube-v1,mbpo,A_generation,258016,128,135389,TS1_mixture,reward_below_zero_fraction,0.0400390625
mbpo_pushcube_500k_20261007T094728_f9d45348,PushCube-v1,mbpo,A_generation,258016,128,135389,TS1_mixture,reward_above_one_fraction,0.1240234375
mbpo_pushcube_500k_20261007T094728_f9d45348,PushCube-v1,mbpo,A_generation,258016,128,135389,TS1_mixture,reward_min,-0.5481881499290466
mbpo_pushcube_500k_20261007T094728_f9d45348,PushCube-v1,mbpo,A_generation,258016,128,135389,TS1_mixture,reward_max,1.2134417295455933
mbpo_pushcube_500k_20261007T094728_f9d45348,PushCube-v1,mbpo,A_generation,258016,128,135389,TS1_mixture,elite_mean_reward_min,-0.48442208766937256
mbpo_pushcube_500k_20261007T094728_f9d45348,PushCube-v1,mbpo,A_generation,258016,128,135389,TS1_mixture,elite_mean_reward_max,1.0972590446472168
mbpo_pushcube_500k_20261007T094728_f9d45348,PushCube-v1,mbpo,A_generation,258016,128,135389,TS1_mixture,elite_mean_reward_outside_0_1_fraction,0.1220703125
mbpo_pushcube_500k_20261007T094728_f9d45348,PushCube-v1,mbpo,A_generation,258016,128,135389,TS1_mixture,extra.tcp_pose_quaternion_norm_mae,0.0007976932318687234
mbpo_pushcube_500k_20261007T094728_f9d45348,PushCube-v1,mbpo,A_generation,258016,128,135389,TS1_mixture,extra.tcp_pose_quaternion_norm_max_error,0.062206934105606404
mbpo_pushcube_500k_20261007T094728_f9d45348,PushCube-v1,mbpo,A_generation,258016,128,135389,TS1_mixture,extra.tcp_pose_quaternion_invalid_fraction_tol_0.01,0.005859375
mbpo_pushcube_500k_20261007T094728_f9d45348,PushCube-v1,mbpo,A_generation,258016,128,135389,TS1_mixture,extra.obj_pose_quaternion_norm_mae,0.006825885069764711
mbpo_pushcube_500k_20261007T094728_f9d45348,PushCube-v1,mbpo,A_generation,258016,128,135389,TS1_mixture,extra.obj_pose_quaternion_norm_max_error,0.08435109452783762
mbpo_pushcube_500k_20261007T094728_f9d45348,PushCube-v1,mbpo,A_generation,258016,128,135389,TS1_mixture,extra.obj_pose_quaternion_invalid_fraction_tol_0.01,0.25048828125
mbpo_pushcube_500k_20261007T094728_f9d45348,PushCube-v1,mbpo,A_generation,258016,128,135389,TS1_mixture,goal_position_drift_rmse,1.4666411144270212e-07
mbpo_pushcube_500k_20261007T094728_f9d45348,PushCube-v1,mbpo,A_generation,258016,128,135389,TS1_mixture,projected_quaternion_max_norm_error/extra.tcp_pose,5.960464477539063e-08
mbpo_pushcube_500k_20261007T094728_f9d45348,PushCube-v1,mbpo,A_generation,258016,128,135389,TS1_mixture,projected_quaternion_max_norm_error/extra.obj_pose,5.960464477539063e-08
mbpo_pushcube_500k_20261007T094728_f9d45348,PushCube-v1,mbpo,A_generation,260000,129,136445,TS1_mixture,count,2048
mbpo_pushcube_500k_20261007T094728_f9d45348,PushCube-v1,mbpo,A_generation,260000,129,136445,TS1_mixture,all_finite,True
mbpo_pushcube_500k_20261007T094728_f9d45348,PushCube-v1,mbpo,A_generation,260000,129,136445,TS1_mixture,reward_outside_0_1_fraction,0.1513671875
mbpo_pushcube_500k_20261007T094728_f9d45348,PushCube-v1,mbpo,A_generation,260000,129,136445,TS1_mixture,reward_below_zero_fraction,0.03564453125
mbpo_pushcube_500k_20261007T094728_f9d45348,PushCube-v1,mbpo,A_generation,260000,129,136445,TS1_mixture,reward_above_one_fraction,0.11572265625
mbpo_pushcube_500k_20261007T094728_f9d45348,PushCube-v1,mbpo,A_generation,260000,129,136445,TS1_mixture,reward_min,-0.438011109828949
mbpo_pushcube_500k_20261007T094728_f9d45348,PushCube-v1,mbpo,A_generation,260000,129,136445,TS1_mixture,reward_max,1.251217246055603
mbpo_pushcube_500k_20261007T094728_f9d45348,PushCube-v1,mbpo,A_generation,260000,129,136445,TS1_mixture,elite_mean_reward_min,-0.3562604486942291
mbpo_pushcube_500k_20261007T094728_f9d45348,PushCube-v1,mbpo,A_generation,260000,129,136445,TS1_mixture,elite_mean_reward_max,1.1018092632293701
mbpo_pushcube_500k_20261007T094728_f9d45348,PushCube-v1,mbpo,A_generation,260000,129,136445,TS1_mixture,elite_mean_reward_outside_0_1_fraction,0.1220703125
mbpo_pushcube_500k_20261007T094728_f9d45348,PushCube-v1,mbpo,A_generation,260000,129,136445,TS1_mixture,extra.tcp_pose_quaternion_norm_mae,0.0008264339033152332
mbpo_pushcube_500k_20261007T094728_f9d45348,PushCube-v1,mbpo,A_generation,260000,129,136445,TS1_mixture,extra.tcp_pose_quaternion_norm_max_error,0.07265868717074597
mbpo_pushcube_500k_20261007T094728_f9d45348,PushCube-v1,mbpo,A_generation,260000,129,136445,TS1_mixture,extra.tcp_pose_quaternion_invalid_fraction_tol_0.01,0.0068359375
mbpo_pushcube_500k_20261007T094728_f9d45348,PushCube-v1,mbpo,A_generation,260000,129,136445,TS1_mixture,extra.obj_pose_quaternion_norm_mae,0.0071284703879022
mbpo_pushcube_500k_20261007T094728_f9d45348,PushCube-v1,mbpo,A_generation,260000,129,136445,TS1_mixture,extra.obj_pose_quaternion_norm_max_error,0.13755197704228883
mbpo_pushcube_500k_20261007T094728_f9d45348,PushCube-v1,mbpo,A_generation,260000,129,136445,TS1_mixture,extra.obj_pose_quaternion_invalid_fraction_tol_0.01,0.2587890625
mbpo_pushcube_500k_20261007T094728_f9d45348,PushCube-v1,mbpo,A_generation,260000,129,136445,TS1_mixture,goal_position_drift_rmse,1.696227613977661e-07
mbpo_pushcube_500k_20261007T094728_f9d45348,PushCube-v1,mbpo,A_generation,260000,129,136445,TS1_mixture,projected_quaternion_max_norm_error/extra.tcp_pose,5.960464477539063e-08
mbpo_pushcube_500k_20261007T094728_f9d45348,PushCube-v1,mbpo,A_generation,260000,129,136445,TS1_mixture,projected_quaternion_max_norm_error/extra.obj_pose,5.960464477539063e-08
mbpo_pushcube_500k_20261007T094728_f9d45348,PushCube-v1,mbpo,A_generation,262016,130,137518,TS1_mixture,count,2048
mbpo_pushcube_500k_20261007T094728_f9d45348,PushCube-v1,mbpo,A_generation,262016,130,137518,TS1_mixture,all_finite,True
mbpo_pushcube_500k_20261007T094728_f9d45348,PushCube-v1,mbpo,A_generation,262016,130,137518,TS1_mixture,reward_outside_0_1_fraction,0.15625
mbpo_pushcube_500k_20261007T094728_f9d45348,PushCube-v1,mbpo,A_generation,262016,130,137518,TS1_mixture,reward_below_zero_fraction,0.04052734375
mbpo_pushcube_500k_20261007T094728_f9d45348,PushCube-v1,mbpo,A_generation,262016,130,137518,TS1_mixture,reward_above_one_fraction,0.11572265625
mbpo_pushcube_500k_20261007T094728_f9d45348,PushCube-v1,mbpo,A_generation,262016,130,137518,TS1_mixture,reward_min,-0.4843287765979767
mbpo_pushcube_500k_20261007T094728_f9d45348,PushCube-v1,mbpo,A_generation,262016,130,137518,TS1_mixture,reward_max,1.2180920839309692
mbpo_pushcube_500k_20261007T094728_f9d45348,PushCube-v1,mbpo,A_generation,262016,130,137518,TS1_mixture,elite_mean_reward_min,-0.545945942401886
mbpo_pushcube_500k_20261007T094728_f9d45348,PushCube-v1,mbpo,A_generation,262016,130,137518,TS1_mixture,elite_mean_reward_max,1.0905444622039795
mbpo_pushcube_500k_20261007T094728_f9d45348,PushCube-v1,mbpo,A_generation,262016,130,137518,TS1_mixture,elite_mean_reward_outside_0_1_fraction,0.113037109375
mbpo_pushcube_500k_20261007T094728_f9d45348,PushCube-v1,mbpo,A_generation,262016,130,137518,TS1_mixture,extra.tcp_pose_quaternion_norm_mae,0.000784619103430753
mbpo_pushcube_500k_20261007T094728_f9d45348,PushCube-v1,mbpo,A_generation,262016,130,137518,TS1_mixture,extra.tcp_pose_quaternion_norm_max_error,0.03280301516433992
mbpo_pushcube_500k_20261007T094728_f9d45348,PushCube-v1,mbpo,A_generation,262016,130,137518,TS1_mixture,extra.tcp_pose_quaternion_invalid_fraction_tol_0.01,0.00537109375
mbpo_pushcube_500k_20261007T094728_f9d45348,PushCube-v1,mbpo,A_generation,262016,130,137518,TS1_mixture,extra.obj_pose_quaternion_norm_mae,0.0068803772574417155
mbpo_pushcube_500k_20261007T094728_f9d45348,PushCube-v1,mbpo,A_generation,262016,130,137518,TS1_mixture,extra.obj_pose_quaternion_norm_max_error,0.09759776791345065
mbpo_pushcube_500k_20261007T094728_f9d45348,PushCube-v1,mbpo,A_generation,262016,130,137518,TS1_mixture,extra.obj_pose_quaternion_invalid_fraction_tol_0.01,0.2587890625
mbpo_pushcube_500k_20261007T094728_f9d45348,PushCube-v1,mbpo,A_generation,262016,130,137518,TS1_mixture,goal_position_drift_rmse,1.7707807237951027e-07
mbpo_pushcube_500k_20261007T094728_f9d45348,PushCube-v1,mbpo,A_generation,262016,130,137518,TS1_mixture,projected_quaternion_max_norm_error/extra.tcp_pose,5.960464477539063e-08
mbpo_pushcube_500k_20261007T094728_f9d45348,PushCube-v1,mbpo,A_generation,262016,130,137518,TS1_mixture,projected_quaternion_max_norm_error/extra.obj_pose,5.960464477539063e-08
mbpo_pushcube_500k_20261007T094728_f9d45348,PushCube-v1,mbpo,A_generation,264000,131,138575,TS1_mixture,count,2048
mbpo_pushcube_500k_20261007T094728_f9d45348,PushCube-v1,mbpo,A_generation,264000,131,138575,TS1_mixture,all_finite,True
mbpo_pushcube_500k_20261007T094728_f9d45348,PushCube-v1,mbpo,A_generation,264000,131,138575,TS1_mixture,reward_outside_0_1_fraction,0.18359375
mbpo_pushcube_500k_20261007T094728_f9d45348,PushCube-v1,mbpo,A_generation,264000,131,138575,TS1_mixture,reward_below_zero_fraction,0.02587890625
mbpo_pushcube_500k_20261007T094728_f9d45348,PushCube-v1,mbpo,A_generation,264000,131,138575,TS1_mixture,reward_above_one_fraction,0.15771484375
mbpo_pushcube_500k_20261007T094728_f9d45348,PushCube-v1,mbpo,A_generation,264000,131,138575,TS1_mixture,reward_min,-0.5552923083305359
mbpo_pushcube_500k_20261007T094728_f9d45348,PushCube-v1,mbpo,A_generation,264000,131,138575,TS1_mixture,reward_max,1.2368990182876587
mbpo_pushcube_500k_20261007T094728_f9d45348,PushCube-v1,mbpo,A_generation,264000,131,138575,TS1_mixture,elite_mean_reward_min,-0.5994830131530762
mbpo_pushcube_500k_20261007T094728_f9d45348,PushCube-v1,mbpo,A_generation,264000,131,138575,TS1_mixture,elite_mean_reward_max,1.1300677061080933
mbpo_pushcube_500k_20261007T094728_f9d45348,PushCube-v1,mbpo,A_generation,264000,131,138575,TS1_mixture,elite_mean_reward_outside_0_1_fraction,0.14404296875
mbpo_pushcube_500k_20261007T094728_f9d45348,PushCube-v1,mbpo,A_generation,264000,131,138575,TS1_mixture,extra.tcp_pose_quaternion_norm_mae,0.0006631897058055045
mbpo_pushcube_500k_20261007T094728_f9d45348,PushCube-v1,mbpo,A_generation,264000,131,138575,TS1_mixture,extra.tcp_pose_quaternion_norm_max_error,0.031719526109562635
mbpo_pushcube_500k_20261007T094728_f9d45348,PushCube-v1,mbpo,A_generation,264000,131,138575,TS1_mixture,extra.tcp_pose_quaternion_invalid_fraction_tol_0.01,0.00341796875
mbpo_pushcube_500k_20261007T094728_f9d45348,PushCube-v1,mbpo,A_generation,264000,131,138575,TS1_mixture,extra.obj_pose_quaternion_norm_mae,0.0071270954095532125
mbpo_pushcube_500k_20261007T094728_f9d45348,PushCube-v1,mbpo,A_generation,264000,131,138575,TS1_mixture,extra.obj_pose_quaternion_norm_max_error,0.1064376097752211
mbpo_pushcube_500k_20261007T094728_f9d45348,PushCube-v1,mbpo,A_generation,264000,131,138575,TS1_mixture,extra.obj_pose_quaternion_invalid_fraction_tol_0.01,0.26708984375
mbpo_pushcube_500k_20261007T094728_f9d45348,PushCube-v1,mbpo,A_generation,264000,131,138575,TS1_mixture,goal_position_drift_rmse,1.8228950982444927e-07
mbpo_pushcube_500k_20261007T094728_f9d45348,PushCube-v1,mbpo,A_generation,264000,131,138575,TS1_mixture,projected_quaternion_max_norm_error/extra.tcp_pose,5.960464477539063e-08
mbpo_pushcube_500k_20261007T094728_f9d45348,PushCube-v1,mbpo,A_generation,264000,131,138575,TS1_mixture,projected_quaternion_max_norm_error/extra.obj_pose,5.960464477539063e-08
mbpo_pushcube_500k_20261007T094728_f9d45348,PushCube-v1,mbpo,A_generation,266016,132,139648,TS1_mixture,count,2048
mbpo_pushcube_500k_20261007T094728_f9d45348,PushCube-v1,mbpo,A_generation,266016,132,139648,TS1_mixture,all_finite,True
mbpo_pushcube_500k_20261007T094728_f9d45348,PushCube-v1,mbpo,A_generation,266016,132,139648,TS1_mixture,reward_outside_0_1_fraction,0.1826171875
mbpo_pushcube_500k_20261007T094728_f9d45348,PushCube-v1,mbpo,A_generation,266016,132,139648,TS1_mixture,reward_below_zero_fraction,0.04345703125
mbpo_pushcube_500k_20261007T094728_f9d45348,PushCube-v1,mbpo,A_generation,266016,132,139648,TS1_mixture,reward_above_one_fraction,0.13916015625
mbpo_pushcube_500k_20261007T094728_f9d45348,PushCube-v1,mbpo,A_generation,266016,132,139648,TS1_mixture,reward_min,-0.4039844274520874
mbpo_pushcube_500k_20261007T094728_f9d45348,PushCube-v1,mbpo,A_generation,266016,132,139648,TS1_mixture,reward_max,1.2254638671875
mbpo_pushcube_500k_20261007T094728_f9d45348,PushCube-v1,mbpo,A_generation,266016,132,139648,TS1_mixture,elite_mean_reward_min,-0.6843833923339844
mbpo_pushcube_500k_20261007T094728_f9d45348,PushCube-v1,mbpo,A_generation,266016,132,139648,TS1_mixture,elite_mean_reward_max,1.1126065254211426
mbpo_pushcube_500k_20261007T094728_f9d45348,PushCube-v1,mbpo,A_generation,266016,132,139648,TS1_mixture,elite_mean_reward_outside_0_1_fraction,0.134521484375
mbpo_pushcube_500k_20261007T094728_f9d45348,PushCube-v1,mbpo,A_generation,266016,132,139648,TS1_mixture,extra.tcp_pose_quaternion_norm_mae,0.0007538787191724857
mbpo_pushcube_500k_20261007T094728_f9d45348,PushCube-v1,mbpo,A_generation,266016,132,139648,TS1_mixture,extra.tcp_pose_quaternion_norm_max_error,0.030394841830177377
mbpo_pushcube_500k_20261007T094728_f9d45348,PushCube-v1,mbpo,A_generation,266016,132,139648,TS1_mixture,extra.tcp_pose_quaternion_invalid_fraction_tol_0.01,0.00439453125
mbpo_pushcube_500k_20261007T094728_f9d45348,PushCube-v1,mbpo,A_generation,266016,132,139648,TS1_mixture,extra.obj_pose_quaternion_norm_mae,0.0061251933564333136
mbpo_pushcube_500k_20261007T094728_f9d45348,PushCube-v1,mbpo,A_generation,266016,132,139648,TS1_mixture,extra.obj_pose_quaternion_norm_max_error,0.07144382293164009
mbpo_pushcube_500k_20261007T094728_f9d45348,PushCube-v1,mbpo,A_generation,266016,132,139648,TS1_mixture,extra.obj_pose_quaternion_invalid_fraction_tol_0.01,0.2373046875
mbpo_pushcube_500k_20261007T094728_f9d45348,PushCube-v1,mbpo,A_generation,266016,132,139648,TS1_mixture,goal_position_drift_rmse,1.4654158365992177e-07
mbpo_pushcube_500k_20261007T094728_f9d45348,PushCube-v1,mbpo,A_generation,266016,132,139648,TS1_mixture,projected_quaternion_max_norm_error/extra.tcp_pose,5.960464477539063e-08
mbpo_pushcube_500k_20261007T094728_f9d45348,PushCube-v1,mbpo,A_generation,266016,132,139648,TS1_mixture,projected_quaternion_max_norm_error/extra.obj_pose,5.960464477539063e-08
mbpo_pushcube_500k_20261007T094728_f9d45348,PushCube-v1,mbpo,A_generation,268000,133,140704,TS1_mixture,count,2048
mbpo_pushcube_500k_20261007T094728_f9d45348,PushCube-v1,mbpo,A_generation,268000,133,140704,TS1_mixture,all_finite,True
mbpo_pushcube_500k_20261007T094728_f9d45348,PushCube-v1,mbpo,A_generation,268000,133,140704,TS1_mixture,reward_outside_0_1_fraction,0.181640625
mbpo_pushcube_500k_20261007T094728_f9d45348,PushCube-v1,mbpo,A_generation,268000,133,140704,TS1_mixture,reward_below_zero_fraction,0.04345703125
mbpo_pushcube_500k_20261007T094728_f9d45348,PushCube-v1,mbpo,A_generation,268000,133,140704,TS1_mixture,reward_above_one_fraction,0.13818359375
mbpo_pushcube_500k_20261007T094728_f9d45348,PushCube-v1,mbpo,A_generation,268000,133,140704,TS1_mixture,reward_min,-0.5373628735542297
mbpo_pushcube_500k_20261007T094728_f9d45348,PushCube-v1,mbpo,A_generation,268000,133,140704,TS1_mixture,reward_max,1.2257505655288696
mbpo_pushcube_500k_20261007T094728_f9d45348,PushCube-v1,mbpo,A_generation,268000,133,140704,TS1_mixture,elite_mean_reward_min,-0.562584400177002
mbpo_pushcube_500k_20261007T094728_f9d45348,PushCube-v1,mbpo,A_generation,268000,133,140704,TS1_mixture,elite_mean_reward_max,1.127429485321045
mbpo_pushcube_500k_20261007T094728_f9d45348,PushCube-v1,mbpo,A_generation,268000,133,140704,TS1_mixture,elite_mean_reward_outside_0_1_fraction,0.150146484375
mbpo_pushcube_500k_20261007T094728_f9d45348,PushCube-v1,mbpo,A_generation,268000,133,140704,TS1_mixture,extra.tcp_pose_quaternion_norm_mae,0.0008606986183258036
mbpo_pushcube_500k_20261007T094728_f9d45348,PushCube-v1,mbpo,A_generation,268000,133,140704,TS1_mixture,extra.tcp_pose_quaternion_norm_max_error,0.0509429622807861
mbpo_pushcube_500k_20261007T094728_f9d45348,PushCube-v1,mbpo,A_generation,268000,133,140704,TS1_mixture,extra.tcp_pose_quaternion_invalid_fraction_tol_0.01,0.0087890625
mbpo_pushcube_500k_20261007T094728_f9d45348,PushCube-v1,mbpo,A_generation,268000,133,140704,TS1_mixture,extra.obj_pose_quaternion_norm_mae,0.00684124471529401
mbpo_pushcube_500k_20261007T094728_f9d45348,PushCube-v1,mbpo,A_generation,268000,133,140704,TS1_mixture,extra.obj_pose_quaternion_norm_max_error,0.061683287692790856
mbpo_pushcube_500k_20261007T094728_f9d45348,PushCube-v1,mbpo,A_generation,268000,133,140704,TS1_mixture,extra.obj_pose_quaternion_invalid_fraction_tol_0.01,0.26171875
mbpo_pushcube_500k_20261007T094728_f9d45348,PushCube-v1,mbpo,A_generation,268000,133,140704,TS1_mixture,goal_position_drift_rmse,1.9257487208385105e-07
mbpo_pushcube_500k_20261007T094728_f9d45348,PushCube-v1,mbpo,A_generation,268000,133,140704,TS1_mixture,projected_quaternion_max_norm_error/extra.tcp_pose,5.960464477539063e-08
mbpo_pushcube_500k_20261007T094728_f9d45348,PushCube-v1,mbpo,A_generation,268000,133,140704,TS1_mixture,projected_quaternion_max_norm_error/extra.obj_pose,5.960464477539063e-08
mbpo_pushcube_500k_20261007T094728_f9d45348,PushCube-v1,mbpo,A_generation,270016,134,141777,TS1_mixture,count,2048
mbpo_pushcube_500k_20261007T094728_f9d45348,PushCube-v1,mbpo,A_generation,270016,134,141777,TS1_mixture,all_finite,True
mbpo_pushcube_500k_20261007T094728_f9d45348,PushCube-v1,mbpo,A_generation,270016,134,141777,TS1_mixture,reward_outside_0_1_fraction,0.16064453125
mbpo_pushcube_500k_20261007T094728_f9d45348,PushCube-v1,mbpo,A_generation,270016,134,141777,TS1_mixture,reward_below_zero_fraction,0.041015625
mbpo_pushcube_500k_20261007T094728_f9d45348,PushCube-v1,mbpo,A_generation,270016,134,141777,TS1_mixture,reward_above_one_fraction,0.11962890625
mbpo_pushcube_500k_20261007T094728_f9d45348,PushCube-v1,mbpo,A_generation,270016,134,141777,TS1_mixture,reward_min,-0.3793746829032898
mbpo_pushcube_500k_20261007T094728_f9d45348,PushCube-v1,mbpo,A_generation,270016,134,141777,TS1_mixture,reward_max,1.2226697206497192
mbpo_pushcube_500k_20261007T094728_f9d45348,PushCube-v1,mbpo,A_generation,270016,134,141777,TS1_mixture,elite_mean_reward_min,-0.8484504222869873
mbpo_pushcube_500k_20261007T094728_f9d45348,PushCube-v1,mbpo,A_generation,270016,134,141777,TS1_mixture,elite_mean_reward_max,1.1105831861495972
mbpo_pushcube_500k_20261007T094728_f9d45348,PushCube-v1,mbpo,A_generation,270016,134,141777,TS1_mixture,elite_mean_reward_outside_0_1_fraction,0.12744140625
mbpo_pushcube_500k_20261007T094728_f9d45348,PushCube-v1,mbpo,A_generation,270016,134,141777,TS1_mixture,extra.tcp_pose_quaternion_norm_mae,0.0007805701676723881
mbpo_pushcube_500k_20261007T094728_f9d45348,PushCube-v1,mbpo,A_generation,270016,134,141777,TS1_mixture,extra.tcp_pose_quaternion_norm_max_error,0.02681671803829233
mbpo_pushcube_500k_20261007T094728_f9d45348,PushCube-v1,mbpo,A_generation,270016,134,141777,TS1_mixture,extra.tcp_pose_quaternion_invalid_fraction_tol_0.01,0.005859375
mbpo_pushcube_500k_20261007T094728_f9d45348,PushCube-v1,mbpo,A_generation,270016,134,141777,TS1_mixture,extra.obj_pose_quaternion_norm_mae,0.006580801114979877
mbpo_pushcube_500k_20261007T094728_f9d45348,PushCube-v1,mbpo,A_generation,270016,134,141777,TS1_mixture,extra.obj_pose_quaternion_norm_max_error,0.08205011660895845
mbpo_pushcube_500k_20261007T094728_f9d45348,PushCube-v1,mbpo,A_generation,270016,134,141777,TS1_mixture,extra.obj_pose_quaternion_invalid_fraction_tol_0.01,0.24951171875
mbpo_pushcube_500k_20261007T094728_f9d45348,PushCube-v1,mbpo,A_generation,270016,134,141777,TS1_mixture,goal_position_drift_rmse,1.975970693895832e-07
mbpo_pushcube_500k_20261007T094728_f9d45348,PushCube-v1,mbpo,A_generation,270016,134,141777,TS1_mixture,projected_quaternion_max_norm_error/extra.tcp_pose,5.960464477539063e-08
mbpo_pushcube_500k_20261007T094728_f9d45348,PushCube-v1,mbpo,A_generation,270016,134,141777,TS1_mixture,projected_quaternion_max_norm_error/extra.obj_pose,5.960464477539063e-08
mbpo_pushcube_500k_20261007T094728_f9d45348,PushCube-v1,mbpo,A_generation,272000,135,142834,TS1_mixture,count,2048
mbpo_pushcube_500k_20261007T094728_f9d45348,PushCube-v1,mbpo,A_generation,272000,135,142834,TS1_mixture,all_finite,True
mbpo_pushcube_500k_20261007T094728_f9d45348,PushCube-v1,mbpo,A_generation,272000,135,142834,TS1_mixture,reward_outside_0_1_fraction,0.16015625
mbpo_pushcube_500k_20261007T094728_f9d45348,PushCube-v1,mbpo,A_generation,272000,135,142834,TS1_mixture,reward_below_zero_fraction,0.03662109375
mbpo_pushcube_500k_20261007T094728_f9d45348,PushCube-v1,mbpo,A_generation,272000,135,142834,TS1_mixture,reward_above_one_fraction,0.12353515625
mbpo_pushcube_500k_20261007T094728_f9d45348,PushCube-v1,mbpo,A_generation,272000,135,142834,TS1_mixture,reward_min,-0.41892337799072266
mbpo_pushcube_500k_20261007T094728_f9d45348,PushCube-v1,mbpo,A_generation,272000,135,142834,TS1_mixture,reward_max,1.2353427410125732
mbpo_pushcube_500k_20261007T094728_f9d45348,PushCube-v1,mbpo,A_generation,272000,135,142834,TS1_mixture,elite_mean_reward_min,-0.3807753026485443
mbpo_pushcube_500k_20261007T094728_f9d45348,PushCube-v1,mbpo,A_generation,272000,135,142834,TS1_mixture,elite_mean_reward_max,1.0945355892181396
mbpo_pushcube_500k_20261007T094728_f9d45348,PushCube-v1,mbpo,A_generation,272000,135,142834,TS1_mixture,elite_mean_reward_outside_0_1_fraction,0.13330078125
mbpo_pushcube_500k_20261007T094728_f9d45348,PushCube-v1,mbpo,A_generation,272000,135,142834,TS1_mixture,extra.tcp_pose_quaternion_norm_mae,0.000778956615233569
mbpo_pushcube_500k_20261007T094728_f9d45348,PushCube-v1,mbpo,A_generation,272000,135,142834,TS1_mixture,extra.tcp_pose_quaternion_norm_max_error,0.05358172382921289
mbpo_pushcube_500k_20261007T094728_f9d45348,PushCube-v1,mbpo,A_generation,272000,135,142834,TS1_mixture,extra.tcp_pose_quaternion_invalid_fraction_tol_0.01,0.0068359375
mbpo_pushcube_500k_20261007T094728_f9d45348,PushCube-v1,mbpo,A_generation,272000,135,142834,TS1_mixture,extra.obj_pose_quaternion_norm_mae,0.006352628657777661
mbpo_pushcube_500k_20261007T094728_f9d45348,PushCube-v1,mbpo,A_generation,272000,135,142834,TS1_mixture,extra.obj_pose_quaternion_norm_max_error,0.07010766911970334
mbpo_pushcube_500k_20261007T094728_f9d45348,PushCube-v1,mbpo,A_generation,272000,135,142834,TS1_mixture,extra.obj_pose_quaternion_invalid_fraction_tol_0.01,0.23583984375
mbpo_pushcube_500k_20261007T094728_f9d45348,PushCube-v1,mbpo,A_generation,272000,135,142834,TS1_mixture,goal_position_drift_rmse,1.9989856298091837e-07
mbpo_pushcube_500k_20261007T094728_f9d45348,PushCube-v1,mbpo,A_generation,272000,135,142834,TS1_mixture,projected_quaternion_max_norm_error/extra.tcp_pose,5.960464477539063e-08
mbpo_pushcube_500k_20261007T094728_f9d45348,PushCube-v1,mbpo,A_generation,272000,135,142834,TS1_mixture,projected_quaternion_max_norm_error/extra.obj_pose,5.960464477539063e-08
mbpo_pushcube_500k_20261007T094728_f9d45348,PushCube-v1,mbpo,A_generation,274016,136,143907,TS1_mixture,count,2048
mbpo_pushcube_500k_20261007T094728_f9d45348,PushCube-v1,mbpo,A_generation,274016,136,143907,TS1_mixture,all_finite,True
mbpo_pushcube_500k_20261007T094728_f9d45348,PushCube-v1,mbpo,A_generation,274016,136,143907,TS1_mixture,reward_outside_0_1_fraction,0.1572265625
mbpo_pushcube_500k_20261007T094728_f9d45348,PushCube-v1,mbpo,A_generation,274016,136,143907,TS1_mixture,reward_below_zero_fraction,0.04296875
mbpo_pushcube_500k_20261007T094728_f9d45348,PushCube-v1,mbpo,A_generation,274016,136,143907,TS1_mixture,reward_above_one_fraction,0.1142578125
mbpo_pushcube_500k_20261007T094728_f9d45348,PushCube-v1,mbpo,A_generation,274016,136,143907,TS1_mixture,reward_min,-0.4642831087112427
mbpo_pushcube_500k_20261007T094728_f9d45348,PushCube-v1,mbpo,A_generation,274016,136,143907,TS1_mixture,reward_max,1.2969034910202026
mbpo_pushcube_500k_20261007T094728_f9d45348,PushCube-v1,mbpo,A_generation,274016,136,143907,TS1_mixture,elite_mean_reward_min,-0.701884925365448
mbpo_pushcube_500k_20261007T094728_f9d45348,PushCube-v1,mbpo,A_generation,274016,136,143907,TS1_mixture,elite_mean_reward_max,1.0986181497573853
mbpo_pushcube_500k_20261007T094728_f9d45348,PushCube-v1,mbpo,A_generation,274016,136,143907,TS1_mixture,elite_mean_reward_outside_0_1_fraction,0.11474609375
mbpo_pushcube_500k_20261007T094728_f9d45348,PushCube-v1,mbpo,A_generation,274016,136,143907,TS1_mixture,extra.tcp_pose_quaternion_norm_mae,0.00071482880197795
mbpo_pushcube_500k_20261007T094728_f9d45348,PushCube-v1,mbpo,A_generation,274016,136,143907,TS1_mixture,extra.tcp_pose_quaternion_norm_max_error,0.017882151666404944
mbpo_pushcube_500k_20261007T094728_f9d45348,PushCube-v1,mbpo,A_generation,274016,136,143907,TS1_mixture,extra.tcp_pose_quaternion_invalid_fraction_tol_0.01,0.00244140625
mbpo_pushcube_500k_20261007T094728_f9d45348,PushCube-v1,mbpo,A_generation,274016,136,143907,TS1_mixture,extra.obj_pose_quaternion_norm_mae,0.006352279939938636
mbpo_pushcube_500k_20261007T094728_f9d45348,PushCube-v1,mbpo,A_generation,274016,136,143907,TS1_mixture,extra.obj_pose_quaternion_norm_max_error,0.09338194153455426
mbpo_pushcube_500k_20261007T094728_f9d45348,PushCube-v1,mbpo,A_generation,274016,136,143907,TS1_mixture,extra.obj_pose_quaternion_invalid_fraction_tol_0.01,0.2314453125
mbpo_pushcube_500k_20261007T094728_f9d45348,PushCube-v1,mbpo,A_generation,274016,136,143907,TS1_mixture,goal_position_drift_rmse,1.9966782971852436e-07
mbpo_pushcube_500k_20261007T094728_f9d45348,PushCube-v1,mbpo,A_generation,274016,136,143907,TS1_mixture,projected_quaternion_max_norm_error/extra.tcp_pose,5.960464477539063e-08
mbpo_pushcube_500k_20261007T094728_f9d45348,PushCube-v1,mbpo,A_generation,274016,136,143907,TS1_mixture,projected_quaternion_max_norm_error/extra.obj_pose,5.960464477539063e-08
mbpo_pushcube_500k_20261007T094728_f9d45348,PushCube-v1,mbpo,A_generation,276000,137,144963,TS1_mixture,count,2048
mbpo_pushcube_500k_20261007T094728_f9d45348,PushCube-v1,mbpo,A_generation,276000,137,144963,TS1_mixture,all_finite,True
mbpo_pushcube_500k_20261007T094728_f9d45348,PushCube-v1,mbpo,A_generation,276000,137,144963,TS1_mixture,reward_outside_0_1_fraction,0.1953125
mbpo_pushcube_500k_20261007T094728_f9d45348,PushCube-v1,mbpo,A_generation,276000,137,144963,TS1_mixture,reward_below_zero_fraction,0.044921875
mbpo_pushcube_500k_20261007T094728_f9d45348,PushCube-v1,mbpo,A_generation,276000,137,144963,TS1_mixture,reward_above_one_fraction,0.150390625
mbpo_pushcube_500k_20261007T094728_f9d45348,PushCube-v1,mbpo,A_generation,276000,137,144963,TS1_mixture,reward_min,-0.5292052030563354
mbpo_pushcube_500k_20261007T094728_f9d45348,PushCube-v1,mbpo,A_generation,276000,137,144963,TS1_mixture,reward_max,1.2628735303878784
mbpo_pushcube_500k_20261007T094728_f9d45348,PushCube-v1,mbpo,A_generation,276000,137,144963,TS1_mixture,elite_mean_reward_min,-0.6007266640663147
mbpo_pushcube_500k_20261007T094728_f9d45348,PushCube-v1,mbpo,A_generation,276000,137,144963,TS1_mixture,elite_mean_reward_max,1.1410815715789795
mbpo_pushcube_500k_20261007T094728_f9d45348,PushCube-v1,mbpo,A_generation,276000,137,144963,TS1_mixture,elite_mean_reward_outside_0_1_fraction,0.163818359375
mbpo_pushcube_500k_20261007T094728_f9d45348,PushCube-v1,mbpo,A_generation,276000,137,144963,TS1_mixture,extra.tcp_pose_quaternion_norm_mae,0.0007130080861575342
mbpo_pushcube_500k_20261007T094728_f9d45348,PushCube-v1,mbpo,A_generation,276000,137,144963,TS1_mixture,extra.tcp_pose_quaternion_norm_max_error,0.03356021997609293
mbpo_pushcube_500k_20261007T094728_f9d45348,PushCube-v1,mbpo,A_generation,276000,137,144963,TS1_mixture,extra.tcp_pose_quaternion_invalid_fraction_tol_0.01,0.0029296875
mbpo_pushcube_500k_20261007T094728_f9d45348,PushCube-v1,mbpo,A_generation,276000,137,144963,TS1_mixture,extra.obj_pose_quaternion_norm_mae,0.006178028336741849
mbpo_pushcube_500k_20261007T094728_f9d45348,PushCube-v1,mbpo,A_generation,276000,137,144963,TS1_mixture,extra.obj_pose_quaternion_norm_max_error,0.0552172458859741
mbpo_pushcube_500k_20261007T094728_f9d45348,PushCube-v1,mbpo,A_generation,276000,137,144963,TS1_mixture,extra.obj_pose_quaternion_invalid_fraction_tol_0.01,0.228515625
mbpo_pushcube_500k_20261007T094728_f9d45348,PushCube-v1,mbpo,A_generation,276000,137,144963,TS1_mixture,goal_position_drift_rmse,1.6847794280746482e-07
mbpo_pushcube_500k_20261007T094728_f9d45348,PushCube-v1,mbpo,A_generation,276000,137,144963,TS1_mixture,projected_quaternion_max_norm_error/extra.tcp_pose,5.960464477539063e-08
mbpo_pushcube_500k_20261007T094728_f9d45348,PushCube-v1,mbpo,A_generation,276000,137,144963,TS1_mixture,projected_quaternion_max_norm_error/extra.obj_pose,5.960464477539063e-08
mbpo_pushcube_500k_20261007T094728_f9d45348,PushCube-v1,mbpo,A_generation,278016,138,146036,TS1_mixture,count,2048
mbpo_pushcube_500k_20261007T094728_f9d45348,PushCube-v1,mbpo,A_generation,278016,138,146036,TS1_mixture,all_finite,True
mbpo_pushcube_500k_20261007T094728_f9d45348,PushCube-v1,mbpo,A_generation,278016,138,146036,TS1_mixture,reward_outside_0_1_fraction,0.18310546875
mbpo_pushcube_500k_20261007T094728_f9d45348,PushCube-v1,mbpo,A_generation,278016,138,146036,TS1_mixture,reward_below_zero_fraction,0.0380859375
mbpo_pushcube_500k_20261007T094728_f9d45348,PushCube-v1,mbpo,A_generation,278016,138,146036,TS1_mixture,reward_above_one_fraction,0.14501953125
mbpo_pushcube_500k_20261007T094728_f9d45348,PushCube-v1,mbpo,A_generation,278016,138,146036,TS1_mixture,reward_min,-0.32036155462265015
mbpo_pushcube_500k_20261007T094728_f9d45348,PushCube-v1,mbpo,A_generation,278016,138,146036,TS1_mixture,reward_max,1.2240917682647705
mbpo_pushcube_500k_20261007T094728_f9d45348,PushCube-v1,mbpo,A_generation,278016,138,146036,TS1_mixture,elite_mean_reward_min,-0.3995766043663025
mbpo_pushcube_500k_20261007T094728_f9d45348,PushCube-v1,mbpo,A_generation,278016,138,146036,TS1_mixture,elite_mean_reward_max,1.1273612976074219
mbpo_pushcube_500k_20261007T094728_f9d45348,PushCube-v1,mbpo,A_generation,278016,138,146036,TS1_mixture,elite_mean_reward_outside_0_1_fraction,0.143310546875
mbpo_pushcube_500k_20261007T094728_f9d45348,PushCube-v1,mbpo,A_generation,278016,138,146036,TS1_mixture,extra.tcp_pose_quaternion_norm_mae,0.0007457270065826681
mbpo_pushcube_500k_20261007T094728_f9d45348,PushCube-v1,mbpo,A_generation,278016,138,146036,TS1_mixture,extra.tcp_pose_quaternion_norm_max_error,0.03724323742996827
mbpo_pushcube_500k_20261007T094728_f9d45348,PushCube-v1,mbpo,A_generation,278016,138,146036,TS1_mixture,extra.tcp_pose_quaternion_invalid_fraction_tol_0.01,0.00537109375
mbpo_pushcube_500k_20261007T094728_f9d45348,PushCube-v1,mbpo,A_generation,278016,138,146036,TS1_mixture,extra.obj_pose_quaternion_norm_mae,0.006175539621175652
mbpo_pushcube_500k_20261007T094728_f9d45348,PushCube-v1,mbpo,A_generation,278016,138,146036,TS1_mixture,extra.obj_pose_quaternion_norm_max_error,0.061652997647088315
mbpo_pushcube_500k_20261007T094728_f9d45348,PushCube-v1,mbpo,A_generation,278016,138,146036,TS1_mixture,extra.obj_pose_quaternion_invalid_fraction_tol_0.01,0.22021484375
mbpo_pushcube_500k_20261007T094728_f9d45348,PushCube-v1,mbpo,A_generation,278016,138,146036,TS1_mixture,goal_position_drift_rmse,1.9366271568545755e-07
mbpo_pushcube_500k_20261007T094728_f9d45348,PushCube-v1,mbpo,A_generation,278016,138,146036,TS1_mixture,projected_quaternion_max_norm_error/extra.tcp_pose,5.960464477539063e-08
mbpo_pushcube_500k_20261007T094728_f9d45348,PushCube-v1,mbpo,A_generation,278016,138,146036,TS1_mixture,projected_quaternion_max_norm_error/extra.obj_pose,5.960464477539063e-08
mbpo_pushcube_500k_20261007T094728_f9d45348,PushCube-v1,mbpo,A_generation,280000,139,147093,TS1_mixture,count,2048
mbpo_pushcube_500k_20261007T094728_f9d45348,PushCube-v1,mbpo,A_generation,280000,139,147093,TS1_mixture,all_finite,True
mbpo_pushcube_500k_20261007T094728_f9d45348,PushCube-v1,mbpo,A_generation,280000,139,147093,TS1_mixture,reward_outside_0_1_fraction,0.197265625
mbpo_pushcube_500k_20261007T094728_f9d45348,PushCube-v1,mbpo,A_generation,280000,139,147093,TS1_mixture,reward_below_zero_fraction,0.0458984375
mbpo_pushcube_500k_20261007T094728_f9d45348,PushCube-v1,mbpo,A_generation,280000,139,147093,TS1_mixture,reward_above_one_fraction,0.1513671875
mbpo_pushcube_500k_20261007T094728_f9d45348,PushCube-v1,mbpo,A_generation,280000,139,147093,TS1_mixture,reward_min,-0.37210264801979065
mbpo_pushcube_500k_20261007T094728_f9d45348,PushCube-v1,mbpo,A_generation,280000,139,147093,TS1_mixture,reward_max,1.2358847856521606
mbpo_pushcube_500k_20261007T094728_f9d45348,PushCube-v1,mbpo,A_generation,280000,139,147093,TS1_mixture,elite_mean_reward_min,-0.7405288219451904
mbpo_pushcube_500k_20261007T094728_f9d45348,PushCube-v1,mbpo,A_generation,280000,139,147093,TS1_mixture,elite_mean_reward_max,1.1617915630340576
mbpo_pushcube_500k_20261007T094728_f9d45348,PushCube-v1,mbpo,A_generation,280000,139,147093,TS1_mixture,elite_mean_reward_outside_0_1_fraction,0.163818359375
mbpo_pushcube_500k_20261007T094728_f9d45348,PushCube-v1,mbpo,A_generation,280000,139,147093,TS1_mixture,extra.tcp_pose_quaternion_norm_mae,0.0007600202331238152
mbpo_pushcube_500k_20261007T094728_f9d45348,PushCube-v1,mbpo,A_generation,280000,139,147093,TS1_mixture,extra.tcp_pose_quaternion_norm_max_error,0.02311846181660493
mbpo_pushcube_500k_20261007T094728_f9d45348,PushCube-v1,mbpo,A_generation,280000,139,147093,TS1_mixture,extra.tcp_pose_quaternion_invalid_fraction_tol_0.01,0.0068359375
mbpo_pushcube_500k_20261007T094728_f9d45348,PushCube-v1,mbpo,A_generation,280000,139,147093,TS1_mixture,extra.obj_pose_quaternion_norm_mae,0.006475913628183774
mbpo_pushcube_500k_20261007T094728_f9d45348,PushCube-v1,mbpo,A_generation,280000,139,147093,TS1_mixture,extra.obj_pose_quaternion_norm_max_error,0.06472606092343836
mbpo_pushcube_500k_20261007T094728_f9d45348,PushCube-v1,mbpo,A_generation,280000,139,147093,TS1_mixture,extra.obj_pose_quaternion_invalid_fraction_tol_0.01,0.2392578125
mbpo_pushcube_500k_20261007T094728_f9d45348,PushCube-v1,mbpo,A_generation,280000,139,147093,TS1_mixture,goal_position_drift_rmse,1.5767930209732967e-07
mbpo_pushcube_500k_20261007T094728_f9d45348,PushCube-v1,mbpo,A_generation,280000,139,147093,TS1_mixture,projected_quaternion_max_norm_error/extra.tcp_pose,5.960464477539063e-08
mbpo_pushcube_500k_20261007T094728_f9d45348,PushCube-v1,mbpo,A_generation,280000,139,147093,TS1_mixture,projected_quaternion_max_norm_error/extra.obj_pose,5.960464477539063e-08
mbpo_pushcube_500k_20261007T094728_f9d45348,PushCube-v1,mbpo,A_generation,282016,140,148166,TS1_mixture,count,2048
mbpo_pushcube_500k_20261007T094728_f9d45348,PushCube-v1,mbpo,A_generation,282016,140,148166,TS1_mixture,all_finite,True
mbpo_pushcube_500k_20261007T094728_f9d45348,PushCube-v1,mbpo,A_generation,282016,140,148166,TS1_mixture,reward_outside_0_1_fraction,0.19091796875
mbpo_pushcube_500k_20261007T094728_f9d45348,PushCube-v1,mbpo,A_generation,282016,140,148166,TS1_mixture,reward_below_zero_fraction,0.03955078125
mbpo_pushcube_500k_20261007T094728_f9d45348,PushCube-v1,mbpo,A_generation,282016,140,148166,TS1_mixture,reward_above_one_fraction,0.1513671875
mbpo_pushcube_500k_20261007T094728_f9d45348,PushCube-v1,mbpo,A_generation,282016,140,148166,TS1_mixture,reward_min,-0.5613545775413513
mbpo_pushcube_500k_20261007T094728_f9d45348,PushCube-v1,mbpo,A_generation,282016,140,148166,TS1_mixture,reward_max,1.2673248052597046
mbpo_pushcube_500k_20261007T094728_f9d45348,PushCube-v1,mbpo,A_generation,282016,140,148166,TS1_mixture,elite_mean_reward_min,-0.8049744367599487
mbpo_pushcube_500k_20261007T094728_f9d45348,PushCube-v1,mbpo,A_generation,282016,140,148166,TS1_mixture,elite_mean_reward_max,1.1311686038970947
mbpo_pushcube_500k_20261007T094728_f9d45348,PushCube-v1,mbpo,A_generation,282016,140,148166,TS1_mixture,elite_mean_reward_outside_0_1_fraction,0.159912109375
mbpo_pushcube_500k_20261007T094728_f9d45348,PushCube-v1,mbpo,A_generation,282016,140,148166,TS1_mixture,extra.tcp_pose_quaternion_norm_mae,0.0007045272699078033
mbpo_pushcube_500k_20261007T094728_f9d45348,PushCube-v1,mbpo,A_generation,282016,140,148166,TS1_mixture,extra.tcp_pose_quaternion_norm_max_error,0.017126656418973152
mbpo_pushcube_500k_20261007T094728_f9d45348,PushCube-v1,mbpo,A_generation,282016,140,148166,TS1_mixture,extra.tcp_pose_quaternion_invalid_fraction_tol_0.01,0.00341796875
mbpo_pushcube_500k_20261007T094728_f9d45348,PushCube-v1,mbpo,A_generation,282016,140,148166,TS1_mixture,extra.obj_pose_quaternion_norm_mae,0.0059092597934489255
mbpo_pushcube_500k_20261007T094728_f9d45348,PushCube-v1,mbpo,A_generation,282016,140,148166,TS1_mixture,extra.obj_pose_quaternion_norm_max_error,0.07313367145191818
mbpo_pushcube_500k_20261007T094728_f9d45348,PushCube-v1,mbpo,A_generation,282016,140,148166,TS1_mixture,extra.obj_pose_quaternion_invalid_fraction_tol_0.01,0.216796875
mbpo_pushcube_500k_20261007T094728_f9d45348,PushCube-v1,mbpo,A_generation,282016,140,148166,TS1_mixture,goal_position_drift_rmse,1.559801658765421e-07
mbpo_pushcube_500k_20261007T094728_f9d45348,PushCube-v1,mbpo,A_generation,282016,140,148166,TS1_mixture,projected_quaternion_max_norm_error/extra.tcp_pose,5.960464477539063e-08
mbpo_pushcube_500k_20261007T094728_f9d45348,PushCube-v1,mbpo,A_generation,282016,140,148166,TS1_mixture,projected_quaternion_max_norm_error/extra.obj_pose,5.960464477539063e-08
mbpo_pushcube_500k_20261007T094728_f9d45348,PushCube-v1,mbpo,A_generation,284000,141,149222,TS1_mixture,count,2048
mbpo_pushcube_500k_20261007T094728_f9d45348,PushCube-v1,mbpo,A_generation,284000,141,149222,TS1_mixture,all_finite,True
mbpo_pushcube_500k_20261007T094728_f9d45348,PushCube-v1,mbpo,A_generation,284000,141,149222,TS1_mixture,reward_outside_0_1_fraction,0.17919921875
mbpo_pushcube_500k_20261007T094728_f9d45348,PushCube-v1,mbpo,A_generation,284000,141,149222,TS1_mixture,reward_below_zero_fraction,0.04638671875
mbpo_pushcube_500k_20261007T094728_f9d45348,PushCube-v1,mbpo,A_generation,284000,141,149222,TS1_mixture,reward_above_one_fraction,0.1328125
mbpo_pushcube_500k_20261007T094728_f9d45348,PushCube-v1,mbpo,A_generation,284000,141,149222,TS1_mixture,reward_min,-0.45110538601875305
mbpo_pushcube_500k_20261007T094728_f9d45348,PushCube-v1,mbpo,A_generation,284000,141,149222,TS1_mixture,reward_max,1.235543966293335
mbpo_pushcube_500k_20261007T094728_f9d45348,PushCube-v1,mbpo,A_generation,284000,141,149222,TS1_mixture,elite_mean_reward_min,-0.46413999795913696
mbpo_pushcube_500k_20261007T094728_f9d45348,PushCube-v1,mbpo,A_generation,284000,141,149222,TS1_mixture,elite_mean_reward_max,1.134078025817871
mbpo_pushcube_500k_20261007T094728_f9d45348,PushCube-v1,mbpo,A_generation,284000,141,149222,TS1_mixture,elite_mean_reward_outside_0_1_fraction,0.16064453125
mbpo_pushcube_500k_20261007T094728_f9d45348,PushCube-v1,mbpo,A_generation,284000,141,149222,TS1_mixture,extra.tcp_pose_quaternion_norm_mae,0.0006900039812461858
mbpo_pushcube_500k_20261007T094728_f9d45348,PushCube-v1,mbpo,A_generation,284000,141,149222,TS1_mixture,extra.tcp_pose_quaternion_norm_max_error,0.034955861014057676
mbpo_pushcube_500k_20261007T094728_f9d45348,PushCube-v1,mbpo,A_generation,284000,141,149222,TS1_mixture,extra.tcp_pose_quaternion_invalid_fraction_tol_0.01,0.00439453125
mbpo_pushcube_500k_20261007T094728_f9d45348,PushCube-v1,mbpo,A_generation,284000,141,149222,TS1_mixture,extra.obj_pose_quaternion_norm_mae,0.006147161714714072
mbpo_pushcube_500k_20261007T094728_f9d45348,PushCube-v1,mbpo,A_generation,284000,141,149222,TS1_mixture,extra.obj_pose_quaternion_norm_max_error,0.07289499416926137
mbpo_pushcube_500k_20261007T094728_f9d45348,PushCube-v1,mbpo,A_generation,284000,141,149222,TS1_mixture,extra.obj_pose_quaternion_invalid_fraction_tol_0.01,0.2265625
mbpo_pushcube_500k_20261007T094728_f9d45348,PushCube-v1,mbpo,A_generation,284000,141,149222,TS1_mixture,goal_position_drift_rmse,1.5337439063335331e-07
mbpo_pushcube_500k_20261007T094728_f9d45348,PushCube-v1,mbpo,A_generation,284000,141,149222,TS1_mixture,projected_quaternion_max_norm_error/extra.tcp_pose,5.960464477539063e-08
mbpo_pushcube_500k_20261007T094728_f9d45348,PushCube-v1,mbpo,A_generation,284000,141,149222,TS1_mixture,projected_quaternion_max_norm_error/extra.obj_pose,5.960464477539063e-08
mbpo_pushcube_500k_20261007T094728_f9d45348,PushCube-v1,mbpo,A_generation,286016,142,150295,TS1_mixture,count,2048
mbpo_pushcube_500k_20261007T094728_f9d45348,PushCube-v1,mbpo,A_generation,286016,142,150295,TS1_mixture,all_finite,True
mbpo_pushcube_500k_20261007T094728_f9d45348,PushCube-v1,mbpo,A_generation,286016,142,150295,TS1_mixture,reward_outside_0_1_fraction,0.16748046875
mbpo_pushcube_500k_20261007T094728_f9d45348,PushCube-v1,mbpo,A_generation,286016,142,150295,TS1_mixture,reward_below_zero_fraction,0.03759765625
mbpo_pushcube_500k_20261007T094728_f9d45348,PushCube-v1,mbpo,A_generation,286016,142,150295,TS1_mixture,reward_above_one_fraction,0.1298828125
mbpo_pushcube_500k_20261007T094728_f9d45348,PushCube-v1,mbpo,A_generation,286016,142,150295,TS1_mixture,reward_min,-0.3546007573604584
mbpo_pushcube_500k_20261007T094728_f9d45348,PushCube-v1,mbpo,A_generation,286016,142,150295,TS1_mixture,reward_max,1.2261239290237427
mbpo_pushcube_500k_20261007T094728_f9d45348,PushCube-v1,mbpo,A_generation,286016,142,150295,TS1_mixture,elite_mean_reward_min,-0.48686832189559937
mbpo_pushcube_500k_20261007T094728_f9d45348,PushCube-v1,mbpo,A_generation,286016,142,150295,TS1_mixture,elite_mean_reward_max,1.127747654914856
mbpo_pushcube_500k_20261007T094728_f9d45348,PushCube-v1,mbpo,A_generation,286016,142,150295,TS1_mixture,elite_mean_reward_outside_0_1_fraction,0.15869140625
mbpo_pushcube_500k_20261007T094728_f9d45348,PushCube-v1,mbpo,A_generation,286016,142,150295,TS1_mixture,extra.tcp_pose_quaternion_norm_mae,0.0007043424450710739
mbpo_pushcube_500k_20261007T094728_f9d45348,PushCube-v1,mbpo,A_generation,286016,142,150295,TS1_mixture,extra.tcp_pose_quaternion_norm_max_error,0.03245232628904837
mbpo_pushcube_500k_20261007T094728_f9d45348,PushCube-v1,mbpo,A_generation,286016,142,150295,TS1_mixture,extra.tcp_pose_quaternion_invalid_fraction_tol_0.01,0.00537109375
mbpo_pushcube_500k_20261007T094728_f9d45348,PushCube-v1,mbpo,A_generation,286016,142,150295,TS1_mixture,extra.obj_pose_quaternion_norm_mae,0.006447656839366422
mbpo_pushcube_500k_20261007T094728_f9d45348,PushCube-v1,mbpo,A_generation,286016,142,150295,TS1_mixture,extra.obj_pose_quaternion_norm_max_error,0.26989980275732295
mbpo_pushcube_500k_20261007T094728_f9d45348,PushCube-v1,mbpo,A_generation,286016,142,150295,TS1_mixture,extra.obj_pose_quaternion_invalid_fraction_tol_0.01,0.22998046875
mbpo_pushcube_500k_20261007T094728_f9d45348,PushCube-v1,mbpo,A_generation,286016,142,150295,TS1_mixture,goal_position_drift_rmse,1.840960028741588e-07
mbpo_pushcube_500k_20261007T094728_f9d45348,PushCube-v1,mbpo,A_generation,286016,142,150295,TS1_mixture,projected_quaternion_max_norm_error/extra.tcp_pose,5.960464477539063e-08
mbpo_pushcube_500k_20261007T094728_f9d45348,PushCube-v1,mbpo,A_generation,286016,142,150295,TS1_mixture,projected_quaternion_max_norm_error/extra.obj_pose,5.960464477539063e-08
mbpo_pushcube_500k_20261007T094728_f9d45348,PushCube-v1,mbpo,A_generation,288000,143,151352,TS1_mixture,count,2048
mbpo_pushcube_500k_20261007T094728_f9d45348,PushCube-v1,mbpo,A_generation,288000,143,151352,TS1_mixture,all_finite,True
mbpo_pushcube_500k_20261007T094728_f9d45348,PushCube-v1,mbpo,A_generation,288000,143,151352,TS1_mixture,reward_outside_0_1_fraction,0.171875
mbpo_pushcube_500k_20261007T094728_f9d45348,PushCube-v1,mbpo,A_generation,288000,143,151352,TS1_mixture,reward_below_zero_fraction,0.0380859375
mbpo_pushcube_500k_20261007T094728_f9d45348,PushCube-v1,mbpo,A_generation,288000,143,151352,TS1_mixture,reward_above_one_fraction,0.1337890625
mbpo_pushcube_500k_20261007T094728_f9d45348,PushCube-v1,mbpo,A_generation,288000,143,151352,TS1_mixture,reward_min,-0.6038213968276978
mbpo_pushcube_500k_20261007T094728_f9d45348,PushCube-v1,mbpo,A_generation,288000,143,151352,TS1_mixture,reward_max,1.2345771789550781
mbpo_pushcube_500k_20261007T094728_f9d45348,PushCube-v1,mbpo,A_generation,288000,143,151352,TS1_mixture,elite_mean_reward_min,-0.5840045809745789
mbpo_pushcube_500k_20261007T094728_f9d45348,PushCube-v1,mbpo,A_generation,288000,143,151352,TS1_mixture,elite_mean_reward_max,1.1091837882995605
mbpo_pushcube_500k_20261007T094728_f9d45348,PushCube-v1,mbpo,A_generation,288000,143,151352,TS1_mixture,elite_mean_reward_outside_0_1_fraction,0.154541015625
mbpo_pushcube_500k_20261007T094728_f9d45348,PushCube-v1,mbpo,A_generation,288000,143,151352,TS1_mixture,extra.tcp_pose_quaternion_norm_mae,0.0007866860314349441
mbpo_pushcube_500k_20261007T094728_f9d45348,PushCube-v1,mbpo,A_generation,288000,143,151352,TS1_mixture,extra.tcp_pose_quaternion_norm_max_error,0.04268343286335652
mbpo_pushcube_500k_20261007T094728_f9d45348,PushCube-v1,mbpo,A_generation,288000,143,151352,TS1_mixture,extra.tcp_pose_quaternion_invalid_fraction_tol_0.01,0.0068359375
mbpo_pushcube_500k_20261007T094728_f9d45348,PushCube-v1,mbpo,A_generation,288000,143,151352,TS1_mixture,extra.obj_pose_quaternion_norm_mae,0.00609284863795586
mbpo_pushcube_500k_20261007T094728_f9d45348,PushCube-v1,mbpo,A_generation,288000,143,151352,TS1_mixture,extra.obj_pose_quaternion_norm_max_error,0.11947807685806389
mbpo_pushcube_500k_20261007T094728_f9d45348,PushCube-v1,mbpo,A_generation,288000,143,151352,TS1_mixture,extra.obj_pose_quaternion_invalid_fraction_tol_0.01,0.2294921875
mbpo_pushcube_500k_20261007T094728_f9d45348,PushCube-v1,mbpo,A_generation,288000,143,151352,TS1_mixture,goal_position_drift_rmse,1.8655689721673796e-07
mbpo_pushcube_500k_20261007T094728_f9d45348,PushCube-v1,mbpo,A_generation,288000,143,151352,TS1_mixture,projected_quaternion_max_norm_error/extra.tcp_pose,5.960464477539063e-08
mbpo_pushcube_500k_20261007T094728_f9d45348,PushCube-v1,mbpo,A_generation,288000,143,151352,TS1_mixture,projected_quaternion_max_norm_error/extra.obj_pose,5.960464477539063e-08
mbpo_pushcube_500k_20261007T094728_f9d45348,PushCube-v1,mbpo,A_generation,290016,144,152425,TS1_mixture,count,2048
mbpo_pushcube_500k_20261007T094728_f9d45348,PushCube-v1,mbpo,A_generation,290016,144,152425,TS1_mixture,all_finite,True
mbpo_pushcube_500k_20261007T094728_f9d45348,PushCube-v1,mbpo,A_generation,290016,144,152425,TS1_mixture,reward_outside_0_1_fraction,0.205078125
mbpo_pushcube_500k_20261007T094728_f9d45348,PushCube-v1,mbpo,A_generation,290016,144,152425,TS1_mixture,reward_below_zero_fraction,0.05029296875
mbpo_pushcube_500k_20261007T094728_f9d45348,PushCube-v1,mbpo,A_generation,290016,144,152425,TS1_mixture,reward_above_one_fraction,0.15478515625
mbpo_pushcube_500k_20261007T094728_f9d45348,PushCube-v1,mbpo,A_generation,290016,144,152425,TS1_mixture,reward_min,-0.5947467088699341
mbpo_pushcube_500k_20261007T094728_f9d45348,PushCube-v1,mbpo,A_generation,290016,144,152425,TS1_mixture,reward_max,1.28607177734375
mbpo_pushcube_500k_20261007T094728_f9d45348,PushCube-v1,mbpo,A_generation,290016,144,152425,TS1_mixture,elite_mean_reward_min,-0.6001765131950378
mbpo_pushcube_500k_20261007T094728_f9d45348,PushCube-v1,mbpo,A_generation,290016,144,152425,TS1_mixture,elite_mean_reward_max,1.1333107948303223
mbpo_pushcube_500k_20261007T094728_f9d45348,PushCube-v1,mbpo,A_generation,290016,144,152425,TS1_mixture,elite_mean_reward_outside_0_1_fraction,0.169189453125
mbpo_pushcube_500k_20261007T094728_f9d45348,PushCube-v1,mbpo,A_generation,290016,144,152425,TS1_mixture,extra.tcp_pose_quaternion_norm_mae,0.0007356877459450268
mbpo_pushcube_500k_20261007T094728_f9d45348,PushCube-v1,mbpo,A_generation,290016,144,152425,TS1_mixture,extra.tcp_pose_quaternion_norm_max_error,0.030062150176519586
mbpo_pushcube_500k_20261007T094728_f9d45348,PushCube-v1,mbpo,A_generation,290016,144,152425,TS1_mixture,extra.tcp_pose_quaternion_invalid_fraction_tol_0.01,0.00732421875
mbpo_pushcube_500k_20261007T094728_f9d45348,PushCube-v1,mbpo,A_generation,290016,144,152425,TS1_mixture,extra.obj_pose_quaternion_norm_mae,0.00646956525493278
mbpo_pushcube_500k_20261007T094728_f9d45348,PushCube-v1,mbpo,A_generation,290016,144,152425,TS1_mixture,extra.obj_pose_quaternion_norm_max_error,0.08603111033343525
mbpo_pushcube_500k_20261007T094728_f9d45348,PushCube-v1,mbpo,A_generation,290016,144,152425,TS1_mixture,extra.obj_pose_quaternion_invalid_fraction_tol_0.01,0.2373046875
mbpo_pushcube_500k_20261007T094728_f9d45348,PushCube-v1,mbpo,A_generation,290016,144,152425,TS1_mixture,goal_position_drift_rmse,2.0137517140310451e-07
mbpo_pushcube_500k_20261007T094728_f9d45348,PushCube-v1,mbpo,A_generation,290016,144,152425,TS1_mixture,projected_quaternion_max_norm_error/extra.tcp_pose,5.960464477539063e-08
mbpo_pushcube_500k_20261007T094728_f9d45348,PushCube-v1,mbpo,A_generation,290016,144,152425,TS1_mixture,projected_quaternion_max_norm_error/extra.obj_pose,5.960464477539063e-08
mbpo_pushcube_500k_20261007T094728_f9d45348,PushCube-v1,mbpo,A_generation,292000,145,153481,TS1_mixture,count,2048
mbpo_pushcube_500k_20261007T094728_f9d45348,PushCube-v1,mbpo,A_generation,292000,145,153481,TS1_mixture,all_finite,True
mbpo_pushcube_500k_20261007T094728_f9d45348,PushCube-v1,mbpo,A_generation,292000,145,153481,TS1_mixture,reward_outside_0_1_fraction,0.19091796875
mbpo_pushcube_500k_20261007T094728_f9d45348,PushCube-v1,mbpo,A_generation,292000,145,153481,TS1_mixture,reward_below_zero_fraction,0.04736328125
mbpo_pushcube_500k_20261007T094728_f9d45348,PushCube-v1,mbpo,A_generation,292000,145,153481,TS1_mixture,reward_above_one_fraction,0.1435546875
mbpo_pushcube_500k_20261007T094728_f9d45348,PushCube-v1,mbpo,A_generation,292000,145,153481,TS1_mixture,reward_min,-1.0823794603347778
mbpo_pushcube_500k_20261007T094728_f9d45348,PushCube-v1,mbpo,A_generation,292000,145,153481,TS1_mixture,reward_max,1.219846248626709
mbpo_pushcube_500k_20261007T094728_f9d45348,PushCube-v1,mbpo,A_generation,292000,145,153481,TS1_mixture,elite_mean_reward_min,-0.9520002603530884
mbpo_pushcube_500k_20261007T094728_f9d45348,PushCube-v1,mbpo,A_generation,292000,145,153481,TS1_mixture,elite_mean_reward_max,1.1110788583755493
mbpo_pushcube_500k_20261007T094728_f9d45348,PushCube-v1,mbpo,A_generation,292000,145,153481,TS1_mixture,elite_mean_reward_outside_0_1_fraction,0.1611328125
mbpo_pushcube_500k_20261007T094728_f9d45348,PushCube-v1,mbpo,A_generation,292000,145,153481,TS1_mixture,extra.tcp_pose_quaternion_norm_mae,0.00069911449508533
mbpo_pushcube_500k_20261007T094728_f9d45348,PushCube-v1,mbpo,A_generation,292000,145,153481,TS1_mixture,extra.tcp_pose_quaternion_norm_max_error,0.020483924752175087
mbpo_pushcube_500k_20261007T094728_f9d45348,PushCube-v1,mbpo,A_generation,292000,145,153481,TS1_mixture,extra.tcp_pose_quaternion_invalid_fraction_tol_0.01,0.00439453125
mbpo_pushcube_500k_20261007T094728_f9d45348,PushCube-v1,mbpo,A_generation,292000,145,153481,TS1_mixture,extra.obj_pose_quaternion_norm_mae,0.006448685956933818
mbpo_pushcube_500k_20261007T094728_f9d45348,PushCube-v1,mbpo,A_generation,292000,145,153481,TS1_mixture,extra.obj_pose_quaternion_norm_max_error,0.06602620251962832
mbpo_pushcube_500k_20261007T094728_f9d45348,PushCube-v1,mbpo,A_generation,292000,145,153481,TS1_mixture,extra.obj_pose_quaternion_invalid_fraction_tol_0.01,0.236328125
mbpo_pushcube_500k_20261007T094728_f9d45348,PushCube-v1,mbpo,A_generation,292000,145,153481,TS1_mixture,goal_position_drift_rmse,1.8366528085945424e-07
mbpo_pushcube_500k_20261007T094728_f9d45348,PushCube-v1,mbpo,A_generation,292000,145,153481,TS1_mixture,projected_quaternion_max_norm_error/extra.tcp_pose,5.960464477539063e-08
mbpo_pushcube_500k_20261007T094728_f9d45348,PushCube-v1,mbpo,A_generation,292000,145,153481,TS1_mixture,projected_quaternion_max_norm_error/extra.obj_pose,5.960464477539063e-08
mbpo_pushcube_500k_20261007T094728_f9d45348,PushCube-v1,mbpo,A_generation,294016,146,154554,TS1_mixture,count,2048
mbpo_pushcube_500k_20261007T094728_f9d45348,PushCube-v1,mbpo,A_generation,294016,146,154554,TS1_mixture,all_finite,True
mbpo_pushcube_500k_20261007T094728_f9d45348,PushCube-v1,mbpo,A_generation,294016,146,154554,TS1_mixture,reward_outside_0_1_fraction,0.1806640625
mbpo_pushcube_500k_20261007T094728_f9d45348,PushCube-v1,mbpo,A_generation,294016,146,154554,TS1_mixture,reward_below_zero_fraction,0.03759765625
mbpo_pushcube_500k_20261007T094728_f9d45348,PushCube-v1,mbpo,A_generation,294016,146,154554,TS1_mixture,reward_above_one_fraction,0.14306640625
mbpo_pushcube_500k_20261007T094728_f9d45348,PushCube-v1,mbpo,A_generation,294016,146,154554,TS1_mixture,reward_min,-0.3733716607093811
mbpo_pushcube_500k_20261007T094728_f9d45348,PushCube-v1,mbpo,A_generation,294016,146,154554,TS1_mixture,reward_max,1.209236741065979
mbpo_pushcube_500k_20261007T094728_f9d45348,PushCube-v1,mbpo,A_generation,294016,146,154554,TS1_mixture,elite_mean_reward_min,-0.35569605231285095
mbpo_pushcube_500k_20261007T094728_f9d45348,PushCube-v1,mbpo,A_generation,294016,146,154554,TS1_mixture,elite_mean_reward_max,1.1107008457183838
mbpo_pushcube_500k_20261007T094728_f9d45348,PushCube-v1,mbpo,A_generation,294016,146,154554,TS1_mixture,elite_mean_reward_outside_0_1_fraction,0.142333984375
mbpo_pushcube_500k_20261007T094728_f9d45348,PushCube-v1,mbpo,A_generation,294016,146,154554,TS1_mixture,extra.tcp_pose_quaternion_norm_mae,0.0006914212948182618
mbpo_pushcube_500k_20261007T094728_f9d45348,PushCube-v1,mbpo,A_generation,294016,146,154554,TS1_mixture,extra.tcp_pose_quaternion_norm_max_error,0.03324299077237902
mbpo_pushcube_500k_20261007T094728_f9d45348,PushCube-v1,mbpo,A_generation,294016,146,154554,TS1_mixture,extra.tcp_pose_quaternion_invalid_fraction_tol_0.01,0.00439453125
mbpo_pushcube_500k_20261007T094728_f9d45348,PushCube-v1,mbpo,A_generation,294016,146,154554,TS1_mixture,extra.obj_pose_quaternion_norm_mae,0.005815170075105846
mbpo_pushcube_500k_20261007T094728_f9d45348,PushCube-v1,mbpo,A_generation,294016,146,154554,TS1_mixture,extra.obj_pose_quaternion_norm_max_error,0.05853853054878155
mbpo_pushcube_500k_20261007T094728_f9d45348,PushCube-v1,mbpo,A_generation,294016,146,154554,TS1_mixture,extra.obj_pose_quaternion_invalid_fraction_tol_0.01,0.21240234375
mbpo_pushcube_500k_20261007T094728_f9d45348,PushCube-v1,mbpo,A_generation,294016,146,154554,TS1_mixture,goal_position_drift_rmse,1.6146415483296513e-07
mbpo_pushcube_500k_20261007T094728_f9d45348,PushCube-v1,mbpo,A_generation,294016,146,154554,TS1_mixture,projected_quaternion_max_norm_error/extra.tcp_pose,5.960464477539063e-08
mbpo_pushcube_500k_20261007T094728_f9d45348,PushCube-v1,mbpo,A_generation,294016,146,154554,TS1_mixture,projected_quaternion_max_norm_error/extra.obj_pose,5.960464477539063e-08
mbpo_pushcube_500k_20261007T094728_f9d45348,PushCube-v1,mbpo,A_generation,296000,147,155611,TS1_mixture,count,2048
mbpo_pushcube_500k_20261007T094728_f9d45348,PushCube-v1,mbpo,A_generation,296000,147,155611,TS1_mixture,all_finite,True
mbpo_pushcube_500k_20261007T094728_f9d45348,PushCube-v1,mbpo,A_generation,296000,147,155611,TS1_mixture,reward_outside_0_1_fraction,0.19970703125
mbpo_pushcube_500k_20261007T094728_f9d45348,PushCube-v1,mbpo,A_generation,296000,147,155611,TS1_mixture,reward_below_zero_fraction,0.0390625
mbpo_pushcube_500k_20261007T094728_f9d45348,PushCube-v1,mbpo,A_generation,296000,147,155611,TS1_mixture,reward_above_one_fraction,0.16064453125
mbpo_pushcube_500k_20261007T094728_f9d45348,PushCube-v1,mbpo,A_generation,296000,147,155611,TS1_mixture,reward_min,-0.7016081809997559
mbpo_pushcube_500k_20261007T094728_f9d45348,PushCube-v1,mbpo,A_generation,296000,147,155611,TS1_mixture,reward_max,1.2270698547363281
mbpo_pushcube_500k_20261007T094728_f9d45348,PushCube-v1,mbpo,A_generation,296000,147,155611,TS1_mixture,elite_mean_reward_min,-0.7369176745414734
mbpo_pushcube_500k_20261007T094728_f9d45348,PushCube-v1,mbpo,A_generation,296000,147,155611,TS1_mixture,elite_mean_reward_max,1.1156522035598755
mbpo_pushcube_500k_20261007T094728_f9d45348,PushCube-v1,mbpo,A_generation,296000,147,155611,TS1_mixture,elite_mean_reward_outside_0_1_fraction,0.17822265625
mbpo_pushcube_500k_20261007T094728_f9d45348,PushCube-v1,mbpo,A_generation,296000,147,155611,TS1_mixture,extra.tcp_pose_quaternion_norm_mae,0.0007347665996145158
mbpo_pushcube_500k_20261007T094728_f9d45348,PushCube-v1,mbpo,A_generation,296000,147,155611,TS1_mixture,extra.tcp_pose_quaternion_norm_max_error,0.024404577508031267
mbpo_pushcube_500k_20261007T094728_f9d45348,PushCube-v1,mbpo,A_generation,296000,147,155611,TS1_mixture,extra.tcp_pose_quaternion_invalid_fraction_tol_0.01,0.0068359375
mbpo_pushcube_500k_20261007T094728_f9d45348,PushCube-v1,mbpo,A_generation,296000,147,155611,TS1_mixture,extra.obj_pose_quaternion_norm_mae,0.006339037333296512
mbpo_pushcube_500k_20261007T094728_f9d45348,PushCube-v1,mbpo,A_generation,296000,147,155611,TS1_mixture,extra.obj_pose_quaternion_norm_max_error,0.13659544004211888
mbpo_pushcube_500k_20261007T094728_f9d45348,PushCube-v1,mbpo,A_generation,296000,147,155611,TS1_mixture,extra.obj_pose_quaternion_invalid_fraction_tol_0.01,0.2353515625
mbpo_pushcube_500k_20261007T094728_f9d45348,PushCube-v1,mbpo,A_generation,296000,147,155611,TS1_mixture,goal_position_drift_rmse,1.7319639331854427e-07
mbpo_pushcube_500k_20261007T094728_f9d45348,PushCube-v1,mbpo,A_generation,296000,147,155611,TS1_mixture,projected_quaternion_max_norm_error/extra.tcp_pose,5.960464477539063e-08
mbpo_pushcube_500k_20261007T094728_f9d45348,PushCube-v1,mbpo,A_generation,296000,147,155611,TS1_mixture,projected_quaternion_max_norm_error/extra.obj_pose,5.960464477539063e-08
mbpo_pushcube_500k_20261007T094728_f9d45348,PushCube-v1,mbpo,A_generation,298016,148,156684,TS1_mixture,count,2048
mbpo_pushcube_500k_20261007T094728_f9d45348,PushCube-v1,mbpo,A_generation,298016,148,156684,TS1_mixture,all_finite,True
mbpo_pushcube_500k_20261007T094728_f9d45348,PushCube-v1,mbpo,A_generation,298016,148,156684,TS1_mixture,reward_outside_0_1_fraction,0.19287109375
mbpo_pushcube_500k_20261007T094728_f9d45348,PushCube-v1,mbpo,A_generation,298016,148,156684,TS1_mixture,reward_below_zero_fraction,0.0439453125
mbpo_pushcube_500k_20261007T094728_f9d45348,PushCube-v1,mbpo,A_generation,298016,148,156684,TS1_mixture,reward_above_one_fraction,0.14892578125
mbpo_pushcube_500k_20261007T094728_f9d45348,PushCube-v1,mbpo,A_generation,298016,148,156684,TS1_mixture,reward_min,-0.7331229448318481
mbpo_pushcube_500k_20261007T094728_f9d45348,PushCube-v1,mbpo,A_generation,298016,148,156684,TS1_mixture,reward_max,1.2072505950927734
mbpo_pushcube_500k_20261007T094728_f9d45348,PushCube-v1,mbpo,A_generation,298016,148,156684,TS1_mixture,elite_mean_reward_min,-0.7121012210845947
mbpo_pushcube_500k_20261007T094728_f9d45348,PushCube-v1,mbpo,A_generation,298016,148,156684,TS1_mixture,elite_mean_reward_max,1.126474380493164
mbpo_pushcube_500k_20261007T094728_f9d45348,PushCube-v1,mbpo,A_generation,298016,148,156684,TS1_mixture,elite_mean_reward_outside_0_1_fraction,0.169677734375
mbpo_pushcube_500k_20261007T094728_f9d45348,PushCube-v1,mbpo,A_generation,298016,148,156684,TS1_mixture,extra.tcp_pose_quaternion_norm_mae,0.0007030037757553529
mbpo_pushcube_500k_20261007T094728_f9d45348,PushCube-v1,mbpo,A_generation,298016,148,156684,TS1_mixture,extra.tcp_pose_quaternion_norm_max_error,0.025462580278771574
mbpo_pushcube_500k_20261007T094728_f9d45348,PushCube-v1,mbpo,A_generation,298016,148,156684,TS1_mixture,extra.tcp_pose_quaternion_invalid_fraction_tol_0.01,0.0048828125
mbpo_pushcube_500k_20261007T094728_f9d45348,PushCube-v1,mbpo,A_generation,298016,148,156684,TS1_mixture,extra.obj_pose_quaternion_norm_mae,0.006652892402649671
mbpo_pushcube_500k_20261007T094728_f9d45348,PushCube-v1,mbpo,A_generation,298016,148,156684,TS1_mixture,extra.obj_pose_quaternion_norm_max_error,0.10236463040108734
mbpo_pushcube_500k_20261007T094728_f9d45348,PushCube-v1,mbpo,A_generation,298016,148,156684,TS1_mixture,extra.obj_pose_quaternion_invalid_fraction_tol_0.01,0.23681640625
mbpo_pushcube_500k_20261007T094728_f9d45348,PushCube-v1,mbpo,A_generation,298016,148,156684,TS1_mixture,goal_position_drift_rmse,1.585183744611467e-07
mbpo_pushcube_500k_20261007T094728_f9d45348,PushCube-v1,mbpo,A_generation,298016,148,156684,TS1_mixture,projected_quaternion_max_norm_error/extra.tcp_pose,5.960464477539063e-08
mbpo_pushcube_500k_20261007T094728_f9d45348,PushCube-v1,mbpo,A_generation,298016,148,156684,TS1_mixture,projected_quaternion_max_norm_error/extra.obj_pose,5.960464477539063e-08
mbpo_pushcube_500k_20261007T094728_f9d45348,PushCube-v1,mbpo,A_generation,300000,149,157740,TS1_mixture,count,2048
mbpo_pushcube_500k_20261007T094728_f9d45348,PushCube-v1,mbpo,A_generation,300000,149,157740,TS1_mixture,all_finite,True
mbpo_pushcube_500k_20261007T094728_f9d45348,PushCube-v1,mbpo,A_generation,300000,149,157740,TS1_mixture,reward_outside_0_1_fraction,0.1875
mbpo_pushcube_500k_20261007T094728_f9d45348,PushCube-v1,mbpo,A_generation,300000,149,157740,TS1_mixture,reward_below_zero_fraction,0.04443359375
mbpo_pushcube_500k_20261007T094728_f9d45348,PushCube-v1,mbpo,A_generation,300000,149,157740,TS1_mixture,reward_above_one_fraction,0.14306640625
mbpo_pushcube_500k_20261007T094728_f9d45348,PushCube-v1,mbpo,A_generation,300000,149,157740,TS1_mixture,reward_min,-0.6639103889465332
mbpo_pushcube_500k_20261007T094728_f9d45348,PushCube-v1,mbpo,A_generation,300000,149,157740,TS1_mixture,reward_max,1.2298946380615234
mbpo_pushcube_500k_20261007T094728_f9d45348,PushCube-v1,mbpo,A_generation,300000,149,157740,TS1_mixture,elite_mean_reward_min,-0.6057224273681641
mbpo_pushcube_500k_20261007T094728_f9d45348,PushCube-v1,mbpo,A_generation,300000,149,157740,TS1_mixture,elite_mean_reward_max,1.1164157390594482
mbpo_pushcube_500k_20261007T094728_f9d45348,PushCube-v1,mbpo,A_generation,300000,149,157740,TS1_mixture,elite_mean_reward_outside_0_1_fraction,0.15234375
mbpo_pushcube_500k_20261007T094728_f9d45348,PushCube-v1,mbpo,A_generation,300000,149,157740,TS1_mixture,extra.tcp_pose_quaternion_norm_mae,0.0007344796982157916
mbpo_pushcube_500k_20261007T094728_f9d45348,PushCube-v1,mbpo,A_generation,300000,149,157740,TS1_mixture,extra.tcp_pose_quaternion_norm_max_error,0.02636034245847374
mbpo_pushcube_500k_20261007T094728_f9d45348,PushCube-v1,mbpo,A_generation,300000,149,157740,TS1_mixture,extra.tcp_pose_quaternion_invalid_fraction_tol_0.01,0.00634765625
mbpo_pushcube_500k_20261007T094728_f9d45348,PushCube-v1,mbpo,A_generation,300000,149,157740,TS1_mixture,extra.obj_pose_quaternion_norm_mae,0.0065229543864081686
mbpo_pushcube_500k_20261007T094728_f9d45348,PushCube-v1,mbpo,A_generation,300000,149,157740,TS1_mixture,extra.obj_pose_quaternion_norm_max_error,0.08288143967773498
mbpo_pushcube_500k_20261007T094728_f9d45348,PushCube-v1,mbpo,A_generation,300000,149,157740,TS1_mixture,extra.obj_pose_quaternion_invalid_fraction_tol_0.01,0.2431640625
mbpo_pushcube_500k_20261007T094728_f9d45348,PushCube-v1,mbpo,A_generation,300000,149,157740,TS1_mixture,goal_position_drift_rmse,2.0123513214594522e-07
mbpo_pushcube_500k_20261007T094728_f9d45348,PushCube-v1,mbpo,A_generation,300000,149,157740,TS1_mixture,projected_quaternion_max_norm_error/extra.tcp_pose,5.960464477539063e-08
mbpo_pushcube_500k_20261007T094728_f9d45348,PushCube-v1,mbpo,A_generation,300000,149,157740,TS1_mixture,projected_quaternion_max_norm_error/extra.obj_pose,5.960464477539063e-08
mbpo_pushcube_500k_20261007T094728_f9d45348,PushCube-v1,mbpo,A_generation,302016,150,158819,TS1_mixture,count,2048
mbpo_pushcube_500k_20261007T094728_f9d45348,PushCube-v1,mbpo,A_generation,302016,150,158819,TS1_mixture,all_finite,True
mbpo_pushcube_500k_20261007T094728_f9d45348,PushCube-v1,mbpo,A_generation,302016,150,158819,TS1_mixture,reward_outside_0_1_fraction,0.1953125
mbpo_pushcube_500k_20261007T094728_f9d45348,PushCube-v1,mbpo,A_generation,302016,150,158819,TS1_mixture,reward_below_zero_fraction,0.03857421875
mbpo_pushcube_500k_20261007T094728_f9d45348,PushCube-v1,mbpo,A_generation,302016,150,158819,TS1_mixture,reward_above_one_fraction,0.15673828125
mbpo_pushcube_500k_20261007T094728_f9d45348,PushCube-v1,mbpo,A_generation,302016,150,158819,TS1_mixture,reward_min,-1.24802827835083
mbpo_pushcube_500k_20261007T094728_f9d45348,PushCube-v1,mbpo,A_generation,302016,150,158819,TS1_mixture,reward_max,1.2026304006576538
mbpo_pushcube_500k_20261007T094728_f9d45348,PushCube-v1,mbpo,A_generation,302016,150,158819,TS1_mixture,elite_mean_reward_min,-1.1746760606765747
mbpo_pushcube_500k_20261007T094728_f9d45348,PushCube-v1,mbpo,A_generation,302016,150,158819,TS1_mixture,elite_mean_reward_max,1.1219377517700195
mbpo_pushcube_500k_20261007T094728_f9d45348,PushCube-v1,mbpo,A_generation,302016,150,158819,TS1_mixture,elite_mean_reward_outside_0_1_fraction,0.16845703125
mbpo_pushcube_500k_20261007T094728_f9d45348,PushCube-v1,mbpo,A_generation,302016,150,158819,TS1_mixture,extra.tcp_pose_quaternion_norm_mae,0.0006492749850409666
mbpo_pushcube_500k_20261007T094728_f9d45348,PushCube-v1,mbpo,A_generation,302016,150,158819,TS1_mixture,extra.tcp_pose_quaternion_norm_max_error,0.018449788004431533
mbpo_pushcube_500k_20261007T094728_f9d45348,PushCube-v1,mbpo,A_generation,302016,150,158819,TS1_mixture,extra.tcp_pose_quaternion_invalid_fraction_tol_0.01,0.00244140625
mbpo_pushcube_500k_20261007T094728_f9d45348,PushCube-v1,mbpo,A_generation,302016,150,158819,TS1_mixture,extra.obj_pose_quaternion_norm_mae,0.006686878164999589
mbpo_pushcube_500k_20261007T094728_f9d45348,PushCube-v1,mbpo,A_generation,302016,150,158819,TS1_mixture,extra.obj_pose_quaternion_norm_max_error,0.08545676243203604
mbpo_pushcube_500k_20261007T094728_f9d45348,PushCube-v1,mbpo,A_generation,302016,150,158819,TS1_mixture,extra.obj_pose_quaternion_invalid_fraction_tol_0.01,0.248046875
mbpo_pushcube_500k_20261007T094728_f9d45348,PushCube-v1,mbpo,A_generation,302016,150,158819,TS1_mixture,goal_position_drift_rmse,1.7240931791731924e-07
mbpo_pushcube_500k_20261007T094728_f9d45348,PushCube-v1,mbpo,A_generation,302016,150,158819,TS1_mixture,projected_quaternion_max_norm_error/extra.tcp_pose,5.960464477539063e-08
mbpo_pushcube_500k_20261007T094728_f9d45348,PushCube-v1,mbpo,A_generation,302016,150,158819,TS1_mixture,projected_quaternion_max_norm_error/extra.obj_pose,5.960464477539063e-08
mbpo_pushcube_500k_20261007T094728_f9d45348,PushCube-v1,mbpo,A_generation,304000,151,159876,TS1_mixture,count,2048
mbpo_pushcube_500k_20261007T094728_f9d45348,PushCube-v1,mbpo,A_generation,304000,151,159876,TS1_mixture,all_finite,True
mbpo_pushcube_500k_20261007T094728_f9d45348,PushCube-v1,mbpo,A_generation,304000,151,159876,TS1_mixture,reward_outside_0_1_fraction,0.17724609375
mbpo_pushcube_500k_20261007T094728_f9d45348,PushCube-v1,mbpo,A_generation,304000,151,159876,TS1_mixture,reward_below_zero_fraction,0.03564453125
mbpo_pushcube_500k_20261007T094728_f9d45348,PushCube-v1,mbpo,A_generation,304000,151,159876,TS1_mixture,reward_above_one_fraction,0.1416015625
mbpo_pushcube_500k_20261007T094728_f9d45348,PushCube-v1,mbpo,A_generation,304000,151,159876,TS1_mixture,reward_min,-0.5795087814331055
mbpo_pushcube_500k_20261007T094728_f9d45348,PushCube-v1,mbpo,A_generation,304000,151,159876,TS1_mixture,reward_max,1.2263057231903076
mbpo_pushcube_500k_20261007T094728_f9d45348,PushCube-v1,mbpo,A_generation,304000,151,159876,TS1_mixture,elite_mean_reward_min,-0.5702799558639526
mbpo_pushcube_500k_20261007T094728_f9d45348,PushCube-v1,mbpo,A_generation,304000,151,159876,TS1_mixture,elite_mean_reward_max,1.094591736793518
mbpo_pushcube_500k_20261007T094728_f9d45348,PushCube-v1,mbpo,A_generation,304000,151,159876,TS1_mixture,elite_mean_reward_outside_0_1_fraction,0.153076171875
mbpo_pushcube_500k_20261007T094728_f9d45348,PushCube-v1,mbpo,A_generation,304000,151,159876,TS1_mixture,extra.tcp_pose_quaternion_norm_mae,0.0007322613489942192
mbpo_pushcube_500k_20261007T094728_f9d45348,PushCube-v1,mbpo,A_generation,304000,151,159876,TS1_mixture,extra.tcp_pose_quaternion_norm_max_error,0.025443068013404013
mbpo_pushcube_500k_20261007T094728_f9d45348,PushCube-v1,mbpo,A_generation,304000,151,159876,TS1_mixture,extra.tcp_pose_quaternion_invalid_fraction_tol_0.01,0.00830078125
mbpo_pushcube_500k_20261007T094728_f9d45348,PushCube-v1,mbpo,A_generation,304000,151,159876,TS1_mixture,extra.obj_pose_quaternion_norm_mae,0.006685026244378488
mbpo_pushcube_500k_20261007T094728_f9d45348,PushCube-v1,mbpo,A_generation,304000,151,159876,TS1_mixture,extra.obj_pose_quaternion_norm_max_error,0.08054903604513797
mbpo_pushcube_500k_20261007T094728_f9d45348,PushCube-v1,mbpo,A_generation,304000,151,159876,TS1_mixture,extra.obj_pose_quaternion_invalid_fraction_tol_0.01,0.2392578125
mbpo_pushcube_500k_20261007T094728_f9d45348,PushCube-v1,mbpo,A_generation,304000,151,159876,TS1_mixture,goal_position_drift_rmse,1.7159752899396175e-07
mbpo_pushcube_500k_20261007T094728_f9d45348,PushCube-v1,mbpo,A_generation,304000,151,159876,TS1_mixture,projected_quaternion_max_norm_error/extra.tcp_pose,5.960464477539063e-08
mbpo_pushcube_500k_20261007T094728_f9d45348,PushCube-v1,mbpo,A_generation,304000,151,159876,TS1_mixture,projected_quaternion_max_norm_error/extra.obj_pose,5.960464477539063e-08
mbpo_pushcube_500k_20261007T094728_f9d45348,PushCube-v1,mbpo,A_generation,306016,152,160949,TS1_mixture,count,2048
mbpo_pushcube_500k_20261007T094728_f9d45348,PushCube-v1,mbpo,A_generation,306016,152,160949,TS1_mixture,all_finite,True
mbpo_pushcube_500k_20261007T094728_f9d45348,PushCube-v1,mbpo,A_generation,306016,152,160949,TS1_mixture,reward_outside_0_1_fraction,0.2158203125
mbpo_pushcube_500k_20261007T094728_f9d45348,PushCube-v1,mbpo,A_generation,306016,152,160949,TS1_mixture,reward_below_zero_fraction,0.03662109375
mbpo_pushcube_500k_20261007T094728_f9d45348,PushCube-v1,mbpo,A_generation,306016,152,160949,TS1_mixture,reward_above_one_fraction,0.17919921875
mbpo_pushcube_500k_20261007T094728_f9d45348,PushCube-v1,mbpo,A_generation,306016,152,160949,TS1_mixture,reward_min,-0.48568445444107056
mbpo_pushcube_500k_20261007T094728_f9d45348,PushCube-v1,mbpo,A_generation,306016,152,160949,TS1_mixture,reward_max,1.246405839920044
mbpo_pushcube_500k_20261007T094728_f9d45348,PushCube-v1,mbpo,A_generation,306016,152,160949,TS1_mixture,elite_mean_reward_min,-0.7738581895828247
mbpo_pushcube_500k_20261007T094728_f9d45348,PushCube-v1,mbpo,A_generation,306016,152,160949,TS1_mixture,elite_mean_reward_max,1.1475666761398315
mbpo_pushcube_500k_20261007T094728_f9d45348,PushCube-v1,mbpo,A_generation,306016,152,160949,TS1_mixture,elite_mean_reward_outside_0_1_fraction,0.179931640625
mbpo_pushcube_500k_20261007T094728_f9d45348,PushCube-v1,mbpo,A_generation,306016,152,160949,TS1_mixture,extra.tcp_pose_quaternion_norm_mae,0.000683152183775345
mbpo_pushcube_500k_20261007T094728_f9d45348,PushCube-v1,mbpo,A_generation,306016,152,160949,TS1_mixture,extra.tcp_pose_quaternion_norm_max_error,0.028453889461689474
mbpo_pushcube_500k_20261007T094728_f9d45348,PushCube-v1,mbpo,A_generation,306016,152,160949,TS1_mixture,extra.tcp_pose_quaternion_invalid_fraction_tol_0.01,0.00537109375
mbpo_pushcube_500k_20261007T094728_f9d45348,PushCube-v1,mbpo,A_generation,306016,152,160949,TS1_mixture,extra.obj_pose_quaternion_norm_mae,0.006739564249175918
mbpo_pushcube_500k_20261007T094728_f9d45348,PushCube-v1,mbpo,A_generation,306016,152,160949,TS1_mixture,extra.obj_pose_quaternion_norm_max_error,0.07455110137025656
mbpo_pushcube_500k_20261007T094728_f9d45348,PushCube-v1,mbpo,A_generation,306016,152,160949,TS1_mixture,extra.obj_pose_quaternion_invalid_fraction_tol_0.01,0.24755859375
mbpo_pushcube_500k_20261007T094728_f9d45348,PushCube-v1,mbpo,A_generation,306016,152,160949,TS1_mixture,goal_position_drift_rmse,1.592457428968884e-07
mbpo_pushcube_500k_20261007T094728_f9d45348,PushCube-v1,mbpo,A_generation,306016,152,160949,TS1_mixture,projected_quaternion_max_norm_error/extra.tcp_pose,5.960464477539063e-08
mbpo_pushcube_500k_20261007T094728_f9d45348,PushCube-v1,mbpo,A_generation,306016,152,160949,TS1_mixture,projected_quaternion_max_norm_error/extra.obj_pose,5.960464477539063e-08
mbpo_pushcube_500k_20261007T094728_f9d45348,PushCube-v1,mbpo,A_generation,308000,153,162005,TS1_mixture,count,2048
mbpo_pushcube_500k_20261007T094728_f9d45348,PushCube-v1,mbpo,A_generation,308000,153,162005,TS1_mixture,all_finite,True
mbpo_pushcube_500k_20261007T094728_f9d45348,PushCube-v1,mbpo,A_generation,308000,153,162005,TS1_mixture,reward_outside_0_1_fraction,0.20263671875
mbpo_pushcube_500k_20261007T094728_f9d45348,PushCube-v1,mbpo,A_generation,308000,153,162005,TS1_mixture,reward_below_zero_fraction,0.04052734375
mbpo_pushcube_500k_20261007T094728_f9d45348,PushCube-v1,mbpo,A_generation,308000,153,162005,TS1_mixture,reward_above_one_fraction,0.162109375
mbpo_pushcube_500k_20261007T094728_f9d45348,PushCube-v1,mbpo,A_generation,308000,153,162005,TS1_mixture,reward_min,-0.4443895220756531
mbpo_pushcube_500k_20261007T094728_f9d45348,PushCube-v1,mbpo,A_generation,308000,153,162005,TS1_mixture,reward_max,1.229189395904541
mbpo_pushcube_500k_20261007T094728_f9d45348,PushCube-v1,mbpo,A_generation,308000,153,162005,TS1_mixture,elite_mean_reward_min,-0.4499775767326355
mbpo_pushcube_500k_20261007T094728_f9d45348,PushCube-v1,mbpo,A_generation,308000,153,162005,TS1_mixture,elite_mean_reward_max,1.1286226511001587
mbpo_pushcube_500k_20261007T094728_f9d45348,PushCube-v1,mbpo,A_generation,308000,153,162005,TS1_mixture,elite_mean_reward_outside_0_1_fraction,0.17431640625
mbpo_pushcube_500k_20261007T094728_f9d45348,PushCube-v1,mbpo,A_generation,308000,153,162005,TS1_mixture,extra.tcp_pose_quaternion_norm_mae,0.0006911486623219622
mbpo_pushcube_500k_20261007T094728_f9d45348,PushCube-v1,mbpo,A_generation,308000,153,162005,TS1_mixture,extra.tcp_pose_quaternion_norm_max_error,0.04340780023372115
mbpo_pushcube_500k_20261007T094728_f9d45348,PushCube-v1,mbpo,A_generation,308000,153,162005,TS1_mixture,extra.tcp_pose_quaternion_invalid_fraction_tol_0.01,0.00439453125
mbpo_pushcube_500k_20261007T094728_f9d45348,PushCube-v1,mbpo,A_generation,308000,153,162005,TS1_mixture,extra.obj_pose_quaternion_norm_mae,0.006863764242874682
mbpo_pushcube_500k_20261007T094728_f9d45348,PushCube-v1,mbpo,A_generation,308000,153,162005,TS1_mixture,extra.obj_pose_quaternion_norm_max_error,0.10222342297441323
mbpo_pushcube_500k_20261007T094728_f9d45348,PushCube-v1,mbpo,A_generation,308000,153,162005,TS1_mixture,extra.obj_pose_quaternion_invalid_fraction_tol_0.01,0.24560546875
mbpo_pushcube_500k_20261007T094728_f9d45348,PushCube-v1,mbpo,A_generation,308000,153,162005,TS1_mixture,goal_position_drift_rmse,1.471747400199498e-07
mbpo_pushcube_500k_20261007T094728_f9d45348,PushCube-v1,mbpo,A_generation,308000,153,162005,TS1_mixture,projected_quaternion_max_norm_error/extra.tcp_pose,5.960464477539063e-08
mbpo_pushcube_500k_20261007T094728_f9d45348,PushCube-v1,mbpo,A_generation,308000,153,162005,TS1_mixture,projected_quaternion_max_norm_error/extra.obj_pose,5.960464477539063e-08
mbpo_pushcube_500k_20261007T094728_f9d45348,PushCube-v1,mbpo,A_generation,310016,154,163078,TS1_mixture,count,2048
mbpo_pushcube_500k_20261007T094728_f9d45348,PushCube-v1,mbpo,A_generation,310016,154,163078,TS1_mixture,all_finite,True
mbpo_pushcube_500k_20261007T094728_f9d45348,PushCube-v1,mbpo,A_generation,310016,154,163078,TS1_mixture,reward_outside_0_1_fraction,0.2041015625
mbpo_pushcube_500k_20261007T094728_f9d45348,PushCube-v1,mbpo,A_generation,310016,154,163078,TS1_mixture,reward_below_zero_fraction,0.05078125
mbpo_pushcube_500k_20261007T094728_f9d45348,PushCube-v1,mbpo,A_generation,310016,154,163078,TS1_mixture,reward_above_one_fraction,0.1533203125
mbpo_pushcube_500k_20261007T094728_f9d45348,PushCube-v1,mbpo,A_generation,310016,154,163078,TS1_mixture,reward_min,-0.631745457649231
mbpo_pushcube_500k_20261007T094728_f9d45348,PushCube-v1,mbpo,A_generation,310016,154,163078,TS1_mixture,reward_max,1.2307522296905518
mbpo_pushcube_500k_20261007T094728_f9d45348,PushCube-v1,mbpo,A_generation,310016,154,163078,TS1_mixture,elite_mean_reward_min,-0.5912185311317444
mbpo_pushcube_500k_20261007T094728_f9d45348,PushCube-v1,mbpo,A_generation,310016,154,163078,TS1_mixture,elite_mean_reward_max,1.1102701425552368
mbpo_pushcube_500k_20261007T094728_f9d45348,PushCube-v1,mbpo,A_generation,310016,154,163078,TS1_mixture,elite_mean_reward_outside_0_1_fraction,0.189208984375
mbpo_pushcube_500k_20261007T094728_f9d45348,PushCube-v1,mbpo,A_generation,310016,154,163078,TS1_mixture,extra.tcp_pose_quaternion_norm_mae,0.0006624822834376776
mbpo_pushcube_500k_20261007T094728_f9d45348,PushCube-v1,mbpo,A_generation,310016,154,163078,TS1_mixture,extra.tcp_pose_quaternion_norm_max_error,0.02260128808297135
mbpo_pushcube_500k_20261007T094728_f9d45348,PushCube-v1,mbpo,A_generation,310016,154,163078,TS1_mixture,extra.tcp_pose_quaternion_invalid_fraction_tol_0.01,0.00390625
mbpo_pushcube_500k_20261007T094728_f9d45348,PushCube-v1,mbpo,A_generation,310016,154,163078,TS1_mixture,extra.obj_pose_quaternion_norm_mae,0.006423097415028445
mbpo_pushcube_500k_20261007T094728_f9d45348,PushCube-v1,mbpo,A_generation,310016,154,163078,TS1_mixture,extra.obj_pose_quaternion_norm_max_error,0.19175996227364722
mbpo_pushcube_500k_20261007T094728_f9d45348,PushCube-v1,mbpo,A_generation,310016,154,163078,TS1_mixture,extra.obj_pose_quaternion_invalid_fraction_tol_0.01,0.23193359375
mbpo_pushcube_500k_20261007T094728_f9d45348,PushCube-v1,mbpo,A_generation,310016,154,163078,TS1_mixture,goal_position_drift_rmse,1.7794514103860483e-07
mbpo_pushcube_500k_20261007T094728_f9d45348,PushCube-v1,mbpo,A_generation,310016,154,163078,TS1_mixture,projected_quaternion_max_norm_error/extra.tcp_pose,5.960464477539063e-08
mbpo_pushcube_500k_20261007T094728_f9d45348,PushCube-v1,mbpo,A_generation,310016,154,163078,TS1_mixture,projected_quaternion_max_norm_error/extra.obj_pose,5.960464477539063e-08
mbpo_pushcube_500k_20261007T094728_f9d45348,PushCube-v1,mbpo,A_generation,312000,155,164135,TS1_mixture,count,2048
mbpo_pushcube_500k_20261007T094728_f9d45348,PushCube-v1,mbpo,A_generation,312000,155,164135,TS1_mixture,all_finite,True
mbpo_pushcube_500k_20261007T094728_f9d45348,PushCube-v1,mbpo,A_generation,312000,155,164135,TS1_mixture,reward_outside_0_1_fraction,0.20263671875
mbpo_pushcube_500k_20261007T094728_f9d45348,PushCube-v1,mbpo,A_generation,312000,155,164135,TS1_mixture,reward_below_zero_fraction,0.0390625
mbpo_pushcube_500k_20261007T094728_f9d45348,PushCube-v1,mbpo,A_generation,312000,155,164135,TS1_mixture,reward_above_one_fraction,0.16357421875
mbpo_pushcube_500k_20261007T094728_f9d45348,PushCube-v1,mbpo,A_generation,312000,155,164135,TS1_mixture,reward_min,-0.6401152014732361
mbpo_pushcube_500k_20261007T094728_f9d45348,PushCube-v1,mbpo,A_generation,312000,155,164135,TS1_mixture,reward_max,1.2334449291229248
mbpo_pushcube_500k_20261007T094728_f9d45348,PushCube-v1,mbpo,A_generation,312000,155,164135,TS1_mixture,elite_mean_reward_min,-0.7411177754402161
mbpo_pushcube_500k_20261007T094728_f9d45348,PushCube-v1,mbpo,A_generation,312000,155,164135,TS1_mixture,elite_mean_reward_max,1.0936890840530396
mbpo_pushcube_500k_20261007T094728_f9d45348,PushCube-v1,mbpo,A_generation,312000,155,164135,TS1_mixture,elite_mean_reward_outside_0_1_fraction,0.175537109375
mbpo_pushcube_500k_20261007T094728_f9d45348,PushCube-v1,mbpo,A_generation,312000,155,164135,TS1_mixture,extra.tcp_pose_quaternion_norm_mae,0.0007212500082330446
mbpo_pushcube_500k_20261007T094728_f9d45348,PushCube-v1,mbpo,A_generation,312000,155,164135,TS1_mixture,extra.tcp_pose_quaternion_norm_max_error,0.027554760974794257
mbpo_pushcube_500k_20261007T094728_f9d45348,PushCube-v1,mbpo,A_generation,312000,155,164135,TS1_mixture,extra.tcp_pose_quaternion_invalid_fraction_tol_0.01,0.00634765625
mbpo_pushcube_500k_20261007T094728_f9d45348,PushCube-v1,mbpo,A_generation,312000,155,164135,TS1_mixture,extra.obj_pose_quaternion_norm_mae,0.006303851208016899
mbpo_pushcube_500k_20261007T094728_f9d45348,PushCube-v1,mbpo,A_generation,312000,155,164135,TS1_mixture,extra.obj_pose_quaternion_norm_max_error,0.06999516495644098
mbpo_pushcube_500k_20261007T094728_f9d45348,PushCube-v1,mbpo,A_generation,312000,155,164135,TS1_mixture,extra.obj_pose_quaternion_invalid_fraction_tol_0.01,0.22412109375
mbpo_pushcube_500k_20261007T094728_f9d45348,PushCube-v1,mbpo,A_generation,312000,155,164135,TS1_mixture,goal_position_drift_rmse,1.5620199463176587e-07
mbpo_pushcube_500k_20261007T094728_f9d45348,PushCube-v1,mbpo,A_generation,312000,155,164135,TS1_mixture,projected_quaternion_max_norm_error/extra.tcp_pose,5.960464477539063e-08
mbpo_pushcube_500k_20261007T094728_f9d45348,PushCube-v1,mbpo,A_generation,312000,155,164135,TS1_mixture,projected_quaternion_max_norm_error/extra.obj_pose,5.960464477539063e-08
mbpo_pushcube_500k_20261007T094728_f9d45348,PushCube-v1,mbpo,A_generation,314016,156,165208,TS1_mixture,count,2048
mbpo_pushcube_500k_20261007T094728_f9d45348,PushCube-v1,mbpo,A_generation,314016,156,165208,TS1_mixture,all_finite,True
mbpo_pushcube_500k_20261007T094728_f9d45348,PushCube-v1,mbpo,A_generation,314016,156,165208,TS1_mixture,reward_outside_0_1_fraction,0.2021484375
mbpo_pushcube_500k_20261007T094728_f9d45348,PushCube-v1,mbpo,A_generation,314016,156,165208,TS1_mixture,reward_below_zero_fraction,0.03857421875
mbpo_pushcube_500k_20261007T094728_f9d45348,PushCube-v1,mbpo,A_generation,314016,156,165208,TS1_mixture,reward_above_one_fraction,0.16357421875
mbpo_pushcube_500k_20261007T094728_f9d45348,PushCube-v1,mbpo,A_generation,314016,156,165208,TS1_mixture,reward_min,-0.4316657483577728
mbpo_pushcube_500k_20261007T094728_f9d45348,PushCube-v1,mbpo,A_generation,314016,156,165208,TS1_mixture,reward_max,1.2009702920913696
mbpo_pushcube_500k_20261007T094728_f9d45348,PushCube-v1,mbpo,A_generation,314016,156,165208,TS1_mixture,elite_mean_reward_min,-0.5834156274795532
mbpo_pushcube_500k_20261007T094728_f9d45348,PushCube-v1,mbpo,A_generation,314016,156,165208,TS1_mixture,elite_mean_reward_max,1.1042643785476685
mbpo_pushcube_500k_20261007T094728_f9d45348,PushCube-v1,mbpo,A_generation,314016,156,165208,TS1_mixture,elite_mean_reward_outside_0_1_fraction,0.17822265625
mbpo_pushcube_500k_20261007T094728_f9d45348,PushCube-v1,mbpo,A_generation,314016,156,165208,TS1_mixture,extra.tcp_pose_quaternion_norm_mae,0.0006869814919510558
mbpo_pushcube_500k_20261007T094728_f9d45348,PushCube-v1,mbpo,A_generation,314016,156,165208,TS1_mixture,extra.tcp_pose_quaternion_norm_max_error,0.025288876941590654
mbpo_pushcube_500k_20261007T094728_f9d45348,PushCube-v1,mbpo,A_generation,314016,156,165208,TS1_mixture,extra.tcp_pose_quaternion_invalid_fraction_tol_0.01,0.00537109375
mbpo_pushcube_500k_20261007T094728_f9d45348,PushCube-v1,mbpo,A_generation,314016,156,165208,TS1_mixture,extra.obj_pose_quaternion_norm_mae,0.006203485510572742
mbpo_pushcube_500k_20261007T094728_f9d45348,PushCube-v1,mbpo,A_generation,314016,156,165208,TS1_mixture,extra.obj_pose_quaternion_norm_max_error,0.11236727560909654
mbpo_pushcube_500k_20261007T094728_f9d45348,PushCube-v1,mbpo,A_generation,314016,156,165208,TS1_mixture,extra.obj_pose_quaternion_invalid_fraction_tol_0.01,0.2236328125
mbpo_pushcube_500k_20261007T094728_f9d45348,PushCube-v1,mbpo,A_generation,314016,156,165208,TS1_mixture,goal_position_drift_rmse,1.7319568905800778e-07
mbpo_pushcube_500k_20261007T094728_f9d45348,PushCube-v1,mbpo,A_generation,314016,156,165208,TS1_mixture,projected_quaternion_max_norm_error/extra.tcp_pose,5.960464477539063e-08
mbpo_pushcube_500k_20261007T094728_f9d45348,PushCube-v1,mbpo,A_generation,314016,156,165208,TS1_mixture,projected_quaternion_max_norm_error/extra.obj_pose,5.960464477539063e-08
mbpo_pushcube_500k_20261007T094728_f9d45348,PushCube-v1,mbpo,A_generation,316000,157,166264,TS1_mixture,count,2048
mbpo_pushcube_500k_20261007T094728_f9d45348,PushCube-v1,mbpo,A_generation,316000,157,166264,TS1_mixture,all_finite,True
mbpo_pushcube_500k_20261007T094728_f9d45348,PushCube-v1,mbpo,A_generation,316000,157,166264,TS1_mixture,reward_outside_0_1_fraction,0.20947265625
mbpo_pushcube_500k_20261007T094728_f9d45348,PushCube-v1,mbpo,A_generation,316000,157,166264,TS1_mixture,reward_below_zero_fraction,0.0341796875
mbpo_pushcube_500k_20261007T094728_f9d45348,PushCube-v1,mbpo,A_generation,316000,157,166264,TS1_mixture,reward_above_one_fraction,0.17529296875
mbpo_pushcube_500k_20261007T094728_f9d45348,PushCube-v1,mbpo,A_generation,316000,157,166264,TS1_mixture,reward_min,-0.421588271856308
mbpo_pushcube_500k_20261007T094728_f9d45348,PushCube-v1,mbpo,A_generation,316000,157,166264,TS1_mixture,reward_max,1.2132327556610107
mbpo_pushcube_500k_20261007T094728_f9d45348,PushCube-v1,mbpo,A_generation,316000,157,166264,TS1_mixture,elite_mean_reward_min,-0.7319930195808411
mbpo_pushcube_500k_20261007T094728_f9d45348,PushCube-v1,mbpo,A_generation,316000,157,166264,TS1_mixture,elite_mean_reward_max,1.1140583753585815
mbpo_pushcube_500k_20261007T094728_f9d45348,PushCube-v1,mbpo,A_generation,316000,157,166264,TS1_mixture,elite_mean_reward_outside_0_1_fraction,0.186767578125
mbpo_pushcube_500k_20261007T094728_f9d45348,PushCube-v1,mbpo,A_generation,316000,157,166264,TS1_mixture,extra.tcp_pose_quaternion_norm_mae,0.0007510140503456837
mbpo_pushcube_500k_20261007T094728_f9d45348,PushCube-v1,mbpo,A_generation,316000,157,166264,TS1_mixture,extra.tcp_pose_quaternion_norm_max_error,0.026556463201866
mbpo_pushcube_500k_20261007T094728_f9d45348,PushCube-v1,mbpo,A_generation,316000,157,166264,TS1_mixture,extra.tcp_pose_quaternion_invalid_fraction_tol_0.01,0.00830078125
mbpo_pushcube_500k_20261007T094728_f9d45348,PushCube-v1,mbpo,A_generation,316000,157,166264,TS1_mixture,extra.obj_pose_quaternion_norm_mae,0.006135196703905967
mbpo_pushcube_500k_20261007T094728_f9d45348,PushCube-v1,mbpo,A_generation,316000,157,166264,TS1_mixture,extra.obj_pose_quaternion_norm_max_error,0.23299070814074452
mbpo_pushcube_500k_20261007T094728_f9d45348,PushCube-v1,mbpo,A_generation,316000,157,166264,TS1_mixture,extra.obj_pose_quaternion_invalid_fraction_tol_0.01,0.22705078125
mbpo_pushcube_500k_20261007T094728_f9d45348,PushCube-v1,mbpo,A_generation,316000,157,166264,TS1_mixture,goal_position_drift_rmse,1.8389860227617733e-07
mbpo_pushcube_500k_20261007T094728_f9d45348,PushCube-v1,mbpo,A_generation,316000,157,166264,TS1_mixture,projected_quaternion_max_norm_error/extra.tcp_pose,5.960464477539063e-08
mbpo_pushcube_500k_20261007T094728_f9d45348,PushCube-v1,mbpo,A_generation,316000,157,166264,TS1_mixture,projected_quaternion_max_norm_error/extra.obj_pose,5.960464477539063e-08
mbpo_pushcube_500k_20261007T094728_f9d45348,PushCube-v1,mbpo,A_generation,318016,158,167337,TS1_mixture,count,2048
mbpo_pushcube_500k_20261007T094728_f9d45348,PushCube-v1,mbpo,A_generation,318016,158,167337,TS1_mixture,all_finite,True
mbpo_pushcube_500k_20261007T094728_f9d45348,PushCube-v1,mbpo,A_generation,318016,158,167337,TS1_mixture,reward_outside_0_1_fraction,0.20751953125
mbpo_pushcube_500k_20261007T094728_f9d45348,PushCube-v1,mbpo,A_generation,318016,158,167337,TS1_mixture,reward_below_zero_fraction,0.04345703125
mbpo_pushcube_500k_20261007T094728_f9d45348,PushCube-v1,mbpo,A_generation,318016,158,167337,TS1_mixture,reward_above_one_fraction,0.1640625
mbpo_pushcube_500k_20261007T094728_f9d45348,PushCube-v1,mbpo,A_generation,318016,158,167337,TS1_mixture,reward_min,-0.4608418345451355
mbpo_pushcube_500k_20261007T094728_f9d45348,PushCube-v1,mbpo,A_generation,318016,158,167337,TS1_mixture,reward_max,1.2405880689620972
mbpo_pushcube_500k_20261007T094728_f9d45348,PushCube-v1,mbpo,A_generation,318016,158,167337,TS1_mixture,elite_mean_reward_min,-0.792483389377594
mbpo_pushcube_500k_20261007T094728_f9d45348,PushCube-v1,mbpo,A_generation,318016,158,167337,TS1_mixture,elite_mean_reward_max,1.1201905012130737
mbpo_pushcube_500k_20261007T094728_f9d45348,PushCube-v1,mbpo,A_generation,318016,158,167337,TS1_mixture,elite_mean_reward_outside_0_1_fraction,0.178955078125
mbpo_pushcube_500k_20261007T094728_f9d45348,PushCube-v1,mbpo,A_generation,318016,158,167337,TS1_mixture,extra.tcp_pose_quaternion_norm_mae,0.0008143445788269892
mbpo_pushcube_500k_20261007T094728_f9d45348,PushCube-v1,mbpo,A_generation,318016,158,167337,TS1_mixture,extra.tcp_pose_quaternion_norm_max_error,0.04374382382602138
mbpo_pushcube_500k_20261007T094728_f9d45348,PushCube-v1,mbpo,A_generation,318016,158,167337,TS1_mixture,extra.tcp_pose_quaternion_invalid_fraction_tol_0.01,0.00732421875
mbpo_pushcube_500k_20261007T094728_f9d45348,PushCube-v1,mbpo,A_generation,318016,158,167337,TS1_mixture,extra.obj_pose_quaternion_norm_mae,0.005896022963442411
mbpo_pushcube_500k_20261007T094728_f9d45348,PushCube-v1,mbpo,A_generation,318016,158,167337,TS1_mixture,extra.obj_pose_quaternion_norm_max_error,0.09519101850916678
mbpo_pushcube_500k_20261007T094728_f9d45348,PushCube-v1,mbpo,A_generation,318016,158,167337,TS1_mixture,extra.obj_pose_quaternion_invalid_fraction_tol_0.01,0.21826171875
mbpo_pushcube_500k_20261007T094728_f9d45348,PushCube-v1,mbpo,A_generation,318016,158,167337,TS1_mixture,goal_position_drift_rmse,2.237469158303232e-07
mbpo_pushcube_500k_20261007T094728_f9d45348,PushCube-v1,mbpo,A_generation,318016,158,167337,TS1_mixture,projected_quaternion_max_norm_error/extra.tcp_pose,5.960464477539063e-08
mbpo_pushcube_500k_20261007T094728_f9d45348,PushCube-v1,mbpo,A_generation,318016,158,167337,TS1_mixture,projected_quaternion_max_norm_error/extra.obj_pose,5.960464477539063e-08
mbpo_pushcube_500k_20261007T094728_f9d45348,PushCube-v1,mbpo,A_generation,320000,159,168394,TS1_mixture,count,2048
mbpo_pushcube_500k_20261007T094728_f9d45348,PushCube-v1,mbpo,A_generation,320000,159,168394,TS1_mixture,all_finite,True
mbpo_pushcube_500k_20261007T094728_f9d45348,PushCube-v1,mbpo,A_generation,320000,159,168394,TS1_mixture,reward_outside_0_1_fraction,0.22607421875
mbpo_pushcube_500k_20261007T094728_f9d45348,PushCube-v1,mbpo,A_generation,320000,159,168394,TS1_mixture,reward_below_zero_fraction,0.03662109375
mbpo_pushcube_500k_20261007T094728_f9d45348,PushCube-v1,mbpo,A_generation,320000,159,168394,TS1_mixture,reward_above_one_fraction,0.189453125
mbpo_pushcube_500k_20261007T094728_f9d45348,PushCube-v1,mbpo,A_generation,320000,159,168394,TS1_mixture,reward_min,-0.4280130863189697
mbpo_pushcube_500k_20261007T094728_f9d45348,PushCube-v1,mbpo,A_generation,320000,159,168394,TS1_mixture,reward_max,1.2538930177688599
mbpo_pushcube_500k_20261007T094728_f9d45348,PushCube-v1,mbpo,A_generation,320000,159,168394,TS1_mixture,elite_mean_reward_min,-0.9718804359436035
mbpo_pushcube_500k_20261007T094728_f9d45348,PushCube-v1,mbpo,A_generation,320000,159,168394,TS1_mixture,elite_mean_reward_max,1.1187560558319092
mbpo_pushcube_500k_20261007T094728_f9d45348,PushCube-v1,mbpo,A_generation,320000,159,168394,TS1_mixture,elite_mean_reward_outside_0_1_fraction,0.211669921875
mbpo_pushcube_500k_20261007T094728_f9d45348,PushCube-v1,mbpo,A_generation,320000,159,168394,TS1_mixture,extra.tcp_pose_quaternion_norm_mae,0.0007631328628318876
mbpo_pushcube_500k_20261007T094728_f9d45348,PushCube-v1,mbpo,A_generation,320000,159,168394,TS1_mixture,extra.tcp_pose_quaternion_norm_max_error,0.06613135357662125
mbpo_pushcube_500k_20261007T094728_f9d45348,PushCube-v1,mbpo,A_generation,320000,159,168394,TS1_mixture,extra.tcp_pose_quaternion_invalid_fraction_tol_0.01,0.0068359375
mbpo_pushcube_500k_20261007T094728_f9d45348,PushCube-v1,mbpo,A_generation,320000,159,168394,TS1_mixture,extra.obj_pose_quaternion_norm_mae,0.006042029397641417
mbpo_pushcube_500k_20261007T094728_f9d45348,PushCube-v1,mbpo,A_generation,320000,159,168394,TS1_mixture,extra.obj_pose_quaternion_norm_max_error,0.10336018217005372
mbpo_pushcube_500k_20261007T094728_f9d45348,PushCube-v1,mbpo,A_generation,320000,159,168394,TS1_mixture,extra.obj_pose_quaternion_invalid_fraction_tol_0.01,0.2197265625
mbpo_pushcube_500k_20261007T094728_f9d45348,PushCube-v1,mbpo,A_generation,320000,159,168394,TS1_mixture,goal_position_drift_rmse,1.6610160035402138e-07
mbpo_pushcube_500k_20261007T094728_f9d45348,PushCube-v1,mbpo,A_generation,320000,159,168394,TS1_mixture,projected_quaternion_max_norm_error/extra.tcp_pose,5.960464477539063e-08
mbpo_pushcube_500k_20261007T094728_f9d45348,PushCube-v1,mbpo,A_generation,320000,159,168394,TS1_mixture,projected_quaternion_max_norm_error/extra.obj_pose,5.960464477539063e-08
mbpo_pushcube_500k_20261007T094728_f9d45348,PushCube-v1,mbpo,A_generation,322016,160,169467,TS1_mixture,count,2048
mbpo_pushcube_500k_20261007T094728_f9d45348,PushCube-v1,mbpo,A_generation,322016,160,169467,TS1_mixture,all_finite,True
mbpo_pushcube_500k_20261007T094728_f9d45348,PushCube-v1,mbpo,A_generation,322016,160,169467,TS1_mixture,reward_outside_0_1_fraction,0.19384765625
mbpo_pushcube_500k_20261007T094728_f9d45348,PushCube-v1,mbpo,A_generation,322016,160,169467,TS1_mixture,reward_below_zero_fraction,0.0361328125
mbpo_pushcube_500k_20261007T094728_f9d45348,PushCube-v1,mbpo,A_generation,322016,160,169467,TS1_mixture,reward_above_one_fraction,0.15771484375
mbpo_pushcube_500k_20261007T094728_f9d45348,PushCube-v1,mbpo,A_generation,322016,160,169467,TS1_mixture,reward_min,-0.5419817566871643
mbpo_pushcube_500k_20261007T094728_f9d45348,PushCube-v1,mbpo,A_generation,322016,160,169467,TS1_mixture,reward_max,1.2775338888168335
mbpo_pushcube_500k_20261007T094728_f9d45348,PushCube-v1,mbpo,A_generation,322016,160,169467,TS1_mixture,elite_mean_reward_min,-0.6163982152938843
mbpo_pushcube_500k_20261007T094728_f9d45348,PushCube-v1,mbpo,A_generation,322016,160,169467,TS1_mixture,elite_mean_reward_max,1.0977801084518433
mbpo_pushcube_500k_20261007T094728_f9d45348,PushCube-v1,mbpo,A_generation,322016,160,169467,TS1_mixture,elite_mean_reward_outside_0_1_fraction,0.164794921875
mbpo_pushcube_500k_20261007T094728_f9d45348,PushCube-v1,mbpo,A_generation,322016,160,169467,TS1_mixture,extra.tcp_pose_quaternion_norm_mae,0.000776008039608381
mbpo_pushcube_500k_20261007T094728_f9d45348,PushCube-v1,mbpo,A_generation,322016,160,169467,TS1_mixture,extra.tcp_pose_quaternion_norm_max_error,0.08093256847753116
mbpo_pushcube_500k_20261007T094728_f9d45348,PushCube-v1,mbpo,A_generation,322016,160,169467,TS1_mixture,extra.tcp_pose_quaternion_invalid_fraction_tol_0.01,0.00537109375
mbpo_pushcube_500k_20261007T094728_f9d45348,PushCube-v1,mbpo,A_generation,322016,160,169467,TS1_mixture,extra.obj_pose_quaternion_norm_mae,0.006555668103192487
mbpo_pushcube_500k_20261007T094728_f9d45348,PushCube-v1,mbpo,A_generation,322016,160,169467,TS1_mixture,extra.obj_pose_quaternion_norm_max_error,0.07771852375450172
mbpo_pushcube_500k_20261007T094728_f9d45348,PushCube-v1,mbpo,A_generation,322016,160,169467,TS1_mixture,extra.obj_pose_quaternion_invalid_fraction_tol_0.01,0.244140625
mbpo_pushcube_500k_20261007T094728_f9d45348,PushCube-v1,mbpo,A_generation,322016,160,169467,TS1_mixture,goal_position_drift_rmse,2.049413383222869e-07
mbpo_pushcube_500k_20261007T094728_f9d45348,PushCube-v1,mbpo,A_generation,322016,160,169467,TS1_mixture,projected_quaternion_max_norm_error/extra.tcp_pose,5.960464477539063e-08
mbpo_pushcube_500k_20261007T094728_f9d45348,PushCube-v1,mbpo,A_generation,322016,160,169467,TS1_mixture,projected_quaternion_max_norm_error/extra.obj_pose,5.960464477539063e-08
mbpo_pushcube_500k_20261007T094728_f9d45348,PushCube-v1,mbpo,A_generation,324000,161,170523,TS1_mixture,count,2048
mbpo_pushcube_500k_20261007T094728_f9d45348,PushCube-v1,mbpo,A_generation,324000,161,170523,TS1_mixture,all_finite,True
mbpo_pushcube_500k_20261007T094728_f9d45348,PushCube-v1,mbpo,A_generation,324000,161,170523,TS1_mixture,reward_outside_0_1_fraction,0.18994140625
mbpo_pushcube_500k_20261007T094728_f9d45348,PushCube-v1,mbpo,A_generation,324000,161,170523,TS1_mixture,reward_below_zero_fraction,0.0341796875
mbpo_pushcube_500k_20261007T094728_f9d45348,PushCube-v1,mbpo,A_generation,324000,161,170523,TS1_mixture,reward_above_one_fraction,0.15576171875
mbpo_pushcube_500k_20261007T094728_f9d45348,PushCube-v1,mbpo,A_generation,324000,161,170523,TS1_mixture,reward_min,-0.5579178333282471
mbpo_pushcube_500k_20261007T094728_f9d45348,PushCube-v1,mbpo,A_generation,324000,161,170523,TS1_mixture,reward_max,1.356587529182434
mbpo_pushcube_500k_20261007T094728_f9d45348,PushCube-v1,mbpo,A_generation,324000,161,170523,TS1_mixture,elite_mean_reward_min,-0.509017825126648
mbpo_pushcube_500k_20261007T094728_f9d45348,PushCube-v1,mbpo,A_generation,324000,161,170523,TS1_mixture,elite_mean_reward_max,1.0957998037338257
mbpo_pushcube_500k_20261007T094728_f9d45348,PushCube-v1,mbpo,A_generation,324000,161,170523,TS1_mixture,elite_mean_reward_outside_0_1_fraction,0.14501953125
mbpo_pushcube_500k_20261007T094728_f9d45348,PushCube-v1,mbpo,A_generation,324000,161,170523,TS1_mixture,extra.tcp_pose_quaternion_norm_mae,0.0007462413324929781
mbpo_pushcube_500k_20261007T094728_f9d45348,PushCube-v1,mbpo,A_generation,324000,161,170523,TS1_mixture,extra.tcp_pose_quaternion_norm_max_error,0.03876315848371803
mbpo_pushcube_500k_20261007T094728_f9d45348,PushCube-v1,mbpo,A_generation,324000,161,170523,TS1_mixture,extra.tcp_pose_quaternion_invalid_fraction_tol_0.01,0.00537109375
mbpo_pushcube_500k_20261007T094728_f9d45348,PushCube-v1,mbpo,A_generation,324000,161,170523,TS1_mixture,extra.obj_pose_quaternion_norm_mae,0.006636425540811794
mbpo_pushcube_500k_20261007T094728_f9d45348,PushCube-v1,mbpo,A_generation,324000,161,170523,TS1_mixture,extra.obj_pose_quaternion_norm_max_error,0.05981697629939298
mbpo_pushcube_500k_20261007T094728_f9d45348,PushCube-v1,mbpo,A_generation,324000,161,170523,TS1_mixture,extra.obj_pose_quaternion_invalid_fraction_tol_0.01,0.25048828125
mbpo_pushcube_500k_20261007T094728_f9d45348,PushCube-v1,mbpo,A_generation,324000,161,170523,TS1_mixture,goal_position_drift_rmse,1.6537301320072812e-07
mbpo_pushcube_500k_20261007T094728_f9d45348,PushCube-v1,mbpo,A_generation,324000,161,170523,TS1_mixture,projected_quaternion_max_norm_error/extra.tcp_pose,5.960464477539063e-08
mbpo_pushcube_500k_20261007T094728_f9d45348,PushCube-v1,mbpo,A_generation,324000,161,170523,TS1_mixture,projected_quaternion_max_norm_error/extra.obj_pose,5.960464477539063e-08
mbpo_pushcube_500k_20261007T094728_f9d45348,PushCube-v1,mbpo,A_generation,326016,162,171596,TS1_mixture,count,2048
mbpo_pushcube_500k_20261007T094728_f9d45348,PushCube-v1,mbpo,A_generation,326016,162,171596,TS1_mixture,all_finite,True
mbpo_pushcube_500k_20261007T094728_f9d45348,PushCube-v1,mbpo,A_generation,326016,162,171596,TS1_mixture,reward_outside_0_1_fraction,0.20703125
mbpo_pushcube_500k_20261007T094728_f9d45348,PushCube-v1,mbpo,A_generation,326016,162,171596,TS1_mixture,reward_below_zero_fraction,0.041015625
mbpo_pushcube_500k_20261007T094728_f9d45348,PushCube-v1,mbpo,A_generation,326016,162,171596,TS1_mixture,reward_above_one_fraction,0.166015625
mbpo_pushcube_500k_20261007T094728_f9d45348,PushCube-v1,mbpo,A_generation,326016,162,171596,TS1_mixture,reward_min,-0.4247007369995117
mbpo_pushcube_500k_20261007T094728_f9d45348,PushCube-v1,mbpo,A_generation,326016,162,171596,TS1_mixture,reward_max,1.2419538497924805
mbpo_pushcube_500k_20261007T094728_f9d45348,PushCube-v1,mbpo,A_generation,326016,162,171596,TS1_mixture,elite_mean_reward_min,-0.8812580108642578
mbpo_pushcube_500k_20261007T094728_f9d45348,PushCube-v1,mbpo,A_generation,326016,162,171596,TS1_mixture,elite_mean_reward_max,1.1340645551681519
mbpo_pushcube_500k_20261007T094728_f9d45348,PushCube-v1,mbpo,A_generation,326016,162,171596,TS1_mixture,elite_mean_reward_outside_0_1_fraction,0.197021484375
mbpo_pushcube_500k_20261007T094728_f9d45348,PushCube-v1,mbpo,A_generation,326016,162,171596,TS1_mixture,extra.tcp_pose_quaternion_norm_mae,0.0008079756186261495
mbpo_pushcube_500k_20261007T094728_f9d45348,PushCube-v1,mbpo,A_generation,326016,162,171596,TS1_mixture,extra.tcp_pose_quaternion_norm_max_error,0.057412933958379764
mbpo_pushcube_500k_20261007T094728_f9d45348,PushCube-v1,mbpo,A_generation,326016,162,171596,TS1_mixture,extra.tcp_pose_quaternion_invalid_fraction_tol_0.01,0.00927734375
mbpo_pushcube_500k_20261007T094728_f9d45348,PushCube-v1,mbpo,A_generation,326016,162,171596,TS1_mixture,extra.obj_pose_quaternion_norm_mae,0.00648741004297803
mbpo_pushcube_500k_20261007T094728_f9d45348,PushCube-v1,mbpo,A_generation,326016,162,171596,TS1_mixture,extra.obj_pose_quaternion_norm_max_error,0.07090442526505991
mbpo_pushcube_500k_20261007T094728_f9d45348,PushCube-v1,mbpo,A_generation,326016,162,171596,TS1_mixture,extra.obj_pose_quaternion_invalid_fraction_tol_0.01,0.23486328125
mbpo_pushcube_500k_20261007T094728_f9d45348,PushCube-v1,mbpo,A_generation,326016,162,171596,TS1_mixture,goal_position_drift_rmse,1.9562211908710202e-07
mbpo_pushcube_500k_20261007T094728_f9d45348,PushCube-v1,mbpo,A_generation,326016,162,171596,TS1_mixture,projected_quaternion_max_norm_error/extra.tcp_pose,5.960464477539063e-08
mbpo_pushcube_500k_20261007T094728_f9d45348,PushCube-v1,mbpo,A_generation,326016,162,171596,TS1_mixture,projected_quaternion_max_norm_error/extra.obj_pose,5.960464477539063e-08
mbpo_pushcube_500k_20261007T094728_f9d45348,PushCube-v1,mbpo,A_generation,328000,163,172653,TS1_mixture,count,2048
mbpo_pushcube_500k_20261007T094728_f9d45348,PushCube-v1,mbpo,A_generation,328000,163,172653,TS1_mixture,all_finite,True
mbpo_pushcube_500k_20261007T094728_f9d45348,PushCube-v1,mbpo,A_generation,328000,163,172653,TS1_mixture,reward_outside_0_1_fraction,0.20361328125
mbpo_pushcube_500k_20261007T094728_f9d45348,PushCube-v1,mbpo,A_generation,328000,163,172653,TS1_mixture,reward_below_zero_fraction,0.04052734375
mbpo_pushcube_500k_20261007T094728_f9d45348,PushCube-v1,mbpo,A_generation,328000,163,172653,TS1_mixture,reward_above_one_fraction,0.1630859375
mbpo_pushcube_500k_20261007T094728_f9d45348,PushCube-v1,mbpo,A_generation,328000,163,172653,TS1_mixture,reward_min,-0.4134499728679657
mbpo_pushcube_500k_20261007T094728_f9d45348,PushCube-v1,mbpo,A_generation,328000,163,172653,TS1_mixture,reward_max,1.3028696775436401
mbpo_pushcube_500k_20261007T094728_f9d45348,PushCube-v1,mbpo,A_generation,328000,163,172653,TS1_mixture,elite_mean_reward_min,-0.773795485496521
mbpo_pushcube_500k_20261007T094728_f9d45348,PushCube-v1,mbpo,A_generation,328000,163,172653,TS1_mixture,elite_mean_reward_max,1.131852149963379
mbpo_pushcube_500k_20261007T094728_f9d45348,PushCube-v1,mbpo,A_generation,328000,163,172653,TS1_mixture,elite_mean_reward_outside_0_1_fraction,0.165283203125
mbpo_pushcube_500k_20261007T094728_f9d45348,PushCube-v1,mbpo,A_generation,328000,163,172653,TS1_mixture,extra.tcp_pose_quaternion_norm_mae,0.0007728299113077761
mbpo_pushcube_500k_20261007T094728_f9d45348,PushCube-v1,mbpo,A_generation,328000,163,172653,TS1_mixture,extra.tcp_pose_quaternion_norm_max_error,0.08463410419980244
mbpo_pushcube_500k_20261007T094728_f9d45348,PushCube-v1,mbpo,A_generation,328000,163,172653,TS1_mixture,extra.tcp_pose_quaternion_invalid_fraction_tol_0.01,0.00634765625
mbpo_pushcube_500k_20261007T094728_f9d45348,PushCube-v1,mbpo,A_generation,328000,163,172653,TS1_mixture,extra.obj_pose_quaternion_norm_mae,0.006466570173128178
mbpo_pushcube_500k_20261007T094728_f9d45348,PushCube-v1,mbpo,A_generation,328000,163,172653,TS1_mixture,extra.obj_pose_quaternion_norm_max_error,0.06004154487792901
mbpo_pushcube_500k_20261007T094728_f9d45348,PushCube-v1,mbpo,A_generation,328000,163,172653,TS1_mixture,extra.obj_pose_quaternion_invalid_fraction_tol_0.01,0.2412109375
mbpo_pushcube_500k_20261007T094728_f9d45348,PushCube-v1,mbpo,A_generation,328000,163,172653,TS1_mixture,goal_position_drift_rmse,1.7664315694398297e-07
mbpo_pushcube_500k_20261007T094728_f9d45348,PushCube-v1,mbpo,A_generation,328000,163,172653,TS1_mixture,projected_quaternion_max_norm_error/extra.tcp_pose,5.960464477539063e-08
mbpo_pushcube_500k_20261007T094728_f9d45348,PushCube-v1,mbpo,A_generation,328000,163,172653,TS1_mixture,projected_quaternion_max_norm_error/extra.obj_pose,5.960464477539063e-08
mbpo_pushcube_500k_20261007T094728_f9d45348,PushCube-v1,mbpo,A_generation,330016,164,173726,TS1_mixture,count,2048
mbpo_pushcube_500k_20261007T094728_f9d45348,PushCube-v1,mbpo,A_generation,330016,164,173726,TS1_mixture,all_finite,True
mbpo_pushcube_500k_20261007T094728_f9d45348,PushCube-v1,mbpo,A_generation,330016,164,173726,TS1_mixture,reward_outside_0_1_fraction,0.2265625
mbpo_pushcube_500k_20261007T094728_f9d45348,PushCube-v1,mbpo,A_generation,330016,164,173726,TS1_mixture,reward_below_zero_fraction,0.04443359375
mbpo_pushcube_500k_20261007T094728_f9d45348,PushCube-v1,mbpo,A_generation,330016,164,173726,TS1_mixture,reward_above_one_fraction,0.18212890625
mbpo_pushcube_500k_20261007T094728_f9d45348,PushCube-v1,mbpo,A_generation,330016,164,173726,TS1_mixture,reward_min,-1.318628191947937
mbpo_pushcube_500k_20261007T094728_f9d45348,PushCube-v1,mbpo,A_generation,330016,164,173726,TS1_mixture,reward_max,1.221986174583435
mbpo_pushcube_500k_20261007T094728_f9d45348,PushCube-v1,mbpo,A_generation,330016,164,173726,TS1_mixture,elite_mean_reward_min,-1.3075183629989624
mbpo_pushcube_500k_20261007T094728_f9d45348,PushCube-v1,mbpo,A_generation,330016,164,173726,TS1_mixture,elite_mean_reward_max,1.1055985689163208
mbpo_pushcube_500k_20261007T094728_f9d45348,PushCube-v1,mbpo,A_generation,330016,164,173726,TS1_mixture,elite_mean_reward_outside_0_1_fraction,0.20458984375
mbpo_pushcube_500k_20261007T094728_f9d45348,PushCube-v1,mbpo,A_generation,330016,164,173726,TS1_mixture,extra.tcp_pose_quaternion_norm_mae,0.0009130202860382108
mbpo_pushcube_500k_20261007T094728_f9d45348,PushCube-v1,mbpo,A_generation,330016,164,173726,TS1_mixture,extra.tcp_pose_quaternion_norm_max_error,0.12061322716885603
mbpo_pushcube_500k_20261007T094728_f9d45348,PushCube-v1,mbpo,A_generation,330016,164,173726,TS1_mixture,extra.tcp_pose_quaternion_invalid_fraction_tol_0.01,0.0087890625
mbpo_pushcube_500k_20261007T094728_f9d45348,PushCube-v1,mbpo,A_generation,330016,164,173726,TS1_mixture,extra.obj_pose_quaternion_norm_mae,0.00630292981552592
mbpo_pushcube_500k_20261007T094728_f9d45348,PushCube-v1,mbpo,A_generation,330016,164,173726,TS1_mixture,extra.obj_pose_quaternion_norm_max_error,0.0639938643384732
mbpo_pushcube_500k_20261007T094728_f9d45348,PushCube-v1,mbpo,A_generation,330016,164,173726,TS1_mixture,extra.obj_pose_quaternion_invalid_fraction_tol_0.01,0.22607421875
mbpo_pushcube_500k_20261007T094728_f9d45348,PushCube-v1,mbpo,A_generation,330016,164,173726,TS1_mixture,goal_position_drift_rmse,1.8329800128211278e-07
mbpo_pushcube_500k_20261007T094728_f9d45348,PushCube-v1,mbpo,A_generation,330016,164,173726,TS1_mixture,projected_quaternion_max_norm_error/extra.tcp_pose,5.960464477539063e-08
mbpo_pushcube_500k_20261007T094728_f9d45348,PushCube-v1,mbpo,A_generation,330016,164,173726,TS1_mixture,projected_quaternion_max_norm_error/extra.obj_pose,5.960464477539063e-08
mbpo_pushcube_500k_20261007T094728_f9d45348,PushCube-v1,mbpo,A_generation,332000,165,174782,TS1_mixture,count,2048
mbpo_pushcube_500k_20261007T094728_f9d45348,PushCube-v1,mbpo,A_generation,332000,165,174782,TS1_mixture,all_finite,True
mbpo_pushcube_500k_20261007T094728_f9d45348,PushCube-v1,mbpo,A_generation,332000,165,174782,TS1_mixture,reward_outside_0_1_fraction,0.19677734375
mbpo_pushcube_500k_20261007T094728_f9d45348,PushCube-v1,mbpo,A_generation,332000,165,174782,TS1_mixture,reward_below_zero_fraction,0.03173828125
mbpo_pushcube_500k_20261007T094728_f9d45348,PushCube-v1,mbpo,A_generation,332000,165,174782,TS1_mixture,reward_above_one_fraction,0.1650390625
mbpo_pushcube_500k_20261007T094728_f9d45348,PushCube-v1,mbpo,A_generation,332000,165,174782,TS1_mixture,reward_min,-0.34992989897727966
mbpo_pushcube_500k_20261007T094728_f9d45348,PushCube-v1,mbpo,A_generation,332000,165,174782,TS1_mixture,reward_max,1.2299503087997437
mbpo_pushcube_500k_20261007T094728_f9d45348,PushCube-v1,mbpo,A_generation,332000,165,174782,TS1_mixture,elite_mean_reward_min,-0.43854662775993347
mbpo_pushcube_500k_20261007T094728_f9d45348,PushCube-v1,mbpo,A_generation,332000,165,174782,TS1_mixture,elite_mean_reward_max,1.1388853788375854
mbpo_pushcube_500k_20261007T094728_f9d45348,PushCube-v1,mbpo,A_generation,332000,165,174782,TS1_mixture,elite_mean_reward_outside_0_1_fraction,0.1767578125
mbpo_pushcube_500k_20261007T094728_f9d45348,PushCube-v1,mbpo,A_generation,332000,165,174782,TS1_mixture,extra.tcp_pose_quaternion_norm_mae,0.0008084901912569545
mbpo_pushcube_500k_20261007T094728_f9d45348,PushCube-v1,mbpo,A_generation,332000,165,174782,TS1_mixture,extra.tcp_pose_quaternion_norm_max_error,0.07397655749994603
mbpo_pushcube_500k_20261007T094728_f9d45348,PushCube-v1,mbpo,A_generation,332000,165,174782,TS1_mixture,extra.tcp_pose_quaternion_invalid_fraction_tol_0.01,0.01123046875
mbpo_pushcube_500k_20261007T094728_f9d45348,PushCube-v1,mbpo,A_generation,332000,165,174782,TS1_mixture,extra.obj_pose_quaternion_norm_mae,0.0062418375982161555
mbpo_pushcube_500k_20261007T094728_f9d45348,PushCube-v1,mbpo,A_generation,332000,165,174782,TS1_mixture,extra.obj_pose_quaternion_norm_max_error,0.10331525448079681
mbpo_pushcube_500k_20261007T094728_f9d45348,PushCube-v1,mbpo,A_generation,332000,165,174782,TS1_mixture,extra.obj_pose_quaternion_invalid_fraction_tol_0.01,0.22802734375
mbpo_pushcube_500k_20261007T094728_f9d45348,PushCube-v1,mbpo,A_generation,332000,165,174782,TS1_mixture,goal_position_drift_rmse,1.8067837643973876e-07
mbpo_pushcube_500k_20261007T094728_f9d45348,PushCube-v1,mbpo,A_generation,332000,165,174782,TS1_mixture,projected_quaternion_max_norm_error/extra.tcp_pose,5.960464477539063e-08
mbpo_pushcube_500k_20261007T094728_f9d45348,PushCube-v1,mbpo,A_generation,332000,165,174782,TS1_mixture,projected_quaternion_max_norm_error/extra.obj_pose,5.960464477539063e-08
mbpo_pushcube_500k_20261007T094728_f9d45348,PushCube-v1,mbpo,A_generation,334016,166,175855,TS1_mixture,count,2048
mbpo_pushcube_500k_20261007T094728_f9d45348,PushCube-v1,mbpo,A_generation,334016,166,175855,TS1_mixture,all_finite,True
mbpo_pushcube_500k_20261007T094728_f9d45348,PushCube-v1,mbpo,A_generation,334016,166,175855,TS1_mixture,reward_outside_0_1_fraction,0.21337890625
mbpo_pushcube_500k_20261007T094728_f9d45348,PushCube-v1,mbpo,A_generation,334016,166,175855,TS1_mixture,reward_below_zero_fraction,0.03271484375
mbpo_pushcube_500k_20261007T094728_f9d45348,PushCube-v1,mbpo,A_generation,334016,166,175855,TS1_mixture,reward_above_one_fraction,0.1806640625
mbpo_pushcube_500k_20261007T094728_f9d45348,PushCube-v1,mbpo,A_generation,334016,166,175855,TS1_mixture,reward_min,-0.4397154748439789
mbpo_pushcube_500k_20261007T094728_f9d45348,PushCube-v1,mbpo,A_generation,334016,166,175855,TS1_mixture,reward_max,1.274562954902649
mbpo_pushcube_500k_20261007T094728_f9d45348,PushCube-v1,mbpo,A_generation,334016,166,175855,TS1_mixture,elite_mean_reward_min,-0.40633973479270935
mbpo_pushcube_500k_20261007T094728_f9d45348,PushCube-v1,mbpo,A_generation,334016,166,175855,TS1_mixture,elite_mean_reward_max,1.1085044145584106
mbpo_pushcube_500k_20261007T094728_f9d45348,PushCube-v1,mbpo,A_generation,334016,166,175855,TS1_mixture,elite_mean_reward_outside_0_1_fraction,0.189453125
mbpo_pushcube_500k_20261007T094728_f9d45348,PushCube-v1,mbpo,A_generation,334016,166,175855,TS1_mixture,extra.tcp_pose_quaternion_norm_mae,0.0006708347078317127
mbpo_pushcube_500k_20261007T094728_f9d45348,PushCube-v1,mbpo,A_generation,334016,166,175855,TS1_mixture,extra.tcp_pose_quaternion_norm_max_error,0.02926067161510315
mbpo_pushcube_500k_20261007T094728_f9d45348,PushCube-v1,mbpo,A_generation,334016,166,175855,TS1_mixture,extra.tcp_pose_quaternion_invalid_fraction_tol_0.01,0.00390625
mbpo_pushcube_500k_20261007T094728_f9d45348,PushCube-v1,mbpo,A_generation,334016,166,175855,TS1_mixture,extra.obj_pose_quaternion_norm_mae,0.006834659148847554
mbpo_pushcube_500k_20261007T094728_f9d45348,PushCube-v1,mbpo,A_generation,334016,166,175855,TS1_mixture,extra.obj_pose_quaternion_norm_max_error,0.07431772573000628
mbpo_pushcube_500k_20261007T094728_f9d45348,PushCube-v1,mbpo,A_generation,334016,166,175855,TS1_mixture,extra.obj_pose_quaternion_invalid_fraction_tol_0.01,0.2626953125
mbpo_pushcube_500k_20261007T094728_f9d45348,PushCube-v1,mbpo,A_generation,334016,166,175855,TS1_mixture,goal_position_drift_rmse,1.7899869344555555e-07
mbpo_pushcube_500k_20261007T094728_f9d45348,PushCube-v1,mbpo,A_generation,334016,166,175855,TS1_mixture,projected_quaternion_max_norm_error/extra.tcp_pose,5.960464477539063e-08
mbpo_pushcube_500k_20261007T094728_f9d45348,PushCube-v1,mbpo,A_generation,334016,166,175855,TS1_mixture,projected_quaternion_max_norm_error/extra.obj_pose,5.960464477539063e-08
mbpo_pushcube_500k_20261007T094728_f9d45348,PushCube-v1,mbpo,A_generation,336000,167,176912,TS1_mixture,count,2048
mbpo_pushcube_500k_20261007T094728_f9d45348,PushCube-v1,mbpo,A_generation,336000,167,176912,TS1_mixture,all_finite,True
mbpo_pushcube_500k_20261007T094728_f9d45348,PushCube-v1,mbpo,A_generation,336000,167,176912,TS1_mixture,reward_outside_0_1_fraction,0.20458984375
mbpo_pushcube_500k_20261007T094728_f9d45348,PushCube-v1,mbpo,A_generation,336000,167,176912,TS1_mixture,reward_below_zero_fraction,0.0341796875
mbpo_pushcube_500k_20261007T094728_f9d45348,PushCube-v1,mbpo,A_generation,336000,167,176912,TS1_mixture,reward_above_one_fraction,0.17041015625
mbpo_pushcube_500k_20261007T094728_f9d45348,PushCube-v1,mbpo,A_generation,336000,167,176912,TS1_mixture,reward_min,-0.8316624760627747
mbpo_pushcube_500k_20261007T094728_f9d45348,PushCube-v1,mbpo,A_generation,336000,167,176912,TS1_mixture,reward_max,1.2082715034484863
mbpo_pushcube_500k_20261007T094728_f9d45348,PushCube-v1,mbpo,A_generation,336000,167,176912,TS1_mixture,elite_mean_reward_min,-0.856443464756012
mbpo_pushcube_500k_20261007T094728_f9d45348,PushCube-v1,mbpo,A_generation,336000,167,176912,TS1_mixture,elite_mean_reward_max,1.1209527254104614
mbpo_pushcube_500k_20261007T094728_f9d45348,PushCube-v1,mbpo,A_generation,336000,167,176912,TS1_mixture,elite_mean_reward_outside_0_1_fraction,0.18359375
mbpo_pushcube_500k_20261007T094728_f9d45348,PushCube-v1,mbpo,A_generation,336000,167,176912,TS1_mixture,extra.tcp_pose_quaternion_norm_mae,0.00073161967833238
mbpo_pushcube_500k_20261007T094728_f9d45348,PushCube-v1,mbpo,A_generation,336000,167,176912,TS1_mixture,extra.tcp_pose_quaternion_norm_max_error,0.03457306276702088
mbpo_pushcube_500k_20261007T094728_f9d45348,PushCube-v1,mbpo,A_generation,336000,167,176912,TS1_mixture,extra.tcp_pose_quaternion_invalid_fraction_tol_0.01,0.0087890625
mbpo_pushcube_500k_20261007T094728_f9d45348,PushCube-v1,mbpo,A_generation,336000,167,176912,TS1_mixture,extra.obj_pose_quaternion_norm_mae,0.0064287317736374285
mbpo_pushcube_500k_20261007T094728_f9d45348,PushCube-v1,mbpo,A_generation,336000,167,176912,TS1_mixture,extra.obj_pose_quaternion_norm_max_error,0.06759445554265242
mbpo_pushcube_500k_20261007T094728_f9d45348,PushCube-v1,mbpo,A_generation,336000,167,176912,TS1_mixture,extra.obj_pose_quaternion_invalid_fraction_tol_0.01,0.23388671875
mbpo_pushcube_500k_20261007T094728_f9d45348,PushCube-v1,mbpo,A_generation,336000,167,176912,TS1_mixture,goal_position_drift_rmse,2.0274090008028394e-07
mbpo_pushcube_500k_20261007T094728_f9d45348,PushCube-v1,mbpo,A_generation,336000,167,176912,TS1_mixture,projected_quaternion_max_norm_error/extra.tcp_pose,5.960464477539063e-08
mbpo_pushcube_500k_20261007T094728_f9d45348,PushCube-v1,mbpo,A_generation,336000,167,176912,TS1_mixture,projected_quaternion_max_norm_error/extra.obj_pose,5.960464477539063e-08
mbpo_pushcube_500k_20261007T094728_f9d45348,PushCube-v1,mbpo,A_generation,338016,168,177985,TS1_mixture,count,2048
mbpo_pushcube_500k_20261007T094728_f9d45348,PushCube-v1,mbpo,A_generation,338016,168,177985,TS1_mixture,all_finite,True
mbpo_pushcube_500k_20261007T094728_f9d45348,PushCube-v1,mbpo,A_generation,338016,168,177985,TS1_mixture,reward_outside_0_1_fraction,0.240234375
mbpo_pushcube_500k_20261007T094728_f9d45348,PushCube-v1,mbpo,A_generation,338016,168,177985,TS1_mixture,reward_below_zero_fraction,0.03466796875
mbpo_pushcube_500k_20261007T094728_f9d45348,PushCube-v1,mbpo,A_generation,338016,168,177985,TS1_mixture,reward_above_one_fraction,0.20556640625
mbpo_pushcube_500k_20261007T094728_f9d45348,PushCube-v1,mbpo,A_generation,338016,168,177985,TS1_mixture,reward_min,-0.3721964359283447
mbpo_pushcube_500k_20261007T094728_f9d45348,PushCube-v1,mbpo,A_generation,338016,168,177985,TS1_mixture,reward_max,1.2452428340911865
mbpo_pushcube_500k_20261007T094728_f9d45348,PushCube-v1,mbpo,A_generation,338016,168,177985,TS1_mixture,elite_mean_reward_min,-0.4197571277618408
mbpo_pushcube_500k_20261007T094728_f9d45348,PushCube-v1,mbpo,A_generation,338016,168,177985,TS1_mixture,elite_mean_reward_max,1.1179331541061401
mbpo_pushcube_500k_20261007T094728_f9d45348,PushCube-v1,mbpo,A_generation,338016,168,177985,TS1_mixture,elite_mean_reward_outside_0_1_fraction,0.21337890625
mbpo_pushcube_500k_20261007T094728_f9d45348,PushCube-v1,mbpo,A_generation,338016,168,177985,TS1_mixture,extra.tcp_pose_quaternion_norm_mae,0.0006831904339126781
mbpo_pushcube_500k_20261007T094728_f9d45348,PushCube-v1,mbpo,A_generation,338016,168,177985,TS1_mixture,extra.tcp_pose_quaternion_norm_max_error,0.045289795396989296
mbpo_pushcube_500k_20261007T094728_f9d45348,PushCube-v1,mbpo,A_generation,338016,168,177985,TS1_mixture,extra.tcp_pose_quaternion_invalid_fraction_tol_0.01,0.005859375
mbpo_pushcube_500k_20261007T094728_f9d45348,PushCube-v1,mbpo,A_generation,338016,168,177985,TS1_mixture,extra.obj_pose_quaternion_norm_mae,0.005916633959894429
mbpo_pushcube_500k_20261007T094728_f9d45348,PushCube-v1,mbpo,A_generation,338016,168,177985,TS1_mixture,extra.obj_pose_quaternion_norm_max_error,0.08322900679787593
mbpo_pushcube_500k_20261007T094728_f9d45348,PushCube-v1,mbpo,A_generation,338016,168,177985,TS1_mixture,extra.obj_pose_quaternion_invalid_fraction_tol_0.01,0.22412109375
mbpo_pushcube_500k_20261007T094728_f9d45348,PushCube-v1,mbpo,A_generation,338016,168,177985,TS1_mixture,goal_position_drift_rmse,1.653220580399869e-07
mbpo_pushcube_500k_20261007T094728_f9d45348,PushCube-v1,mbpo,A_generation,338016,168,177985,TS1_mixture,projected_quaternion_max_norm_error/extra.tcp_pose,5.960464477539063e-08
mbpo_pushcube_500k_20261007T094728_f9d45348,PushCube-v1,mbpo,A_generation,338016,168,177985,TS1_mixture,projected_quaternion_max_norm_error/extra.obj_pose,5.960464477539063e-08
mbpo_pushcube_500k_20261007T094728_f9d45348,PushCube-v1,mbpo,A_generation,340000,169,179041,TS1_mixture,count,2048
mbpo_pushcube_500k_20261007T094728_f9d45348,PushCube-v1,mbpo,A_generation,340000,169,179041,TS1_mixture,all_finite,True
mbpo_pushcube_500k_20261007T094728_f9d45348,PushCube-v1,mbpo,A_generation,340000,169,179041,TS1_mixture,reward_outside_0_1_fraction,0.19677734375
mbpo_pushcube_500k_20261007T094728_f9d45348,PushCube-v1,mbpo,A_generation,340000,169,179041,TS1_mixture,reward_below_zero_fraction,0.03515625
mbpo_pushcube_500k_20261007T094728_f9d45348,PushCube-v1,mbpo,A_generation,340000,169,179041,TS1_mixture,reward_above_one_fraction,0.16162109375
mbpo_pushcube_500k_20261007T094728_f9d45348,PushCube-v1,mbpo,A_generation,340000,169,179041,TS1_mixture,reward_min,-0.65519779920578
mbpo_pushcube_500k_20261007T094728_f9d45348,PushCube-v1,mbpo,A_generation,340000,169,179041,TS1_mixture,reward_max,1.2052794694900513
mbpo_pushcube_500k_20261007T094728_f9d45348,PushCube-v1,mbpo,A_generation,340000,169,179041,TS1_mixture,elite_mean_reward_min,-0.7809817790985107
mbpo_pushcube_500k_20261007T094728_f9d45348,PushCube-v1,mbpo,A_generation,340000,169,179041,TS1_mixture,elite_mean_reward_max,1.1053274869918823
mbpo_pushcube_500k_20261007T094728_f9d45348,PushCube-v1,mbpo,A_generation,340000,169,179041,TS1_mixture,elite_mean_reward_outside_0_1_fraction,0.180419921875
mbpo_pushcube_500k_20261007T094728_f9d45348,PushCube-v1,mbpo,A_generation,340000,169,179041,TS1_mixture,extra.tcp_pose_quaternion_norm_mae,0.0007611646059748017
mbpo_pushcube_500k_20261007T094728_f9d45348,PushCube-v1,mbpo,A_generation,340000,169,179041,TS1_mixture,extra.tcp_pose_quaternion_norm_max_error,0.030506016650481804
mbpo_pushcube_500k_20261007T094728_f9d45348,PushCube-v1,mbpo,A_generation,340000,169,179041,TS1_mixture,extra.tcp_pose_quaternion_invalid_fraction_tol_0.01,0.00732421875
mbpo_pushcube_500k_20261007T094728_f9d45348,PushCube-v1,mbpo,A_generation,340000,169,179041,TS1_mixture,extra.obj_pose_quaternion_norm_mae,0.0061360378438605956
mbpo_pushcube_500k_20261007T094728_f9d45348,PushCube-v1,mbpo,A_generation,340000,169,179041,TS1_mixture,extra.obj_pose_quaternion_norm_max_error,0.06552799473481152
mbpo_pushcube_500k_20261007T094728_f9d45348,PushCube-v1,mbpo,A_generation,340000,169,179041,TS1_mixture,extra.obj_pose_quaternion_invalid_fraction_tol_0.01,0.23583984375
mbpo_pushcube_500k_20261007T094728_f9d45348,PushCube-v1,mbpo,A_generation,340000,169,179041,TS1_mixture,goal_position_drift_rmse,1.7283571370711583e-07
mbpo_pushcube_500k_20261007T094728_f9d45348,PushCube-v1,mbpo,A_generation,340000,169,179041,TS1_mixture,projected_quaternion_max_norm_error/extra.tcp_pose,5.960464477539063e-08
mbpo_pushcube_500k_20261007T094728_f9d45348,PushCube-v1,mbpo,A_generation,340000,169,179041,TS1_mixture,projected_quaternion_max_norm_error/extra.obj_pose,5.960464477539063e-08
mbpo_pushcube_500k_20261007T094728_f9d45348,PushCube-v1,mbpo,A_generation,342016,170,180114,TS1_mixture,count,2048
mbpo_pushcube_500k_20261007T094728_f9d45348,PushCube-v1,mbpo,A_generation,342016,170,180114,TS1_mixture,all_finite,True
mbpo_pushcube_500k_20261007T094728_f9d45348,PushCube-v1,mbpo,A_generation,342016,170,180114,TS1_mixture,reward_outside_0_1_fraction,0.21923828125
mbpo_pushcube_500k_20261007T094728_f9d45348,PushCube-v1,mbpo,A_generation,342016,170,180114,TS1_mixture,reward_below_zero_fraction,0.037109375
mbpo_pushcube_500k_20261007T094728_f9d45348,PushCube-v1,mbpo,A_generation,342016,170,180114,TS1_mixture,reward_above_one_fraction,0.18212890625
mbpo_pushcube_500k_20261007T094728_f9d45348,PushCube-v1,mbpo,A_generation,342016,170,180114,TS1_mixture,reward_min,-0.783553421497345
mbpo_pushcube_500k_20261007T094728_f9d45348,PushCube-v1,mbpo,A_generation,342016,170,180114,TS1_mixture,reward_max,1.2587987184524536
mbpo_pushcube_500k_20261007T094728_f9d45348,PushCube-v1,mbpo,A_generation,342016,170,180114,TS1_mixture,elite_mean_reward_min,-0.8003692626953125
mbpo_pushcube_500k_20261007T094728_f9d45348,PushCube-v1,mbpo,A_generation,342016,170,180114,TS1_mixture,elite_mean_reward_max,1.115726113319397
mbpo_pushcube_500k_20261007T094728_f9d45348,PushCube-v1,mbpo,A_generation,342016,170,180114,TS1_mixture,elite_mean_reward_outside_0_1_fraction,0.205810546875
mbpo_pushcube_500k_20261007T094728_f9d45348,PushCube-v1,mbpo,A_generation,342016,170,180114,TS1_mixture,extra.tcp_pose_quaternion_norm_mae,0.0006662233923878796
mbpo_pushcube_500k_20261007T094728_f9d45348,PushCube-v1,mbpo,A_generation,342016,170,180114,TS1_mixture,extra.tcp_pose_quaternion_norm_max_error,0.03237125012148434
mbpo_pushcube_500k_20261007T094728_f9d45348,PushCube-v1,mbpo,A_generation,342016,170,180114,TS1_mixture,extra.tcp_pose_quaternion_invalid_fraction_tol_0.01,0.00439453125
mbpo_pushcube_500k_20261007T094728_f9d45348,PushCube-v1,mbpo,A_generation,342016,170,180114,TS1_mixture,extra.obj_pose_quaternion_norm_mae,0.005917376527554641
mbpo_pushcube_500k_20261007T094728_f9d45348,PushCube-v1,mbpo,A_generation,342016,170,180114,TS1_mixture,extra.obj_pose_quaternion_norm_max_error,0.08548581733961946
mbpo_pushcube_500k_20261007T094728_f9d45348,PushCube-v1,mbpo,A_generation,342016,170,180114,TS1_mixture,extra.obj_pose_quaternion_invalid_fraction_tol_0.01,0.216796875
mbpo_pushcube_500k_20261007T094728_f9d45348,PushCube-v1,mbpo,A_generation,342016,170,180114,TS1_mixture,goal_position_drift_rmse,1.4365519068721953e-07
mbpo_pushcube_500k_20261007T094728_f9d45348,PushCube-v1,mbpo,A_generation,342016,170,180114,TS1_mixture,projected_quaternion_max_norm_error/extra.tcp_pose,5.960464477539063e-08
mbpo_pushcube_500k_20261007T094728_f9d45348,PushCube-v1,mbpo,A_generation,342016,170,180114,TS1_mixture,projected_quaternion_max_norm_error/extra.obj_pose,5.960464477539063e-08
mbpo_pushcube_500k_20261007T094728_f9d45348,PushCube-v1,mbpo,A_generation,344000,171,181171,TS1_mixture,count,2048
mbpo_pushcube_500k_20261007T094728_f9d45348,PushCube-v1,mbpo,A_generation,344000,171,181171,TS1_mixture,all_finite,True
mbpo_pushcube_500k_20261007T094728_f9d45348,PushCube-v1,mbpo,A_generation,344000,171,181171,TS1_mixture,reward_outside_0_1_fraction,0.19970703125
mbpo_pushcube_500k_20261007T094728_f9d45348,PushCube-v1,mbpo,A_generation,344000,171,181171,TS1_mixture,reward_below_zero_fraction,0.02392578125
mbpo_pushcube_500k_20261007T094728_f9d45348,PushCube-v1,mbpo,A_generation,344000,171,181171,TS1_mixture,reward_above_one_fraction,0.17578125
mbpo_pushcube_500k_20261007T094728_f9d45348,PushCube-v1,mbpo,A_generation,344000,171,181171,TS1_mixture,reward_min,-0.40571460127830505
mbpo_pushcube_500k_20261007T094728_f9d45348,PushCube-v1,mbpo,A_generation,344000,171,181171,TS1_mixture,reward_max,1.2476557493209839
mbpo_pushcube_500k_20261007T094728_f9d45348,PushCube-v1,mbpo,A_generation,344000,171,181171,TS1_mixture,elite_mean_reward_min,-0.5053250789642334
mbpo_pushcube_500k_20261007T094728_f9d45348,PushCube-v1,mbpo,A_generation,344000,171,181171,TS1_mixture,elite_mean_reward_max,1.1183416843414307
mbpo_pushcube_500k_20261007T094728_f9d45348,PushCube-v1,mbpo,A_generation,344000,171,181171,TS1_mixture,elite_mean_reward_outside_0_1_fraction,0.1953125
mbpo_pushcube_500k_20261007T094728_f9d45348,PushCube-v1,mbpo,A_generation,344000,171,181171,TS1_mixture,extra.tcp_pose_quaternion_norm_mae,0.0006482365178221744
mbpo_pushcube_500k_20261007T094728_f9d45348,PushCube-v1,mbpo,A_generation,344000,171,181171,TS1_mixture,extra.tcp_pose_quaternion_norm_max_error,0.027381906419416957
mbpo_pushcube_500k_20261007T094728_f9d45348,PushCube-v1,mbpo,A_generation,344000,171,181171,TS1_mixture,extra.tcp_pose_quaternion_invalid_fraction_tol_0.01,0.00390625
mbpo_pushcube_500k_20261007T094728_f9d45348,PushCube-v1,mbpo,A_generation,344000,171,181171,TS1_mixture,extra.obj_pose_quaternion_norm_mae,0.0056850100805302135
mbpo_pushcube_500k_20261007T094728_f9d45348,PushCube-v1,mbpo,A_generation,344000,171,181171,TS1_mixture,extra.obj_pose_quaternion_norm_max_error,0.10978592804235288
mbpo_pushcube_500k_20261007T094728_f9d45348,PushCube-v1,mbpo,A_generation,344000,171,181171,TS1_mixture,extra.obj_pose_quaternion_invalid_fraction_tol_0.01,0.20849609375
mbpo_pushcube_500k_20261007T094728_f9d45348,PushCube-v1,mbpo,A_generation,344000,171,181171,TS1_mixture,goal_position_drift_rmse,1.497300252588969e-07
mbpo_pushcube_500k_20261007T094728_f9d45348,PushCube-v1,mbpo,A_generation,344000,171,181171,TS1_mixture,projected_quaternion_max_norm_error/extra.tcp_pose,5.960464477539063e-08
mbpo_pushcube_500k_20261007T094728_f9d45348,PushCube-v1,mbpo,A_generation,344000,171,181171,TS1_mixture,projected_quaternion_max_norm_error/extra.obj_pose,5.960464477539063e-08
mbpo_pushcube_500k_20261007T094728_f9d45348,PushCube-v1,mbpo,A_generation,346016,172,182244,TS1_mixture,count,2048
mbpo_pushcube_500k_20261007T094728_f9d45348,PushCube-v1,mbpo,A_generation,346016,172,182244,TS1_mixture,all_finite,True
mbpo_pushcube_500k_20261007T094728_f9d45348,PushCube-v1,mbpo,A_generation,346016,172,182244,TS1_mixture,reward_outside_0_1_fraction,0.24853515625
mbpo_pushcube_500k_20261007T094728_f9d45348,PushCube-v1,mbpo,A_generation,346016,172,182244,TS1_mixture,reward_below_zero_fraction,0.0419921875
mbpo_pushcube_500k_20261007T094728_f9d45348,PushCube-v1,mbpo,A_generation,346016,172,182244,TS1_mixture,reward_above_one_fraction,0.20654296875
mbpo_pushcube_500k_20261007T094728_f9d45348,PushCube-v1,mbpo,A_generation,346016,172,182244,TS1_mixture,reward_min,-0.3355119526386261
mbpo_pushcube_500k_20261007T094728_f9d45348,PushCube-v1,mbpo,A_generation,346016,172,182244,TS1_mixture,reward_max,1.2702018022537231
mbpo_pushcube_500k_20261007T094728_f9d45348,PushCube-v1,mbpo,A_generation,346016,172,182244,TS1_mixture,elite_mean_reward_min,-0.7118045091629028
mbpo_pushcube_500k_20261007T094728_f9d45348,PushCube-v1,mbpo,A_generation,346016,172,182244,TS1_mixture,elite_mean_reward_max,1.1162797212600708
mbpo_pushcube_500k_20261007T094728_f9d45348,PushCube-v1,mbpo,A_generation,346016,172,182244,TS1_mixture,elite_mean_reward_outside_0_1_fraction,0.22705078125
mbpo_pushcube_500k_20261007T094728_f9d45348,PushCube-v1,mbpo,A_generation,346016,172,182244,TS1_mixture,extra.tcp_pose_quaternion_norm_mae,0.0007280988491300858
mbpo_pushcube_500k_20261007T094728_f9d45348,PushCube-v1,mbpo,A_generation,346016,172,182244,TS1_mixture,extra.tcp_pose_quaternion_norm_max_error,0.025132288865647556
mbpo_pushcube_500k_20261007T094728_f9d45348,PushCube-v1,mbpo,A_generation,346016,172,182244,TS1_mixture,extra.tcp_pose_quaternion_invalid_fraction_tol_0.01,0.00927734375
mbpo_pushcube_500k_20261007T094728_f9d45348,PushCube-v1,mbpo,A_generation,346016,172,182244,TS1_mixture,extra.obj_pose_quaternion_norm_mae,0.006760176851617049
mbpo_pushcube_500k_20261007T094728_f9d45348,PushCube-v1,mbpo,A_generation,346016,172,182244,TS1_mixture,extra.obj_pose_quaternion_norm_max_error,0.05434125535814105
mbpo_pushcube_500k_20261007T094728_f9d45348,PushCube-v1,mbpo,A_generation,346016,172,182244,TS1_mixture,extra.obj_pose_quaternion_invalid_fraction_tol_0.01,0.24951171875
mbpo_pushcube_500k_20261007T094728_f9d45348,PushCube-v1,mbpo,A_generation,346016,172,182244,TS1_mixture,goal_position_drift_rmse,1.8514683497279062e-07
mbpo_pushcube_500k_20261007T094728_f9d45348,PushCube-v1,mbpo,A_generation,346016,172,182244,TS1_mixture,projected_quaternion_max_norm_error/extra.tcp_pose,5.960464477539063e-08
mbpo_pushcube_500k_20261007T094728_f9d45348,PushCube-v1,mbpo,A_generation,346016,172,182244,TS1_mixture,projected_quaternion_max_norm_error/extra.obj_pose,5.960464477539063e-08
mbpo_pushcube_500k_20261007T094728_f9d45348,PushCube-v1,mbpo,A_generation,348000,173,183300,TS1_mixture,count,2048
mbpo_pushcube_500k_20261007T094728_f9d45348,PushCube-v1,mbpo,A_generation,348000,173,183300,TS1_mixture,all_finite,True
mbpo_pushcube_500k_20261007T094728_f9d45348,PushCube-v1,mbpo,A_generation,348000,173,183300,TS1_mixture,reward_outside_0_1_fraction,0.19775390625
mbpo_pushcube_500k_20261007T094728_f9d45348,PushCube-v1,mbpo,A_generation,348000,173,183300,TS1_mixture,reward_below_zero_fraction,0.03125
mbpo_pushcube_500k_20261007T094728_f9d45348,PushCube-v1,mbpo,A_generation,348000,173,183300,TS1_mixture,reward_above_one_fraction,0.16650390625
mbpo_pushcube_500k_20261007T094728_f9d45348,PushCube-v1,mbpo,A_generation,348000,173,183300,TS1_mixture,reward_min,-0.23046435415744781
mbpo_pushcube_500k_20261007T094728_f9d45348,PushCube-v1,mbpo,A_generation,348000,173,183300,TS1_mixture,reward_max,1.2328979969024658
mbpo_pushcube_500k_20261007T094728_f9d45348,PushCube-v1,mbpo,A_generation,348000,173,183300,TS1_mixture,elite_mean_reward_min,-0.5830450654029846
mbpo_pushcube_500k_20261007T094728_f9d45348,PushCube-v1,mbpo,A_generation,348000,173,183300,TS1_mixture,elite_mean_reward_max,1.1167556047439575
mbpo_pushcube_500k_20261007T094728_f9d45348,PushCube-v1,mbpo,A_generation,348000,173,183300,TS1_mixture,elite_mean_reward_outside_0_1_fraction,0.181396484375
mbpo_pushcube_500k_20261007T094728_f9d45348,PushCube-v1,mbpo,A_generation,348000,173,183300,TS1_mixture,extra.tcp_pose_quaternion_norm_mae,0.0006957358698198776
mbpo_pushcube_500k_20261007T094728_f9d45348,PushCube-v1,mbpo,A_generation,348000,173,183300,TS1_mixture,extra.tcp_pose_quaternion_norm_max_error,0.07901532733202954
mbpo_pushcube_500k_20261007T094728_f9d45348,PushCube-v1,mbpo,A_generation,348000,173,183300,TS1_mixture,extra.tcp_pose_quaternion_invalid_fraction_tol_0.01,0.005859375
mbpo_pushcube_500k_20261007T094728_f9d45348,PushCube-v1,mbpo,A_generation,348000,173,183300,TS1_mixture,extra.obj_pose_quaternion_norm_mae,0.006220880889141573
mbpo_pushcube_500k_20261007T094728_f9d45348,PushCube-v1,mbpo,A_generation,348000,173,183300,TS1_mixture,extra.obj_pose_quaternion_norm_max_error,0.05599494475556932
mbpo_pushcube_500k_20261007T094728_f9d45348,PushCube-v1,mbpo,A_generation,348000,173,183300,TS1_mixture,extra.obj_pose_quaternion_invalid_fraction_tol_0.01,0.23583984375
mbpo_pushcube_500k_20261007T094728_f9d45348,PushCube-v1,mbpo,A_generation,348000,173,183300,TS1_mixture,goal_position_drift_rmse,1.7824201804387467e-07
mbpo_pushcube_500k_20261007T094728_f9d45348,PushCube-v1,mbpo,A_generation,348000,173,183300,TS1_mixture,projected_quaternion_max_norm_error/extra.tcp_pose,5.960464477539063e-08
mbpo_pushcube_500k_20261007T094728_f9d45348,PushCube-v1,mbpo,A_generation,348000,173,183300,TS1_mixture,projected_quaternion_max_norm_error/extra.obj_pose,5.960464477539063e-08
mbpo_pushcube_500k_20261007T094728_f9d45348,PushCube-v1,mbpo,A_generation,350016,174,184373,TS1_mixture,count,2048
mbpo_pushcube_500k_20261007T094728_f9d45348,PushCube-v1,mbpo,A_generation,350016,174,184373,TS1_mixture,all_finite,True
mbpo_pushcube_500k_20261007T094728_f9d45348,PushCube-v1,mbpo,A_generation,350016,174,184373,TS1_mixture,reward_outside_0_1_fraction,0.2119140625
mbpo_pushcube_500k_20261007T094728_f9d45348,PushCube-v1,mbpo,A_generation,350016,174,184373,TS1_mixture,reward_below_zero_fraction,0.03076171875
mbpo_pushcube_500k_20261007T094728_f9d45348,PushCube-v1,mbpo,A_generation,350016,174,184373,TS1_mixture,reward_above_one_fraction,0.18115234375
mbpo_pushcube_500k_20261007T094728_f9d45348,PushCube-v1,mbpo,A_generation,350016,174,184373,TS1_mixture,reward_min,-0.48480165004730225
mbpo_pushcube_500k_20261007T094728_f9d45348,PushCube-v1,mbpo,A_generation,350016,174,184373,TS1_mixture,reward_max,1.2150799036026
mbpo_pushcube_500k_20261007T094728_f9d45348,PushCube-v1,mbpo,A_generation,350016,174,184373,TS1_mixture,elite_mean_reward_min,-0.40343689918518066
mbpo_pushcube_500k_20261007T094728_f9d45348,PushCube-v1,mbpo,A_generation,350016,174,184373,TS1_mixture,elite_mean_reward_max,1.1035985946655273
mbpo_pushcube_500k_20261007T094728_f9d45348,PushCube-v1,mbpo,A_generation,350016,174,184373,TS1_mixture,elite_mean_reward_outside_0_1_fraction,0.185546875
mbpo_pushcube_500k_20261007T094728_f9d45348,PushCube-v1,mbpo,A_generation,350016,174,184373,TS1_mixture,extra.tcp_pose_quaternion_norm_mae,0.000675446275338217
mbpo_pushcube_500k_20261007T094728_f9d45348,PushCube-v1,mbpo,A_generation,350016,174,184373,TS1_mixture,extra.tcp_pose_quaternion_norm_max_error,0.04810065061862401
mbpo_pushcube_500k_20261007T094728_f9d45348,PushCube-v1,mbpo,A_generation,350016,174,184373,TS1_mixture,extra.tcp_pose_quaternion_invalid_fraction_tol_0.01,0.0048828125
mbpo_pushcube_500k_20261007T094728_f9d45348,PushCube-v1,mbpo,A_generation,350016,174,184373,TS1_mixture,extra.obj_pose_quaternion_norm_mae,0.006093709070366081
mbpo_pushcube_500k_20261007T094728_f9d45348,PushCube-v1,mbpo,A_generation,350016,174,184373,TS1_mixture,extra.obj_pose_quaternion_norm_max_error,0.08021579477677288
mbpo_pushcube_500k_20261007T094728_f9d45348,PushCube-v1,mbpo,A_generation,350016,174,184373,TS1_mixture,extra.obj_pose_quaternion_invalid_fraction_tol_0.01,0.2216796875
mbpo_pushcube_500k_20261007T094728_f9d45348,PushCube-v1,mbpo,A_generation,350016,174,184373,TS1_mixture,goal_position_drift_rmse,1.7503113732003977e-07
mbpo_pushcube_500k_20261007T094728_f9d45348,PushCube-v1,mbpo,A_generation,350016,174,184373,TS1_mixture,projected_quaternion_max_norm_error/extra.tcp_pose,5.960464477539063e-08
mbpo_pushcube_500k_20261007T094728_f9d45348,PushCube-v1,mbpo,A_generation,350016,174,184373,TS1_mixture,projected_quaternion_max_norm_error/extra.obj_pose,5.960464477539063e-08
mbpo_pushcube_500k_20261007T094728_f9d45348,PushCube-v1,mbpo,A_generation,352000,175,185436,TS1_mixture,count,2048
mbpo_pushcube_500k_20261007T094728_f9d45348,PushCube-v1,mbpo,A_generation,352000,175,185436,TS1_mixture,all_finite,True
mbpo_pushcube_500k_20261007T094728_f9d45348,PushCube-v1,mbpo,A_generation,352000,175,185436,TS1_mixture,reward_outside_0_1_fraction,0.21337890625
mbpo_pushcube_500k_20261007T094728_f9d45348,PushCube-v1,mbpo,A_generation,352000,175,185436,TS1_mixture,reward_below_zero_fraction,0.02783203125
mbpo_pushcube_500k_20261007T094728_f9d45348,PushCube-v1,mbpo,A_generation,352000,175,185436,TS1_mixture,reward_above_one_fraction,0.185546875
mbpo_pushcube_500k_20261007T094728_f9d45348,PushCube-v1,mbpo,A_generation,352000,175,185436,TS1_mixture,reward_min,-0.4368986189365387
mbpo_pushcube_500k_20261007T094728_f9d45348,PushCube-v1,mbpo,A_generation,352000,175,185436,TS1_mixture,reward_max,1.2582541704177856
mbpo_pushcube_500k_20261007T094728_f9d45348,PushCube-v1,mbpo,A_generation,352000,175,185436,TS1_mixture,elite_mean_reward_min,-0.3971025347709656
mbpo_pushcube_500k_20261007T094728_f9d45348,PushCube-v1,mbpo,A_generation,352000,175,185436,TS1_mixture,elite_mean_reward_max,1.1127954721450806
mbpo_pushcube_500k_20261007T094728_f9d45348,PushCube-v1,mbpo,A_generation,352000,175,185436,TS1_mixture,elite_mean_reward_outside_0_1_fraction,0.1826171875
mbpo_pushcube_500k_20261007T094728_f9d45348,PushCube-v1,mbpo,A_generation,352000,175,185436,TS1_mixture,extra.tcp_pose_quaternion_norm_mae,0.0006722479237307642
mbpo_pushcube_500k_20261007T094728_f9d45348,PushCube-v1,mbpo,A_generation,352000,175,185436,TS1_mixture,extra.tcp_pose_quaternion_norm_max_error,0.017801137601351824
mbpo_pushcube_500k_20261007T094728_f9d45348,PushCube-v1,mbpo,A_generation,352000,175,185436,TS1_mixture,extra.tcp_pose_quaternion_invalid_fraction_tol_0.01,0.00439453125
mbpo_pushcube_500k_20261007T094728_f9d45348,PushCube-v1,mbpo,A_generation,352000,175,185436,TS1_mixture,extra.obj_pose_quaternion_norm_mae,0.0061460090990595176
mbpo_pushcube_500k_20261007T094728_f9d45348,PushCube-v1,mbpo,A_generation,352000,175,185436,TS1_mixture,extra.obj_pose_quaternion_norm_max_error,0.09105808500789758
mbpo_pushcube_500k_20261007T094728_f9d45348,PushCube-v1,mbpo,A_generation,352000,175,185436,TS1_mixture,extra.obj_pose_quaternion_invalid_fraction_tol_0.01,0.21728515625
mbpo_pushcube_500k_20261007T094728_f9d45348,PushCube-v1,mbpo,A_generation,352000,175,185436,TS1_mixture,goal_position_drift_rmse,1.493342179389497e-07
mbpo_pushcube_500k_20261007T094728_f9d45348,PushCube-v1,mbpo,A_generation,352000,175,185436,TS1_mixture,projected_quaternion_max_norm_error/extra.tcp_pose,5.960464477539063e-08
mbpo_pushcube_500k_20261007T094728_f9d45348,PushCube-v1,mbpo,A_generation,352000,175,185436,TS1_mixture,projected_quaternion_max_norm_error/extra.obj_pose,5.960464477539063e-08
mbpo_pushcube_500k_20261007T094728_f9d45348,PushCube-v1,mbpo,A_generation,354016,176,186509,TS1_mixture,count,2048
mbpo_pushcube_500k_20261007T094728_f9d45348,PushCube-v1,mbpo,A_generation,354016,176,186509,TS1_mixture,all_finite,True
mbpo_pushcube_500k_20261007T094728_f9d45348,PushCube-v1,mbpo,A_generation,354016,176,186509,TS1_mixture,reward_outside_0_1_fraction,0.2041015625
mbpo_pushcube_500k_20261007T094728_f9d45348,PushCube-v1,mbpo,A_generation,354016,176,186509,TS1_mixture,reward_below_zero_fraction,0.0322265625
mbpo_pushcube_500k_20261007T094728_f9d45348,PushCube-v1,mbpo,A_generation,354016,176,186509,TS1_mixture,reward_above_one_fraction,0.171875
mbpo_pushcube_500k_20261007T094728_f9d45348,PushCube-v1,mbpo,A_generation,354016,176,186509,TS1_mixture,reward_min,-0.46817463636398315
mbpo_pushcube_500k_20261007T094728_f9d45348,PushCube-v1,mbpo,A_generation,354016,176,186509,TS1_mixture,reward_max,1.2025684118270874
mbpo_pushcube_500k_20261007T094728_f9d45348,PushCube-v1,mbpo,A_generation,354016,176,186509,TS1_mixture,elite_mean_reward_min,-0.5687963962554932
mbpo_pushcube_500k_20261007T094728_f9d45348,PushCube-v1,mbpo,A_generation,354016,176,186509,TS1_mixture,elite_mean_reward_max,1.0896005630493164
mbpo_pushcube_500k_20261007T094728_f9d45348,PushCube-v1,mbpo,A_generation,354016,176,186509,TS1_mixture,elite_mean_reward_outside_0_1_fraction,0.189208984375
mbpo_pushcube_500k_20261007T094728_f9d45348,PushCube-v1,mbpo,A_generation,354016,176,186509,TS1_mixture,extra.tcp_pose_quaternion_norm_mae,0.0006522250099675975
mbpo_pushcube_500k_20261007T094728_f9d45348,PushCube-v1,mbpo,A_generation,354016,176,186509,TS1_mixture,extra.tcp_pose_quaternion_norm_max_error,0.03776297785950011
mbpo_pushcube_500k_20261007T094728_f9d45348,PushCube-v1,mbpo,A_generation,354016,176,186509,TS1_mixture,extra.tcp_pose_quaternion_invalid_fraction_tol_0.01,0.0048828125
mbpo_pushcube_500k_20261007T094728_f9d45348,PushCube-v1,mbpo,A_generation,354016,176,186509,TS1_mixture,extra.obj_pose_quaternion_norm_mae,0.005705624870293651
mbpo_pushcube_500k_20261007T094728_f9d45348,PushCube-v1,mbpo,A_generation,354016,176,186509,TS1_mixture,extra.obj_pose_quaternion_norm_max_error,0.11052326784272404
mbpo_pushcube_500k_20261007T094728_f9d45348,PushCube-v1,mbpo,A_generation,354016,176,186509,TS1_mixture,extra.obj_pose_quaternion_invalid_fraction_tol_0.01,0.2109375
mbpo_pushcube_500k_20261007T094728_f9d45348,PushCube-v1,mbpo,A_generation,354016,176,186509,TS1_mixture,goal_position_drift_rmse,1.4040049804831986e-07
mbpo_pushcube_500k_20261007T094728_f9d45348,PushCube-v1,mbpo,A_generation,354016,176,186509,TS1_mixture,projected_quaternion_max_norm_error/extra.tcp_pose,5.960464477539063e-08
mbpo_pushcube_500k_20261007T094728_f9d45348,PushCube-v1,mbpo,A_generation,354016,176,186509,TS1_mixture,projected_quaternion_max_norm_error/extra.obj_pose,5.960464477539063e-08
mbpo_pushcube_500k_20261007T094728_f9d45348,PushCube-v1,mbpo,A_generation,356000,177,187565,TS1_mixture,count,2048
mbpo_pushcube_500k_20261007T094728_f9d45348,PushCube-v1,mbpo,A_generation,356000,177,187565,TS1_mixture,all_finite,True
mbpo_pushcube_500k_20261007T094728_f9d45348,PushCube-v1,mbpo,A_generation,356000,177,187565,TS1_mixture,reward_outside_0_1_fraction,0.2109375
mbpo_pushcube_500k_20261007T094728_f9d45348,PushCube-v1,mbpo,A_generation,356000,177,187565,TS1_mixture,reward_below_zero_fraction,0.04150390625
mbpo_pushcube_500k_20261007T094728_f9d45348,PushCube-v1,mbpo,A_generation,356000,177,187565,TS1_mixture,reward_above_one_fraction,0.16943359375
mbpo_pushcube_500k_20261007T094728_f9d45348,PushCube-v1,mbpo,A_generation,356000,177,187565,TS1_mixture,reward_min,-0.7123235464096069
mbpo_pushcube_500k_20261007T094728_f9d45348,PushCube-v1,mbpo,A_generation,356000,177,187565,TS1_mixture,reward_max,1.2045975923538208
mbpo_pushcube_500k_20261007T094728_f9d45348,PushCube-v1,mbpo,A_generation,356000,177,187565,TS1_mixture,elite_mean_reward_min,-0.7602993845939636
mbpo_pushcube_500k_20261007T094728_f9d45348,PushCube-v1,mbpo,A_generation,356000,177,187565,TS1_mixture,elite_mean_reward_max,1.0924646854400635
mbpo_pushcube_500k_20261007T094728_f9d45348,PushCube-v1,mbpo,A_generation,356000,177,187565,TS1_mixture,elite_mean_reward_outside_0_1_fraction,0.189697265625
mbpo_pushcube_500k_20261007T094728_f9d45348,PushCube-v1,mbpo,A_generation,356000,177,187565,TS1_mixture,extra.tcp_pose_quaternion_norm_mae,0.000713898913929169
mbpo_pushcube_500k_20261007T094728_f9d45348,PushCube-v1,mbpo,A_generation,356000,177,187565,TS1_mixture,extra.tcp_pose_quaternion_norm_max_error,0.05716064993423142
mbpo_pushcube_500k_20261007T094728_f9d45348,PushCube-v1,mbpo,A_generation,356000,177,187565,TS1_mixture,extra.tcp_pose_quaternion_invalid_fraction_tol_0.01,0.005859375
mbpo_pushcube_500k_20261007T094728_f9d45348,PushCube-v1,mbpo,A_generation,356000,177,187565,TS1_mixture,extra.obj_pose_quaternion_norm_mae,0.005450559716783305
mbpo_pushcube_500k_20261007T094728_f9d45348,PushCube-v1,mbpo,A_generation,356000,177,187565,TS1_mixture,extra.obj_pose_quaternion_norm_max_error,0.062151183657202624
mbpo_pushcube_500k_20261007T094728_f9d45348,PushCube-v1,mbpo,A_generation,356000,177,187565,TS1_mixture,extra.obj_pose_quaternion_invalid_fraction_tol_0.01,0.2138671875
mbpo_pushcube_500k_20261007T094728_f9d45348,PushCube-v1,mbpo,A_generation,356000,177,187565,TS1_mixture,goal_position_drift_rmse,1.6483775507976564e-07
mbpo_pushcube_500k_20261007T094728_f9d45348,PushCube-v1,mbpo,A_generation,356000,177,187565,TS1_mixture,projected_quaternion_max_norm_error/extra.tcp_pose,5.960464477539063e-08
mbpo_pushcube_500k_20261007T094728_f9d45348,PushCube-v1,mbpo,A_generation,356000,177,187565,TS1_mixture,projected_quaternion_max_norm_error/extra.obj_pose,5.960464477539063e-08
mbpo_pushcube_500k_20261007T094728_f9d45348,PushCube-v1,mbpo,A_generation,358016,178,188638,TS1_mixture,count,2048
mbpo_pushcube_500k_20261007T094728_f9d45348,PushCube-v1,mbpo,A_generation,358016,178,188638,TS1_mixture,all_finite,True
mbpo_pushcube_500k_20261007T094728_f9d45348,PushCube-v1,mbpo,A_generation,358016,178,188638,TS1_mixture,reward_outside_0_1_fraction,0.19873046875
mbpo_pushcube_500k_20261007T094728_f9d45348,PushCube-v1,mbpo,A_generation,358016,178,188638,TS1_mixture,reward_below_zero_fraction,0.03759765625
mbpo_pushcube_500k_20261007T094728_f9d45348,PushCube-v1,mbpo,A_generation,358016,178,188638,TS1_mixture,reward_above_one_fraction,0.1611328125
mbpo_pushcube_500k_20261007T094728_f9d45348,PushCube-v1,mbpo,A_generation,358016,178,188638,TS1_mixture,reward_min,-0.466172456741333
mbpo_pushcube_500k_20261007T094728_f9d45348,PushCube-v1,mbpo,A_generation,358016,178,188638,TS1_mixture,reward_max,1.298884630203247
mbpo_pushcube_500k_20261007T094728_f9d45348,PushCube-v1,mbpo,A_generation,358016,178,188638,TS1_mixture,elite_mean_reward_min,-0.5639307498931885
mbpo_pushcube_500k_20261007T094728_f9d45348,PushCube-v1,mbpo,A_generation,358016,178,188638,TS1_mixture,elite_mean_reward_max,1.1159650087356567
mbpo_pushcube_500k_20261007T094728_f9d45348,PushCube-v1,mbpo,A_generation,358016,178,188638,TS1_mixture,elite_mean_reward_outside_0_1_fraction,0.163818359375
mbpo_pushcube_500k_20261007T094728_f9d45348,PushCube-v1,mbpo,A_generation,358016,178,188638,TS1_mixture,extra.tcp_pose_quaternion_norm_mae,0.0007601981793395481
mbpo_pushcube_500k_20261007T094728_f9d45348,PushCube-v1,mbpo,A_generation,358016,178,188638,TS1_mixture,extra.tcp_pose_quaternion_norm_max_error,0.046432290997149295
mbpo_pushcube_500k_20261007T094728_f9d45348,PushCube-v1,mbpo,A_generation,358016,178,188638,TS1_mixture,extra.tcp_pose_quaternion_invalid_fraction_tol_0.01,0.00927734375
mbpo_pushcube_500k_20261007T094728_f9d45348,PushCube-v1,mbpo,A_generation,358016,178,188638,TS1_mixture,extra.obj_pose_quaternion_norm_mae,0.005901178854366564
mbpo_pushcube_500k_20261007T094728_f9d45348,PushCube-v1,mbpo,A_generation,358016,178,188638,TS1_mixture,extra.obj_pose_quaternion_norm_max_error,0.06580819589146747
mbpo_pushcube_500k_20261007T094728_f9d45348,PushCube-v1,mbpo,A_generation,358016,178,188638,TS1_mixture,extra.obj_pose_quaternion_invalid_fraction_tol_0.01,0.2119140625
mbpo_pushcube_500k_20261007T094728_f9d45348,PushCube-v1,mbpo,A_generation,358016,178,188638,TS1_mixture,goal_position_drift_rmse,1.8247482527203866e-07
mbpo_pushcube_500k_20261007T094728_f9d45348,PushCube-v1,mbpo,A_generation,358016,178,188638,TS1_mixture,projected_quaternion_max_norm_error/extra.tcp_pose,5.960464477539063e-08
mbpo_pushcube_500k_20261007T094728_f9d45348,PushCube-v1,mbpo,A_generation,358016,178,188638,TS1_mixture,projected_quaternion_max_norm_error/extra.obj_pose,5.960464477539063e-08
mbpo_pushcube_500k_20261007T094728_f9d45348,PushCube-v1,mbpo,A_generation,360000,179,189695,TS1_mixture,count,2048
mbpo_pushcube_500k_20261007T094728_f9d45348,PushCube-v1,mbpo,A_generation,360000,179,189695,TS1_mixture,all_finite,True
mbpo_pushcube_500k_20261007T094728_f9d45348,PushCube-v1,mbpo,A_generation,360000,179,189695,TS1_mixture,reward_outside_0_1_fraction,0.2177734375
mbpo_pushcube_500k_20261007T094728_f9d45348,PushCube-v1,mbpo,A_generation,360000,179,189695,TS1_mixture,reward_below_zero_fraction,0.03857421875
mbpo_pushcube_500k_20261007T094728_f9d45348,PushCube-v1,mbpo,A_generation,360000,179,189695,TS1_mixture,reward_above_one_fraction,0.17919921875
mbpo_pushcube_500k_20261007T094728_f9d45348,PushCube-v1,mbpo,A_generation,360000,179,189695,TS1_mixture,reward_min,-1.1685689687728882
mbpo_pushcube_500k_20261007T094728_f9d45348,PushCube-v1,mbpo,A_generation,360000,179,189695,TS1_mixture,reward_max,1.3350542783737183
mbpo_pushcube_500k_20261007T094728_f9d45348,PushCube-v1,mbpo,A_generation,360000,179,189695,TS1_mixture,elite_mean_reward_min,-1.1708589792251587
mbpo_pushcube_500k_20261007T094728_f9d45348,PushCube-v1,mbpo,A_generation,360000,179,189695,TS1_mixture,elite_mean_reward_max,1.1070860624313354
mbpo_pushcube_500k_20261007T094728_f9d45348,PushCube-v1,mbpo,A_generation,360000,179,189695,TS1_mixture,elite_mean_reward_outside_0_1_fraction,0.208740234375
mbpo_pushcube_500k_20261007T094728_f9d45348,PushCube-v1,mbpo,A_generation,360000,179,189695,TS1_mixture,extra.tcp_pose_quaternion_norm_mae,0.0007912222691880082
mbpo_pushcube_500k_20261007T094728_f9d45348,PushCube-v1,mbpo,A_generation,360000,179,189695,TS1_mixture,extra.tcp_pose_quaternion_norm_max_error,0.0494852749427841
mbpo_pushcube_500k_20261007T094728_f9d45348,PushCube-v1,mbpo,A_generation,360000,179,189695,TS1_mixture,extra.tcp_pose_quaternion_invalid_fraction_tol_0.01,0.009765625
mbpo_pushcube_500k_20261007T094728_f9d45348,PushCube-v1,mbpo,A_generation,360000,179,189695,TS1_mixture,extra.obj_pose_quaternion_norm_mae,0.0058579839218502565
mbpo_pushcube_500k_20261007T094728_f9d45348,PushCube-v1,mbpo,A_generation,360000,179,189695,TS1_mixture,extra.obj_pose_quaternion_norm_max_error,0.06047747723396224
mbpo_pushcube_500k_20261007T094728_f9d45348,PushCube-v1,mbpo,A_generation,360000,179,189695,TS1_mixture,extra.obj_pose_quaternion_invalid_fraction_tol_0.01,0.216796875
mbpo_pushcube_500k_20261007T094728_f9d45348,PushCube-v1,mbpo,A_generation,360000,179,189695,TS1_mixture,goal_position_drift_rmse,1.626719786992576e-07
mbpo_pushcube_500k_20261007T094728_f9d45348,PushCube-v1,mbpo,A_generation,360000,179,189695,TS1_mixture,projected_quaternion_max_norm_error/extra.tcp_pose,5.960464477539063e-08
mbpo_pushcube_500k_20261007T094728_f9d45348,PushCube-v1,mbpo,A_generation,360000,179,189695,TS1_mixture,projected_quaternion_max_norm_error/extra.obj_pose,5.960464477539063e-08
mbpo_pushcube_500k_20261007T094728_f9d45348,PushCube-v1,mbpo,A_generation,362016,180,190768,TS1_mixture,count,2048
mbpo_pushcube_500k_20261007T094728_f9d45348,PushCube-v1,mbpo,A_generation,362016,180,190768,TS1_mixture,all_finite,True
mbpo_pushcube_500k_20261007T094728_f9d45348,PushCube-v1,mbpo,A_generation,362016,180,190768,TS1_mixture,reward_outside_0_1_fraction,0.2041015625
mbpo_pushcube_500k_20261007T094728_f9d45348,PushCube-v1,mbpo,A_generation,362016,180,190768,TS1_mixture,reward_below_zero_fraction,0.0390625
mbpo_pushcube_500k_20261007T094728_f9d45348,PushCube-v1,mbpo,A_generation,362016,180,190768,TS1_mixture,reward_above_one_fraction,0.1650390625
mbpo_pushcube_500k_20261007T094728_f9d45348,PushCube-v1,mbpo,A_generation,362016,180,190768,TS1_mixture,reward_min,-1.1704641580581665
mbpo_pushcube_500k_20261007T094728_f9d45348,PushCube-v1,mbpo,A_generation,362016,180,190768,TS1_mixture,reward_max,1.223552942276001
mbpo_pushcube_500k_20261007T094728_f9d45348,PushCube-v1,mbpo,A_generation,362016,180,190768,TS1_mixture,elite_mean_reward_min,-1.0376412868499756
mbpo_pushcube_500k_20261007T094728_f9d45348,PushCube-v1,mbpo,A_generation,362016,180,190768,TS1_mixture,elite_mean_reward_max,1.1250337362289429
mbpo_pushcube_500k_20261007T094728_f9d45348,PushCube-v1,mbpo,A_generation,362016,180,190768,TS1_mixture,elite_mean_reward_outside_0_1_fraction,0.1845703125
mbpo_pushcube_500k_20261007T094728_f9d45348,PushCube-v1,mbpo,A_generation,362016,180,190768,TS1_mixture,extra.tcp_pose_quaternion_norm_mae,0.0007592160520875333
mbpo_pushcube_500k_20261007T094728_f9d45348,PushCube-v1,mbpo,A_generation,362016,180,190768,TS1_mixture,extra.tcp_pose_quaternion_norm_max_error,0.05874086684539104
mbpo_pushcube_500k_20261007T094728_f9d45348,PushCube-v1,mbpo,A_generation,362016,180,190768,TS1_mixture,extra.tcp_pose_quaternion_invalid_fraction_tol_0.01,0.005859375
mbpo_pushcube_500k_20261007T094728_f9d45348,PushCube-v1,mbpo,A_generation,362016,180,190768,TS1_mixture,extra.obj_pose_quaternion_norm_mae,0.005609587400964226
mbpo_pushcube_500k_20261007T094728_f9d45348,PushCube-v1,mbpo,A_generation,362016,180,190768,TS1_mixture,extra.obj_pose_quaternion_norm_max_error,0.07071904578448418
mbpo_pushcube_500k_20261007T094728_f9d45348,PushCube-v1,mbpo,A_generation,362016,180,190768,TS1_mixture,extra.obj_pose_quaternion_invalid_fraction_tol_0.01,0.21533203125
mbpo_pushcube_500k_20261007T094728_f9d45348,PushCube-v1,mbpo,A_generation,362016,180,190768,TS1_mixture,goal_position_drift_rmse,1.7998546841407874e-07
mbpo_pushcube_500k_20261007T094728_f9d45348,PushCube-v1,mbpo,A_generation,362016,180,190768,TS1_mixture,projected_quaternion_max_norm_error/extra.tcp_pose,5.960464477539063e-08
mbpo_pushcube_500k_20261007T094728_f9d45348,PushCube-v1,mbpo,A_generation,362016,180,190768,TS1_mixture,projected_quaternion_max_norm_error/extra.obj_pose,5.960464477539063e-08
mbpo_pushcube_500k_20261007T094728_f9d45348,PushCube-v1,mbpo,A_generation,364000,181,191824,TS1_mixture,count,2048
mbpo_pushcube_500k_20261007T094728_f9d45348,PushCube-v1,mbpo,A_generation,364000,181,191824,TS1_mixture,all_finite,True
mbpo_pushcube_500k_20261007T094728_f9d45348,PushCube-v1,mbpo,A_generation,364000,181,191824,TS1_mixture,reward_outside_0_1_fraction,0.23193359375
mbpo_pushcube_500k_20261007T094728_f9d45348,PushCube-v1,mbpo,A_generation,364000,181,191824,TS1_mixture,reward_below_zero_fraction,0.03125
mbpo_pushcube_500k_20261007T094728_f9d45348,PushCube-v1,mbpo,A_generation,364000,181,191824,TS1_mixture,reward_above_one_fraction,0.20068359375
mbpo_pushcube_500k_20261007T094728_f9d45348,PushCube-v1,mbpo,A_generation,364000,181,191824,TS1_mixture,reward_min,-0.7538472414016724
mbpo_pushcube_500k_20261007T094728_f9d45348,PushCube-v1,mbpo,A_generation,364000,181,191824,TS1_mixture,reward_max,1.2219210863113403
mbpo_pushcube_500k_20261007T094728_f9d45348,PushCube-v1,mbpo,A_generation,364000,181,191824,TS1_mixture,elite_mean_reward_min,-0.876973032951355
mbpo_pushcube_500k_20261007T094728_f9d45348,PushCube-v1,mbpo,A_generation,364000,181,191824,TS1_mixture,elite_mean_reward_max,1.14429771900177
mbpo_pushcube_500k_20261007T094728_f9d45348,PushCube-v1,mbpo,A_generation,364000,181,191824,TS1_mixture,elite_mean_reward_outside_0_1_fraction,0.20947265625
mbpo_pushcube_500k_20261007T094728_f9d45348,PushCube-v1,mbpo,A_generation,364000,181,191824,TS1_mixture,extra.tcp_pose_quaternion_norm_mae,0.0006375920972909664
mbpo_pushcube_500k_20261007T094728_f9d45348,PushCube-v1,mbpo,A_generation,364000,181,191824,TS1_mixture,extra.tcp_pose_quaternion_norm_max_error,0.012867672098126226
mbpo_pushcube_500k_20261007T094728_f9d45348,PushCube-v1,mbpo,A_generation,364000,181,191824,TS1_mixture,extra.tcp_pose_quaternion_invalid_fraction_tol_0.01,0.0029296875
mbpo_pushcube_500k_20261007T094728_f9d45348,PushCube-v1,mbpo,A_generation,364000,181,191824,TS1_mixture,extra.obj_pose_quaternion_norm_mae,0.006486986331160212
mbpo_pushcube_500k_20261007T094728_f9d45348,PushCube-v1,mbpo,A_generation,364000,181,191824,TS1_mixture,extra.obj_pose_quaternion_norm_max_error,0.06216159093377405
mbpo_pushcube_500k_20261007T094728_f9d45348,PushCube-v1,mbpo,A_generation,364000,181,191824,TS1_mixture,extra.obj_pose_quaternion_invalid_fraction_tol_0.01,0.244140625
mbpo_pushcube_500k_20261007T094728_f9d45348,PushCube-v1,mbpo,A_generation,364000,181,191824,TS1_mixture,goal_position_drift_rmse,1.677715146065053e-07
mbpo_pushcube_500k_20261007T094728_f9d45348,PushCube-v1,mbpo,A_generation,364000,181,191824,TS1_mixture,projected_quaternion_max_norm_error/extra.tcp_pose,5.960464477539063e-08
mbpo_pushcube_500k_20261007T094728_f9d45348,PushCube-v1,mbpo,A_generation,364000,181,191824,TS1_mixture,projected_quaternion_max_norm_error/extra.obj_pose,5.960464477539063e-08
mbpo_pushcube_500k_20261007T094728_f9d45348,PushCube-v1,mbpo,A_generation,366016,182,192897,TS1_mixture,count,2048
mbpo_pushcube_500k_20261007T094728_f9d45348,PushCube-v1,mbpo,A_generation,366016,182,192897,TS1_mixture,all_finite,True
mbpo_pushcube_500k_20261007T094728_f9d45348,PushCube-v1,mbpo,A_generation,366016,182,192897,TS1_mixture,reward_outside_0_1_fraction,0.21337890625
mbpo_pushcube_500k_20261007T094728_f9d45348,PushCube-v1,mbpo,A_generation,366016,182,192897,TS1_mixture,reward_below_zero_fraction,0.0341796875
mbpo_pushcube_500k_20261007T094728_f9d45348,PushCube-v1,mbpo,A_generation,366016,182,192897,TS1_mixture,reward_above_one_fraction,0.17919921875
mbpo_pushcube_500k_20261007T094728_f9d45348,PushCube-v1,mbpo,A_generation,366016,182,192897,TS1_mixture,reward_min,-0.9227801561355591
mbpo_pushcube_500k_20261007T094728_f9d45348,PushCube-v1,mbpo,A_generation,366016,182,192897,TS1_mixture,reward_max,1.2291842699050903
mbpo_pushcube_500k_20261007T094728_f9d45348,PushCube-v1,mbpo,A_generation,366016,182,192897,TS1_mixture,elite_mean_reward_min,-0.8989473581314087
mbpo_pushcube_500k_20261007T094728_f9d45348,PushCube-v1,mbpo,A_generation,366016,182,192897,TS1_mixture,elite_mean_reward_max,1.100239872932434
mbpo_pushcube_500k_20261007T094728_f9d45348,PushCube-v1,mbpo,A_generation,366016,182,192897,TS1_mixture,elite_mean_reward_outside_0_1_fraction,0.1689453125
mbpo_pushcube_500k_20261007T094728_f9d45348,PushCube-v1,mbpo,A_generation,366016,182,192897,TS1_mixture,extra.tcp_pose_quaternion_norm_mae,0.0007382234766682731
mbpo_pushcube_500k_20261007T094728_f9d45348,PushCube-v1,mbpo,A_generation,366016,182,192897,TS1_mixture,extra.tcp_pose_quaternion_norm_max_error,0.05573301332947822
mbpo_pushcube_500k_20261007T094728_f9d45348,PushCube-v1,mbpo,A_generation,366016,182,192897,TS1_mixture,extra.tcp_pose_quaternion_invalid_fraction_tol_0.01,0.0048828125
mbpo_pushcube_500k_20261007T094728_f9d45348,PushCube-v1,mbpo,A_generation,366016,182,192897,TS1_mixture,extra.obj_pose_quaternion_norm_mae,0.005887275666014767
mbpo_pushcube_500k_20261007T094728_f9d45348,PushCube-v1,mbpo,A_generation,366016,182,192897,TS1_mixture,extra.obj_pose_quaternion_norm_max_error,0.05929043412602164
mbpo_pushcube_500k_20261007T094728_f9d45348,PushCube-v1,mbpo,A_generation,366016,182,192897,TS1_mixture,extra.obj_pose_quaternion_invalid_fraction_tol_0.01,0.22021484375
mbpo_pushcube_500k_20261007T094728_f9d45348,PushCube-v1,mbpo,A_generation,366016,182,192897,TS1_mixture,goal_position_drift_rmse,1.6195243455787623e-07
mbpo_pushcube_500k_20261007T094728_f9d45348,PushCube-v1,mbpo,A_generation,366016,182,192897,TS1_mixture,projected_quaternion_max_norm_error/extra.tcp_pose,5.960464477539063e-08
mbpo_pushcube_500k_20261007T094728_f9d45348,PushCube-v1,mbpo,A_generation,366016,182,192897,TS1_mixture,projected_quaternion_max_norm_error/extra.obj_pose,5.960464477539063e-08
mbpo_pushcube_500k_20261007T094728_f9d45348,PushCube-v1,mbpo,A_generation,368000,183,193954,TS1_mixture,count,2048
mbpo_pushcube_500k_20261007T094728_f9d45348,PushCube-v1,mbpo,A_generation,368000,183,193954,TS1_mixture,all_finite,True
mbpo_pushcube_500k_20261007T094728_f9d45348,PushCube-v1,mbpo,A_generation,368000,183,193954,TS1_mixture,reward_outside_0_1_fraction,0.2001953125
mbpo_pushcube_500k_20261007T094728_f9d45348,PushCube-v1,mbpo,A_generation,368000,183,193954,TS1_mixture,reward_below_zero_fraction,0.0361328125
mbpo_pushcube_500k_20261007T094728_f9d45348,PushCube-v1,mbpo,A_generation,368000,183,193954,TS1_mixture,reward_above_one_fraction,0.1640625
mbpo_pushcube_500k_20261007T094728_f9d45348,PushCube-v1,mbpo,A_generation,368000,183,193954,TS1_mixture,reward_min,-0.9027625322341919
mbpo_pushcube_500k_20261007T094728_f9d45348,PushCube-v1,mbpo,A_generation,368000,183,193954,TS1_mixture,reward_max,1.2272270917892456
mbpo_pushcube_500k_20261007T094728_f9d45348,PushCube-v1,mbpo,A_generation,368000,183,193954,TS1_mixture,elite_mean_reward_min,-1.3416714668273926
mbpo_pushcube_500k_20261007T094728_f9d45348,PushCube-v1,mbpo,A_generation,368000,183,193954,TS1_mixture,elite_mean_reward_max,1.1555311679840088
mbpo_pushcube_500k_20261007T094728_f9d45348,PushCube-v1,mbpo,A_generation,368000,183,193954,TS1_mixture,elite_mean_reward_outside_0_1_fraction,0.170654296875
mbpo_pushcube_500k_20261007T094728_f9d45348,PushCube-v1,mbpo,A_generation,368000,183,193954,TS1_mixture,extra.tcp_pose_quaternion_norm_mae,0.0006506938417459663
mbpo_pushcube_500k_20261007T094728_f9d45348,PushCube-v1,mbpo,A_generation,368000,183,193954,TS1_mixture,extra.tcp_pose_quaternion_norm_max_error,0.018128663481943086
mbpo_pushcube_500k_20261007T094728_f9d45348,PushCube-v1,mbpo,A_generation,368000,183,193954,TS1_mixture,extra.tcp_pose_quaternion_invalid_fraction_tol_0.01,0.001953125
mbpo_pushcube_500k_20261007T094728_f9d45348,PushCube-v1,mbpo,A_generation,368000,183,193954,TS1_mixture,extra.obj_pose_quaternion_norm_mae,0.006716565399260785
mbpo_pushcube_500k_20261007T094728_f9d45348,PushCube-v1,mbpo,A_generation,368000,183,193954,TS1_mixture,extra.obj_pose_quaternion_norm_max_error,0.07658419488294022
mbpo_pushcube_500k_20261007T094728_f9d45348,PushCube-v1,mbpo,A_generation,368000,183,193954,TS1_mixture,extra.obj_pose_quaternion_invalid_fraction_tol_0.01,0.25
mbpo_pushcube_500k_20261007T094728_f9d45348,PushCube-v1,mbpo,A_generation,368000,183,193954,TS1_mixture,goal_position_drift_rmse,1.5110294515080631e-07
mbpo_pushcube_500k_20261007T094728_f9d45348,PushCube-v1,mbpo,A_generation,368000,183,193954,TS1_mixture,projected_quaternion_max_norm_error/extra.tcp_pose,5.960464477539063e-08
mbpo_pushcube_500k_20261007T094728_f9d45348,PushCube-v1,mbpo,A_generation,368000,183,193954,TS1_mixture,projected_quaternion_max_norm_error/extra.obj_pose,5.960464477539063e-08
mbpo_pushcube_500k_20261007T094728_f9d45348,PushCube-v1,mbpo,A_generation,370016,184,195027,TS1_mixture,count,2048
mbpo_pushcube_500k_20261007T094728_f9d45348,PushCube-v1,mbpo,A_generation,370016,184,195027,TS1_mixture,all_finite,True
mbpo_pushcube_500k_20261007T094728_f9d45348,PushCube-v1,mbpo,A_generation,370016,184,195027,TS1_mixture,reward_outside_0_1_fraction,0.2294921875
mbpo_pushcube_500k_20261007T094728_f9d45348,PushCube-v1,mbpo,A_generation,370016,184,195027,TS1_mixture,reward_below_zero_fraction,0.04345703125
mbpo_pushcube_500k_20261007T094728_f9d45348,PushCube-v1,mbpo,A_generation,370016,184,195027,TS1_mixture,reward_above_one_fraction,0.18603515625
mbpo_pushcube_500k_20261007T094728_f9d45348,PushCube-v1,mbpo,A_generation,370016,184,195027,TS1_mixture,reward_min,-0.5600937008857727
mbpo_pushcube_500k_20261007T094728_f9d45348,PushCube-v1,mbpo,A_generation,370016,184,195027,TS1_mixture,reward_max,1.2096680402755737
mbpo_pushcube_500k_20261007T094728_f9d45348,PushCube-v1,mbpo,A_generation,370016,184,195027,TS1_mixture,elite_mean_reward_min,-0.565041720867157
mbpo_pushcube_500k_20261007T094728_f9d45348,PushCube-v1,mbpo,A_generation,370016,184,195027,TS1_mixture,elite_mean_reward_max,1.114525318145752
mbpo_pushcube_500k_20261007T094728_f9d45348,PushCube-v1,mbpo,A_generation,370016,184,195027,TS1_mixture,elite_mean_reward_outside_0_1_fraction,0.208740234375
mbpo_pushcube_500k_20261007T094728_f9d45348,PushCube-v1,mbpo,A_generation,370016,184,195027,TS1_mixture,extra.tcp_pose_quaternion_norm_mae,0.0006336805428804181
mbpo_pushcube_500k_20261007T094728_f9d45348,PushCube-v1,mbpo,A_generation,370016,184,195027,TS1_mixture,extra.tcp_pose_quaternion_norm_max_error,0.014001116172292605
mbpo_pushcube_500k_20261007T094728_f9d45348,PushCube-v1,mbpo,A_generation,370016,184,195027,TS1_mixture,extra.tcp_pose_quaternion_invalid_fraction_tol_0.01,0.00537109375
mbpo_pushcube_500k_20261007T094728_f9d45348,PushCube-v1,mbpo,A_generation,370016,184,195027,TS1_mixture,extra.obj_pose_quaternion_norm_mae,0.00599467261719749
mbpo_pushcube_500k_20261007T094728_f9d45348,PushCube-v1,mbpo,A_generation,370016,184,195027,TS1_mixture,extra.obj_pose_quaternion_norm_max_error,0.060034248537707446
mbpo_pushcube_500k_20261007T094728_f9d45348,PushCube-v1,mbpo,A_generation,370016,184,195027,TS1_mixture,extra.obj_pose_quaternion_invalid_fraction_tol_0.01,0.23046875
mbpo_pushcube_500k_20261007T094728_f9d45348,PushCube-v1,mbpo,A_generation,370016,184,195027,TS1_mixture,goal_position_drift_rmse,1.433141516224957e-07
mbpo_pushcube_500k_20261007T094728_f9d45348,PushCube-v1,mbpo,A_generation,370016,184,195027,TS1_mixture,projected_quaternion_max_norm_error/extra.tcp_pose,5.960464477539063e-08
mbpo_pushcube_500k_20261007T094728_f9d45348,PushCube-v1,mbpo,A_generation,370016,184,195027,TS1_mixture,projected_quaternion_max_norm_error/extra.obj_pose,5.960464477539063e-08
mbpo_pushcube_500k_20261007T094728_f9d45348,PushCube-v1,mbpo,A_generation,372000,185,196083,TS1_mixture,count,2048
mbpo_pushcube_500k_20261007T094728_f9d45348,PushCube-v1,mbpo,A_generation,372000,185,196083,TS1_mixture,all_finite,True
mbpo_pushcube_500k_20261007T094728_f9d45348,PushCube-v1,mbpo,A_generation,372000,185,196083,TS1_mixture,reward_outside_0_1_fraction,0.22607421875
mbpo_pushcube_500k_20261007T094728_f9d45348,PushCube-v1,mbpo,A_generation,372000,185,196083,TS1_mixture,reward_below_zero_fraction,0.03759765625
mbpo_pushcube_500k_20261007T094728_f9d45348,PushCube-v1,mbpo,A_generation,372000,185,196083,TS1_mixture,reward_above_one_fraction,0.1884765625
mbpo_pushcube_500k_20261007T094728_f9d45348,PushCube-v1,mbpo,A_generation,372000,185,196083,TS1_mixture,reward_min,-0.7425176501274109
mbpo_pushcube_500k_20261007T094728_f9d45348,PushCube-v1,mbpo,A_generation,372000,185,196083,TS1_mixture,reward_max,1.210423231124878
mbpo_pushcube_500k_20261007T094728_f9d45348,PushCube-v1,mbpo,A_generation,372000,185,196083,TS1_mixture,elite_mean_reward_min,-1.2044788599014282
mbpo_pushcube_500k_20261007T094728_f9d45348,PushCube-v1,mbpo,A_generation,372000,185,196083,TS1_mixture,elite_mean_reward_max,1.1024315357208252
mbpo_pushcube_500k_20261007T094728_f9d45348,PushCube-v1,mbpo,A_generation,372000,185,196083,TS1_mixture,elite_mean_reward_outside_0_1_fraction,0.1943359375
mbpo_pushcube_500k_20261007T094728_f9d45348,PushCube-v1,mbpo,A_generation,372000,185,196083,TS1_mixture,extra.tcp_pose_quaternion_norm_mae,0.000617651764696467
mbpo_pushcube_500k_20261007T094728_f9d45348,PushCube-v1,mbpo,A_generation,372000,185,196083,TS1_mixture,extra.tcp_pose_quaternion_norm_max_error,0.04145341325482277
mbpo_pushcube_500k_20261007T094728_f9d45348,PushCube-v1,mbpo,A_generation,372000,185,196083,TS1_mixture,extra.tcp_pose_quaternion_invalid_fraction_tol_0.01,0.00244140625
mbpo_pushcube_500k_20261007T094728_f9d45348,PushCube-v1,mbpo,A_generation,372000,185,196083,TS1_mixture,extra.obj_pose_quaternion_norm_mae,0.005934626008032988
mbpo_pushcube_500k_20261007T094728_f9d45348,PushCube-v1,mbpo,A_generation,372000,185,196083,TS1_mixture,extra.obj_pose_quaternion_norm_max_error,0.06214103814104199
mbpo_pushcube_500k_20261007T094728_f9d45348,PushCube-v1,mbpo,A_generation,372000,185,196083,TS1_mixture,extra.obj_pose_quaternion_invalid_fraction_tol_0.01,0.2197265625
mbpo_pushcube_500k_20261007T094728_f9d45348,PushCube-v1,mbpo,A_generation,372000,185,196083,TS1_mixture,goal_position_drift_rmse,1.750156263828547e-07
mbpo_pushcube_500k_20261007T094728_f9d45348,PushCube-v1,mbpo,A_generation,372000,185,196083,TS1_mixture,projected_quaternion_max_norm_error/extra.tcp_pose,5.960464477539063e-08
mbpo_pushcube_500k_20261007T094728_f9d45348,PushCube-v1,mbpo,A_generation,372000,185,196083,TS1_mixture,projected_quaternion_max_norm_error/extra.obj_pose,5.960464477539063e-08
mbpo_pushcube_500k_20261007T094728_f9d45348,PushCube-v1,mbpo,A_generation,374016,186,197156,TS1_mixture,count,2048
mbpo_pushcube_500k_20261007T094728_f9d45348,PushCube-v1,mbpo,A_generation,374016,186,197156,TS1_mixture,all_finite,True
mbpo_pushcube_500k_20261007T094728_f9d45348,PushCube-v1,mbpo,A_generation,374016,186,197156,TS1_mixture,reward_outside_0_1_fraction,0.23046875
mbpo_pushcube_500k_20261007T094728_f9d45348,PushCube-v1,mbpo,A_generation,374016,186,197156,TS1_mixture,reward_below_zero_fraction,0.04248046875
mbpo_pushcube_500k_20261007T094728_f9d45348,PushCube-v1,mbpo,A_generation,374016,186,197156,TS1_mixture,reward_above_one_fraction,0.18798828125
mbpo_pushcube_500k_20261007T094728_f9d45348,PushCube-v1,mbpo,A_generation,374016,186,197156,TS1_mixture,reward_min,-0.5417527556419373
mbpo_pushcube_500k_20261007T094728_f9d45348,PushCube-v1,mbpo,A_generation,374016,186,197156,TS1_mixture,reward_max,1.23550283908844
mbpo_pushcube_500k_20261007T094728_f9d45348,PushCube-v1,mbpo,A_generation,374016,186,197156,TS1_mixture,elite_mean_reward_min,-0.5822191834449768
mbpo_pushcube_500k_20261007T094728_f9d45348,PushCube-v1,mbpo,A_generation,374016,186,197156,TS1_mixture,elite_mean_reward_max,1.1280962228775024
mbpo_pushcube_500k_20261007T094728_f9d45348,PushCube-v1,mbpo,A_generation,374016,186,197156,TS1_mixture,elite_mean_reward_outside_0_1_fraction,0.207275390625
mbpo_pushcube_500k_20261007T094728_f9d45348,PushCube-v1,mbpo,A_generation,374016,186,197156,TS1_mixture,extra.tcp_pose_quaternion_norm_mae,0.0006839546553099999
mbpo_pushcube_500k_20261007T094728_f9d45348,PushCube-v1,mbpo,A_generation,374016,186,197156,TS1_mixture,extra.tcp_pose_quaternion_norm_max_error,0.05924012381820287
mbpo_pushcube_500k_20261007T094728_f9d45348,PushCube-v1,mbpo,A_generation,374016,186,197156,TS1_mixture,extra.tcp_pose_quaternion_invalid_fraction_tol_0.01,0.00634765625
mbpo_pushcube_500k_20261007T094728_f9d45348,PushCube-v1,mbpo,A_generation,374016,186,197156,TS1_mixture,extra.obj_pose_quaternion_norm_mae,0.005830749954410184
mbpo_pushcube_500k_20261007T094728_f9d45348,PushCube-v1,mbpo,A_generation,374016,186,197156,TS1_mixture,extra.obj_pose_quaternion_norm_max_error,0.08945676808741587
mbpo_pushcube_500k_20261007T094728_f9d45348,PushCube-v1,mbpo,A_generation,374016,186,197156,TS1_mixture,extra.obj_pose_quaternion_invalid_fraction_tol_0.01,0.20947265625
mbpo_pushcube_500k_20261007T094728_f9d45348,PushCube-v1,mbpo,A_generation,374016,186,197156,TS1_mixture,goal_position_drift_rmse,1.8002200943911747e-07
mbpo_pushcube_500k_20261007T094728_f9d45348,PushCube-v1,mbpo,A_generation,374016,186,197156,TS1_mixture,projected_quaternion_max_norm_error/extra.tcp_pose,5.960464477539063e-08
mbpo_pushcube_500k_20261007T094728_f9d45348,PushCube-v1,mbpo,A_generation,374016,186,197156,TS1_mixture,projected_quaternion_max_norm_error/extra.obj_pose,5.960464477539063e-08
mbpo_pushcube_500k_20261007T094728_f9d45348,PushCube-v1,mbpo,A_generation,376000,187,198213,TS1_mixture,count,2048
mbpo_pushcube_500k_20261007T094728_f9d45348,PushCube-v1,mbpo,A_generation,376000,187,198213,TS1_mixture,all_finite,True
mbpo_pushcube_500k_20261007T094728_f9d45348,PushCube-v1,mbpo,A_generation,376000,187,198213,TS1_mixture,reward_outside_0_1_fraction,0.2109375
mbpo_pushcube_500k_20261007T094728_f9d45348,PushCube-v1,mbpo,A_generation,376000,187,198213,TS1_mixture,reward_below_zero_fraction,0.0419921875
mbpo_pushcube_500k_20261007T094728_f9d45348,PushCube-v1,mbpo,A_generation,376000,187,198213,TS1_mixture,reward_above_one_fraction,0.1689453125
mbpo_pushcube_500k_20261007T094728_f9d45348,PushCube-v1,mbpo,A_generation,376000,187,198213,TS1_mixture,reward_min,-0.5511707067489624
mbpo_pushcube_500k_20261007T094728_f9d45348,PushCube-v1,mbpo,A_generation,376000,187,198213,TS1_mixture,reward_max,1.202564001083374
mbpo_pushcube_500k_20261007T094728_f9d45348,PushCube-v1,mbpo,A_generation,376000,187,198213,TS1_mixture,elite_mean_reward_min,-0.47314924001693726
mbpo_pushcube_500k_20261007T094728_f9d45348,PushCube-v1,mbpo,A_generation,376000,187,198213,TS1_mixture,elite_mean_reward_max,1.0962532758712769
mbpo_pushcube_500k_20261007T094728_f9d45348,PushCube-v1,mbpo,A_generation,376000,187,198213,TS1_mixture,elite_mean_reward_outside_0_1_fraction,0.172607421875
mbpo_pushcube_500k_20261007T094728_f9d45348,PushCube-v1,mbpo,A_generation,376000,187,198213,TS1_mixture,extra.tcp_pose_quaternion_norm_mae,0.0006451928653187099
mbpo_pushcube_500k_20261007T094728_f9d45348,PushCube-v1,mbpo,A_generation,376000,187,198213,TS1_mixture,extra.tcp_pose_quaternion_norm_max_error,0.0230504579426003
mbpo_pushcube_500k_20261007T094728_f9d45348,PushCube-v1,mbpo,A_generation,376000,187,198213,TS1_mixture,extra.tcp_pose_quaternion_invalid_fraction_tol_0.01,0.00439453125
mbpo_pushcube_500k_20261007T094728_f9d45348,PushCube-v1,mbpo,A_generation,376000,187,198213,TS1_mixture,extra.obj_pose_quaternion_norm_mae,0.0061211873633408905
mbpo_pushcube_500k_20261007T094728_f9d45348,PushCube-v1,mbpo,A_generation,376000,187,198213,TS1_mixture,extra.obj_pose_quaternion_norm_max_error,0.0860771338965558
mbpo_pushcube_500k_20261007T094728_f9d45348,PushCube-v1,mbpo,A_generation,376000,187,198213,TS1_mixture,extra.obj_pose_quaternion_invalid_fraction_tol_0.01,0.23095703125
mbpo_pushcube_500k_20261007T094728_f9d45348,PushCube-v1,mbpo,A_generation,376000,187,198213,TS1_mixture,goal_position_drift_rmse,2.0575618018695753e-07
mbpo_pushcube_500k_20261007T094728_f9d45348,PushCube-v1,mbpo,A_generation,376000,187,198213,TS1_mixture,projected_quaternion_max_norm_error/extra.tcp_pose,5.960464477539063e-08
mbpo_pushcube_500k_20261007T094728_f9d45348,PushCube-v1,mbpo,A_generation,376000,187,198213,TS1_mixture,projected_quaternion_max_norm_error/extra.obj_pose,5.960464477539063e-08
mbpo_pushcube_500k_20261007T094728_f9d45348,PushCube-v1,mbpo,A_generation,378016,188,199286,TS1_mixture,count,2048
mbpo_pushcube_500k_20261007T094728_f9d45348,PushCube-v1,mbpo,A_generation,378016,188,199286,TS1_mixture,all_finite,True
mbpo_pushcube_500k_20261007T094728_f9d45348,PushCube-v1,mbpo,A_generation,378016,188,199286,TS1_mixture,reward_outside_0_1_fraction,0.21923828125
mbpo_pushcube_500k_20261007T094728_f9d45348,PushCube-v1,mbpo,A_generation,378016,188,199286,TS1_mixture,reward_below_zero_fraction,0.04345703125
mbpo_pushcube_500k_20261007T094728_f9d45348,PushCube-v1,mbpo,A_generation,378016,188,199286,TS1_mixture,reward_above_one_fraction,0.17578125
mbpo_pushcube_500k_20261007T094728_f9d45348,PushCube-v1,mbpo,A_generation,378016,188,199286,TS1_mixture,reward_min,-0.46729084849357605
mbpo_pushcube_500k_20261007T094728_f9d45348,PushCube-v1,mbpo,A_generation,378016,188,199286,TS1_mixture,reward_max,1.2218153476715088
mbpo_pushcube_500k_20261007T094728_f9d45348,PushCube-v1,mbpo,A_generation,378016,188,199286,TS1_mixture,elite_mean_reward_min,-1.0222891569137573
mbpo_pushcube_500k_20261007T094728_f9d45348,PushCube-v1,mbpo,A_generation,378016,188,199286,TS1_mixture,elite_mean_reward_max,1.1053581237792969
mbpo_pushcube_500k_20261007T094728_f9d45348,PushCube-v1,mbpo,A_generation,378016,188,199286,TS1_mixture,elite_mean_reward_outside_0_1_fraction,0.1943359375
mbpo_pushcube_500k_20261007T094728_f9d45348,PushCube-v1,mbpo,A_generation,378016,188,199286,TS1_mixture,extra.tcp_pose_quaternion_norm_mae,0.0006669103208097474
mbpo_pushcube_500k_20261007T094728_f9d45348,PushCube-v1,mbpo,A_generation,378016,188,199286,TS1_mixture,extra.tcp_pose_quaternion_norm_max_error,0.02759909576333519
mbpo_pushcube_500k_20261007T094728_f9d45348,PushCube-v1,mbpo,A_generation,378016,188,199286,TS1_mixture,extra.tcp_pose_quaternion_invalid_fraction_tol_0.01,0.0048828125
mbpo_pushcube_500k_20261007T094728_f9d45348,PushCube-v1,mbpo,A_generation,378016,188,199286,TS1_mixture,extra.obj_pose_quaternion_norm_mae,0.006451330426926336
mbpo_pushcube_500k_20261007T094728_f9d45348,PushCube-v1,mbpo,A_generation,378016,188,199286,TS1_mixture,extra.obj_pose_quaternion_norm_max_error,0.07048648537352187
mbpo_pushcube_500k_20261007T094728_f9d45348,PushCube-v1,mbpo,A_generation,378016,188,199286,TS1_mixture,extra.obj_pose_quaternion_invalid_fraction_tol_0.01,0.2421875
mbpo_pushcube_500k_20261007T094728_f9d45348,PushCube-v1,mbpo,A_generation,378016,188,199286,TS1_mixture,goal_position_drift_rmse,1.913797540899352e-07
mbpo_pushcube_500k_20261007T094728_f9d45348,PushCube-v1,mbpo,A_generation,378016,188,199286,TS1_mixture,projected_quaternion_max_norm_error/extra.tcp_pose,5.960464477539063e-08
mbpo_pushcube_500k_20261007T094728_f9d45348,PushCube-v1,mbpo,A_generation,378016,188,199286,TS1_mixture,projected_quaternion_max_norm_error/extra.obj_pose,5.960464477539063e-08
mbpo_pushcube_500k_20261007T094728_f9d45348,PushCube-v1,mbpo,A_generation,380000,189,200342,TS1_mixture,count,2048
mbpo_pushcube_500k_20261007T094728_f9d45348,PushCube-v1,mbpo,A_generation,380000,189,200342,TS1_mixture,all_finite,True
mbpo_pushcube_500k_20261007T094728_f9d45348,PushCube-v1,mbpo,A_generation,380000,189,200342,TS1_mixture,reward_outside_0_1_fraction,0.2509765625
mbpo_pushcube_500k_20261007T094728_f9d45348,PushCube-v1,mbpo,A_generation,380000,189,200342,TS1_mixture,reward_below_zero_fraction,0.03173828125
mbpo_pushcube_500k_20261007T094728_f9d45348,PushCube-v1,mbpo,A_generation,380000,189,200342,TS1_mixture,reward_above_one_fraction,0.21923828125
mbpo_pushcube_500k_20261007T094728_f9d45348,PushCube-v1,mbpo,A_generation,380000,189,200342,TS1_mixture,reward_min,-0.4906717836856842
mbpo_pushcube_500k_20261007T094728_f9d45348,PushCube-v1,mbpo,A_generation,380000,189,200342,TS1_mixture,reward_max,1.2636725902557373
mbpo_pushcube_500k_20261007T094728_f9d45348,PushCube-v1,mbpo,A_generation,380000,189,200342,TS1_mixture,elite_mean_reward_min,-1.2454286813735962
mbpo_pushcube_500k_20261007T094728_f9d45348,PushCube-v1,mbpo,A_generation,380000,189,200342,TS1_mixture,elite_mean_reward_max,1.1295133829116821
mbpo_pushcube_500k_20261007T094728_f9d45348,PushCube-v1,mbpo,A_generation,380000,189,200342,TS1_mixture,elite_mean_reward_outside_0_1_fraction,0.23974609375
mbpo_pushcube_500k_20261007T094728_f9d45348,PushCube-v1,mbpo,A_generation,380000,189,200342,TS1_mixture,extra.tcp_pose_quaternion_norm_mae,0.0006020570631963459
mbpo_pushcube_500k_20261007T094728_f9d45348,PushCube-v1,mbpo,A_generation,380000,189,200342,TS1_mixture,extra.tcp_pose_quaternion_norm_max_error,0.031385644366841436
mbpo_pushcube_500k_20261007T094728_f9d45348,PushCube-v1,mbpo,A_generation,380000,189,200342,TS1_mixture,extra.tcp_pose_quaternion_invalid_fraction_tol_0.01,0.00341796875
mbpo_pushcube_500k_20261007T094728_f9d45348,PushCube-v1,mbpo,A_generation,380000,189,200342,TS1_mixture,extra.obj_pose_quaternion_norm_mae,0.006543593986678682
mbpo_pushcube_500k_20261007T094728_f9d45348,PushCube-v1,mbpo,A_generation,380000,189,200342,TS1_mixture,extra.obj_pose_quaternion_norm_max_error,0.07513107134549801
mbpo_pushcube_500k_20261007T094728_f9d45348,PushCube-v1,mbpo,A_generation,380000,189,200342,TS1_mixture,extra.obj_pose_quaternion_invalid_fraction_tol_0.01,0.24462890625
mbpo_pushcube_500k_20261007T094728_f9d45348,PushCube-v1,mbpo,A_generation,380000,189,200342,TS1_mixture,goal_position_drift_rmse,1.5711652995607338e-07
mbpo_pushcube_500k_20261007T094728_f9d45348,PushCube-v1,mbpo,A_generation,380000,189,200342,TS1_mixture,projected_quaternion_max_norm_error/extra.tcp_pose,5.960464477539063e-08
mbpo_pushcube_500k_20261007T094728_f9d45348,PushCube-v1,mbpo,A_generation,380000,189,200342,TS1_mixture,projected_quaternion_max_norm_error/extra.obj_pose,5.960464477539063e-08
mbpo_pushcube_500k_20261007T094728_f9d45348,PushCube-v1,mbpo,A_generation,382016,190,201415,TS1_mixture,count,2048
mbpo_pushcube_500k_20261007T094728_f9d45348,PushCube-v1,mbpo,A_generation,382016,190,201415,TS1_mixture,all_finite,True
mbpo_pushcube_500k_20261007T094728_f9d45348,PushCube-v1,mbpo,A_generation,382016,190,201415,TS1_mixture,reward_outside_0_1_fraction,0.23095703125
mbpo_pushcube_500k_20261007T094728_f9d45348,PushCube-v1,mbpo,A_generation,382016,190,201415,TS1_mixture,reward_below_zero_fraction,0.04345703125
mbpo_pushcube_500k_20261007T094728_f9d45348,PushCube-v1,mbpo,A_generation,382016,190,201415,TS1_mixture,reward_above_one_fraction,0.1875
mbpo_pushcube_500k_20261007T094728_f9d45348,PushCube-v1,mbpo,A_generation,382016,190,201415,TS1_mixture,reward_min,-0.5068578720092773
mbpo_pushcube_500k_20261007T094728_f9d45348,PushCube-v1,mbpo,A_generation,382016,190,201415,TS1_mixture,reward_max,1.270629644393921
mbpo_pushcube_500k_20261007T094728_f9d45348,PushCube-v1,mbpo,A_generation,382016,190,201415,TS1_mixture,elite_mean_reward_min,-0.5490604043006897
mbpo_pushcube_500k_20261007T094728_f9d45348,PushCube-v1,mbpo,A_generation,382016,190,201415,TS1_mixture,elite_mean_reward_max,1.1216435432434082
mbpo_pushcube_500k_20261007T094728_f9d45348,PushCube-v1,mbpo,A_generation,382016,190,201415,TS1_mixture,elite_mean_reward_outside_0_1_fraction,0.212890625
mbpo_pushcube_500k_20261007T094728_f9d45348,PushCube-v1,mbpo,A_generation,382016,190,201415,TS1_mixture,extra.tcp_pose_quaternion_norm_mae,0.0007349379799897509
mbpo_pushcube_500k_20261007T094728_f9d45348,PushCube-v1,mbpo,A_generation,382016,190,201415,TS1_mixture,extra.tcp_pose_quaternion_norm_max_error,0.029552769153784575
mbpo_pushcube_500k_20261007T094728_f9d45348,PushCube-v1,mbpo,A_generation,382016,190,201415,TS1_mixture,extra.tcp_pose_quaternion_invalid_fraction_tol_0.01,0.00634765625
mbpo_pushcube_500k_20261007T094728_f9d45348,PushCube-v1,mbpo,A_generation,382016,190,201415,TS1_mixture,extra.obj_pose_quaternion_norm_mae,0.006703444552849263
mbpo_pushcube_500k_20261007T094728_f9d45348,PushCube-v1,mbpo,A_generation,382016,190,201415,TS1_mixture,extra.obj_pose_quaternion_norm_max_error,0.09104463842120725
mbpo_pushcube_500k_20261007T094728_f9d45348,PushCube-v1,mbpo,A_generation,382016,190,201415,TS1_mixture,extra.obj_pose_quaternion_invalid_fraction_tol_0.01,0.25146484375
mbpo_pushcube_500k_20261007T094728_f9d45348,PushCube-v1,mbpo,A_generation,382016,190,201415,TS1_mixture,goal_position_drift_rmse,2.017824330960279e-07
mbpo_pushcube_500k_20261007T094728_f9d45348,PushCube-v1,mbpo,A_generation,382016,190,201415,TS1_mixture,projected_quaternion_max_norm_error/extra.tcp_pose,5.960464477539063e-08
mbpo_pushcube_500k_20261007T094728_f9d45348,PushCube-v1,mbpo,A_generation,382016,190,201415,TS1_mixture,projected_quaternion_max_norm_error/extra.obj_pose,5.960464477539063e-08
mbpo_pushcube_500k_20261007T094728_f9d45348,PushCube-v1,mbpo,A_generation,384000,191,202472,TS1_mixture,count,2048
mbpo_pushcube_500k_20261007T094728_f9d45348,PushCube-v1,mbpo,A_generation,384000,191,202472,TS1_mixture,all_finite,True
mbpo_pushcube_500k_20261007T094728_f9d45348,PushCube-v1,mbpo,A_generation,384000,191,202472,TS1_mixture,reward_outside_0_1_fraction,0.2392578125
mbpo_pushcube_500k_20261007T094728_f9d45348,PushCube-v1,mbpo,A_generation,384000,191,202472,TS1_mixture,reward_below_zero_fraction,0.0400390625
mbpo_pushcube_500k_20261007T094728_f9d45348,PushCube-v1,mbpo,A_generation,384000,191,202472,TS1_mixture,reward_above_one_fraction,0.19921875
mbpo_pushcube_500k_20261007T094728_f9d45348,PushCube-v1,mbpo,A_generation,384000,191,202472,TS1_mixture,reward_min,-0.3556838631629944
mbpo_pushcube_500k_20261007T094728_f9d45348,PushCube-v1,mbpo,A_generation,384000,191,202472,TS1_mixture,reward_max,1.1941936016082764
mbpo_pushcube_500k_20261007T094728_f9d45348,PushCube-v1,mbpo,A_generation,384000,191,202472,TS1_mixture,elite_mean_reward_min,-0.5371156334877014
mbpo_pushcube_500k_20261007T094728_f9d45348,PushCube-v1,mbpo,A_generation,384000,191,202472,TS1_mixture,elite_mean_reward_max,1.1136270761489868
mbpo_pushcube_500k_20261007T094728_f9d45348,PushCube-v1,mbpo,A_generation,384000,191,202472,TS1_mixture,elite_mean_reward_outside_0_1_fraction,0.23046875
mbpo_pushcube_500k_20261007T094728_f9d45348,PushCube-v1,mbpo,A_generation,384000,191,202472,TS1_mixture,extra.tcp_pose_quaternion_norm_mae,0.0006273198290926022
mbpo_pushcube_500k_20261007T094728_f9d45348,PushCube-v1,mbpo,A_generation,384000,191,202472,TS1_mixture,extra.tcp_pose_quaternion_norm_max_error,0.06626385619281838
mbpo_pushcube_500k_20261007T094728_f9d45348,PushCube-v1,mbpo,A_generation,384000,191,202472,TS1_mixture,extra.tcp_pose_quaternion_invalid_fraction_tol_0.01,0.0048828125
mbpo_pushcube_500k_20261007T094728_f9d45348,PushCube-v1,mbpo,A_generation,384000,191,202472,TS1_mixture,extra.obj_pose_quaternion_norm_mae,0.006487711221043626
mbpo_pushcube_500k_20261007T094728_f9d45348,PushCube-v1,mbpo,A_generation,384000,191,202472,TS1_mixture,extra.obj_pose_quaternion_norm_max_error,0.09935144920153083
mbpo_pushcube_500k_20261007T094728_f9d45348,PushCube-v1,mbpo,A_generation,384000,191,202472,TS1_mixture,extra.obj_pose_quaternion_invalid_fraction_tol_0.01,0.2294921875
mbpo_pushcube_500k_20261007T094728_f9d45348,PushCube-v1,mbpo,A_generation,384000,191,202472,TS1_mixture,goal_position_drift_rmse,1.7130053028974045e-07
mbpo_pushcube_500k_20261007T094728_f9d45348,PushCube-v1,mbpo,A_generation,384000,191,202472,TS1_mixture,projected_quaternion_max_norm_error/extra.tcp_pose,5.960464477539063e-08
mbpo_pushcube_500k_20261007T094728_f9d45348,PushCube-v1,mbpo,A_generation,384000,191,202472,TS1_mixture,projected_quaternion_max_norm_error/extra.obj_pose,5.960464477539063e-08
mbpo_pushcube_500k_20261007T094728_f9d45348,PushCube-v1,mbpo,A_generation,386016,192,203545,TS1_mixture,count,2048
mbpo_pushcube_500k_20261007T094728_f9d45348,PushCube-v1,mbpo,A_generation,386016,192,203545,TS1_mixture,all_finite,True
mbpo_pushcube_500k_20261007T094728_f9d45348,PushCube-v1,mbpo,A_generation,386016,192,203545,TS1_mixture,reward_outside_0_1_fraction,0.24169921875
mbpo_pushcube_500k_20261007T094728_f9d45348,PushCube-v1,mbpo,A_generation,386016,192,203545,TS1_mixture,reward_below_zero_fraction,0.03662109375
mbpo_pushcube_500k_20261007T094728_f9d45348,PushCube-v1,mbpo,A_generation,386016,192,203545,TS1_mixture,reward_above_one_fraction,0.205078125
mbpo_pushcube_500k_20261007T094728_f9d45348,PushCube-v1,mbpo,A_generation,386016,192,203545,TS1_mixture,reward_min,-0.6785919070243835
mbpo_pushcube_500k_20261007T094728_f9d45348,PushCube-v1,mbpo,A_generation,386016,192,203545,TS1_mixture,reward_max,1.2269608974456787
mbpo_pushcube_500k_20261007T094728_f9d45348,PushCube-v1,mbpo,A_generation,386016,192,203545,TS1_mixture,elite_mean_reward_min,-0.657046377658844
mbpo_pushcube_500k_20261007T094728_f9d45348,PushCube-v1,mbpo,A_generation,386016,192,203545,TS1_mixture,elite_mean_reward_max,1.1157134771347046
mbpo_pushcube_500k_20261007T094728_f9d45348,PushCube-v1,mbpo,A_generation,386016,192,203545,TS1_mixture,elite_mean_reward_outside_0_1_fraction,0.221435546875
mbpo_pushcube_500k_20261007T094728_f9d45348,PushCube-v1,mbpo,A_generation,386016,192,203545,TS1_mixture,extra.tcp_pose_quaternion_norm_mae,0.0006296263699379484
mbpo_pushcube_500k_20261007T094728_f9d45348,PushCube-v1,mbpo,A_generation,386016,192,203545,TS1_mixture,extra.tcp_pose_quaternion_norm_max_error,0.02454514926284479
mbpo_pushcube_500k_20261007T094728_f9d45348,PushCube-v1,mbpo,A_generation,386016,192,203545,TS1_mixture,extra.tcp_pose_quaternion_invalid_fraction_tol_0.01,0.00390625
mbpo_pushcube_500k_20261007T094728_f9d45348,PushCube-v1,mbpo,A_generation,386016,192,203545,TS1_mixture,extra.obj_pose_quaternion_norm_mae,0.006704088777276981
mbpo_pushcube_500k_20261007T094728_f9d45348,PushCube-v1,mbpo,A_generation,386016,192,203545,TS1_mixture,extra.obj_pose_quaternion_norm_max_error,0.11624280508904905
mbpo_pushcube_500k_20261007T094728_f9d45348,PushCube-v1,mbpo,A_generation,386016,192,203545,TS1_mixture,extra.obj_pose_quaternion_invalid_fraction_tol_0.01,0.24072265625
mbpo_pushcube_500k_20261007T094728_f9d45348,PushCube-v1,mbpo,A_generation,386016,192,203545,TS1_mixture,goal_position_drift_rmse,1.6980887702099343e-07
mbpo_pushcube_500k_20261007T094728_f9d45348,PushCube-v1,mbpo,A_generation,386016,192,203545,TS1_mixture,projected_quaternion_max_norm_error/extra.tcp_pose,5.960464477539063e-08
mbpo_pushcube_500k_20261007T094728_f9d45348,PushCube-v1,mbpo,A_generation,386016,192,203545,TS1_mixture,projected_quaternion_max_norm_error/extra.obj_pose,5.960464477539063e-08
mbpo_pushcube_500k_20261007T094728_f9d45348,PushCube-v1,mbpo,A_generation,388000,193,204601,TS1_mixture,count,2048
mbpo_pushcube_500k_20261007T094728_f9d45348,PushCube-v1,mbpo,A_generation,388000,193,204601,TS1_mixture,all_finite,True
mbpo_pushcube_500k_20261007T094728_f9d45348,PushCube-v1,mbpo,A_generation,388000,193,204601,TS1_mixture,reward_outside_0_1_fraction,0.236328125
mbpo_pushcube_500k_20261007T094728_f9d45348,PushCube-v1,mbpo,A_generation,388000,193,204601,TS1_mixture,reward_below_zero_fraction,0.04443359375
mbpo_pushcube_500k_20261007T094728_f9d45348,PushCube-v1,mbpo,A_generation,388000,193,204601,TS1_mixture,reward_above_one_fraction,0.19189453125
mbpo_pushcube_500k_20261007T094728_f9d45348,PushCube-v1,mbpo,A_generation,388000,193,204601,TS1_mixture,reward_min,-0.6194104552268982
mbpo_pushcube_500k_20261007T094728_f9d45348,PushCube-v1,mbpo,A_generation,388000,193,204601,TS1_mixture,reward_max,1.2417525053024292
mbpo_pushcube_500k_20261007T094728_f9d45348,PushCube-v1,mbpo,A_generation,388000,193,204601,TS1_mixture,elite_mean_reward_min,-0.9339518547058105
mbpo_pushcube_500k_20261007T094728_f9d45348,PushCube-v1,mbpo,A_generation,388000,193,204601,TS1_mixture,elite_mean_reward_max,1.109858751296997
mbpo_pushcube_500k_20261007T094728_f9d45348,PushCube-v1,mbpo,A_generation,388000,193,204601,TS1_mixture,elite_mean_reward_outside_0_1_fraction,0.215576171875
mbpo_pushcube_500k_20261007T094728_f9d45348,PushCube-v1,mbpo,A_generation,388000,193,204601,TS1_mixture,extra.tcp_pose_quaternion_norm_mae,0.0006650209916433589
mbpo_pushcube_500k_20261007T094728_f9d45348,PushCube-v1,mbpo,A_generation,388000,193,204601,TS1_mixture,extra.tcp_pose_quaternion_norm_max_error,0.029020078763120738
mbpo_pushcube_500k_20261007T094728_f9d45348,PushCube-v1,mbpo,A_generation,388000,193,204601,TS1_mixture,extra.tcp_pose_quaternion_invalid_fraction_tol_0.01,0.0048828125
mbpo_pushcube_500k_20261007T094728_f9d45348,PushCube-v1,mbpo,A_generation,388000,193,204601,TS1_mixture,extra.obj_pose_quaternion_norm_mae,0.006254019947239892
mbpo_pushcube_500k_20261007T094728_f9d45348,PushCube-v1,mbpo,A_generation,388000,193,204601,TS1_mixture,extra.obj_pose_quaternion_norm_max_error,0.07367514475866221
mbpo_pushcube_500k_20261007T094728_f9d45348,PushCube-v1,mbpo,A_generation,388000,193,204601,TS1_mixture,extra.obj_pose_quaternion_invalid_fraction_tol_0.01,0.2294921875
mbpo_pushcube_500k_20261007T094728_f9d45348,PushCube-v1,mbpo,A_generation,388000,193,204601,TS1_mixture,goal_position_drift_rmse,1.7442268770117615e-07
mbpo_pushcube_500k_20261007T094728_f9d45348,PushCube-v1,mbpo,A_generation,388000,193,204601,TS1_mixture,projected_quaternion_max_norm_error/extra.tcp_pose,5.960464477539063e-08
mbpo_pushcube_500k_20261007T094728_f9d45348,PushCube-v1,mbpo,A_generation,388000,193,204601,TS1_mixture,projected_quaternion_max_norm_error/extra.obj_pose,5.960464477539063e-08
mbpo_pushcube_500k_20261007T094728_f9d45348,PushCube-v1,mbpo,A_generation,390016,194,205674,TS1_mixture,count,2048
mbpo_pushcube_500k_20261007T094728_f9d45348,PushCube-v1,mbpo,A_generation,390016,194,205674,TS1_mixture,all_finite,True
mbpo_pushcube_500k_20261007T094728_f9d45348,PushCube-v1,mbpo,A_generation,390016,194,205674,TS1_mixture,reward_outside_0_1_fraction,0.24462890625
mbpo_pushcube_500k_20261007T094728_f9d45348,PushCube-v1,mbpo,A_generation,390016,194,205674,TS1_mixture,reward_below_zero_fraction,0.04931640625
mbpo_pushcube_500k_20261007T094728_f9d45348,PushCube-v1,mbpo,A_generation,390016,194,205674,TS1_mixture,reward_above_one_fraction,0.1953125
mbpo_pushcube_500k_20261007T094728_f9d45348,PushCube-v1,mbpo,A_generation,390016,194,205674,TS1_mixture,reward_min,-0.9106402397155762
mbpo_pushcube_500k_20261007T094728_f9d45348,PushCube-v1,mbpo,A_generation,390016,194,205674,TS1_mixture,reward_max,1.2433727979660034
mbpo_pushcube_500k_20261007T094728_f9d45348,PushCube-v1,mbpo,A_generation,390016,194,205674,TS1_mixture,elite_mean_reward_min,-0.9409090280532837
mbpo_pushcube_500k_20261007T094728_f9d45348,PushCube-v1,mbpo,A_generation,390016,194,205674,TS1_mixture,elite_mean_reward_max,1.1182349920272827
mbpo_pushcube_500k_20261007T094728_f9d45348,PushCube-v1,mbpo,A_generation,390016,194,205674,TS1_mixture,elite_mean_reward_outside_0_1_fraction,0.23291015625
mbpo_pushcube_500k_20261007T094728_f9d45348,PushCube-v1,mbpo,A_generation,390016,194,205674,TS1_mixture,extra.tcp_pose_quaternion_norm_mae,0.0006334962665254055
mbpo_pushcube_500k_20261007T094728_f9d45348,PushCube-v1,mbpo,A_generation,390016,194,205674,TS1_mixture,extra.tcp_pose_quaternion_norm_max_error,0.02612381713222134
mbpo_pushcube_500k_20261007T094728_f9d45348,PushCube-v1,mbpo,A_generation,390016,194,205674,TS1_mixture,extra.tcp_pose_quaternion_invalid_fraction_tol_0.01,0.00390625
mbpo_pushcube_500k_20261007T094728_f9d45348,PushCube-v1,mbpo,A_generation,390016,194,205674,TS1_mixture,extra.obj_pose_quaternion_norm_mae,0.00654805785810215
mbpo_pushcube_500k_20261007T094728_f9d45348,PushCube-v1,mbpo,A_generation,390016,194,205674,TS1_mixture,extra.obj_pose_quaternion_norm_max_error,0.07741602833572847
mbpo_pushcube_500k_20261007T094728_f9d45348,PushCube-v1,mbpo,A_generation,390016,194,205674,TS1_mixture,extra.obj_pose_quaternion_invalid_fraction_tol_0.01,0.23876953125
mbpo_pushcube_500k_20261007T094728_f9d45348,PushCube-v1,mbpo,A_generation,390016,194,205674,TS1_mixture,goal_position_drift_rmse,2.0134496707198353e-07
mbpo_pushcube_500k_20261007T094728_f9d45348,PushCube-v1,mbpo,A_generation,390016,194,205674,TS1_mixture,projected_quaternion_max_norm_error/extra.tcp_pose,5.960464477539063e-08
mbpo_pushcube_500k_20261007T094728_f9d45348,PushCube-v1,mbpo,A_generation,390016,194,205674,TS1_mixture,projected_quaternion_max_norm_error/extra.obj_pose,5.960464477539063e-08
mbpo_pushcube_500k_20261007T094728_f9d45348,PushCube-v1,mbpo,A_generation,392000,195,206731,TS1_mixture,count,2048
mbpo_pushcube_500k_20261007T094728_f9d45348,PushCube-v1,mbpo,A_generation,392000,195,206731,TS1_mixture,all_finite,True
mbpo_pushcube_500k_20261007T094728_f9d45348,PushCube-v1,mbpo,A_generation,392000,195,206731,TS1_mixture,reward_outside_0_1_fraction,0.20849609375
mbpo_pushcube_500k_20261007T094728_f9d45348,PushCube-v1,mbpo,A_generation,392000,195,206731,TS1_mixture,reward_below_zero_fraction,0.03857421875
mbpo_pushcube_500k_20261007T094728_f9d45348,PushCube-v1,mbpo,A_generation,392000,195,206731,TS1_mixture,reward_above_one_fraction,0.169921875
mbpo_pushcube_500k_20261007T094728_f9d45348,PushCube-v1,mbpo,A_generation,392000,195,206731,TS1_mixture,reward_min,-0.24425432085990906
mbpo_pushcube_500k_20261007T094728_f9d45348,PushCube-v1,mbpo,A_generation,392000,195,206731,TS1_mixture,reward_max,1.2237069606781006
mbpo_pushcube_500k_20261007T094728_f9d45348,PushCube-v1,mbpo,A_generation,392000,195,206731,TS1_mixture,elite_mean_reward_min,-0.2796798050403595
mbpo_pushcube_500k_20261007T094728_f9d45348,PushCube-v1,mbpo,A_generation,392000,195,206731,TS1_mixture,elite_mean_reward_max,1.1080338954925537
mbpo_pushcube_500k_20261007T094728_f9d45348,PushCube-v1,mbpo,A_generation,392000,195,206731,TS1_mixture,elite_mean_reward_outside_0_1_fraction,0.185546875
mbpo_pushcube_500k_20261007T094728_f9d45348,PushCube-v1,mbpo,A_generation,392000,195,206731,TS1_mixture,extra.tcp_pose_quaternion_norm_mae,0.0006689555385348466
mbpo_pushcube_500k_20261007T094728_f9d45348,PushCube-v1,mbpo,A_generation,392000,195,206731,TS1_mixture,extra.tcp_pose_quaternion_norm_max_error,0.04299941705491883
mbpo_pushcube_500k_20261007T094728_f9d45348,PushCube-v1,mbpo,A_generation,392000,195,206731,TS1_mixture,extra.tcp_pose_quaternion_invalid_fraction_tol_0.01,0.00341796875
mbpo_pushcube_500k_20261007T094728_f9d45348,PushCube-v1,mbpo,A_generation,392000,195,206731,TS1_mixture,extra.obj_pose_quaternion_norm_mae,0.00606999288653651
mbpo_pushcube_500k_20261007T094728_f9d45348,PushCube-v1,mbpo,A_generation,392000,195,206731,TS1_mixture,extra.obj_pose_quaternion_norm_max_error,0.05697234091462011
mbpo_pushcube_500k_20261007T094728_f9d45348,PushCube-v1,mbpo,A_generation,392000,195,206731,TS1_mixture,extra.obj_pose_quaternion_invalid_fraction_tol_0.01,0.23095703125
mbpo_pushcube_500k_20261007T094728_f9d45348,PushCube-v1,mbpo,A_generation,392000,195,206731,TS1_mixture,goal_position_drift_rmse,1.7196504647870342e-07
mbpo_pushcube_500k_20261007T094728_f9d45348,PushCube-v1,mbpo,A_generation,392000,195,206731,TS1_mixture,projected_quaternion_max_norm_error/extra.tcp_pose,5.960464477539063e-08
mbpo_pushcube_500k_20261007T094728_f9d45348,PushCube-v1,mbpo,A_generation,392000,195,206731,TS1_mixture,projected_quaternion_max_norm_error/extra.obj_pose,5.960464477539063e-08
mbpo_pushcube_500k_20261007T094728_f9d45348,PushCube-v1,mbpo,A_generation,394016,196,207804,TS1_mixture,count,2048
mbpo_pushcube_500k_20261007T094728_f9d45348,PushCube-v1,mbpo,A_generation,394016,196,207804,TS1_mixture,all_finite,True
mbpo_pushcube_500k_20261007T094728_f9d45348,PushCube-v1,mbpo,A_generation,394016,196,207804,TS1_mixture,reward_outside_0_1_fraction,0.1923828125
mbpo_pushcube_500k_20261007T094728_f9d45348,PushCube-v1,mbpo,A_generation,394016,196,207804,TS1_mixture,reward_below_zero_fraction,0.02880859375
mbpo_pushcube_500k_20261007T094728_f9d45348,PushCube-v1,mbpo,A_generation,394016,196,207804,TS1_mixture,reward_above_one_fraction,0.16357421875
mbpo_pushcube_500k_20261007T094728_f9d45348,PushCube-v1,mbpo,A_generation,394016,196,207804,TS1_mixture,reward_min,-1.318854808807373
mbpo_pushcube_500k_20261007T094728_f9d45348,PushCube-v1,mbpo,A_generation,394016,196,207804,TS1_mixture,reward_max,1.2282705307006836
mbpo_pushcube_500k_20261007T094728_f9d45348,PushCube-v1,mbpo,A_generation,394016,196,207804,TS1_mixture,elite_mean_reward_min,-1.211434245109558
mbpo_pushcube_500k_20261007T094728_f9d45348,PushCube-v1,mbpo,A_generation,394016,196,207804,TS1_mixture,elite_mean_reward_max,1.1018946170806885
mbpo_pushcube_500k_20261007T094728_f9d45348,PushCube-v1,mbpo,A_generation,394016,196,207804,TS1_mixture,elite_mean_reward_outside_0_1_fraction,0.16259765625
mbpo_pushcube_500k_20261007T094728_f9d45348,PushCube-v1,mbpo,A_generation,394016,196,207804,TS1_mixture,extra.tcp_pose_quaternion_norm_mae,0.0006677630814887493
mbpo_pushcube_500k_20261007T094728_f9d45348,PushCube-v1,mbpo,A_generation,394016,196,207804,TS1_mixture,extra.tcp_pose_quaternion_norm_max_error,0.039631738903251224
mbpo_pushcube_500k_20261007T094728_f9d45348,PushCube-v1,mbpo,A_generation,394016,196,207804,TS1_mixture,extra.tcp_pose_quaternion_invalid_fraction_tol_0.01,0.0048828125
mbpo_pushcube_500k_20261007T094728_f9d45348,PushCube-v1,mbpo,A_generation,394016,196,207804,TS1_mixture,extra.obj_pose_quaternion_norm_mae,0.005785347699230091
mbpo_pushcube_500k_20261007T094728_f9d45348,PushCube-v1,mbpo,A_generation,394016,196,207804,TS1_mixture,extra.obj_pose_quaternion_norm_max_error,0.12126646682606812
mbpo_pushcube_500k_20261007T094728_f9d45348,PushCube-v1,mbpo,A_generation,394016,196,207804,TS1_mixture,extra.obj_pose_quaternion_invalid_fraction_tol_0.01,0.21875
mbpo_pushcube_500k_20261007T094728_f9d45348,PushCube-v1,mbpo,A_generation,394016,196,207804,TS1_mixture,goal_position_drift_rmse,1.7275389737089874e-07
mbpo_pushcube_500k_20261007T094728_f9d45348,PushCube-v1,mbpo,A_generation,394016,196,207804,TS1_mixture,projected_quaternion_max_norm_error/extra.tcp_pose,5.960464477539063e-08
mbpo_pushcube_500k_20261007T094728_f9d45348,PushCube-v1,mbpo,A_generation,394016,196,207804,TS1_mixture,projected_quaternion_max_norm_error/extra.obj_pose,5.960464477539063e-08
mbpo_pushcube_500k_20261007T094728_f9d45348,PushCube-v1,mbpo,A_generation,396000,197,208860,TS1_mixture,count,2048
mbpo_pushcube_500k_20261007T094728_f9d45348,PushCube-v1,mbpo,A_generation,396000,197,208860,TS1_mixture,all_finite,True
mbpo_pushcube_500k_20261007T094728_f9d45348,PushCube-v1,mbpo,A_generation,396000,197,208860,TS1_mixture,reward_outside_0_1_fraction,0.20751953125
mbpo_pushcube_500k_20261007T094728_f9d45348,PushCube-v1,mbpo,A_generation,396000,197,208860,TS1_mixture,reward_below_zero_fraction,0.03564453125
mbpo_pushcube_500k_20261007T094728_f9d45348,PushCube-v1,mbpo,A_generation,396000,197,208860,TS1_mixture,reward_above_one_fraction,0.171875
mbpo_pushcube_500k_20261007T094728_f9d45348,PushCube-v1,mbpo,A_generation,396000,197,208860,TS1_mixture,reward_min,-0.484647661447525
mbpo_pushcube_500k_20261007T094728_f9d45348,PushCube-v1,mbpo,A_generation,396000,197,208860,TS1_mixture,reward_max,1.2309958934783936
mbpo_pushcube_500k_20261007T094728_f9d45348,PushCube-v1,mbpo,A_generation,396000,197,208860,TS1_mixture,elite_mean_reward_min,-0.5961664319038391
mbpo_pushcube_500k_20261007T094728_f9d45348,PushCube-v1,mbpo,A_generation,396000,197,208860,TS1_mixture,elite_mean_reward_max,1.1002042293548584
mbpo_pushcube_500k_20261007T094728_f9d45348,PushCube-v1,mbpo,A_generation,396000,197,208860,TS1_mixture,elite_mean_reward_outside_0_1_fraction,0.166259765625
mbpo_pushcube_500k_20261007T094728_f9d45348,PushCube-v1,mbpo,A_generation,396000,197,208860,TS1_mixture,extra.tcp_pose_quaternion_norm_mae,0.0006180613332706891
mbpo_pushcube_500k_20261007T094728_f9d45348,PushCube-v1,mbpo,A_generation,396000,197,208860,TS1_mixture,extra.tcp_pose_quaternion_norm_max_error,0.025291208820681255
mbpo_pushcube_500k_20261007T094728_f9d45348,PushCube-v1,mbpo,A_generation,396000,197,208860,TS1_mixture,extra.tcp_pose_quaternion_invalid_fraction_tol_0.01,0.00537109375
mbpo_pushcube_500k_20261007T094728_f9d45348,PushCube-v1,mbpo,A_generation,396000,197,208860,TS1_mixture,extra.obj_pose_quaternion_norm_mae,0.0054890631928434346
mbpo_pushcube_500k_20261007T094728_f9d45348,PushCube-v1,mbpo,A_generation,396000,197,208860,TS1_mixture,extra.obj_pose_quaternion_norm_max_error,0.05798742170088256
mbpo_pushcube_500k_20261007T094728_f9d45348,PushCube-v1,mbpo,A_generation,396000,197,208860,TS1_mixture,extra.obj_pose_quaternion_invalid_fraction_tol_0.01,0.20068359375
mbpo_pushcube_500k_20261007T094728_f9d45348,PushCube-v1,mbpo,A_generation,396000,197,208860,TS1_mixture,goal_position_drift_rmse,1.873854798252921e-07
mbpo_pushcube_500k_20261007T094728_f9d45348,PushCube-v1,mbpo,A_generation,396000,197,208860,TS1_mixture,projected_quaternion_max_norm_error/extra.tcp_pose,5.960464477539063e-08
mbpo_pushcube_500k_20261007T094728_f9d45348,PushCube-v1,mbpo,A_generation,396000,197,208860,TS1_mixture,projected_quaternion_max_norm_error/extra.obj_pose,5.960464477539063e-08
mbpo_pushcube_500k_20261007T094728_f9d45348,PushCube-v1,mbpo,A_generation,398016,198,209933,TS1_mixture,count,2048
mbpo_pushcube_500k_20261007T094728_f9d45348,PushCube-v1,mbpo,A_generation,398016,198,209933,TS1_mixture,all_finite,True
mbpo_pushcube_500k_20261007T094728_f9d45348,PushCube-v1,mbpo,A_generation,398016,198,209933,TS1_mixture,reward_outside_0_1_fraction,0.21875
mbpo_pushcube_500k_20261007T094728_f9d45348,PushCube-v1,mbpo,A_generation,398016,198,209933,TS1_mixture,reward_below_zero_fraction,0.03271484375
mbpo_pushcube_500k_20261007T094728_f9d45348,PushCube-v1,mbpo,A_generation,398016,198,209933,TS1_mixture,reward_above_one_fraction,0.18603515625
mbpo_pushcube_500k_20261007T094728_f9d45348,PushCube-v1,mbpo,A_generation,398016,198,209933,TS1_mixture,reward_min,-0.8607904314994812
mbpo_pushcube_500k_20261007T094728_f9d45348,PushCube-v1,mbpo,A_generation,398016,198,209933,TS1_mixture,reward_max,1.2462654113769531
mbpo_pushcube_500k_20261007T094728_f9d45348,PushCube-v1,mbpo,A_generation,398016,198,209933,TS1_mixture,elite_mean_reward_min,-0.8111489415168762
mbpo_pushcube_500k_20261007T094728_f9d45348,PushCube-v1,mbpo,A_generation,398016,198,209933,TS1_mixture,elite_mean_reward_max,1.1094423532485962
mbpo_pushcube_500k_20261007T094728_f9d45348,PushCube-v1,mbpo,A_generation,398016,198,209933,TS1_mixture,elite_mean_reward_outside_0_1_fraction,0.215087890625
mbpo_pushcube_500k_20261007T094728_f9d45348,PushCube-v1,mbpo,A_generation,398016,198,209933,TS1_mixture,extra.tcp_pose_quaternion_norm_mae,0.0006599755477137831
mbpo_pushcube_500k_20261007T094728_f9d45348,PushCube-v1,mbpo,A_generation,398016,198,209933,TS1_mixture,extra.tcp_pose_quaternion_norm_max_error,0.13252115368238115
mbpo_pushcube_500k_20261007T094728_f9d45348,PushCube-v1,mbpo,A_generation,398016,198,209933,TS1_mixture,extra.tcp_pose_quaternion_invalid_fraction_tol_0.01,0.00439453125
mbpo_pushcube_500k_20261007T094728_f9d45348,PushCube-v1,mbpo,A_generation,398016,198,209933,TS1_mixture,extra.obj_pose_quaternion_norm_mae,0.005553118590984682
mbpo_pushcube_500k_20261007T094728_f9d45348,PushCube-v1,mbpo,A_generation,398016,198,209933,TS1_mixture,extra.obj_pose_quaternion_norm_max_error,0.06492572434096122
mbpo_pushcube_500k_20261007T094728_f9d45348,PushCube-v1,mbpo,A_generation,398016,198,209933,TS1_mixture,extra.obj_pose_quaternion_invalid_fraction_tol_0.01,0.20361328125
mbpo_pushcube_500k_20261007T094728_f9d45348,PushCube-v1,mbpo,A_generation,398016,198,209933,TS1_mixture,goal_position_drift_rmse,1.8369024495412492e-07
mbpo_pushcube_500k_20261007T094728_f9d45348,PushCube-v1,mbpo,A_generation,398016,198,209933,TS1_mixture,projected_quaternion_max_norm_error/extra.tcp_pose,5.960464477539063e-08
mbpo_pushcube_500k_20261007T094728_f9d45348,PushCube-v1,mbpo,A_generation,398016,198,209933,TS1_mixture,projected_quaternion_max_norm_error/extra.obj_pose,5.960464477539063e-08
mbpo_pushcube_500k_20261007T094728_f9d45348,PushCube-v1,mbpo,A_generation,400000,199,210990,TS1_mixture,count,2048
mbpo_pushcube_500k_20261007T094728_f9d45348,PushCube-v1,mbpo,A_generation,400000,199,210990,TS1_mixture,all_finite,True
mbpo_pushcube_500k_20261007T094728_f9d45348,PushCube-v1,mbpo,A_generation,400000,199,210990,TS1_mixture,reward_outside_0_1_fraction,0.2197265625
mbpo_pushcube_500k_20261007T094728_f9d45348,PushCube-v1,mbpo,A_generation,400000,199,210990,TS1_mixture,reward_below_zero_fraction,0.03466796875
mbpo_pushcube_500k_20261007T094728_f9d45348,PushCube-v1,mbpo,A_generation,400000,199,210990,TS1_mixture,reward_above_one_fraction,0.18505859375
mbpo_pushcube_500k_20261007T094728_f9d45348,PushCube-v1,mbpo,A_generation,400000,199,210990,TS1_mixture,reward_min,-0.6173045039176941
mbpo_pushcube_500k_20261007T094728_f9d45348,PushCube-v1,mbpo,A_generation,400000,199,210990,TS1_mixture,reward_max,1.223044991493225
mbpo_pushcube_500k_20261007T094728_f9d45348,PushCube-v1,mbpo,A_generation,400000,199,210990,TS1_mixture,elite_mean_reward_min,-0.8573434948921204
mbpo_pushcube_500k_20261007T094728_f9d45348,PushCube-v1,mbpo,A_generation,400000,199,210990,TS1_mixture,elite_mean_reward_max,1.117323398590088
mbpo_pushcube_500k_20261007T094728_f9d45348,PushCube-v1,mbpo,A_generation,400000,199,210990,TS1_mixture,elite_mean_reward_outside_0_1_fraction,0.194580078125
mbpo_pushcube_500k_20261007T094728_f9d45348,PushCube-v1,mbpo,A_generation,400000,199,210990,TS1_mixture,extra.tcp_pose_quaternion_norm_mae,0.0006083942381181731
mbpo_pushcube_500k_20261007T094728_f9d45348,PushCube-v1,mbpo,A_generation,400000,199,210990,TS1_mixture,extra.tcp_pose_quaternion_norm_max_error,0.02340250306570657
mbpo_pushcube_500k_20261007T094728_f9d45348,PushCube-v1,mbpo,A_generation,400000,199,210990,TS1_mixture,extra.tcp_pose_quaternion_invalid_fraction_tol_0.01,0.0048828125
mbpo_pushcube_500k_20261007T094728_f9d45348,PushCube-v1,mbpo,A_generation,400000,199,210990,TS1_mixture,extra.obj_pose_quaternion_norm_mae,0.00587618325231651
mbpo_pushcube_500k_20261007T094728_f9d45348,PushCube-v1,mbpo,A_generation,400000,199,210990,TS1_mixture,extra.obj_pose_quaternion_norm_max_error,0.060216696805929004
mbpo_pushcube_500k_20261007T094728_f9d45348,PushCube-v1,mbpo,A_generation,400000,199,210990,TS1_mixture,extra.obj_pose_quaternion_invalid_fraction_tol_0.01,0.2177734375
mbpo_pushcube_500k_20261007T094728_f9d45348,PushCube-v1,mbpo,A_generation,400000,199,210990,TS1_mixture,goal_position_drift_rmse,1.82269745528355e-07
mbpo_pushcube_500k_20261007T094728_f9d45348,PushCube-v1,mbpo,A_generation,400000,199,210990,TS1_mixture,projected_quaternion_max_norm_error/extra.tcp_pose,5.960464477539063e-08
mbpo_pushcube_500k_20261007T094728_f9d45348,PushCube-v1,mbpo,A_generation,400000,199,210990,TS1_mixture,projected_quaternion_max_norm_error/extra.obj_pose,5.960464477539063e-08
mbpo_pushcube_500k_20261007T094728_f9d45348,PushCube-v1,mbpo,A_generation,402016,200,212069,TS1_mixture,count,2048
mbpo_pushcube_500k_20261007T094728_f9d45348,PushCube-v1,mbpo,A_generation,402016,200,212069,TS1_mixture,all_finite,True
mbpo_pushcube_500k_20261007T094728_f9d45348,PushCube-v1,mbpo,A_generation,402016,200,212069,TS1_mixture,reward_outside_0_1_fraction,0.22216796875
mbpo_pushcube_500k_20261007T094728_f9d45348,PushCube-v1,mbpo,A_generation,402016,200,212069,TS1_mixture,reward_below_zero_fraction,0.044921875
mbpo_pushcube_500k_20261007T094728_f9d45348,PushCube-v1,mbpo,A_generation,402016,200,212069,TS1_mixture,reward_above_one_fraction,0.17724609375
mbpo_pushcube_500k_20261007T094728_f9d45348,PushCube-v1,mbpo,A_generation,402016,200,212069,TS1_mixture,reward_min,-1.3816921710968018
mbpo_pushcube_500k_20261007T094728_f9d45348,PushCube-v1,mbpo,A_generation,402016,200,212069,TS1_mixture,reward_max,1.2413197755813599
mbpo_pushcube_500k_20261007T094728_f9d45348,PushCube-v1,mbpo,A_generation,402016,200,212069,TS1_mixture,elite_mean_reward_min,-1.3229957818984985
mbpo_pushcube_500k_20261007T094728_f9d45348,PushCube-v1,mbpo,A_generation,402016,200,212069,TS1_mixture,elite_mean_reward_max,1.0981636047363281
mbpo_pushcube_500k_20261007T094728_f9d45348,PushCube-v1,mbpo,A_generation,402016,200,212069,TS1_mixture,elite_mean_reward_outside_0_1_fraction,0.194091796875
mbpo_pushcube_500k_20261007T094728_f9d45348,PushCube-v1,mbpo,A_generation,402016,200,212069,TS1_mixture,extra.tcp_pose_quaternion_norm_mae,0.0006655072979547996
mbpo_pushcube_500k_20261007T094728_f9d45348,PushCube-v1,mbpo,A_generation,402016,200,212069,TS1_mixture,extra.tcp_pose_quaternion_norm_max_error,0.04308371133197286
mbpo_pushcube_500k_20261007T094728_f9d45348,PushCube-v1,mbpo,A_generation,402016,200,212069,TS1_mixture,extra.tcp_pose_quaternion_invalid_fraction_tol_0.01,0.0048828125
mbpo_pushcube_500k_20261007T094728_f9d45348,PushCube-v1,mbpo,A_generation,402016,200,212069,TS1_mixture,extra.obj_pose_quaternion_norm_mae,0.005477071581490739
mbpo_pushcube_500k_20261007T094728_f9d45348,PushCube-v1,mbpo,A_generation,402016,200,212069,TS1_mixture,extra.obj_pose_quaternion_norm_max_error,0.07649712130385256
mbpo_pushcube_500k_20261007T094728_f9d45348,PushCube-v1,mbpo,A_generation,402016,200,212069,TS1_mixture,extra.obj_pose_quaternion_invalid_fraction_tol_0.01,0.19970703125
mbpo_pushcube_500k_20261007T094728_f9d45348,PushCube-v1,mbpo,A_generation,402016,200,212069,TS1_mixture,goal_position_drift_rmse,1.6963658950290868e-07
mbpo_pushcube_500k_20261007T094728_f9d45348,PushCube-v1,mbpo,A_generation,402016,200,212069,TS1_mixture,projected_quaternion_max_norm_error/extra.tcp_pose,5.960464477539063e-08
mbpo_pushcube_500k_20261007T094728_f9d45348,PushCube-v1,mbpo,A_generation,402016,200,212069,TS1_mixture,projected_quaternion_max_norm_error/extra.obj_pose,5.960464477539063e-08
mbpo_pushcube_500k_20261007T094728_f9d45348,PushCube-v1,mbpo,A_generation,404000,201,213125,TS1_mixture,count,2048
mbpo_pushcube_500k_20261007T094728_f9d45348,PushCube-v1,mbpo,A_generation,404000,201,213125,TS1_mixture,all_finite,True
mbpo_pushcube_500k_20261007T094728_f9d45348,PushCube-v1,mbpo,A_generation,404000,201,213125,TS1_mixture,reward_outside_0_1_fraction,0.24072265625
mbpo_pushcube_500k_20261007T094728_f9d45348,PushCube-v1,mbpo,A_generation,404000,201,213125,TS1_mixture,reward_below_zero_fraction,0.044921875
mbpo_pushcube_500k_20261007T094728_f9d45348,PushCube-v1,mbpo,A_generation,404000,201,213125,TS1_mixture,reward_above_one_fraction,0.19580078125
mbpo_pushcube_500k_20261007T094728_f9d45348,PushCube-v1,mbpo,A_generation,404000,201,213125,TS1_mixture,reward_min,-0.37600988149642944
mbpo_pushcube_500k_20261007T094728_f9d45348,PushCube-v1,mbpo,A_generation,404000,201,213125,TS1_mixture,reward_max,1.1986439228057861
mbpo_pushcube_500k_20261007T094728_f9d45348,PushCube-v1,mbpo,A_generation,404000,201,213125,TS1_mixture,elite_mean_reward_min,-0.3740774393081665
mbpo_pushcube_500k_20261007T094728_f9d45348,PushCube-v1,mbpo,A_generation,404000,201,213125,TS1_mixture,elite_mean_reward_max,1.1137140989303589
mbpo_pushcube_500k_20261007T094728_f9d45348,PushCube-v1,mbpo,A_generation,404000,201,213125,TS1_mixture,elite_mean_reward_outside_0_1_fraction,0.213134765625
mbpo_pushcube_500k_20261007T094728_f9d45348,PushCube-v1,mbpo,A_generation,404000,201,213125,TS1_mixture,extra.tcp_pose_quaternion_norm_mae,0.0005943667014402682
mbpo_pushcube_500k_20261007T094728_f9d45348,PushCube-v1,mbpo,A_generation,404000,201,213125,TS1_mixture,extra.tcp_pose_quaternion_norm_max_error,0.028916236520821315
mbpo_pushcube_500k_20261007T094728_f9d45348,PushCube-v1,mbpo,A_generation,404000,201,213125,TS1_mixture,extra.tcp_pose_quaternion_invalid_fraction_tol_0.01,0.0048828125
mbpo_pushcube_500k_20261007T094728_f9d45348,PushCube-v1,mbpo,A_generation,404000,201,213125,TS1_mixture,extra.obj_pose_quaternion_norm_mae,0.005747114059548379
mbpo_pushcube_500k_20261007T094728_f9d45348,PushCube-v1,mbpo,A_generation,404000,201,213125,TS1_mixture,extra.obj_pose_quaternion_norm_max_error,0.05972799156084163
mbpo_pushcube_500k_20261007T094728_f9d45348,PushCube-v1,mbpo,A_generation,404000,201,213125,TS1_mixture,extra.obj_pose_quaternion_invalid_fraction_tol_0.01,0.21044921875
mbpo_pushcube_500k_20261007T094728_f9d45348,PushCube-v1,mbpo,A_generation,404000,201,213125,TS1_mixture,goal_position_drift_rmse,1.6907812059200553e-07
mbpo_pushcube_500k_20261007T094728_f9d45348,PushCube-v1,mbpo,A_generation,404000,201,213125,TS1_mixture,projected_quaternion_max_norm_error/extra.tcp_pose,5.960464477539063e-08
mbpo_pushcube_500k_20261007T094728_f9d45348,PushCube-v1,mbpo,A_generation,404000,201,213125,TS1_mixture,projected_quaternion_max_norm_error/extra.obj_pose,5.960464477539063e-08
mbpo_pushcube_500k_20261007T094728_f9d45348,PushCube-v1,mbpo,A_generation,406016,202,214198,TS1_mixture,count,2048
mbpo_pushcube_500k_20261007T094728_f9d45348,PushCube-v1,mbpo,A_generation,406016,202,214198,TS1_mixture,all_finite,True
mbpo_pushcube_500k_20261007T094728_f9d45348,PushCube-v1,mbpo,A_generation,406016,202,214198,TS1_mixture,reward_outside_0_1_fraction,0.2216796875
mbpo_pushcube_500k_20261007T094728_f9d45348,PushCube-v1,mbpo,A_generation,406016,202,214198,TS1_mixture,reward_below_zero_fraction,0.04541015625
mbpo_pushcube_500k_20261007T094728_f9d45348,PushCube-v1,mbpo,A_generation,406016,202,214198,TS1_mixture,reward_above_one_fraction,0.17626953125
mbpo_pushcube_500k_20261007T094728_f9d45348,PushCube-v1,mbpo,A_generation,406016,202,214198,TS1_mixture,reward_min,-0.7572951912879944
mbpo_pushcube_500k_20261007T094728_f9d45348,PushCube-v1,mbpo,A_generation,406016,202,214198,TS1_mixture,reward_max,1.213895320892334
mbpo_pushcube_500k_20261007T094728_f9d45348,PushCube-v1,mbpo,A_generation,406016,202,214198,TS1_mixture,elite_mean_reward_min,-1.267425298690796
mbpo_pushcube_500k_20261007T094728_f9d45348,PushCube-v1,mbpo,A_generation,406016,202,214198,TS1_mixture,elite_mean_reward_max,1.1038254499435425
mbpo_pushcube_500k_20261007T094728_f9d45348,PushCube-v1,mbpo,A_generation,406016,202,214198,TS1_mixture,elite_mean_reward_outside_0_1_fraction,0.21142578125
mbpo_pushcube_500k_20261007T094728_f9d45348,PushCube-v1,mbpo,A_generation,406016,202,214198,TS1_mixture,extra.tcp_pose_quaternion_norm_mae,0.0006322118003046294
mbpo_pushcube_500k_20261007T094728_f9d45348,PushCube-v1,mbpo,A_generation,406016,202,214198,TS1_mixture,extra.tcp_pose_quaternion_norm_max_error,0.022500823808052628
mbpo_pushcube_500k_20261007T094728_f9d45348,PushCube-v1,mbpo,A_generation,406016,202,214198,TS1_mixture,extra.tcp_pose_quaternion_invalid_fraction_tol_0.01,0.00341796875
mbpo_pushcube_500k_20261007T094728_f9d45348,PushCube-v1,mbpo,A_generation,406016,202,214198,TS1_mixture,extra.obj_pose_quaternion_norm_mae,0.005689356998456704
mbpo_pushcube_500k_20261007T094728_f9d45348,PushCube-v1,mbpo,A_generation,406016,202,214198,TS1_mixture,extra.obj_pose_quaternion_norm_max_error,0.05472398286652358
mbpo_pushcube_500k_20261007T094728_f9d45348,PushCube-v1,mbpo,A_generation,406016,202,214198,TS1_mixture,extra.obj_pose_quaternion_invalid_fraction_tol_0.01,0.20703125
mbpo_pushcube_500k_20261007T094728_f9d45348,PushCube-v1,mbpo,A_generation,406016,202,214198,TS1_mixture,goal_position_drift_rmse,1.8220059322558802e-07
mbpo_pushcube_500k_20261007T094728_f9d45348,PushCube-v1,mbpo,A_generation,406016,202,214198,TS1_mixture,projected_quaternion_max_norm_error/extra.tcp_pose,5.960464477539063e-08
mbpo_pushcube_500k_20261007T094728_f9d45348,PushCube-v1,mbpo,A_generation,406016,202,214198,TS1_mixture,projected_quaternion_max_norm_error/extra.obj_pose,5.960464477539063e-08
mbpo_pushcube_500k_20261007T094728_f9d45348,PushCube-v1,mbpo,A_generation,408000,203,215255,TS1_mixture,count,2048
mbpo_pushcube_500k_20261007T094728_f9d45348,PushCube-v1,mbpo,A_generation,408000,203,215255,TS1_mixture,all_finite,True
mbpo_pushcube_500k_20261007T094728_f9d45348,PushCube-v1,mbpo,A_generation,408000,203,215255,TS1_mixture,reward_outside_0_1_fraction,0.22509765625
mbpo_pushcube_500k_20261007T094728_f9d45348,PushCube-v1,mbpo,A_generation,408000,203,215255,TS1_mixture,reward_below_zero_fraction,0.048828125
mbpo_pushcube_500k_20261007T094728_f9d45348,PushCube-v1,mbpo,A_generation,408000,203,215255,TS1_mixture,reward_above_one_fraction,0.17626953125
mbpo_pushcube_500k_20261007T094728_f9d45348,PushCube-v1,mbpo,A_generation,408000,203,215255,TS1_mixture,reward_min,-1.0134965181350708
mbpo_pushcube_500k_20261007T094728_f9d45348,PushCube-v1,mbpo,A_generation,408000,203,215255,TS1_mixture,reward_max,1.2282142639160156
mbpo_pushcube_500k_20261007T094728_f9d45348,PushCube-v1,mbpo,A_generation,408000,203,215255,TS1_mixture,elite_mean_reward_min,-1.0095021724700928
mbpo_pushcube_500k_20261007T094728_f9d45348,PushCube-v1,mbpo,A_generation,408000,203,215255,TS1_mixture,elite_mean_reward_max,1.4100619554519653
mbpo_pushcube_500k_20261007T094728_f9d45348,PushCube-v1,mbpo,A_generation,408000,203,215255,TS1_mixture,elite_mean_reward_outside_0_1_fraction,0.191162109375
mbpo_pushcube_500k_20261007T094728_f9d45348,PushCube-v1,mbpo,A_generation,408000,203,215255,TS1_mixture,extra.tcp_pose_quaternion_norm_mae,0.000599115671302698
mbpo_pushcube_500k_20261007T094728_f9d45348,PushCube-v1,mbpo,A_generation,408000,203,215255,TS1_mixture,extra.tcp_pose_quaternion_norm_max_error,0.025550865604949013
mbpo_pushcube_500k_20261007T094728_f9d45348,PushCube-v1,mbpo,A_generation,408000,203,215255,TS1_mixture,extra.tcp_pose_quaternion_invalid_fraction_tol_0.01,0.00390625
mbpo_pushcube_500k_20261007T094728_f9d45348,PushCube-v1,mbpo,A_generation,408000,203,215255,TS1_mixture,extra.obj_pose_quaternion_norm_mae,0.005473095439688694
mbpo_pushcube_500k_20261007T094728_f9d45348,PushCube-v1,mbpo,A_generation,408000,203,215255,TS1_mixture,extra.obj_pose_quaternion_norm_max_error,0.06363493296264044
mbpo_pushcube_500k_20261007T094728_f9d45348,PushCube-v1,mbpo,A_generation,408000,203,215255,TS1_mixture,extra.obj_pose_quaternion_invalid_fraction_tol_0.01,0.20849609375
mbpo_pushcube_500k_20261007T094728_f9d45348,PushCube-v1,mbpo,A_generation,408000,203,215255,TS1_mixture,goal_position_drift_rmse,1.5544233242246852e-07
mbpo_pushcube_500k_20261007T094728_f9d45348,PushCube-v1,mbpo,A_generation,408000,203,215255,TS1_mixture,projected_quaternion_max_norm_error/extra.tcp_pose,5.960464477539063e-08
mbpo_pushcube_500k_20261007T094728_f9d45348,PushCube-v1,mbpo,A_generation,408000,203,215255,TS1_mixture,projected_quaternion_max_norm_error/extra.obj_pose,5.960464477539063e-08
mbpo_pushcube_500k_20261007T094728_f9d45348,PushCube-v1,mbpo,A_generation,410016,204,216328,TS1_mixture,count,2048
mbpo_pushcube_500k_20261007T094728_f9d45348,PushCube-v1,mbpo,A_generation,410016,204,216328,TS1_mixture,all_finite,True
mbpo_pushcube_500k_20261007T094728_f9d45348,PushCube-v1,mbpo,A_generation,410016,204,216328,TS1_mixture,reward_outside_0_1_fraction,0.20263671875
mbpo_pushcube_500k_20261007T094728_f9d45348,PushCube-v1,mbpo,A_generation,410016,204,216328,TS1_mixture,reward_below_zero_fraction,0.04296875
mbpo_pushcube_500k_20261007T094728_f9d45348,PushCube-v1,mbpo,A_generation,410016,204,216328,TS1_mixture,reward_above_one_fraction,0.15966796875
mbpo_pushcube_500k_20261007T094728_f9d45348,PushCube-v1,mbpo,A_generation,410016,204,216328,TS1_mixture,reward_min,-0.48976579308509827
mbpo_pushcube_500k_20261007T094728_f9d45348,PushCube-v1,mbpo,A_generation,410016,204,216328,TS1_mixture,reward_max,1.2206240892410278
mbpo_pushcube_500k_20261007T094728_f9d45348,PushCube-v1,mbpo,A_generation,410016,204,216328,TS1_mixture,elite_mean_reward_min,-0.8377966284751892
mbpo_pushcube_500k_20261007T094728_f9d45348,PushCube-v1,mbpo,A_generation,410016,204,216328,TS1_mixture,elite_mean_reward_max,1.1042062044143677
mbpo_pushcube_500k_20261007T094728_f9d45348,PushCube-v1,mbpo,A_generation,410016,204,216328,TS1_mixture,elite_mean_reward_outside_0_1_fraction,0.183349609375
mbpo_pushcube_500k_20261007T094728_f9d45348,PushCube-v1,mbpo,A_generation,410016,204,216328,TS1_mixture,extra.tcp_pose_quaternion_norm_mae,0.0006578604201735585
mbpo_pushcube_500k_20261007T094728_f9d45348,PushCube-v1,mbpo,A_generation,410016,204,216328,TS1_mixture,extra.tcp_pose_quaternion_norm_max_error,0.04854445856716616
mbpo_pushcube_500k_20261007T094728_f9d45348,PushCube-v1,mbpo,A_generation,410016,204,216328,TS1_mixture,extra.tcp_pose_quaternion_invalid_fraction_tol_0.01,0.00634765625
mbpo_pushcube_500k_20261007T094728_f9d45348,PushCube-v1,mbpo,A_generation,410016,204,216328,TS1_mixture,extra.obj_pose_quaternion_norm_mae,0.005665255116210625
mbpo_pushcube_500k_20261007T094728_f9d45348,PushCube-v1,mbpo,A_generation,410016,204,216328,TS1_mixture,extra.obj_pose_quaternion_norm_max_error,0.10694798244898995
mbpo_pushcube_500k_20261007T094728_f9d45348,PushCube-v1,mbpo,A_generation,410016,204,216328,TS1_mixture,extra.obj_pose_quaternion_invalid_fraction_tol_0.01,0.2138671875
mbpo_pushcube_500k_20261007T094728_f9d45348,PushCube-v1,mbpo,A_generation,410016,204,216328,TS1_mixture,goal_position_drift_rmse,1.5976814942339203e-07
mbpo_pushcube_500k_20261007T094728_f9d45348,PushCube-v1,mbpo,A_generation,410016,204,216328,TS1_mixture,projected_quaternion_max_norm_error/extra.tcp_pose,5.960464477539063e-08
mbpo_pushcube_500k_20261007T094728_f9d45348,PushCube-v1,mbpo,A_generation,410016,204,216328,TS1_mixture,projected_quaternion_max_norm_error/extra.obj_pose,5.960464477539063e-08
mbpo_pushcube_500k_20261007T094728_f9d45348,PushCube-v1,mbpo,A_generation,412000,205,217384,TS1_mixture,count,2048
mbpo_pushcube_500k_20261007T094728_f9d45348,PushCube-v1,mbpo,A_generation,412000,205,217384,TS1_mixture,all_finite,True
mbpo_pushcube_500k_20261007T094728_f9d45348,PushCube-v1,mbpo,A_generation,412000,205,217384,TS1_mixture,reward_outside_0_1_fraction,0.228515625
mbpo_pushcube_500k_20261007T094728_f9d45348,PushCube-v1,mbpo,A_generation,412000,205,217384,TS1_mixture,reward_below_zero_fraction,0.0478515625
mbpo_pushcube_500k_20261007T094728_f9d45348,PushCube-v1,mbpo,A_generation,412000,205,217384,TS1_mixture,reward_above_one_fraction,0.1806640625
mbpo_pushcube_500k_20261007T094728_f9d45348,PushCube-v1,mbpo,A_generation,412000,205,217384,TS1_mixture,reward_min,-1.2652322053909302
mbpo_pushcube_500k_20261007T094728_f9d45348,PushCube-v1,mbpo,A_generation,412000,205,217384,TS1_mixture,reward_max,1.2484643459320068
mbpo_pushcube_500k_20261007T094728_f9d45348,PushCube-v1,mbpo,A_generation,412000,205,217384,TS1_mixture,elite_mean_reward_min,-1.238368034362793
mbpo_pushcube_500k_20261007T094728_f9d45348,PushCube-v1,mbpo,A_generation,412000,205,217384,TS1_mixture,elite_mean_reward_max,1.0999040603637695
mbpo_pushcube_500k_20261007T094728_f9d45348,PushCube-v1,mbpo,A_generation,412000,205,217384,TS1_mixture,elite_mean_reward_outside_0_1_fraction,0.202392578125
mbpo_pushcube_500k_20261007T094728_f9d45348,PushCube-v1,mbpo,A_generation,412000,205,217384,TS1_mixture,extra.tcp_pose_quaternion_norm_mae,0.0006464483977607266
mbpo_pushcube_500k_20261007T094728_f9d45348,PushCube-v1,mbpo,A_generation,412000,205,217384,TS1_mixture,extra.tcp_pose_quaternion_norm_max_error,0.030734301330588742
mbpo_pushcube_500k_20261007T094728_f9d45348,PushCube-v1,mbpo,A_generation,412000,205,217384,TS1_mixture,extra.tcp_pose_quaternion_invalid_fraction_tol_0.01,0.00390625
mbpo_pushcube_500k_20261007T094728_f9d45348,PushCube-v1,mbpo,A_generation,412000,205,217384,TS1_mixture,extra.obj_pose_quaternion_norm_mae,0.005498739872257463
mbpo_pushcube_500k_20261007T094728_f9d45348,PushCube-v1,mbpo,A_generation,412000,205,217384,TS1_mixture,extra.obj_pose_quaternion_norm_max_error,0.11865989011164313
mbpo_pushcube_500k_20261007T094728_f9d45348,PushCube-v1,mbpo,A_generation,412000,205,217384,TS1_mixture,extra.obj_pose_quaternion_invalid_fraction_tol_0.01,0.19580078125
mbpo_pushcube_500k_20261007T094728_f9d45348,PushCube-v1,mbpo,A_generation,412000,205,217384,TS1_mixture,goal_position_drift_rmse,1.786434538785014e-07
mbpo_pushcube_500k_20261007T094728_f9d45348,PushCube-v1,mbpo,A_generation,412000,205,217384,TS1_mixture,projected_quaternion_max_norm_error/extra.tcp_pose,5.960464477539063e-08
mbpo_pushcube_500k_20261007T094728_f9d45348,PushCube-v1,mbpo,A_generation,412000,205,217384,TS1_mixture,projected_quaternion_max_norm_error/extra.obj_pose,5.960464477539063e-08
mbpo_pushcube_500k_20261007T094728_f9d45348,PushCube-v1,mbpo,A_generation,414016,206,218457,TS1_mixture,count,2048
mbpo_pushcube_500k_20261007T094728_f9d45348,PushCube-v1,mbpo,A_generation,414016,206,218457,TS1_mixture,all_finite,True
mbpo_pushcube_500k_20261007T094728_f9d45348,PushCube-v1,mbpo,A_generation,414016,206,218457,TS1_mixture,reward_outside_0_1_fraction,0.21435546875
mbpo_pushcube_500k_20261007T094728_f9d45348,PushCube-v1,mbpo,A_generation,414016,206,218457,TS1_mixture,reward_below_zero_fraction,0.04052734375
mbpo_pushcube_500k_20261007T094728_f9d45348,PushCube-v1,mbpo,A_generation,414016,206,218457,TS1_mixture,reward_above_one_fraction,0.173828125
mbpo_pushcube_500k_20261007T094728_f9d45348,PushCube-v1,mbpo,A_generation,414016,206,218457,TS1_mixture,reward_min,-0.40030187368392944
mbpo_pushcube_500k_20261007T094728_f9d45348,PushCube-v1,mbpo,A_generation,414016,206,218457,TS1_mixture,reward_max,1.253385066986084
mbpo_pushcube_500k_20261007T094728_f9d45348,PushCube-v1,mbpo,A_generation,414016,206,218457,TS1_mixture,elite_mean_reward_min,-0.4209650158882141
mbpo_pushcube_500k_20261007T094728_f9d45348,PushCube-v1,mbpo,A_generation,414016,206,218457,TS1_mixture,elite_mean_reward_max,1.098090410232544
mbpo_pushcube_500k_20261007T094728_f9d45348,PushCube-v1,mbpo,A_generation,414016,206,218457,TS1_mixture,elite_mean_reward_outside_0_1_fraction,0.18359375
mbpo_pushcube_500k_20261007T094728_f9d45348,PushCube-v1,mbpo,A_generation,414016,206,218457,TS1_mixture,extra.tcp_pose_quaternion_norm_mae,0.0005821121477641385
mbpo_pushcube_500k_20261007T094728_f9d45348,PushCube-v1,mbpo,A_generation,414016,206,218457,TS1_mixture,extra.tcp_pose_quaternion_norm_max_error,0.01602523066404693
mbpo_pushcube_500k_20261007T094728_f9d45348,PushCube-v1,mbpo,A_generation,414016,206,218457,TS1_mixture,extra.tcp_pose_quaternion_invalid_fraction_tol_0.01,0.00390625
mbpo_pushcube_500k_20261007T094728_f9d45348,PushCube-v1,mbpo,A_generation,414016,206,218457,TS1_mixture,extra.obj_pose_quaternion_norm_mae,0.005759569399211636
mbpo_pushcube_500k_20261007T094728_f9d45348,PushCube-v1,mbpo,A_generation,414016,206,218457,TS1_mixture,extra.obj_pose_quaternion_norm_max_error,0.06371837893999632
mbpo_pushcube_500k_20261007T094728_f9d45348,PushCube-v1,mbpo,A_generation,414016,206,218457,TS1_mixture,extra.obj_pose_quaternion_invalid_fraction_tol_0.01,0.21337890625
mbpo_pushcube_500k_20261007T094728_f9d45348,PushCube-v1,mbpo,A_generation,414016,206,218457,TS1_mixture,goal_position_drift_rmse,1.7336588147937217e-07
mbpo_pushcube_500k_20261007T094728_f9d45348,PushCube-v1,mbpo,A_generation,414016,206,218457,TS1_mixture,projected_quaternion_max_norm_error/extra.tcp_pose,5.960464477539063e-08
mbpo_pushcube_500k_20261007T094728_f9d45348,PushCube-v1,mbpo,A_generation,414016,206,218457,TS1_mixture,projected_quaternion_max_norm_error/extra.obj_pose,5.960464477539063e-08
mbpo_pushcube_500k_20261007T094728_f9d45348,PushCube-v1,mbpo,A_generation,416000,207,219514,TS1_mixture,count,2048
mbpo_pushcube_500k_20261007T094728_f9d45348,PushCube-v1,mbpo,A_generation,416000,207,219514,TS1_mixture,all_finite,True
mbpo_pushcube_500k_20261007T094728_f9d45348,PushCube-v1,mbpo,A_generation,416000,207,219514,TS1_mixture,reward_outside_0_1_fraction,0.2353515625
mbpo_pushcube_500k_20261007T094728_f9d45348,PushCube-v1,mbpo,A_generation,416000,207,219514,TS1_mixture,reward_below_zero_fraction,0.05419921875
mbpo_pushcube_500k_20261007T094728_f9d45348,PushCube-v1,mbpo,A_generation,416000,207,219514,TS1_mixture,reward_above_one_fraction,0.18115234375
mbpo_pushcube_500k_20261007T094728_f9d45348,PushCube-v1,mbpo,A_generation,416000,207,219514,TS1_mixture,reward_min,-0.5775928497314453
mbpo_pushcube_500k_20261007T094728_f9d45348,PushCube-v1,mbpo,A_generation,416000,207,219514,TS1_mixture,reward_max,1.235159158706665
mbpo_pushcube_500k_20261007T094728_f9d45348,PushCube-v1,mbpo,A_generation,416000,207,219514,TS1_mixture,elite_mean_reward_min,-0.7728978991508484
mbpo_pushcube_500k_20261007T094728_f9d45348,PushCube-v1,mbpo,A_generation,416000,207,219514,TS1_mixture,elite_mean_reward_max,1.1170223951339722
mbpo_pushcube_500k_20261007T094728_f9d45348,PushCube-v1,mbpo,A_generation,416000,207,219514,TS1_mixture,elite_mean_reward_outside_0_1_fraction,0.214599609375
mbpo_pushcube_500k_20261007T094728_f9d45348,PushCube-v1,mbpo,A_generation,416000,207,219514,TS1_mixture,extra.tcp_pose_quaternion_norm_mae,0.0006021291833385076
mbpo_pushcube_500k_20261007T094728_f9d45348,PushCube-v1,mbpo,A_generation,416000,207,219514,TS1_mixture,extra.tcp_pose_quaternion_norm_max_error,0.040890486062068465
mbpo_pushcube_500k_20261007T094728_f9d45348,PushCube-v1,mbpo,A_generation,416000,207,219514,TS1_mixture,extra.tcp_pose_quaternion_invalid_fraction_tol_0.01,0.0029296875
mbpo_pushcube_500k_20261007T094728_f9d45348,PushCube-v1,mbpo,A_generation,416000,207,219514,TS1_mixture,extra.obj_pose_quaternion_norm_mae,0.0057037368794089814
mbpo_pushcube_500k_20261007T094728_f9d45348,PushCube-v1,mbpo,A_generation,416000,207,219514,TS1_mixture,extra.obj_pose_quaternion_norm_max_error,0.06182488950798204
mbpo_pushcube_500k_20261007T094728_f9d45348,PushCube-v1,mbpo,A_generation,416000,207,219514,TS1_mixture,extra.obj_pose_quaternion_invalid_fraction_tol_0.01,0.216796875
mbpo_pushcube_500k_20261007T094728_f9d45348,PushCube-v1,mbpo,A_generation,416000,207,219514,TS1_mixture,goal_position_drift_rmse,1.8100248325043175e-07
mbpo_pushcube_500k_20261007T094728_f9d45348,PushCube-v1,mbpo,A_generation,416000,207,219514,TS1_mixture,projected_quaternion_max_norm_error/extra.tcp_pose,5.960464477539063e-08
mbpo_pushcube_500k_20261007T094728_f9d45348,PushCube-v1,mbpo,A_generation,416000,207,219514,TS1_mixture,projected_quaternion_max_norm_error/extra.obj_pose,5.960464477539063e-08
mbpo_pushcube_500k_20261007T094728_f9d45348,PushCube-v1,mbpo,A_generation,418016,208,220587,TS1_mixture,count,2048
mbpo_pushcube_500k_20261007T094728_f9d45348,PushCube-v1,mbpo,A_generation,418016,208,220587,TS1_mixture,all_finite,True
mbpo_pushcube_500k_20261007T094728_f9d45348,PushCube-v1,mbpo,A_generation,418016,208,220587,TS1_mixture,reward_outside_0_1_fraction,0.23583984375
mbpo_pushcube_500k_20261007T094728_f9d45348,PushCube-v1,mbpo,A_generation,418016,208,220587,TS1_mixture,reward_below_zero_fraction,0.04736328125
mbpo_pushcube_500k_20261007T094728_f9d45348,PushCube-v1,mbpo,A_generation,418016,208,220587,TS1_mixture,reward_above_one_fraction,0.1884765625
mbpo_pushcube_500k_20261007T094728_f9d45348,PushCube-v1,mbpo,A_generation,418016,208,220587,TS1_mixture,reward_min,-0.7205547094345093
mbpo_pushcube_500k_20261007T094728_f9d45348,PushCube-v1,mbpo,A_generation,418016,208,220587,TS1_mixture,reward_max,1.351113200187683
mbpo_pushcube_500k_20261007T094728_f9d45348,PushCube-v1,mbpo,A_generation,418016,208,220587,TS1_mixture,elite_mean_reward_min,-0.9000845551490784
mbpo_pushcube_500k_20261007T094728_f9d45348,PushCube-v1,mbpo,A_generation,418016,208,220587,TS1_mixture,elite_mean_reward_max,1.1101586818695068
mbpo_pushcube_500k_20261007T094728_f9d45348,PushCube-v1,mbpo,A_generation,418016,208,220587,TS1_mixture,elite_mean_reward_outside_0_1_fraction,0.207763671875
mbpo_pushcube_500k_20261007T094728_f9d45348,PushCube-v1,mbpo,A_generation,418016,208,220587,TS1_mixture,extra.tcp_pose_quaternion_norm_mae,0.0006541458310841824
mbpo_pushcube_500k_20261007T094728_f9d45348,PushCube-v1,mbpo,A_generation,418016,208,220587,TS1_mixture,extra.tcp_pose_quaternion_norm_max_error,0.030558745762396144
mbpo_pushcube_500k_20261007T094728_f9d45348,PushCube-v1,mbpo,A_generation,418016,208,220587,TS1_mixture,extra.tcp_pose_quaternion_invalid_fraction_tol_0.01,0.0048828125
mbpo_pushcube_500k_20261007T094728_f9d45348,PushCube-v1,mbpo,A_generation,418016,208,220587,TS1_mixture,extra.obj_pose_quaternion_norm_mae,0.005457358993963731
mbpo_pushcube_500k_20261007T094728_f9d45348,PushCube-v1,mbpo,A_generation,418016,208,220587,TS1_mixture,extra.obj_pose_quaternion_norm_max_error,0.06336242951218718
mbpo_pushcube_500k_20261007T094728_f9d45348,PushCube-v1,mbpo,A_generation,418016,208,220587,TS1_mixture,extra.obj_pose_quaternion_invalid_fraction_tol_0.01,0.19775390625
mbpo_pushcube_500k_20261007T094728_f9d45348,PushCube-v1,mbpo,A_generation,418016,208,220587,TS1_mixture,goal_position_drift_rmse,2.166119778282167e-07
mbpo_pushcube_500k_20261007T094728_f9d45348,PushCube-v1,mbpo,A_generation,418016,208,220587,TS1_mixture,projected_quaternion_max_norm_error/extra.tcp_pose,5.960464477539063e-08
mbpo_pushcube_500k_20261007T094728_f9d45348,PushCube-v1,mbpo,A_generation,418016,208,220587,TS1_mixture,projected_quaternion_max_norm_error/extra.obj_pose,5.960464477539063e-08
mbpo_pushcube_500k_20261007T094728_f9d45348,PushCube-v1,mbpo,A_generation,420000,209,221643,TS1_mixture,count,2048
mbpo_pushcube_500k_20261007T094728_f9d45348,PushCube-v1,mbpo,A_generation,420000,209,221643,TS1_mixture,all_finite,True
mbpo_pushcube_500k_20261007T094728_f9d45348,PushCube-v1,mbpo,A_generation,420000,209,221643,TS1_mixture,reward_outside_0_1_fraction,0.22900390625
mbpo_pushcube_500k_20261007T094728_f9d45348,PushCube-v1,mbpo,A_generation,420000,209,221643,TS1_mixture,reward_below_zero_fraction,0.0380859375
mbpo_pushcube_500k_20261007T094728_f9d45348,PushCube-v1,mbpo,A_generation,420000,209,221643,TS1_mixture,reward_above_one_fraction,0.19091796875
mbpo_pushcube_500k_20261007T094728_f9d45348,PushCube-v1,mbpo,A_generation,420000,209,221643,TS1_mixture,reward_min,-0.5462731122970581
mbpo_pushcube_500k_20261007T094728_f9d45348,PushCube-v1,mbpo,A_generation,420000,209,221643,TS1_mixture,reward_max,1.2428234815597534
mbpo_pushcube_500k_20261007T094728_f9d45348,PushCube-v1,mbpo,A_generation,420000,209,221643,TS1_mixture,elite_mean_reward_min,-0.5917917490005493
mbpo_pushcube_500k_20261007T094728_f9d45348,PushCube-v1,mbpo,A_generation,420000,209,221643,TS1_mixture,elite_mean_reward_max,1.107704997062683
mbpo_pushcube_500k_20261007T094728_f9d45348,PushCube-v1,mbpo,A_generation,420000,209,221643,TS1_mixture,elite_mean_reward_outside_0_1_fraction,0.194580078125
mbpo_pushcube_500k_20261007T094728_f9d45348,PushCube-v1,mbpo,A_generation,420000,209,221643,TS1_mixture,extra.tcp_pose_quaternion_norm_mae,0.0005668273303740359
mbpo_pushcube_500k_20261007T094728_f9d45348,PushCube-v1,mbpo,A_generation,420000,209,221643,TS1_mixture,extra.tcp_pose_quaternion_norm_max_error,0.018733016769437727
mbpo_pushcube_500k_20261007T094728_f9d45348,PushCube-v1,mbpo,A_generation,420000,209,221643,TS1_mixture,extra.tcp_pose_quaternion_invalid_fraction_tol_0.01,0.0029296875
mbpo_pushcube_500k_20261007T094728_f9d45348,PushCube-v1,mbpo,A_generation,420000,209,221643,TS1_mixture,extra.obj_pose_quaternion_norm_mae,0.00547009915486089
mbpo_pushcube_500k_20261007T094728_f9d45348,PushCube-v1,mbpo,A_generation,420000,209,221643,TS1_mixture,extra.obj_pose_quaternion_norm_max_error,0.059740881037649074
mbpo_pushcube_500k_20261007T094728_f9d45348,PushCube-v1,mbpo,A_generation,420000,209,221643,TS1_mixture,extra.obj_pose_quaternion_invalid_fraction_tol_0.01,0.19873046875
mbpo_pushcube_500k_20261007T094728_f9d45348,PushCube-v1,mbpo,A_generation,420000,209,221643,TS1_mixture,goal_position_drift_rmse,1.5741269062752364e-07
mbpo_pushcube_500k_20261007T094728_f9d45348,PushCube-v1,mbpo,A_generation,420000,209,221643,TS1_mixture,projected_quaternion_max_norm_error/extra.tcp_pose,5.960464477539063e-08
mbpo_pushcube_500k_20261007T094728_f9d45348,PushCube-v1,mbpo,A_generation,420000,209,221643,TS1_mixture,projected_quaternion_max_norm_error/extra.obj_pose,5.960464477539063e-08
mbpo_pushcube_500k_20261007T094728_f9d45348,PushCube-v1,mbpo,A_generation,422016,210,222716,TS1_mixture,count,2048
mbpo_pushcube_500k_20261007T094728_f9d45348,PushCube-v1,mbpo,A_generation,422016,210,222716,TS1_mixture,all_finite,True
mbpo_pushcube_500k_20261007T094728_f9d45348,PushCube-v1,mbpo,A_generation,422016,210,222716,TS1_mixture,reward_outside_0_1_fraction,0.21533203125
mbpo_pushcube_500k_20261007T094728_f9d45348,PushCube-v1,mbpo,A_generation,422016,210,222716,TS1_mixture,reward_below_zero_fraction,0.03515625
mbpo_pushcube_500k_20261007T094728_f9d45348,PushCube-v1,mbpo,A_generation,422016,210,222716,TS1_mixture,reward_above_one_fraction,0.18017578125
mbpo_pushcube_500k_20261007T094728_f9d45348,PushCube-v1,mbpo,A_generation,422016,210,222716,TS1_mixture,reward_min,-0.39716506004333496
mbpo_pushcube_500k_20261007T094728_f9d45348,PushCube-v1,mbpo,A_generation,422016,210,222716,TS1_mixture,reward_max,1.2688637971878052
mbpo_pushcube_500k_20261007T094728_f9d45348,PushCube-v1,mbpo,A_generation,422016,210,222716,TS1_mixture,elite_mean_reward_min,-0.5675908923149109
mbpo_pushcube_500k_20261007T094728_f9d45348,PushCube-v1,mbpo,A_generation,422016,210,222716,TS1_mixture,elite_mean_reward_max,1.1344302892684937
mbpo_pushcube_500k_20261007T094728_f9d45348,PushCube-v1,mbpo,A_generation,422016,210,222716,TS1_mixture,elite_mean_reward_outside_0_1_fraction,0.19482421875
mbpo_pushcube_500k_20261007T094728_f9d45348,PushCube-v1,mbpo,A_generation,422016,210,222716,TS1_mixture,extra.tcp_pose_quaternion_norm_mae,0.0005746356938258707
mbpo_pushcube_500k_20261007T094728_f9d45348,PushCube-v1,mbpo,A_generation,422016,210,222716,TS1_mixture,extra.tcp_pose_quaternion_norm_max_error,0.02834019723046488
mbpo_pushcube_500k_20261007T094728_f9d45348,PushCube-v1,mbpo,A_generation,422016,210,222716,TS1_mixture,extra.tcp_pose_quaternion_invalid_fraction_tol_0.01,0.00341796875
mbpo_pushcube_500k_20261007T094728_f9d45348,PushCube-v1,mbpo,A_generation,422016,210,222716,TS1_mixture,extra.obj_pose_quaternion_norm_mae,0.00558820580089852
mbpo_pushcube_500k_20261007T094728_f9d45348,PushCube-v1,mbpo,A_generation,422016,210,222716,TS1_mixture,extra.obj_pose_quaternion_norm_max_error,0.062891312640591
mbpo_pushcube_500k_20261007T094728_f9d45348,PushCube-v1,mbpo,A_generation,422016,210,222716,TS1_mixture,extra.obj_pose_quaternion_invalid_fraction_tol_0.01,0.21044921875
mbpo_pushcube_500k_20261007T094728_f9d45348,PushCube-v1,mbpo,A_generation,422016,210,222716,TS1_mixture,goal_position_drift_rmse,1.8370330467431168e-07
mbpo_pushcube_500k_20261007T094728_f9d45348,PushCube-v1,mbpo,A_generation,422016,210,222716,TS1_mixture,projected_quaternion_max_norm_error/extra.tcp_pose,5.960464477539063e-08
mbpo_pushcube_500k_20261007T094728_f9d45348,PushCube-v1,mbpo,A_generation,422016,210,222716,TS1_mixture,projected_quaternion_max_norm_error/extra.obj_pose,5.960464477539063e-08
mbpo_pushcube_500k_20261007T094728_f9d45348,PushCube-v1,mbpo,A_generation,424000,211,223773,TS1_mixture,count,2048
mbpo_pushcube_500k_20261007T094728_f9d45348,PushCube-v1,mbpo,A_generation,424000,211,223773,TS1_mixture,all_finite,True
mbpo_pushcube_500k_20261007T094728_f9d45348,PushCube-v1,mbpo,A_generation,424000,211,223773,TS1_mixture,reward_outside_0_1_fraction,0.25
mbpo_pushcube_500k_20261007T094728_f9d45348,PushCube-v1,mbpo,A_generation,424000,211,223773,TS1_mixture,reward_below_zero_fraction,0.0322265625
mbpo_pushcube_500k_20261007T094728_f9d45348,PushCube-v1,mbpo,A_generation,424000,211,223773,TS1_mixture,reward_above_one_fraction,0.2177734375
mbpo_pushcube_500k_20261007T094728_f9d45348,PushCube-v1,mbpo,A_generation,424000,211,223773,TS1_mixture,reward_min,-0.6624883413314819
mbpo_pushcube_500k_20261007T094728_f9d45348,PushCube-v1,mbpo,A_generation,424000,211,223773,TS1_mixture,reward_max,1.2670550346374512
mbpo_pushcube_500k_20261007T094728_f9d45348,PushCube-v1,mbpo,A_generation,424000,211,223773,TS1_mixture,elite_mean_reward_min,-0.6158475875854492
mbpo_pushcube_500k_20261007T094728_f9d45348,PushCube-v1,mbpo,A_generation,424000,211,223773,TS1_mixture,elite_mean_reward_max,1.0962989330291748
mbpo_pushcube_500k_20261007T094728_f9d45348,PushCube-v1,mbpo,A_generation,424000,211,223773,TS1_mixture,elite_mean_reward_outside_0_1_fraction,0.223876953125
mbpo_pushcube_500k_20261007T094728_f9d45348,PushCube-v1,mbpo,A_generation,424000,211,223773,TS1_mixture,extra.tcp_pose_quaternion_norm_mae,0.0006331265709805841
mbpo_pushcube_500k_20261007T094728_f9d45348,PushCube-v1,mbpo,A_generation,424000,211,223773,TS1_mixture,extra.tcp_pose_quaternion_norm_max_error,0.042474323573411854
mbpo_pushcube_500k_20261007T094728_f9d45348,PushCube-v1,mbpo,A_generation,424000,211,223773,TS1_mixture,extra.tcp_pose_quaternion_invalid_fraction_tol_0.01,0.00341796875
mbpo_pushcube_500k_20261007T094728_f9d45348,PushCube-v1,mbpo,A_generation,424000,211,223773,TS1_mixture,extra.obj_pose_quaternion_norm_mae,0.005454422238827675
mbpo_pushcube_500k_20261007T094728_f9d45348,PushCube-v1,mbpo,A_generation,424000,211,223773,TS1_mixture,extra.obj_pose_quaternion_norm_max_error,0.12069503049662023
mbpo_pushcube_500k_20261007T094728_f9d45348,PushCube-v1,mbpo,A_generation,424000,211,223773,TS1_mixture,extra.obj_pose_quaternion_invalid_fraction_tol_0.01,0.20166015625
mbpo_pushcube_500k_20261007T094728_f9d45348,PushCube-v1,mbpo,A_generation,424000,211,223773,TS1_mixture,goal_position_drift_rmse,1.924295903031067e-07
mbpo_pushcube_500k_20261007T094728_f9d45348,PushCube-v1,mbpo,A_generation,424000,211,223773,TS1_mixture,projected_quaternion_max_norm_error/extra.tcp_pose,5.960464477539063e-08
mbpo_pushcube_500k_20261007T094728_f9d45348,PushCube-v1,mbpo,A_generation,424000,211,223773,TS1_mixture,projected_quaternion_max_norm_error/extra.obj_pose,5.960464477539063e-08
mbpo_pushcube_500k_20261007T094728_f9d45348,PushCube-v1,mbpo,A_generation,426016,212,224846,TS1_mixture,count,2048
mbpo_pushcube_500k_20261007T094728_f9d45348,PushCube-v1,mbpo,A_generation,426016,212,224846,TS1_mixture,all_finite,True
mbpo_pushcube_500k_20261007T094728_f9d45348,PushCube-v1,mbpo,A_generation,426016,212,224846,TS1_mixture,reward_outside_0_1_fraction,0.2314453125
mbpo_pushcube_500k_20261007T094728_f9d45348,PushCube-v1,mbpo,A_generation,426016,212,224846,TS1_mixture,reward_below_zero_fraction,0.03759765625
mbpo_pushcube_500k_20261007T094728_f9d45348,PushCube-v1,mbpo,A_generation,426016,212,224846,TS1_mixture,reward_above_one_fraction,0.19384765625
mbpo_pushcube_500k_20261007T094728_f9d45348,PushCube-v1,mbpo,A_generation,426016,212,224846,TS1_mixture,reward_min,-0.45648953318595886
mbpo_pushcube_500k_20261007T094728_f9d45348,PushCube-v1,mbpo,A_generation,426016,212,224846,TS1_mixture,reward_max,1.2516452074050903
mbpo_pushcube_500k_20261007T094728_f9d45348,PushCube-v1,mbpo,A_generation,426016,212,224846,TS1_mixture,elite_mean_reward_min,-0.7075016498565674
mbpo_pushcube_500k_20261007T094728_f9d45348,PushCube-v1,mbpo,A_generation,426016,212,224846,TS1_mixture,elite_mean_reward_max,1.0937749147415161
mbpo_pushcube_500k_20261007T094728_f9d45348,PushCube-v1,mbpo,A_generation,426016,212,224846,TS1_mixture,elite_mean_reward_outside_0_1_fraction,0.224365234375
mbpo_pushcube_500k_20261007T094728_f9d45348,PushCube-v1,mbpo,A_generation,426016,212,224846,TS1_mixture,extra.tcp_pose_quaternion_norm_mae,0.0005908183077163191
mbpo_pushcube_500k_20261007T094728_f9d45348,PushCube-v1,mbpo,A_generation,426016,212,224846,TS1_mixture,extra.tcp_pose_quaternion_norm_max_error,0.03352551451314867
mbpo_pushcube_500k_20261007T094728_f9d45348,PushCube-v1,mbpo,A_generation,426016,212,224846,TS1_mixture,extra.tcp_pose_quaternion_invalid_fraction_tol_0.01,0.00341796875
mbpo_pushcube_500k_20261007T094728_f9d45348,PushCube-v1,mbpo,A_generation,426016,212,224846,TS1_mixture,extra.obj_pose_quaternion_norm_mae,0.005357568175755691
mbpo_pushcube_500k_20261007T094728_f9d45348,PushCube-v1,mbpo,A_generation,426016,212,224846,TS1_mixture,extra.obj_pose_quaternion_norm_max_error,0.06812160665409472
mbpo_pushcube_500k_20261007T094728_f9d45348,PushCube-v1,mbpo,A_generation,426016,212,224846,TS1_mixture,extra.obj_pose_quaternion_invalid_fraction_tol_0.01,0.19580078125
mbpo_pushcube_500k_20261007T094728_f9d45348,PushCube-v1,mbpo,A_generation,426016,212,224846,TS1_mixture,goal_position_drift_rmse,1.9811343610739334e-07
mbpo_pushcube_500k_20261007T094728_f9d45348,PushCube-v1,mbpo,A_generation,426016,212,224846,TS1_mixture,projected_quaternion_max_norm_error/extra.tcp_pose,5.960464477539063e-08
mbpo_pushcube_500k_20261007T094728_f9d45348,PushCube-v1,mbpo,A_generation,426016,212,224846,TS1_mixture,projected_quaternion_max_norm_error/extra.obj_pose,5.960464477539063e-08
mbpo_pushcube_500k_20261007T094728_f9d45348,PushCube-v1,mbpo,A_generation,428000,213,225902,TS1_mixture,count,2048
mbpo_pushcube_500k_20261007T094728_f9d45348,PushCube-v1,mbpo,A_generation,428000,213,225902,TS1_mixture,all_finite,True
mbpo_pushcube_500k_20261007T094728_f9d45348,PushCube-v1,mbpo,A_generation,428000,213,225902,TS1_mixture,reward_outside_0_1_fraction,0.21728515625
mbpo_pushcube_500k_20261007T094728_f9d45348,PushCube-v1,mbpo,A_generation,428000,213,225902,TS1_mixture,reward_below_zero_fraction,0.03369140625
mbpo_pushcube_500k_20261007T094728_f9d45348,PushCube-v1,mbpo,A_generation,428000,213,225902,TS1_mixture,reward_above_one_fraction,0.18359375
mbpo_pushcube_500k_20261007T094728_f9d45348,PushCube-v1,mbpo,A_generation,428000,213,225902,TS1_mixture,reward_min,-1.538024663925171
mbpo_pushcube_500k_20261007T094728_f9d45348,PushCube-v1,mbpo,A_generation,428000,213,225902,TS1_mixture,reward_max,1.2829725742340088
mbpo_pushcube_500k_20261007T094728_f9d45348,PushCube-v1,mbpo,A_generation,428000,213,225902,TS1_mixture,elite_mean_reward_min,-1.583553433418274
mbpo_pushcube_500k_20261007T094728_f9d45348,PushCube-v1,mbpo,A_generation,428000,213,225902,TS1_mixture,elite_mean_reward_max,1.1041561365127563
mbpo_pushcube_500k_20261007T094728_f9d45348,PushCube-v1,mbpo,A_generation,428000,213,225902,TS1_mixture,elite_mean_reward_outside_0_1_fraction,0.1982421875
mbpo_pushcube_500k_20261007T094728_f9d45348,PushCube-v1,mbpo,A_generation,428000,213,225902,TS1_mixture,extra.tcp_pose_quaternion_norm_mae,0.0006720516890804885
mbpo_pushcube_500k_20261007T094728_f9d45348,PushCube-v1,mbpo,A_generation,428000,213,225902,TS1_mixture,extra.tcp_pose_quaternion_norm_max_error,0.03179451323447968
mbpo_pushcube_500k_20261007T094728_f9d45348,PushCube-v1,mbpo,A_generation,428000,213,225902,TS1_mixture,extra.tcp_pose_quaternion_invalid_fraction_tol_0.01,0.005859375
mbpo_pushcube_500k_20261007T094728_f9d45348,PushCube-v1,mbpo,A_generation,428000,213,225902,TS1_mixture,extra.obj_pose_quaternion_norm_mae,0.005831009030372397
mbpo_pushcube_500k_20261007T094728_f9d45348,PushCube-v1,mbpo,A_generation,428000,213,225902,TS1_mixture,extra.obj_pose_quaternion_norm_max_error,0.13586667653212303
mbpo_pushcube_500k_20261007T094728_f9d45348,PushCube-v1,mbpo,A_generation,428000,213,225902,TS1_mixture,extra.obj_pose_quaternion_invalid_fraction_tol_0.01,0.2119140625
mbpo_pushcube_500k_20261007T094728_f9d45348,PushCube-v1,mbpo,A_generation,428000,213,225902,TS1_mixture,goal_position_drift_rmse,1.8738926009099207e-07
mbpo_pushcube_500k_20261007T094728_f9d45348,PushCube-v1,mbpo,A_generation,428000,213,225902,TS1_mixture,projected_quaternion_max_norm_error/extra.tcp_pose,5.960464477539063e-08
mbpo_pushcube_500k_20261007T094728_f9d45348,PushCube-v1,mbpo,A_generation,428000,213,225902,TS1_mixture,projected_quaternion_max_norm_error/extra.obj_pose,5.960464477539063e-08
mbpo_pushcube_500k_20261007T094728_f9d45348,PushCube-v1,mbpo,A_generation,430016,214,226975,TS1_mixture,count,2048
mbpo_pushcube_500k_20261007T094728_f9d45348,PushCube-v1,mbpo,A_generation,430016,214,226975,TS1_mixture,all_finite,True
mbpo_pushcube_500k_20261007T094728_f9d45348,PushCube-v1,mbpo,A_generation,430016,214,226975,TS1_mixture,reward_outside_0_1_fraction,0.2255859375
mbpo_pushcube_500k_20261007T094728_f9d45348,PushCube-v1,mbpo,A_generation,430016,214,226975,TS1_mixture,reward_below_zero_fraction,0.03955078125
mbpo_pushcube_500k_20261007T094728_f9d45348,PushCube-v1,mbpo,A_generation,430016,214,226975,TS1_mixture,reward_above_one_fraction,0.18603515625
mbpo_pushcube_500k_20261007T094728_f9d45348,PushCube-v1,mbpo,A_generation,430016,214,226975,TS1_mixture,reward_min,-0.5352988839149475
mbpo_pushcube_500k_20261007T094728_f9d45348,PushCube-v1,mbpo,A_generation,430016,214,226975,TS1_mixture,reward_max,1.2648358345031738
mbpo_pushcube_500k_20261007T094728_f9d45348,PushCube-v1,mbpo,A_generation,430016,214,226975,TS1_mixture,elite_mean_reward_min,-0.5812687277793884
mbpo_pushcube_500k_20261007T094728_f9d45348,PushCube-v1,mbpo,A_generation,430016,214,226975,TS1_mixture,elite_mean_reward_max,1.10930597782135
mbpo_pushcube_500k_20261007T094728_f9d45348,PushCube-v1,mbpo,A_generation,430016,214,226975,TS1_mixture,elite_mean_reward_outside_0_1_fraction,0.19482421875
mbpo_pushcube_500k_20261007T094728_f9d45348,PushCube-v1,mbpo,A_generation,430016,214,226975,TS1_mixture,extra.tcp_pose_quaternion_norm_mae,0.0006508297540710334
mbpo_pushcube_500k_20261007T094728_f9d45348,PushCube-v1,mbpo,A_generation,430016,214,226975,TS1_mixture,extra.tcp_pose_quaternion_norm_max_error,0.031169815157928937
mbpo_pushcube_500k_20261007T094728_f9d45348,PushCube-v1,mbpo,A_generation,430016,214,226975,TS1_mixture,extra.tcp_pose_quaternion_invalid_fraction_tol_0.01,0.00439453125
mbpo_pushcube_500k_20261007T094728_f9d45348,PushCube-v1,mbpo,A_generation,430016,214,226975,TS1_mixture,extra.obj_pose_quaternion_norm_mae,0.0060468741429346206
mbpo_pushcube_500k_20261007T094728_f9d45348,PushCube-v1,mbpo,A_generation,430016,214,226975,TS1_mixture,extra.obj_pose_quaternion_norm_max_error,0.06467022777831133
mbpo_pushcube_500k_20261007T094728_f9d45348,PushCube-v1,mbpo,A_generation,430016,214,226975,TS1_mixture,extra.obj_pose_quaternion_invalid_fraction_tol_0.01,0.22314453125
mbpo_pushcube_500k_20261007T094728_f9d45348,PushCube-v1,mbpo,A_generation,430016,214,226975,TS1_mixture,goal_position_drift_rmse,1.5444854144290218e-07
mbpo_pushcube_500k_20261007T094728_f9d45348,PushCube-v1,mbpo,A_generation,430016,214,226975,TS1_mixture,projected_quaternion_max_norm_error/extra.tcp_pose,5.960464477539063e-08
mbpo_pushcube_500k_20261007T094728_f9d45348,PushCube-v1,mbpo,A_generation,430016,214,226975,TS1_mixture,projected_quaternion_max_norm_error/extra.obj_pose,5.960464477539063e-08
mbpo_pushcube_500k_20261007T094728_f9d45348,PushCube-v1,mbpo,A_generation,432000,215,228032,TS1_mixture,count,2048
mbpo_pushcube_500k_20261007T094728_f9d45348,PushCube-v1,mbpo,A_generation,432000,215,228032,TS1_mixture,all_finite,True
mbpo_pushcube_500k_20261007T094728_f9d45348,PushCube-v1,mbpo,A_generation,432000,215,228032,TS1_mixture,reward_outside_0_1_fraction,0.26220703125
mbpo_pushcube_500k_20261007T094728_f9d45348,PushCube-v1,mbpo,A_generation,432000,215,228032,TS1_mixture,reward_below_zero_fraction,0.04443359375
mbpo_pushcube_500k_20261007T094728_f9d45348,PushCube-v1,mbpo,A_generation,432000,215,228032,TS1_mixture,reward_above_one_fraction,0.2177734375
mbpo_pushcube_500k_20261007T094728_f9d45348,PushCube-v1,mbpo,A_generation,432000,215,228032,TS1_mixture,reward_min,-0.5079763531684875
mbpo_pushcube_500k_20261007T094728_f9d45348,PushCube-v1,mbpo,A_generation,432000,215,228032,TS1_mixture,reward_max,1.2463054656982422
mbpo_pushcube_500k_20261007T094728_f9d45348,PushCube-v1,mbpo,A_generation,432000,215,228032,TS1_mixture,elite_mean_reward_min,-0.8278980255126953
mbpo_pushcube_500k_20261007T094728_f9d45348,PushCube-v1,mbpo,A_generation,432000,215,228032,TS1_mixture,elite_mean_reward_max,1.2351206541061401
mbpo_pushcube_500k_20261007T094728_f9d45348,PushCube-v1,mbpo,A_generation,432000,215,228032,TS1_mixture,elite_mean_reward_outside_0_1_fraction,0.256591796875
mbpo_pushcube_500k_20261007T094728_f9d45348,PushCube-v1,mbpo,A_generation,432000,215,228032,TS1_mixture,extra.tcp_pose_quaternion_norm_mae,0.0006710764613118332
mbpo_pushcube_500k_20261007T094728_f9d45348,PushCube-v1,mbpo,A_generation,432000,215,228032,TS1_mixture,extra.tcp_pose_quaternion_norm_max_error,0.06087774330824747
mbpo_pushcube_500k_20261007T094728_f9d45348,PushCube-v1,mbpo,A_generation,432000,215,228032,TS1_mixture,extra.tcp_pose_quaternion_invalid_fraction_tol_0.01,0.00439453125
mbpo_pushcube_500k_20261007T094728_f9d45348,PushCube-v1,mbpo,A_generation,432000,215,228032,TS1_mixture,extra.obj_pose_quaternion_norm_mae,0.006066630822042635
mbpo_pushcube_500k_20261007T094728_f9d45348,PushCube-v1,mbpo,A_generation,432000,215,228032,TS1_mixture,extra.obj_pose_quaternion_norm_max_error,0.06402543794168247
mbpo_pushcube_500k_20261007T094728_f9d45348,PushCube-v1,mbpo,A_generation,432000,215,228032,TS1_mixture,extra.obj_pose_quaternion_invalid_fraction_tol_0.01,0.21826171875
mbpo_pushcube_500k_20261007T094728_f9d45348,PushCube-v1,mbpo,A_generation,432000,215,228032,TS1_mixture,goal_position_drift_rmse,1.9499199417760712e-07
mbpo_pushcube_500k_20261007T094728_f9d45348,PushCube-v1,mbpo,A_generation,432000,215,228032,TS1_mixture,projected_quaternion_max_norm_error/extra.tcp_pose,5.960464477539063e-08
mbpo_pushcube_500k_20261007T094728_f9d45348,PushCube-v1,mbpo,A_generation,432000,215,228032,TS1_mixture,projected_quaternion_max_norm_error/extra.obj_pose,5.960464477539063e-08
mbpo_pushcube_500k_20261007T094728_f9d45348,PushCube-v1,mbpo,A_generation,434016,216,229105,TS1_mixture,count,2048
mbpo_pushcube_500k_20261007T094728_f9d45348,PushCube-v1,mbpo,A_generation,434016,216,229105,TS1_mixture,all_finite,True
mbpo_pushcube_500k_20261007T094728_f9d45348,PushCube-v1,mbpo,A_generation,434016,216,229105,TS1_mixture,reward_outside_0_1_fraction,0.2724609375
mbpo_pushcube_500k_20261007T094728_f9d45348,PushCube-v1,mbpo,A_generation,434016,216,229105,TS1_mixture,reward_below_zero_fraction,0.0458984375
mbpo_pushcube_500k_20261007T094728_f9d45348,PushCube-v1,mbpo,A_generation,434016,216,229105,TS1_mixture,reward_above_one_fraction,0.2265625
mbpo_pushcube_500k_20261007T094728_f9d45348,PushCube-v1,mbpo,A_generation,434016,216,229105,TS1_mixture,reward_min,-1.0945966243743896
mbpo_pushcube_500k_20261007T094728_f9d45348,PushCube-v1,mbpo,A_generation,434016,216,229105,TS1_mixture,reward_max,1.2065922021865845
mbpo_pushcube_500k_20261007T094728_f9d45348,PushCube-v1,mbpo,A_generation,434016,216,229105,TS1_mixture,elite_mean_reward_min,-1.0914814472198486
mbpo_pushcube_500k_20261007T094728_f9d45348,PushCube-v1,mbpo,A_generation,434016,216,229105,TS1_mixture,elite_mean_reward_max,1.1213593482971191
mbpo_pushcube_500k_20261007T094728_f9d45348,PushCube-v1,mbpo,A_generation,434016,216,229105,TS1_mixture,elite_mean_reward_outside_0_1_fraction,0.262939453125
mbpo_pushcube_500k_20261007T094728_f9d45348,PushCube-v1,mbpo,A_generation,434016,216,229105,TS1_mixture,extra.tcp_pose_quaternion_norm_mae,0.0006618352070330007
mbpo_pushcube_500k_20261007T094728_f9d45348,PushCube-v1,mbpo,A_generation,434016,216,229105,TS1_mixture,extra.tcp_pose_quaternion_norm_max_error,0.04778831405609574
mbpo_pushcube_500k_20261007T094728_f9d45348,PushCube-v1,mbpo,A_generation,434016,216,229105,TS1_mixture,extra.tcp_pose_quaternion_invalid_fraction_tol_0.01,0.00634765625
mbpo_pushcube_500k_20261007T094728_f9d45348,PushCube-v1,mbpo,A_generation,434016,216,229105,TS1_mixture,extra.obj_pose_quaternion_norm_mae,0.005876022514526709
mbpo_pushcube_500k_20261007T094728_f9d45348,PushCube-v1,mbpo,A_generation,434016,216,229105,TS1_mixture,extra.obj_pose_quaternion_norm_max_error,0.09194294908565881
mbpo_pushcube_500k_20261007T094728_f9d45348,PushCube-v1,mbpo,A_generation,434016,216,229105,TS1_mixture,extra.obj_pose_quaternion_invalid_fraction_tol_0.01,0.20654296875
mbpo_pushcube_500k_20261007T094728_f9d45348,PushCube-v1,mbpo,A_generation,434016,216,229105,TS1_mixture,goal_position_drift_rmse,1.9386520621553376e-07
mbpo_pushcube_500k_20261007T094728_f9d45348,PushCube-v1,mbpo,A_generation,434016,216,229105,TS1_mixture,projected_quaternion_max_norm_error/extra.tcp_pose,5.960464477539063e-08
mbpo_pushcube_500k_20261007T094728_f9d45348,PushCube-v1,mbpo,A_generation,434016,216,229105,TS1_mixture,projected_quaternion_max_norm_error/extra.obj_pose,5.960464477539063e-08
mbpo_pushcube_500k_20261007T094728_f9d45348,PushCube-v1,mbpo,A_generation,436000,217,230161,TS1_mixture,count,2048
mbpo_pushcube_500k_20261007T094728_f9d45348,PushCube-v1,mbpo,A_generation,436000,217,230161,TS1_mixture,all_finite,True
mbpo_pushcube_500k_20261007T094728_f9d45348,PushCube-v1,mbpo,A_generation,436000,217,230161,TS1_mixture,reward_outside_0_1_fraction,0.2685546875
mbpo_pushcube_500k_20261007T094728_f9d45348,PushCube-v1,mbpo,A_generation,436000,217,230161,TS1_mixture,reward_below_zero_fraction,0.03759765625
mbpo_pushcube_500k_20261007T094728_f9d45348,PushCube-v1,mbpo,A_generation,436000,217,230161,TS1_mixture,reward_above_one_fraction,0.23095703125
mbpo_pushcube_500k_20261007T094728_f9d45348,PushCube-v1,mbpo,A_generation,436000,217,230161,TS1_mixture,reward_min,-1.6059571504592896
mbpo_pushcube_500k_20261007T094728_f9d45348,PushCube-v1,mbpo,A_generation,436000,217,230161,TS1_mixture,reward_max,1.290198564529419
mbpo_pushcube_500k_20261007T094728_f9d45348,PushCube-v1,mbpo,A_generation,436000,217,230161,TS1_mixture,elite_mean_reward_min,-1.6509195566177368
mbpo_pushcube_500k_20261007T094728_f9d45348,PushCube-v1,mbpo,A_generation,436000,217,230161,TS1_mixture,elite_mean_reward_max,1.1100765466690063
mbpo_pushcube_500k_20261007T094728_f9d45348,PushCube-v1,mbpo,A_generation,436000,217,230161,TS1_mixture,elite_mean_reward_outside_0_1_fraction,0.25732421875
mbpo_pushcube_500k_20261007T094728_f9d45348,PushCube-v1,mbpo,A_generation,436000,217,230161,TS1_mixture,extra.tcp_pose_quaternion_norm_mae,0.0006180715261214394
mbpo_pushcube_500k_20261007T094728_f9d45348,PushCube-v1,mbpo,A_generation,436000,217,230161,TS1_mixture,extra.tcp_pose_quaternion_norm_max_error,0.046679579533353666
mbpo_pushcube_500k_20261007T094728_f9d45348,PushCube-v1,mbpo,A_generation,436000,217,230161,TS1_mixture,extra.tcp_pose_quaternion_invalid_fraction_tol_0.01,0.0048828125
mbpo_pushcube_500k_20261007T094728_f9d45348,PushCube-v1,mbpo,A_generation,436000,217,230161,TS1_mixture,extra.obj_pose_quaternion_norm_mae,0.0059538982216430425
mbpo_pushcube_500k_20261007T094728_f9d45348,PushCube-v1,mbpo,A_generation,436000,217,230161,TS1_mixture,extra.obj_pose_quaternion_norm_max_error,0.09299153224154932
mbpo_pushcube_500k_20261007T094728_f9d45348,PushCube-v1,mbpo,A_generation,436000,217,230161,TS1_mixture,extra.obj_pose_quaternion_invalid_fraction_tol_0.01,0.22265625
mbpo_pushcube_500k_20261007T094728_f9d45348,PushCube-v1,mbpo,A_generation,436000,217,230161,TS1_mixture,goal_position_drift_rmse,2.0080220864816747e-07
mbpo_pushcube_500k_20261007T094728_f9d45348,PushCube-v1,mbpo,A_generation,436000,217,230161,TS1_mixture,projected_quaternion_max_norm_error/extra.tcp_pose,5.960464477539063e-08
mbpo_pushcube_500k_20261007T094728_f9d45348,PushCube-v1,mbpo,A_generation,436000,217,230161,TS1_mixture,projected_quaternion_max_norm_error/extra.obj_pose,5.960464477539063e-08
mbpo_pushcube_500k_20261007T094728_f9d45348,PushCube-v1,mbpo,A_generation,438016,218,231234,TS1_mixture,count,2048
mbpo_pushcube_500k_20261007T094728_f9d45348,PushCube-v1,mbpo,A_generation,438016,218,231234,TS1_mixture,all_finite,True
mbpo_pushcube_500k_20261007T094728_f9d45348,PushCube-v1,mbpo,A_generation,438016,218,231234,TS1_mixture,reward_outside_0_1_fraction,0.2412109375
mbpo_pushcube_500k_20261007T094728_f9d45348,PushCube-v1,mbpo,A_generation,438016,218,231234,TS1_mixture,reward_below_zero_fraction,0.0341796875
mbpo_pushcube_500k_20261007T094728_f9d45348,PushCube-v1,mbpo,A_generation,438016,218,231234,TS1_mixture,reward_above_one_fraction,0.20703125
mbpo_pushcube_500k_20261007T094728_f9d45348,PushCube-v1,mbpo,A_generation,438016,218,231234,TS1_mixture,reward_min,-0.5573760271072388
mbpo_pushcube_500k_20261007T094728_f9d45348,PushCube-v1,mbpo,A_generation,438016,218,231234,TS1_mixture,reward_max,1.2431488037109375
mbpo_pushcube_500k_20261007T094728_f9d45348,PushCube-v1,mbpo,A_generation,438016,218,231234,TS1_mixture,elite_mean_reward_min,-0.541339099407196
mbpo_pushcube_500k_20261007T094728_f9d45348,PushCube-v1,mbpo,A_generation,438016,218,231234,TS1_mixture,elite_mean_reward_max,1.125610589981079
mbpo_pushcube_500k_20261007T094728_f9d45348,PushCube-v1,mbpo,A_generation,438016,218,231234,TS1_mixture,elite_mean_reward_outside_0_1_fraction,0.22607421875
mbpo_pushcube_500k_20261007T094728_f9d45348,PushCube-v1,mbpo,A_generation,438016,218,231234,TS1_mixture,extra.tcp_pose_quaternion_norm_mae,0.0007310402167806059
mbpo_pushcube_500k_20261007T094728_f9d45348,PushCube-v1,mbpo,A_generation,438016,218,231234,TS1_mixture,extra.tcp_pose_quaternion_norm_max_error,0.035299379805927456
mbpo_pushcube_500k_20261007T094728_f9d45348,PushCube-v1,mbpo,A_generation,438016,218,231234,TS1_mixture,extra.tcp_pose_quaternion_invalid_fraction_tol_0.01,0.0087890625
mbpo_pushcube_500k_20261007T094728_f9d45348,PushCube-v1,mbpo,A_generation,438016,218,231234,TS1_mixture,extra.obj_pose_quaternion_norm_mae,0.006413995559327958
mbpo_pushcube_500k_20261007T094728_f9d45348,PushCube-v1,mbpo,A_generation,438016,218,231234,TS1_mixture,extra.obj_pose_quaternion_norm_max_error,0.06444730087894324
mbpo_pushcube_500k_20261007T094728_f9d45348,PushCube-v1,mbpo,A_generation,438016,218,231234,TS1_mixture,extra.obj_pose_quaternion_invalid_fraction_tol_0.01,0.23681640625
mbpo_pushcube_500k_20261007T094728_f9d45348,PushCube-v1,mbpo,A_generation,438016,218,231234,TS1_mixture,goal_position_drift_rmse,2.161936923483588e-07
mbpo_pushcube_500k_20261007T094728_f9d45348,PushCube-v1,mbpo,A_generation,438016,218,231234,TS1_mixture,projected_quaternion_max_norm_error/extra.tcp_pose,5.960464477539063e-08
mbpo_pushcube_500k_20261007T094728_f9d45348,PushCube-v1,mbpo,A_generation,438016,218,231234,TS1_mixture,projected_quaternion_max_norm_error/extra.obj_pose,5.960464477539063e-08
mbpo_pushcube_500k_20261007T094728_f9d45348,PushCube-v1,mbpo,A_generation,440000,219,232291,TS1_mixture,count,2048
mbpo_pushcube_500k_20261007T094728_f9d45348,PushCube-v1,mbpo,A_generation,440000,219,232291,TS1_mixture,all_finite,True
mbpo_pushcube_500k_20261007T094728_f9d45348,PushCube-v1,mbpo,A_generation,440000,219,232291,TS1_mixture,reward_outside_0_1_fraction,0.24267578125
mbpo_pushcube_500k_20261007T094728_f9d45348,PushCube-v1,mbpo,A_generation,440000,219,232291,TS1_mixture,reward_below_zero_fraction,0.03759765625
mbpo_pushcube_500k_20261007T094728_f9d45348,PushCube-v1,mbpo,A_generation,440000,219,232291,TS1_mixture,reward_above_one_fraction,0.205078125
mbpo_pushcube_500k_20261007T094728_f9d45348,PushCube-v1,mbpo,A_generation,440000,219,232291,TS1_mixture,reward_min,-0.7343370318412781
mbpo_pushcube_500k_20261007T094728_f9d45348,PushCube-v1,mbpo,A_generation,440000,219,232291,TS1_mixture,reward_max,1.241653561592102
mbpo_pushcube_500k_20261007T094728_f9d45348,PushCube-v1,mbpo,A_generation,440000,219,232291,TS1_mixture,elite_mean_reward_min,-0.7231055498123169
mbpo_pushcube_500k_20261007T094728_f9d45348,PushCube-v1,mbpo,A_generation,440000,219,232291,TS1_mixture,elite_mean_reward_max,1.1034488677978516
mbpo_pushcube_500k_20261007T094728_f9d45348,PushCube-v1,mbpo,A_generation,440000,219,232291,TS1_mixture,elite_mean_reward_outside_0_1_fraction,0.22802734375
mbpo_pushcube_500k_20261007T094728_f9d45348,PushCube-v1,mbpo,A_generation,440000,219,232291,TS1_mixture,extra.tcp_pose_quaternion_norm_mae,0.0006732145484428338
mbpo_pushcube_500k_20261007T094728_f9d45348,PushCube-v1,mbpo,A_generation,440000,219,232291,TS1_mixture,extra.tcp_pose_quaternion_norm_max_error,0.04080983488302459
mbpo_pushcube_500k_20261007T094728_f9d45348,PushCube-v1,mbpo,A_generation,440000,219,232291,TS1_mixture,extra.tcp_pose_quaternion_invalid_fraction_tol_0.01,0.00537109375
mbpo_pushcube_500k_20261007T094728_f9d45348,PushCube-v1,mbpo,A_generation,440000,219,232291,TS1_mixture,extra.obj_pose_quaternion_norm_mae,0.005650676963335625
mbpo_pushcube_500k_20261007T094728_f9d45348,PushCube-v1,mbpo,A_generation,440000,219,232291,TS1_mixture,extra.obj_pose_quaternion_norm_max_error,0.08584116241199824
mbpo_pushcube_500k_20261007T094728_f9d45348,PushCube-v1,mbpo,A_generation,440000,219,232291,TS1_mixture,extra.obj_pose_quaternion_invalid_fraction_tol_0.01,0.20556640625
mbpo_pushcube_500k_20261007T094728_f9d45348,PushCube-v1,mbpo,A_generation,440000,219,232291,TS1_mixture,goal_position_drift_rmse,1.9774704296557203e-07
mbpo_pushcube_500k_20261007T094728_f9d45348,PushCube-v1,mbpo,A_generation,440000,219,232291,TS1_mixture,projected_quaternion_max_norm_error/extra.tcp_pose,5.960464477539063e-08
mbpo_pushcube_500k_20261007T094728_f9d45348,PushCube-v1,mbpo,A_generation,440000,219,232291,TS1_mixture,projected_quaternion_max_norm_error/extra.obj_pose,5.960464477539063e-08
mbpo_pushcube_500k_20261007T094728_f9d45348,PushCube-v1,mbpo,A_generation,442016,220,233364,TS1_mixture,count,2048
mbpo_pushcube_500k_20261007T094728_f9d45348,PushCube-v1,mbpo,A_generation,442016,220,233364,TS1_mixture,all_finite,True
mbpo_pushcube_500k_20261007T094728_f9d45348,PushCube-v1,mbpo,A_generation,442016,220,233364,TS1_mixture,reward_outside_0_1_fraction,0.263671875
mbpo_pushcube_500k_20261007T094728_f9d45348,PushCube-v1,mbpo,A_generation,442016,220,233364,TS1_mixture,reward_below_zero_fraction,0.05078125
mbpo_pushcube_500k_20261007T094728_f9d45348,PushCube-v1,mbpo,A_generation,442016,220,233364,TS1_mixture,reward_above_one_fraction,0.212890625
mbpo_pushcube_500k_20261007T094728_f9d45348,PushCube-v1,mbpo,A_generation,442016,220,233364,TS1_mixture,reward_min,-1.5430079698562622
mbpo_pushcube_500k_20261007T094728_f9d45348,PushCube-v1,mbpo,A_generation,442016,220,233364,TS1_mixture,reward_max,1.253216028213501
mbpo_pushcube_500k_20261007T094728_f9d45348,PushCube-v1,mbpo,A_generation,442016,220,233364,TS1_mixture,elite_mean_reward_min,-1.4983545541763306
mbpo_pushcube_500k_20261007T094728_f9d45348,PushCube-v1,mbpo,A_generation,442016,220,233364,TS1_mixture,elite_mean_reward_max,1.1011852025985718
mbpo_pushcube_500k_20261007T094728_f9d45348,PushCube-v1,mbpo,A_generation,442016,220,233364,TS1_mixture,elite_mean_reward_outside_0_1_fraction,0.226806640625
mbpo_pushcube_500k_20261007T094728_f9d45348,PushCube-v1,mbpo,A_generation,442016,220,233364,TS1_mixture,extra.tcp_pose_quaternion_norm_mae,0.0006810527737886789
mbpo_pushcube_500k_20261007T094728_f9d45348,PushCube-v1,mbpo,A_generation,442016,220,233364,TS1_mixture,extra.tcp_pose_quaternion_norm_max_error,0.041420177279434034
mbpo_pushcube_500k_20261007T094728_f9d45348,PushCube-v1,mbpo,A_generation,442016,220,233364,TS1_mixture,extra.tcp_pose_quaternion_invalid_fraction_tol_0.01,0.0068359375
mbpo_pushcube_500k_20261007T094728_f9d45348,PushCube-v1,mbpo,A_generation,442016,220,233364,TS1_mixture,extra.obj_pose_quaternion_norm_mae,0.005490532579006056
mbpo_pushcube_500k_20261007T094728_f9d45348,PushCube-v1,mbpo,A_generation,442016,220,233364,TS1_mixture,extra.obj_pose_quaternion_norm_max_error,0.05419604509273357
mbpo_pushcube_500k_20261007T094728_f9d45348,PushCube-v1,mbpo,A_generation,442016,220,233364,TS1_mixture,extra.obj_pose_quaternion_invalid_fraction_tol_0.01,0.20703125
mbpo_pushcube_500k_20261007T094728_f9d45348,PushCube-v1,mbpo,A_generation,442016,220,233364,TS1_mixture,goal_position_drift_rmse,2.1308927158992424e-07
mbpo_pushcube_500k_20261007T094728_f9d45348,PushCube-v1,mbpo,A_generation,442016,220,233364,TS1_mixture,projected_quaternion_max_norm_error/extra.tcp_pose,5.960464477539063e-08
mbpo_pushcube_500k_20261007T094728_f9d45348,PushCube-v1,mbpo,A_generation,442016,220,233364,TS1_mixture,projected_quaternion_max_norm_error/extra.obj_pose,5.960464477539063e-08
mbpo_pushcube_500k_20261007T094728_f9d45348,PushCube-v1,mbpo,A_generation,444000,221,234420,TS1_mixture,count,2048
mbpo_pushcube_500k_20261007T094728_f9d45348,PushCube-v1,mbpo,A_generation,444000,221,234420,TS1_mixture,all_finite,True
mbpo_pushcube_500k_20261007T094728_f9d45348,PushCube-v1,mbpo,A_generation,444000,221,234420,TS1_mixture,reward_outside_0_1_fraction,0.232421875
mbpo_pushcube_500k_20261007T094728_f9d45348,PushCube-v1,mbpo,A_generation,444000,221,234420,TS1_mixture,reward_below_zero_fraction,0.046875
mbpo_pushcube_500k_20261007T094728_f9d45348,PushCube-v1,mbpo,A_generation,444000,221,234420,TS1_mixture,reward_above_one_fraction,0.185546875
mbpo_pushcube_500k_20261007T094728_f9d45348,PushCube-v1,mbpo,A_generation,444000,221,234420,TS1_mixture,reward_min,-0.6410353183746338
mbpo_pushcube_500k_20261007T094728_f9d45348,PushCube-v1,mbpo,A_generation,444000,221,234420,TS1_mixture,reward_max,1.223703145980835
mbpo_pushcube_500k_20261007T094728_f9d45348,PushCube-v1,mbpo,A_generation,444000,221,234420,TS1_mixture,elite_mean_reward_min,-0.7811521291732788
mbpo_pushcube_500k_20261007T094728_f9d45348,PushCube-v1,mbpo,A_generation,444000,221,234420,TS1_mixture,elite_mean_reward_max,1.108052372932434
mbpo_pushcube_500k_20261007T094728_f9d45348,PushCube-v1,mbpo,A_generation,444000,221,234420,TS1_mixture,elite_mean_reward_outside_0_1_fraction,0.218017578125
mbpo_pushcube_500k_20261007T094728_f9d45348,PushCube-v1,mbpo,A_generation,444000,221,234420,TS1_mixture,extra.tcp_pose_quaternion_norm_mae,0.0006361822709211602
mbpo_pushcube_500k_20261007T094728_f9d45348,PushCube-v1,mbpo,A_generation,444000,221,234420,TS1_mixture,extra.tcp_pose_quaternion_norm_max_error,0.026547168794823217
mbpo_pushcube_500k_20261007T094728_f9d45348,PushCube-v1,mbpo,A_generation,444000,221,234420,TS1_mixture,extra.tcp_pose_quaternion_invalid_fraction_tol_0.01,0.00732421875
mbpo_pushcube_500k_20261007T094728_f9d45348,PushCube-v1,mbpo,A_generation,444000,221,234420,TS1_mixture,extra.obj_pose_quaternion_norm_mae,0.0058356515163779064
mbpo_pushcube_500k_20261007T094728_f9d45348,PushCube-v1,mbpo,A_generation,444000,221,234420,TS1_mixture,extra.obj_pose_quaternion_norm_max_error,0.0586753980214737
mbpo_pushcube_500k_20261007T094728_f9d45348,PushCube-v1,mbpo,A_generation,444000,221,234420,TS1_mixture,extra.obj_pose_quaternion_invalid_fraction_tol_0.01,0.21435546875
mbpo_pushcube_500k_20261007T094728_f9d45348,PushCube-v1,mbpo,A_generation,444000,221,234420,TS1_mixture,goal_position_drift_rmse,2.327958821921466e-07
mbpo_pushcube_500k_20261007T094728_f9d45348,PushCube-v1,mbpo,A_generation,444000,221,234420,TS1_mixture,projected_quaternion_max_norm_error/extra.tcp_pose,5.960464477539063e-08
mbpo_pushcube_500k_20261007T094728_f9d45348,PushCube-v1,mbpo,A_generation,444000,221,234420,TS1_mixture,projected_quaternion_max_norm_error/extra.obj_pose,5.960464477539063e-08
mbpo_pushcube_500k_20261007T094728_f9d45348,PushCube-v1,mbpo,A_generation,446016,222,235493,TS1_mixture,count,2048
mbpo_pushcube_500k_20261007T094728_f9d45348,PushCube-v1,mbpo,A_generation,446016,222,235493,TS1_mixture,all_finite,True
mbpo_pushcube_500k_20261007T094728_f9d45348,PushCube-v1,mbpo,A_generation,446016,222,235493,TS1_mixture,reward_outside_0_1_fraction,0.2216796875
mbpo_pushcube_500k_20261007T094728_f9d45348,PushCube-v1,mbpo,A_generation,446016,222,235493,TS1_mixture,reward_below_zero_fraction,0.03271484375
mbpo_pushcube_500k_20261007T094728_f9d45348,PushCube-v1,mbpo,A_generation,446016,222,235493,TS1_mixture,reward_above_one_fraction,0.18896484375
mbpo_pushcube_500k_20261007T094728_f9d45348,PushCube-v1,mbpo,A_generation,446016,222,235493,TS1_mixture,reward_min,-0.7521103024482727
mbpo_pushcube_500k_20261007T094728_f9d45348,PushCube-v1,mbpo,A_generation,446016,222,235493,TS1_mixture,reward_max,1.20441472530365
mbpo_pushcube_500k_20261007T094728_f9d45348,PushCube-v1,mbpo,A_generation,446016,222,235493,TS1_mixture,elite_mean_reward_min,-0.8783290982246399
mbpo_pushcube_500k_20261007T094728_f9d45348,PushCube-v1,mbpo,A_generation,446016,222,235493,TS1_mixture,elite_mean_reward_max,1.110038161277771
mbpo_pushcube_500k_20261007T094728_f9d45348,PushCube-v1,mbpo,A_generation,446016,222,235493,TS1_mixture,elite_mean_reward_outside_0_1_fraction,0.2119140625
mbpo_pushcube_500k_20261007T094728_f9d45348,PushCube-v1,mbpo,A_generation,446016,222,235493,TS1_mixture,extra.tcp_pose_quaternion_norm_mae,0.0006032581562767713
mbpo_pushcube_500k_20261007T094728_f9d45348,PushCube-v1,mbpo,A_generation,446016,222,235493,TS1_mixture,extra.tcp_pose_quaternion_norm_max_error,0.024240543535689607
mbpo_pushcube_500k_20261007T094728_f9d45348,PushCube-v1,mbpo,A_generation,446016,222,235493,TS1_mixture,extra.tcp_pose_quaternion_invalid_fraction_tol_0.01,0.00341796875
mbpo_pushcube_500k_20261007T094728_f9d45348,PushCube-v1,mbpo,A_generation,446016,222,235493,TS1_mixture,extra.obj_pose_quaternion_norm_mae,0.006124326257938884
mbpo_pushcube_500k_20261007T094728_f9d45348,PushCube-v1,mbpo,A_generation,446016,222,235493,TS1_mixture,extra.obj_pose_quaternion_norm_max_error,0.0703748916456467
mbpo_pushcube_500k_20261007T094728_f9d45348,PushCube-v1,mbpo,A_generation,446016,222,235493,TS1_mixture,extra.obj_pose_quaternion_invalid_fraction_tol_0.01,0.23193359375
mbpo_pushcube_500k_20261007T094728_f9d45348,PushCube-v1,mbpo,A_generation,446016,222,235493,TS1_mixture,goal_position_drift_rmse,1.6145238026882945e-07
mbpo_pushcube_500k_20261007T094728_f9d45348,PushCube-v1,mbpo,A_generation,446016,222,235493,TS1_mixture,projected_quaternion_max_norm_error/extra.tcp_pose,5.960464477539063e-08
mbpo_pushcube_500k_20261007T094728_f9d45348,PushCube-v1,mbpo,A_generation,446016,222,235493,TS1_mixture,projected_quaternion_max_norm_error/extra.obj_pose,5.960464477539063e-08
mbpo_pushcube_500k_20261007T094728_f9d45348,PushCube-v1,mbpo,A_generation,448000,223,236550,TS1_mixture,count,2048
mbpo_pushcube_500k_20261007T094728_f9d45348,PushCube-v1,mbpo,A_generation,448000,223,236550,TS1_mixture,all_finite,True
mbpo_pushcube_500k_20261007T094728_f9d45348,PushCube-v1,mbpo,A_generation,448000,223,236550,TS1_mixture,reward_outside_0_1_fraction,0.251953125
mbpo_pushcube_500k_20261007T094728_f9d45348,PushCube-v1,mbpo,A_generation,448000,223,236550,TS1_mixture,reward_below_zero_fraction,0.04248046875
mbpo_pushcube_500k_20261007T094728_f9d45348,PushCube-v1,mbpo,A_generation,448000,223,236550,TS1_mixture,reward_above_one_fraction,0.20947265625
mbpo_pushcube_500k_20261007T094728_f9d45348,PushCube-v1,mbpo,A_generation,448000,223,236550,TS1_mixture,reward_min,-0.3660808801651001
mbpo_pushcube_500k_20261007T094728_f9d45348,PushCube-v1,mbpo,A_generation,448000,223,236550,TS1_mixture,reward_max,1.2209521532058716
mbpo_pushcube_500k_20261007T094728_f9d45348,PushCube-v1,mbpo,A_generation,448000,223,236550,TS1_mixture,elite_mean_reward_min,-0.466045618057251
mbpo_pushcube_500k_20261007T094728_f9d45348,PushCube-v1,mbpo,A_generation,448000,223,236550,TS1_mixture,elite_mean_reward_max,1.1145172119140625
mbpo_pushcube_500k_20261007T094728_f9d45348,PushCube-v1,mbpo,A_generation,448000,223,236550,TS1_mixture,elite_mean_reward_outside_0_1_fraction,0.235595703125
mbpo_pushcube_500k_20261007T094728_f9d45348,PushCube-v1,mbpo,A_generation,448000,223,236550,TS1_mixture,extra.tcp_pose_quaternion_norm_mae,0.0006515780766095727
mbpo_pushcube_500k_20261007T094728_f9d45348,PushCube-v1,mbpo,A_generation,448000,223,236550,TS1_mixture,extra.tcp_pose_quaternion_norm_max_error,0.018215121630768327
mbpo_pushcube_500k_20261007T094728_f9d45348,PushCube-v1,mbpo,A_generation,448000,223,236550,TS1_mixture,extra.tcp_pose_quaternion_invalid_fraction_tol_0.01,0.005859375
mbpo_pushcube_500k_20261007T094728_f9d45348,PushCube-v1,mbpo,A_generation,448000,223,236550,TS1_mixture,extra.obj_pose_quaternion_norm_mae,0.005898277451721621
mbpo_pushcube_500k_20261007T094728_f9d45348,PushCube-v1,mbpo,A_generation,448000,223,236550,TS1_mixture,extra.obj_pose_quaternion_norm_max_error,0.06759948261642545
mbpo_pushcube_500k_20261007T094728_f9d45348,PushCube-v1,mbpo,A_generation,448000,223,236550,TS1_mixture,extra.obj_pose_quaternion_invalid_fraction_tol_0.01,0.2216796875
mbpo_pushcube_500k_20261007T094728_f9d45348,PushCube-v1,mbpo,A_generation,448000,223,236550,TS1_mixture,goal_position_drift_rmse,2.0493953928664673e-07
mbpo_pushcube_500k_20261007T094728_f9d45348,PushCube-v1,mbpo,A_generation,448000,223,236550,TS1_mixture,projected_quaternion_max_norm_error/extra.tcp_pose,5.960464477539063e-08
mbpo_pushcube_500k_20261007T094728_f9d45348,PushCube-v1,mbpo,A_generation,448000,223,236550,TS1_mixture,projected_quaternion_max_norm_error/extra.obj_pose,5.960464477539063e-08
mbpo_pushcube_500k_20261007T094728_f9d45348,PushCube-v1,mbpo,A_generation,450016,224,237623,TS1_mixture,count,2048
mbpo_pushcube_500k_20261007T094728_f9d45348,PushCube-v1,mbpo,A_generation,450016,224,237623,TS1_mixture,all_finite,True
mbpo_pushcube_500k_20261007T094728_f9d45348,PushCube-v1,mbpo,A_generation,450016,224,237623,TS1_mixture,reward_outside_0_1_fraction,0.251953125
mbpo_pushcube_500k_20261007T094728_f9d45348,PushCube-v1,mbpo,A_generation,450016,224,237623,TS1_mixture,reward_below_zero_fraction,0.03515625
mbpo_pushcube_500k_20261007T094728_f9d45348,PushCube-v1,mbpo,A_generation,450016,224,237623,TS1_mixture,reward_above_one_fraction,0.216796875
mbpo_pushcube_500k_20261007T094728_f9d45348,PushCube-v1,mbpo,A_generation,450016,224,237623,TS1_mixture,reward_min,-0.3457295596599579
mbpo_pushcube_500k_20261007T094728_f9d45348,PushCube-v1,mbpo,A_generation,450016,224,237623,TS1_mixture,reward_max,1.256480097770691
mbpo_pushcube_500k_20261007T094728_f9d45348,PushCube-v1,mbpo,A_generation,450016,224,237623,TS1_mixture,elite_mean_reward_min,-0.31165292859077454
mbpo_pushcube_500k_20261007T094728_f9d45348,PushCube-v1,mbpo,A_generation,450016,224,237623,TS1_mixture,elite_mean_reward_max,1.132407546043396
mbpo_pushcube_500k_20261007T094728_f9d45348,PushCube-v1,mbpo,A_generation,450016,224,237623,TS1_mixture,elite_mean_reward_outside_0_1_fraction,0.23828125
mbpo_pushcube_500k_20261007T094728_f9d45348,PushCube-v1,mbpo,A_generation,450016,224,237623,TS1_mixture,extra.tcp_pose_quaternion_norm_mae,0.0006142829545915205
mbpo_pushcube_500k_20261007T094728_f9d45348,PushCube-v1,mbpo,A_generation,450016,224,237623,TS1_mixture,extra.tcp_pose_quaternion_norm_max_error,0.03938855878014502
mbpo_pushcube_500k_20261007T094728_f9d45348,PushCube-v1,mbpo,A_generation,450016,224,237623,TS1_mixture,extra.tcp_pose_quaternion_invalid_fraction_tol_0.01,0.005859375
mbpo_pushcube_500k_20261007T094728_f9d45348,PushCube-v1,mbpo,A_generation,450016,224,237623,TS1_mixture,extra.obj_pose_quaternion_norm_mae,0.006015367913970995
mbpo_pushcube_500k_20261007T094728_f9d45348,PushCube-v1,mbpo,A_generation,450016,224,237623,TS1_mixture,extra.obj_pose_quaternion_norm_max_error,0.09381361167440061
mbpo_pushcube_500k_20261007T094728_f9d45348,PushCube-v1,mbpo,A_generation,450016,224,237623,TS1_mixture,extra.obj_pose_quaternion_invalid_fraction_tol_0.01,0.220703125
mbpo_pushcube_500k_20261007T094728_f9d45348,PushCube-v1,mbpo,A_generation,450016,224,237623,TS1_mixture,goal_position_drift_rmse,2.1219299126941515e-07
mbpo_pushcube_500k_20261007T094728_f9d45348,PushCube-v1,mbpo,A_generation,450016,224,237623,TS1_mixture,projected_quaternion_max_norm_error/extra.tcp_pose,5.960464477539063e-08
mbpo_pushcube_500k_20261007T094728_f9d45348,PushCube-v1,mbpo,A_generation,450016,224,237623,TS1_mixture,projected_quaternion_max_norm_error/extra.obj_pose,5.960464477539063e-08
mbpo_pushcube_500k_20261007T094728_f9d45348,PushCube-v1,mbpo,A_generation,452000,225,238685,TS1_mixture,count,2048
mbpo_pushcube_500k_20261007T094728_f9d45348,PushCube-v1,mbpo,A_generation,452000,225,238685,TS1_mixture,all_finite,True
mbpo_pushcube_500k_20261007T094728_f9d45348,PushCube-v1,mbpo,A_generation,452000,225,238685,TS1_mixture,reward_outside_0_1_fraction,0.22705078125
mbpo_pushcube_500k_20261007T094728_f9d45348,PushCube-v1,mbpo,A_generation,452000,225,238685,TS1_mixture,reward_below_zero_fraction,0.0361328125
mbpo_pushcube_500k_20261007T094728_f9d45348,PushCube-v1,mbpo,A_generation,452000,225,238685,TS1_mixture,reward_above_one_fraction,0.19091796875
mbpo_pushcube_500k_20261007T094728_f9d45348,PushCube-v1,mbpo,A_generation,452000,225,238685,TS1_mixture,reward_min,-0.5662756562232971
mbpo_pushcube_500k_20261007T094728_f9d45348,PushCube-v1,mbpo,A_generation,452000,225,238685,TS1_mixture,reward_max,1.2326648235321045
mbpo_pushcube_500k_20261007T094728_f9d45348,PushCube-v1,mbpo,A_generation,452000,225,238685,TS1_mixture,elite_mean_reward_min,-0.8691427111625671
mbpo_pushcube_500k_20261007T094728_f9d45348,PushCube-v1,mbpo,A_generation,452000,225,238685,TS1_mixture,elite_mean_reward_max,1.1274189949035645
mbpo_pushcube_500k_20261007T094728_f9d45348,PushCube-v1,mbpo,A_generation,452000,225,238685,TS1_mixture,elite_mean_reward_outside_0_1_fraction,0.2080078125
mbpo_pushcube_500k_20261007T094728_f9d45348,PushCube-v1,mbpo,A_generation,452000,225,238685,TS1_mixture,extra.tcp_pose_quaternion_norm_mae,0.0005876588997832953
mbpo_pushcube_500k_20261007T094728_f9d45348,PushCube-v1,mbpo,A_generation,452000,225,238685,TS1_mixture,extra.tcp_pose_quaternion_norm_max_error,0.028495750765850092
mbpo_pushcube_500k_20261007T094728_f9d45348,PushCube-v1,mbpo,A_generation,452000,225,238685,TS1_mixture,extra.tcp_pose_quaternion_invalid_fraction_tol_0.01,0.00439453125
mbpo_pushcube_500k_20261007T094728_f9d45348,PushCube-v1,mbpo,A_generation,452000,225,238685,TS1_mixture,extra.obj_pose_quaternion_norm_mae,0.005980500412031859
mbpo_pushcube_500k_20261007T094728_f9d45348,PushCube-v1,mbpo,A_generation,452000,225,238685,TS1_mixture,extra.obj_pose_quaternion_norm_max_error,0.08880350077411447
mbpo_pushcube_500k_20261007T094728_f9d45348,PushCube-v1,mbpo,A_generation,452000,225,238685,TS1_mixture,extra.obj_pose_quaternion_invalid_fraction_tol_0.01,0.22021484375
mbpo_pushcube_500k_20261007T094728_f9d45348,PushCube-v1,mbpo,A_generation,452000,225,238685,TS1_mixture,goal_position_drift_rmse,2.0632190606616348e-07
mbpo_pushcube_500k_20261007T094728_f9d45348,PushCube-v1,mbpo,A_generation,452000,225,238685,TS1_mixture,projected_quaternion_max_norm_error/extra.tcp_pose,5.960464477539063e-08
mbpo_pushcube_500k_20261007T094728_f9d45348,PushCube-v1,mbpo,A_generation,452000,225,238685,TS1_mixture,projected_quaternion_max_norm_error/extra.obj_pose,5.960464477539063e-08
mbpo_pushcube_500k_20261007T094728_f9d45348,PushCube-v1,mbpo,A_generation,454016,226,239758,TS1_mixture,count,2048
mbpo_pushcube_500k_20261007T094728_f9d45348,PushCube-v1,mbpo,A_generation,454016,226,239758,TS1_mixture,all_finite,True
mbpo_pushcube_500k_20261007T094728_f9d45348,PushCube-v1,mbpo,A_generation,454016,226,239758,TS1_mixture,reward_outside_0_1_fraction,0.24169921875
mbpo_pushcube_500k_20261007T094728_f9d45348,PushCube-v1,mbpo,A_generation,454016,226,239758,TS1_mixture,reward_below_zero_fraction,0.033203125
mbpo_pushcube_500k_20261007T094728_f9d45348,PushCube-v1,mbpo,A_generation,454016,226,239758,TS1_mixture,reward_above_one_fraction,0.20849609375
mbpo_pushcube_500k_20261007T094728_f9d45348,PushCube-v1,mbpo,A_generation,454016,226,239758,TS1_mixture,reward_min,-0.34132447838783264
mbpo_pushcube_500k_20261007T094728_f9d45348,PushCube-v1,mbpo,A_generation,454016,226,239758,TS1_mixture,reward_max,1.2761051654815674
mbpo_pushcube_500k_20261007T094728_f9d45348,PushCube-v1,mbpo,A_generation,454016,226,239758,TS1_mixture,elite_mean_reward_min,-0.39016836881637573
mbpo_pushcube_500k_20261007T094728_f9d45348,PushCube-v1,mbpo,A_generation,454016,226,239758,TS1_mixture,elite_mean_reward_max,1.1299248933792114
mbpo_pushcube_500k_20261007T094728_f9d45348,PushCube-v1,mbpo,A_generation,454016,226,239758,TS1_mixture,elite_mean_reward_outside_0_1_fraction,0.22607421875
mbpo_pushcube_500k_20261007T094728_f9d45348,PushCube-v1,mbpo,A_generation,454016,226,239758,TS1_mixture,extra.tcp_pose_quaternion_norm_mae,0.0005936370907712583
mbpo_pushcube_500k_20261007T094728_f9d45348,PushCube-v1,mbpo,A_generation,454016,226,239758,TS1_mixture,extra.tcp_pose_quaternion_norm_max_error,0.02714839185713469
mbpo_pushcube_500k_20261007T094728_f9d45348,PushCube-v1,mbpo,A_generation,454016,226,239758,TS1_mixture,extra.tcp_pose_quaternion_invalid_fraction_tol_0.01,0.00537109375
mbpo_pushcube_500k_20261007T094728_f9d45348,PushCube-v1,mbpo,A_generation,454016,226,239758,TS1_mixture,extra.obj_pose_quaternion_norm_mae,0.005921781658259177
mbpo_pushcube_500k_20261007T094728_f9d45348,PushCube-v1,mbpo,A_generation,454016,226,239758,TS1_mixture,extra.obj_pose_quaternion_norm_max_error,0.06101642658515527
mbpo_pushcube_500k_20261007T094728_f9d45348,PushCube-v1,mbpo,A_generation,454016,226,239758,TS1_mixture,extra.obj_pose_quaternion_invalid_fraction_tol_0.01,0.2255859375
mbpo_pushcube_500k_20261007T094728_f9d45348,PushCube-v1,mbpo,A_generation,454016,226,239758,TS1_mixture,goal_position_drift_rmse,1.9067786227978524e-07
mbpo_pushcube_500k_20261007T094728_f9d45348,PushCube-v1,mbpo,A_generation,454016,226,239758,TS1_mixture,projected_quaternion_max_norm_error/extra.tcp_pose,5.960464477539063e-08
mbpo_pushcube_500k_20261007T094728_f9d45348,PushCube-v1,mbpo,A_generation,454016,226,239758,TS1_mixture,projected_quaternion_max_norm_error/extra.obj_pose,5.960464477539063e-08
mbpo_pushcube_500k_20261007T094728_f9d45348,PushCube-v1,mbpo,A_generation,456000,227,240815,TS1_mixture,count,2048
mbpo_pushcube_500k_20261007T094728_f9d45348,PushCube-v1,mbpo,A_generation,456000,227,240815,TS1_mixture,all_finite,True
mbpo_pushcube_500k_20261007T094728_f9d45348,PushCube-v1,mbpo,A_generation,456000,227,240815,TS1_mixture,reward_outside_0_1_fraction,0.23193359375
mbpo_pushcube_500k_20261007T094728_f9d45348,PushCube-v1,mbpo,A_generation,456000,227,240815,TS1_mixture,reward_below_zero_fraction,0.04345703125
mbpo_pushcube_500k_20261007T094728_f9d45348,PushCube-v1,mbpo,A_generation,456000,227,240815,TS1_mixture,reward_above_one_fraction,0.1884765625
mbpo_pushcube_500k_20261007T094728_f9d45348,PushCube-v1,mbpo,A_generation,456000,227,240815,TS1_mixture,reward_min,-0.5246086716651917
mbpo_pushcube_500k_20261007T094728_f9d45348,PushCube-v1,mbpo,A_generation,456000,227,240815,TS1_mixture,reward_max,1.2234004735946655
mbpo_pushcube_500k_20261007T094728_f9d45348,PushCube-v1,mbpo,A_generation,456000,227,240815,TS1_mixture,elite_mean_reward_min,-0.843793511390686
mbpo_pushcube_500k_20261007T094728_f9d45348,PushCube-v1,mbpo,A_generation,456000,227,240815,TS1_mixture,elite_mean_reward_max,1.116220235824585
mbpo_pushcube_500k_20261007T094728_f9d45348,PushCube-v1,mbpo,A_generation,456000,227,240815,TS1_mixture,elite_mean_reward_outside_0_1_fraction,0.201416015625
mbpo_pushcube_500k_20261007T094728_f9d45348,PushCube-v1,mbpo,A_generation,456000,227,240815,TS1_mixture,extra.tcp_pose_quaternion_norm_mae,0.0006338377665230288
mbpo_pushcube_500k_20261007T094728_f9d45348,PushCube-v1,mbpo,A_generation,456000,227,240815,TS1_mixture,extra.tcp_pose_quaternion_norm_max_error,0.028136607726472862
mbpo_pushcube_500k_20261007T094728_f9d45348,PushCube-v1,mbpo,A_generation,456000,227,240815,TS1_mixture,extra.tcp_pose_quaternion_invalid_fraction_tol_0.01,0.0048828125
mbpo_pushcube_500k_20261007T094728_f9d45348,PushCube-v1,mbpo,A_generation,456000,227,240815,TS1_mixture,extra.obj_pose_quaternion_norm_mae,0.005559865862477268
mbpo_pushcube_500k_20261007T094728_f9d45348,PushCube-v1,mbpo,A_generation,456000,227,240815,TS1_mixture,extra.obj_pose_quaternion_norm_max_error,0.06499770112164238
mbpo_pushcube_500k_20261007T094728_f9d45348,PushCube-v1,mbpo,A_generation,456000,227,240815,TS1_mixture,extra.obj_pose_quaternion_invalid_fraction_tol_0.01,0.2119140625
mbpo_pushcube_500k_20261007T094728_f9d45348,PushCube-v1,mbpo,A_generation,456000,227,240815,TS1_mixture,goal_position_drift_rmse,2.0981574382658843e-07
mbpo_pushcube_500k_20261007T094728_f9d45348,PushCube-v1,mbpo,A_generation,456000,227,240815,TS1_mixture,projected_quaternion_max_norm_error/extra.tcp_pose,5.960464477539063e-08
mbpo_pushcube_500k_20261007T094728_f9d45348,PushCube-v1,mbpo,A_generation,456000,227,240815,TS1_mixture,projected_quaternion_max_norm_error/extra.obj_pose,5.960464477539063e-08
mbpo_pushcube_500k_20261007T094728_f9d45348,PushCube-v1,mbpo,A_generation,458016,228,241888,TS1_mixture,count,2048
mbpo_pushcube_500k_20261007T094728_f9d45348,PushCube-v1,mbpo,A_generation,458016,228,241888,TS1_mixture,all_finite,True
mbpo_pushcube_500k_20261007T094728_f9d45348,PushCube-v1,mbpo,A_generation,458016,228,241888,TS1_mixture,reward_outside_0_1_fraction,0.25537109375
mbpo_pushcube_500k_20261007T094728_f9d45348,PushCube-v1,mbpo,A_generation,458016,228,241888,TS1_mixture,reward_below_zero_fraction,0.037109375
mbpo_pushcube_500k_20261007T094728_f9d45348,PushCube-v1,mbpo,A_generation,458016,228,241888,TS1_mixture,reward_above_one_fraction,0.21826171875
mbpo_pushcube_500k_20261007T094728_f9d45348,PushCube-v1,mbpo,A_generation,458016,228,241888,TS1_mixture,reward_min,-0.3743768036365509
mbpo_pushcube_500k_20261007T094728_f9d45348,PushCube-v1,mbpo,A_generation,458016,228,241888,TS1_mixture,reward_max,1.2554641962051392
mbpo_pushcube_500k_20261007T094728_f9d45348,PushCube-v1,mbpo,A_generation,458016,228,241888,TS1_mixture,elite_mean_reward_min,-0.5174386501312256
mbpo_pushcube_500k_20261007T094728_f9d45348,PushCube-v1,mbpo,A_generation,458016,228,241888,TS1_mixture,elite_mean_reward_max,1.1196258068084717
mbpo_pushcube_500k_20261007T094728_f9d45348,PushCube-v1,mbpo,A_generation,458016,228,241888,TS1_mixture,elite_mean_reward_outside_0_1_fraction,0.255859375
mbpo_pushcube_500k_20261007T094728_f9d45348,PushCube-v1,mbpo,A_generation,458016,228,241888,TS1_mixture,extra.tcp_pose_quaternion_norm_mae,0.0006171896937804052
mbpo_pushcube_500k_20261007T094728_f9d45348,PushCube-v1,mbpo,A_generation,458016,228,241888,TS1_mixture,extra.tcp_pose_quaternion_norm_max_error,0.0263625658641653
mbpo_pushcube_500k_20261007T094728_f9d45348,PushCube-v1,mbpo,A_generation,458016,228,241888,TS1_mixture,extra.tcp_pose_quaternion_invalid_fraction_tol_0.01,0.0048828125
mbpo_pushcube_500k_20261007T094728_f9d45348,PushCube-v1,mbpo,A_generation,458016,228,241888,TS1_mixture,extra.obj_pose_quaternion_norm_mae,0.005630067163068374
mbpo_pushcube_500k_20261007T094728_f9d45348,PushCube-v1,mbpo,A_generation,458016,228,241888,TS1_mixture,extra.obj_pose_quaternion_norm_max_error,0.07137680739675978
mbpo_pushcube_500k_20261007T094728_f9d45348,PushCube-v1,mbpo,A_generation,458016,228,241888,TS1_mixture,extra.obj_pose_quaternion_invalid_fraction_tol_0.01,0.20947265625
mbpo_pushcube_500k_20261007T094728_f9d45348,PushCube-v1,mbpo,A_generation,458016,228,241888,TS1_mixture,goal_position_drift_rmse,1.7911054293760483e-07
mbpo_pushcube_500k_20261007T094728_f9d45348,PushCube-v1,mbpo,A_generation,458016,228,241888,TS1_mixture,projected_quaternion_max_norm_error/extra.tcp_pose,5.960464477539063e-08
mbpo_pushcube_500k_20261007T094728_f9d45348,PushCube-v1,mbpo,A_generation,458016,228,241888,TS1_mixture,projected_quaternion_max_norm_error/extra.obj_pose,5.960464477539063e-08
mbpo_pushcube_500k_20261007T094728_f9d45348,PushCube-v1,mbpo,A_generation,460000,229,242944,TS1_mixture,count,2048
mbpo_pushcube_500k_20261007T094728_f9d45348,PushCube-v1,mbpo,A_generation,460000,229,242944,TS1_mixture,all_finite,True
mbpo_pushcube_500k_20261007T094728_f9d45348,PushCube-v1,mbpo,A_generation,460000,229,242944,TS1_mixture,reward_outside_0_1_fraction,0.28564453125
mbpo_pushcube_500k_20261007T094728_f9d45348,PushCube-v1,mbpo,A_generation,460000,229,242944,TS1_mixture,reward_below_zero_fraction,0.0400390625
mbpo_pushcube_500k_20261007T094728_f9d45348,PushCube-v1,mbpo,A_generation,460000,229,242944,TS1_mixture,reward_above_one_fraction,0.24560546875
mbpo_pushcube_500k_20261007T094728_f9d45348,PushCube-v1,mbpo,A_generation,460000,229,242944,TS1_mixture,reward_min,-0.40528857707977295
mbpo_pushcube_500k_20261007T094728_f9d45348,PushCube-v1,mbpo,A_generation,460000,229,242944,TS1_mixture,reward_max,1.2367891073226929
mbpo_pushcube_500k_20261007T094728_f9d45348,PushCube-v1,mbpo,A_generation,460000,229,242944,TS1_mixture,elite_mean_reward_min,-0.9169798493385315
mbpo_pushcube_500k_20261007T094728_f9d45348,PushCube-v1,mbpo,A_generation,460000,229,242944,TS1_mixture,elite_mean_reward_max,1.130689024925232
mbpo_pushcube_500k_20261007T094728_f9d45348,PushCube-v1,mbpo,A_generation,460000,229,242944,TS1_mixture,elite_mean_reward_outside_0_1_fraction,0.273193359375
mbpo_pushcube_500k_20261007T094728_f9d45348,PushCube-v1,mbpo,A_generation,460000,229,242944,TS1_mixture,extra.tcp_pose_quaternion_norm_mae,0.0005391398571837698
mbpo_pushcube_500k_20261007T094728_f9d45348,PushCube-v1,mbpo,A_generation,460000,229,242944,TS1_mixture,extra.tcp_pose_quaternion_norm_max_error,0.014486455827656841
mbpo_pushcube_500k_20261007T094728_f9d45348,PushCube-v1,mbpo,A_generation,460000,229,242944,TS1_mixture,extra.tcp_pose_quaternion_invalid_fraction_tol_0.01,0.00146484375
mbpo_pushcube_500k_20261007T094728_f9d45348,PushCube-v1,mbpo,A_generation,460000,229,242944,TS1_mixture,extra.obj_pose_quaternion_norm_mae,0.00589249020558073
mbpo_pushcube_500k_20261007T094728_f9d45348,PushCube-v1,mbpo,A_generation,460000,229,242944,TS1_mixture,extra.obj_pose_quaternion_norm_max_error,0.0679970568810424
mbpo_pushcube_500k_20261007T094728_f9d45348,PushCube-v1,mbpo,A_generation,460000,229,242944,TS1_mixture,extra.obj_pose_quaternion_invalid_fraction_tol_0.01,0.2109375
mbpo_pushcube_500k_20261007T094728_f9d45348,PushCube-v1,mbpo,A_generation,460000,229,242944,TS1_mixture,goal_position_drift_rmse,1.8702302206098676e-07
mbpo_pushcube_500k_20261007T094728_f9d45348,PushCube-v1,mbpo,A_generation,460000,229,242944,TS1_mixture,projected_quaternion_max_norm_error/extra.tcp_pose,5.960464477539063e-08
mbpo_pushcube_500k_20261007T094728_f9d45348,PushCube-v1,mbpo,A_generation,460000,229,242944,TS1_mixture,projected_quaternion_max_norm_error/extra.obj_pose,5.960464477539063e-08
mbpo_pushcube_500k_20261007T094728_f9d45348,PushCube-v1,mbpo,A_generation,462016,230,244017,TS1_mixture,count,2048
mbpo_pushcube_500k_20261007T094728_f9d45348,PushCube-v1,mbpo,A_generation,462016,230,244017,TS1_mixture,all_finite,True
mbpo_pushcube_500k_20261007T094728_f9d45348,PushCube-v1,mbpo,A_generation,462016,230,244017,TS1_mixture,reward_outside_0_1_fraction,0.26220703125
mbpo_pushcube_500k_20261007T094728_f9d45348,PushCube-v1,mbpo,A_generation,462016,230,244017,TS1_mixture,reward_below_zero_fraction,0.03955078125
mbpo_pushcube_500k_20261007T094728_f9d45348,PushCube-v1,mbpo,A_generation,462016,230,244017,TS1_mixture,reward_above_one_fraction,0.22265625
mbpo_pushcube_500k_20261007T094728_f9d45348,PushCube-v1,mbpo,A_generation,462016,230,244017,TS1_mixture,reward_min,-0.8887332081794739
mbpo_pushcube_500k_20261007T094728_f9d45348,PushCube-v1,mbpo,A_generation,462016,230,244017,TS1_mixture,reward_max,1.233574628829956
mbpo_pushcube_500k_20261007T094728_f9d45348,PushCube-v1,mbpo,A_generation,462016,230,244017,TS1_mixture,elite_mean_reward_min,-0.912588357925415
mbpo_pushcube_500k_20261007T094728_f9d45348,PushCube-v1,mbpo,A_generation,462016,230,244017,TS1_mixture,elite_mean_reward_max,1.1343066692352295
mbpo_pushcube_500k_20261007T094728_f9d45348,PushCube-v1,mbpo,A_generation,462016,230,244017,TS1_mixture,elite_mean_reward_outside_0_1_fraction,0.24853515625
mbpo_pushcube_500k_20261007T094728_f9d45348,PushCube-v1,mbpo,A_generation,462016,230,244017,TS1_mixture,extra.tcp_pose_quaternion_norm_mae,0.0006505609759897939
mbpo_pushcube_500k_20261007T094728_f9d45348,PushCube-v1,mbpo,A_generation,462016,230,244017,TS1_mixture,extra.tcp_pose_quaternion_norm_max_error,0.051881745642604504
mbpo_pushcube_500k_20261007T094728_f9d45348,PushCube-v1,mbpo,A_generation,462016,230,244017,TS1_mixture,extra.tcp_pose_quaternion_invalid_fraction_tol_0.01,0.00732421875
mbpo_pushcube_500k_20261007T094728_f9d45348,PushCube-v1,mbpo,A_generation,462016,230,244017,TS1_mixture,extra.obj_pose_quaternion_norm_mae,0.005940623352119963
mbpo_pushcube_500k_20261007T094728_f9d45348,PushCube-v1,mbpo,A_generation,462016,230,244017,TS1_mixture,extra.obj_pose_quaternion_norm_max_error,0.062435548563760435
mbpo_pushcube_500k_20261007T094728_f9d45348,PushCube-v1,mbpo,A_generation,462016,230,244017,TS1_mixture,extra.obj_pose_quaternion_invalid_fraction_tol_0.01,0.23486328125
mbpo_pushcube_500k_20261007T094728_f9d45348,PushCube-v1,mbpo,A_generation,462016,230,244017,TS1_mixture,goal_position_drift_rmse,1.9401945891229073e-07
mbpo_pushcube_500k_20261007T094728_f9d45348,PushCube-v1,mbpo,A_generation,462016,230,244017,TS1_mixture,projected_quaternion_max_norm_error/extra.tcp_pose,5.960464477539063e-08
mbpo_pushcube_500k_20261007T094728_f9d45348,PushCube-v1,mbpo,A_generation,462016,230,244017,TS1_mixture,projected_quaternion_max_norm_error/extra.obj_pose,5.960464477539063e-08
mbpo_pushcube_500k_20261007T094728_f9d45348,PushCube-v1,mbpo,A_generation,464000,231,245074,TS1_mixture,count,2048
mbpo_pushcube_500k_20261007T094728_f9d45348,PushCube-v1,mbpo,A_generation,464000,231,245074,TS1_mixture,all_finite,True
mbpo_pushcube_500k_20261007T094728_f9d45348,PushCube-v1,mbpo,A_generation,464000,231,245074,TS1_mixture,reward_outside_0_1_fraction,0.2666015625
mbpo_pushcube_500k_20261007T094728_f9d45348,PushCube-v1,mbpo,A_generation,464000,231,245074,TS1_mixture,reward_below_zero_fraction,0.0400390625
mbpo_pushcube_500k_20261007T094728_f9d45348,PushCube-v1,mbpo,A_generation,464000,231,245074,TS1_mixture,reward_above_one_fraction,0.2265625
mbpo_pushcube_500k_20261007T094728_f9d45348,PushCube-v1,mbpo,A_generation,464000,231,245074,TS1_mixture,reward_min,-0.5018113255500793
mbpo_pushcube_500k_20261007T094728_f9d45348,PushCube-v1,mbpo,A_generation,464000,231,245074,TS1_mixture,reward_max,1.2432806491851807
mbpo_pushcube_500k_20261007T094728_f9d45348,PushCube-v1,mbpo,A_generation,464000,231,245074,TS1_mixture,elite_mean_reward_min,-0.45166850090026855
mbpo_pushcube_500k_20261007T094728_f9d45348,PushCube-v1,mbpo,A_generation,464000,231,245074,TS1_mixture,elite_mean_reward_max,1.1379629373550415
mbpo_pushcube_500k_20261007T094728_f9d45348,PushCube-v1,mbpo,A_generation,464000,231,245074,TS1_mixture,elite_mean_reward_outside_0_1_fraction,0.2431640625
mbpo_pushcube_500k_20261007T094728_f9d45348,PushCube-v1,mbpo,A_generation,464000,231,245074,TS1_mixture,extra.tcp_pose_quaternion_norm_mae,0.0005812224978764416
mbpo_pushcube_500k_20261007T094728_f9d45348,PushCube-v1,mbpo,A_generation,464000,231,245074,TS1_mixture,extra.tcp_pose_quaternion_norm_max_error,0.07086581841899242
mbpo_pushcube_500k_20261007T094728_f9d45348,PushCube-v1,mbpo,A_generation,464000,231,245074,TS1_mixture,extra.tcp_pose_quaternion_invalid_fraction_tol_0.01,0.00439453125
mbpo_pushcube_500k_20261007T094728_f9d45348,PushCube-v1,mbpo,A_generation,464000,231,245074,TS1_mixture,extra.obj_pose_quaternion_norm_mae,0.0058690811999502065
mbpo_pushcube_500k_20261007T094728_f9d45348,PushCube-v1,mbpo,A_generation,464000,231,245074,TS1_mixture,extra.obj_pose_quaternion_norm_max_error,0.07059125819064604
mbpo_pushcube_500k_20261007T094728_f9d45348,PushCube-v1,mbpo,A_generation,464000,231,245074,TS1_mixture,extra.obj_pose_quaternion_invalid_fraction_tol_0.01,0.21728515625
mbpo_pushcube_500k_20261007T094728_f9d45348,PushCube-v1,mbpo,A_generation,464000,231,245074,TS1_mixture,goal_position_drift_rmse,1.6911747758359313e-07
mbpo_pushcube_500k_20261007T094728_f9d45348,PushCube-v1,mbpo,A_generation,464000,231,245074,TS1_mixture,projected_quaternion_max_norm_error/extra.tcp_pose,5.960464477539063e-08
mbpo_pushcube_500k_20261007T094728_f9d45348,PushCube-v1,mbpo,A_generation,464000,231,245074,TS1_mixture,projected_quaternion_max_norm_error/extra.obj_pose,5.960464477539063e-08
mbpo_pushcube_500k_20261007T094728_f9d45348,PushCube-v1,mbpo,A_generation,466016,232,246147,TS1_mixture,count,2048
mbpo_pushcube_500k_20261007T094728_f9d45348,PushCube-v1,mbpo,A_generation,466016,232,246147,TS1_mixture,all_finite,True
mbpo_pushcube_500k_20261007T094728_f9d45348,PushCube-v1,mbpo,A_generation,466016,232,246147,TS1_mixture,reward_outside_0_1_fraction,0.2626953125
mbpo_pushcube_500k_20261007T094728_f9d45348,PushCube-v1,mbpo,A_generation,466016,232,246147,TS1_mixture,reward_below_zero_fraction,0.04638671875
mbpo_pushcube_500k_20261007T094728_f9d45348,PushCube-v1,mbpo,A_generation,466016,232,246147,TS1_mixture,reward_above_one_fraction,0.21630859375
mbpo_pushcube_500k_20261007T094728_f9d45348,PushCube-v1,mbpo,A_generation,466016,232,246147,TS1_mixture,reward_min,-0.8664132952690125
mbpo_pushcube_500k_20261007T094728_f9d45348,PushCube-v1,mbpo,A_generation,466016,232,246147,TS1_mixture,reward_max,1.286483883857727
mbpo_pushcube_500k_20261007T094728_f9d45348,PushCube-v1,mbpo,A_generation,466016,232,246147,TS1_mixture,elite_mean_reward_min,-0.7674462795257568
mbpo_pushcube_500k_20261007T094728_f9d45348,PushCube-v1,mbpo,A_generation,466016,232,246147,TS1_mixture,elite_mean_reward_max,1.1378387212753296
mbpo_pushcube_500k_20261007T094728_f9d45348,PushCube-v1,mbpo,A_generation,466016,232,246147,TS1_mixture,elite_mean_reward_outside_0_1_fraction,0.24365234375
mbpo_pushcube_500k_20261007T094728_f9d45348,PushCube-v1,mbpo,A_generation,466016,232,246147,TS1_mixture,extra.tcp_pose_quaternion_norm_mae,0.0005837960636032916
mbpo_pushcube_500k_20261007T094728_f9d45348,PushCube-v1,mbpo,A_generation,466016,232,246147,TS1_mixture,extra.tcp_pose_quaternion_norm_max_error,0.026309118429783895
mbpo_pushcube_500k_20261007T094728_f9d45348,PushCube-v1,mbpo,A_generation,466016,232,246147,TS1_mixture,extra.tcp_pose_quaternion_invalid_fraction_tol_0.01,0.0029296875
mbpo_pushcube_500k_20261007T094728_f9d45348,PushCube-v1,mbpo,A_generation,466016,232,246147,TS1_mixture,extra.obj_pose_quaternion_norm_mae,0.005548446913736037
mbpo_pushcube_500k_20261007T094728_f9d45348,PushCube-v1,mbpo,A_generation,466016,232,246147,TS1_mixture,extra.obj_pose_quaternion_norm_max_error,0.05851811924056427
mbpo_pushcube_500k_20261007T094728_f9d45348,PushCube-v1,mbpo,A_generation,466016,232,246147,TS1_mixture,extra.obj_pose_quaternion_invalid_fraction_tol_0.01,0.208984375
mbpo_pushcube_500k_20261007T094728_f9d45348,PushCube-v1,mbpo,A_generation,466016,232,246147,TS1_mixture,goal_position_drift_rmse,1.8414773248789248e-07
mbpo_pushcube_500k_20261007T094728_f9d45348,PushCube-v1,mbpo,A_generation,466016,232,246147,TS1_mixture,projected_quaternion_max_norm_error/extra.tcp_pose,5.960464477539063e-08
mbpo_pushcube_500k_20261007T094728_f9d45348,PushCube-v1,mbpo,A_generation,466016,232,246147,TS1_mixture,projected_quaternion_max_norm_error/extra.obj_pose,5.960464477539063e-08
mbpo_pushcube_500k_20261007T094728_f9d45348,PushCube-v1,mbpo,A_generation,468000,233,247203,TS1_mixture,count,2048
mbpo_pushcube_500k_20261007T094728_f9d45348,PushCube-v1,mbpo,A_generation,468000,233,247203,TS1_mixture,all_finite,True
mbpo_pushcube_500k_20261007T094728_f9d45348,PushCube-v1,mbpo,A_generation,468000,233,247203,TS1_mixture,reward_outside_0_1_fraction,0.248046875
mbpo_pushcube_500k_20261007T094728_f9d45348,PushCube-v1,mbpo,A_generation,468000,233,247203,TS1_mixture,reward_below_zero_fraction,0.0419921875
mbpo_pushcube_500k_20261007T094728_f9d45348,PushCube-v1,mbpo,A_generation,468000,233,247203,TS1_mixture,reward_above_one_fraction,0.2060546875
mbpo_pushcube_500k_20261007T094728_f9d45348,PushCube-v1,mbpo,A_generation,468000,233,247203,TS1_mixture,reward_min,-0.9917545318603516
mbpo_pushcube_500k_20261007T094728_f9d45348,PushCube-v1,mbpo,A_generation,468000,233,247203,TS1_mixture,reward_max,1.2443575859069824
mbpo_pushcube_500k_20261007T094728_f9d45348,PushCube-v1,mbpo,A_generation,468000,233,247203,TS1_mixture,elite_mean_reward_min,-0.8817470669746399
mbpo_pushcube_500k_20261007T094728_f9d45348,PushCube-v1,mbpo,A_generation,468000,233,247203,TS1_mixture,elite_mean_reward_max,1.156298041343689
mbpo_pushcube_500k_20261007T094728_f9d45348,PushCube-v1,mbpo,A_generation,468000,233,247203,TS1_mixture,elite_mean_reward_outside_0_1_fraction,0.23828125
mbpo_pushcube_500k_20261007T094728_f9d45348,PushCube-v1,mbpo,A_generation,468000,233,247203,TS1_mixture,extra.tcp_pose_quaternion_norm_mae,0.0006058242012112563
mbpo_pushcube_500k_20261007T094728_f9d45348,PushCube-v1,mbpo,A_generation,468000,233,247203,TS1_mixture,extra.tcp_pose_quaternion_norm_max_error,0.0631313131847866
mbpo_pushcube_500k_20261007T094728_f9d45348,PushCube-v1,mbpo,A_generation,468000,233,247203,TS1_mixture,extra.tcp_pose_quaternion_invalid_fraction_tol_0.01,0.00537109375
mbpo_pushcube_500k_20261007T094728_f9d45348,PushCube-v1,mbpo,A_generation,468000,233,247203,TS1_mixture,extra.obj_pose_quaternion_norm_mae,0.005503649221806985
mbpo_pushcube_500k_20261007T094728_f9d45348,PushCube-v1,mbpo,A_generation,468000,233,247203,TS1_mixture,extra.obj_pose_quaternion_norm_max_error,0.06703184951368724
mbpo_pushcube_500k_20261007T094728_f9d45348,PushCube-v1,mbpo,A_generation,468000,233,247203,TS1_mixture,extra.obj_pose_quaternion_invalid_fraction_tol_0.01,0.21044921875
mbpo_pushcube_500k_20261007T094728_f9d45348,PushCube-v1,mbpo,A_generation,468000,233,247203,TS1_mixture,goal_position_drift_rmse,1.7609802852505197e-07
mbpo_pushcube_500k_20261007T094728_f9d45348,PushCube-v1,mbpo,A_generation,468000,233,247203,TS1_mixture,projected_quaternion_max_norm_error/extra.tcp_pose,5.960464477539063e-08
mbpo_pushcube_500k_20261007T094728_f9d45348,PushCube-v1,mbpo,A_generation,468000,233,247203,TS1_mixture,projected_quaternion_max_norm_error/extra.obj_pose,5.960464477539063e-08
mbpo_pushcube_500k_20261007T094728_f9d45348,PushCube-v1,mbpo,A_generation,470016,234,248276,TS1_mixture,count,2048
mbpo_pushcube_500k_20261007T094728_f9d45348,PushCube-v1,mbpo,A_generation,470016,234,248276,TS1_mixture,all_finite,True
mbpo_pushcube_500k_20261007T094728_f9d45348,PushCube-v1,mbpo,A_generation,470016,234,248276,TS1_mixture,reward_outside_0_1_fraction,0.22900390625
mbpo_pushcube_500k_20261007T094728_f9d45348,PushCube-v1,mbpo,A_generation,470016,234,248276,TS1_mixture,reward_below_zero_fraction,0.04150390625
mbpo_pushcube_500k_20261007T094728_f9d45348,PushCube-v1,mbpo,A_generation,470016,234,248276,TS1_mixture,reward_above_one_fraction,0.1875
mbpo_pushcube_500k_20261007T094728_f9d45348,PushCube-v1,mbpo,A_generation,470016,234,248276,TS1_mixture,reward_min,-1.105626106262207
mbpo_pushcube_500k_20261007T094728_f9d45348,PushCube-v1,mbpo,A_generation,470016,234,248276,TS1_mixture,reward_max,1.39064621925354
mbpo_pushcube_500k_20261007T094728_f9d45348,PushCube-v1,mbpo,A_generation,470016,234,248276,TS1_mixture,elite_mean_reward_min,-1.105689525604248
mbpo_pushcube_500k_20261007T094728_f9d45348,PushCube-v1,mbpo,A_generation,470016,234,248276,TS1_mixture,elite_mean_reward_max,1.4272081851959229
mbpo_pushcube_500k_20261007T094728_f9d45348,PushCube-v1,mbpo,A_generation,470016,234,248276,TS1_mixture,elite_mean_reward_outside_0_1_fraction,0.1953125
mbpo_pushcube_500k_20261007T094728_f9d45348,PushCube-v1,mbpo,A_generation,470016,234,248276,TS1_mixture,extra.tcp_pose_quaternion_norm_mae,0.0007118195686925549
mbpo_pushcube_500k_20261007T094728_f9d45348,PushCube-v1,mbpo,A_generation,470016,234,248276,TS1_mixture,extra.tcp_pose_quaternion_norm_max_error,0.054320408110630214
mbpo_pushcube_500k_20261007T094728_f9d45348,PushCube-v1,mbpo,A_generation,470016,234,248276,TS1_mixture,extra.tcp_pose_quaternion_invalid_fraction_tol_0.01,0.005859375
mbpo_pushcube_500k_20261007T094728_f9d45348,PushCube-v1,mbpo,A_generation,470016,234,248276,TS1_mixture,extra.obj_pose_quaternion_norm_mae,0.005939723012601708
mbpo_pushcube_500k_20261007T094728_f9d45348,PushCube-v1,mbpo,A_generation,470016,234,248276,TS1_mixture,extra.obj_pose_quaternion_norm_max_error,0.060760940124402696
mbpo_pushcube_500k_20261007T094728_f9d45348,PushCube-v1,mbpo,A_generation,470016,234,248276,TS1_mixture,extra.obj_pose_quaternion_invalid_fraction_tol_0.01,0.2177734375
mbpo_pushcube_500k_20261007T094728_f9d45348,PushCube-v1,mbpo,A_generation,470016,234,248276,TS1_mixture,goal_position_drift_rmse,1.943887546516694e-07
mbpo_pushcube_500k_20261007T094728_f9d45348,PushCube-v1,mbpo,A_generation,470016,234,248276,TS1_mixture,projected_quaternion_max_norm_error/extra.tcp_pose,5.960464477539063e-08
mbpo_pushcube_500k_20261007T094728_f9d45348,PushCube-v1,mbpo,A_generation,470016,234,248276,TS1_mixture,projected_quaternion_max_norm_error/extra.obj_pose,5.960464477539063e-08
mbpo_pushcube_500k_20261007T094728_f9d45348,PushCube-v1,mbpo,A_generation,472000,235,249333,TS1_mixture,count,2048
mbpo_pushcube_500k_20261007T094728_f9d45348,PushCube-v1,mbpo,A_generation,472000,235,249333,TS1_mixture,all_finite,True
mbpo_pushcube_500k_20261007T094728_f9d45348,PushCube-v1,mbpo,A_generation,472000,235,249333,TS1_mixture,reward_outside_0_1_fraction,0.279296875
mbpo_pushcube_500k_20261007T094728_f9d45348,PushCube-v1,mbpo,A_generation,472000,235,249333,TS1_mixture,reward_below_zero_fraction,0.04736328125
mbpo_pushcube_500k_20261007T094728_f9d45348,PushCube-v1,mbpo,A_generation,472000,235,249333,TS1_mixture,reward_above_one_fraction,0.23193359375
mbpo_pushcube_500k_20261007T094728_f9d45348,PushCube-v1,mbpo,A_generation,472000,235,249333,TS1_mixture,reward_min,-0.4580700695514679
mbpo_pushcube_500k_20261007T094728_f9d45348,PushCube-v1,mbpo,A_generation,472000,235,249333,TS1_mixture,reward_max,1.260373592376709
mbpo_pushcube_500k_20261007T094728_f9d45348,PushCube-v1,mbpo,A_generation,472000,235,249333,TS1_mixture,elite_mean_reward_min,-0.4121497571468353
mbpo_pushcube_500k_20261007T094728_f9d45348,PushCube-v1,mbpo,A_generation,472000,235,249333,TS1_mixture,elite_mean_reward_max,1.1397950649261475
mbpo_pushcube_500k_20261007T094728_f9d45348,PushCube-v1,mbpo,A_generation,472000,235,249333,TS1_mixture,elite_mean_reward_outside_0_1_fraction,0.27880859375
mbpo_pushcube_500k_20261007T094728_f9d45348,PushCube-v1,mbpo,A_generation,472000,235,249333,TS1_mixture,extra.tcp_pose_quaternion_norm_mae,0.0005975380303799497
mbpo_pushcube_500k_20261007T094728_f9d45348,PushCube-v1,mbpo,A_generation,472000,235,249333,TS1_mixture,extra.tcp_pose_quaternion_norm_max_error,0.03419398118089367
mbpo_pushcube_500k_20261007T094728_f9d45348,PushCube-v1,mbpo,A_generation,472000,235,249333,TS1_mixture,extra.tcp_pose_quaternion_invalid_fraction_tol_0.01,0.00390625
mbpo_pushcube_500k_20261007T094728_f9d45348,PushCube-v1,mbpo,A_generation,472000,235,249333,TS1_mixture,extra.obj_pose_quaternion_norm_mae,0.005505697844336049
mbpo_pushcube_500k_20261007T094728_f9d45348,PushCube-v1,mbpo,A_generation,472000,235,249333,TS1_mixture,extra.obj_pose_quaternion_norm_max_error,0.059066697144168345
mbpo_pushcube_500k_20261007T094728_f9d45348,PushCube-v1,mbpo,A_generation,472000,235,249333,TS1_mixture,extra.obj_pose_quaternion_invalid_fraction_tol_0.01,0.20751953125
mbpo_pushcube_500k_20261007T094728_f9d45348,PushCube-v1,mbpo,A_generation,472000,235,249333,TS1_mixture,goal_position_drift_rmse,1.8145204469321592e-07
mbpo_pushcube_500k_20261007T094728_f9d45348,PushCube-v1,mbpo,A_generation,472000,235,249333,TS1_mixture,projected_quaternion_max_norm_error/extra.tcp_pose,5.960464477539063e-08
mbpo_pushcube_500k_20261007T094728_f9d45348,PushCube-v1,mbpo,A_generation,472000,235,249333,TS1_mixture,projected_quaternion_max_norm_error/extra.obj_pose,5.960464477539063e-08
mbpo_pushcube_500k_20261007T094728_f9d45348,PushCube-v1,mbpo,A_generation,474016,236,250406,TS1_mixture,count,2048
mbpo_pushcube_500k_20261007T094728_f9d45348,PushCube-v1,mbpo,A_generation,474016,236,250406,TS1_mixture,all_finite,True
mbpo_pushcube_500k_20261007T094728_f9d45348,PushCube-v1,mbpo,A_generation,474016,236,250406,TS1_mixture,reward_outside_0_1_fraction,0.28515625
mbpo_pushcube_500k_20261007T094728_f9d45348,PushCube-v1,mbpo,A_generation,474016,236,250406,TS1_mixture,reward_below_zero_fraction,0.04345703125
mbpo_pushcube_500k_20261007T094728_f9d45348,PushCube-v1,mbpo,A_generation,474016,236,250406,TS1_mixture,reward_above_one_fraction,0.24169921875
mbpo_pushcube_500k_20261007T094728_f9d45348,PushCube-v1,mbpo,A_generation,474016,236,250406,TS1_mixture,reward_min,-0.7484558820724487
mbpo_pushcube_500k_20261007T094728_f9d45348,PushCube-v1,mbpo,A_generation,474016,236,250406,TS1_mixture,reward_max,1.2503247261047363
mbpo_pushcube_500k_20261007T094728_f9d45348,PushCube-v1,mbpo,A_generation,474016,236,250406,TS1_mixture,elite_mean_reward_min,-1.238351821899414
mbpo_pushcube_500k_20261007T094728_f9d45348,PushCube-v1,mbpo,A_generation,474016,236,250406,TS1_mixture,elite_mean_reward_max,1.1396008729934692
mbpo_pushcube_500k_20261007T094728_f9d45348,PushCube-v1,mbpo,A_generation,474016,236,250406,TS1_mixture,elite_mean_reward_outside_0_1_fraction,0.261474609375
mbpo_pushcube_500k_20261007T094728_f9d45348,PushCube-v1,mbpo,A_generation,474016,236,250406,TS1_mixture,extra.tcp_pose_quaternion_norm_mae,0.0005795598750957297
mbpo_pushcube_500k_20261007T094728_f9d45348,PushCube-v1,mbpo,A_generation,474016,236,250406,TS1_mixture,extra.tcp_pose_quaternion_norm_max_error,0.013231051103454128
mbpo_pushcube_500k_20261007T094728_f9d45348,PushCube-v1,mbpo,A_generation,474016,236,250406,TS1_mixture,extra.tcp_pose_quaternion_invalid_fraction_tol_0.01,0.00146484375
mbpo_pushcube_500k_20261007T094728_f9d45348,PushCube-v1,mbpo,A_generation,474016,236,250406,TS1_mixture,extra.obj_pose_quaternion_norm_mae,0.005819768072439389
mbpo_pushcube_500k_20261007T094728_f9d45348,PushCube-v1,mbpo,A_generation,474016,236,250406,TS1_mixture,extra.obj_pose_quaternion_norm_max_error,0.06773517606961077
mbpo_pushcube_500k_20261007T094728_f9d45348,PushCube-v1,mbpo,A_generation,474016,236,250406,TS1_mixture,extra.obj_pose_quaternion_invalid_fraction_tol_0.01,0.2197265625
mbpo_pushcube_500k_20261007T094728_f9d45348,PushCube-v1,mbpo,A_generation,474016,236,250406,TS1_mixture,goal_position_drift_rmse,1.9412031148805457e-07
mbpo_pushcube_500k_20261007T094728_f9d45348,PushCube-v1,mbpo,A_generation,474016,236,250406,TS1_mixture,projected_quaternion_max_norm_error/extra.tcp_pose,5.960464477539063e-08
mbpo_pushcube_500k_20261007T094728_f9d45348,PushCube-v1,mbpo,A_generation,474016,236,250406,TS1_mixture,projected_quaternion_max_norm_error/extra.obj_pose,5.960464477539063e-08
mbpo_pushcube_500k_20261007T094728_f9d45348,PushCube-v1,mbpo,A_generation,476000,237,251462,TS1_mixture,count,2048
mbpo_pushcube_500k_20261007T094728_f9d45348,PushCube-v1,mbpo,A_generation,476000,237,251462,TS1_mixture,all_finite,True
mbpo_pushcube_500k_20261007T094728_f9d45348,PushCube-v1,mbpo,A_generation,476000,237,251462,TS1_mixture,reward_outside_0_1_fraction,0.23486328125
mbpo_pushcube_500k_20261007T094728_f9d45348,PushCube-v1,mbpo,A_generation,476000,237,251462,TS1_mixture,reward_below_zero_fraction,0.04736328125
mbpo_pushcube_500k_20261007T094728_f9d45348,PushCube-v1,mbpo,A_generation,476000,237,251462,TS1_mixture,reward_above_one_fraction,0.1875
mbpo_pushcube_500k_20261007T094728_f9d45348,PushCube-v1,mbpo,A_generation,476000,237,251462,TS1_mixture,reward_min,-0.34354928135871887
mbpo_pushcube_500k_20261007T094728_f9d45348,PushCube-v1,mbpo,A_generation,476000,237,251462,TS1_mixture,reward_max,1.2416017055511475
mbpo_pushcube_500k_20261007T094728_f9d45348,PushCube-v1,mbpo,A_generation,476000,237,251462,TS1_mixture,elite_mean_reward_min,-0.4310169517993927
mbpo_pushcube_500k_20261007T094728_f9d45348,PushCube-v1,mbpo,A_generation,476000,237,251462,TS1_mixture,elite_mean_reward_max,1.1289892196655273
mbpo_pushcube_500k_20261007T094728_f9d45348,PushCube-v1,mbpo,A_generation,476000,237,251462,TS1_mixture,elite_mean_reward_outside_0_1_fraction,0.197998046875
mbpo_pushcube_500k_20261007T094728_f9d45348,PushCube-v1,mbpo,A_generation,476000,237,251462,TS1_mixture,extra.tcp_pose_quaternion_norm_mae,0.0006654543208152719
mbpo_pushcube_500k_20261007T094728_f9d45348,PushCube-v1,mbpo,A_generation,476000,237,251462,TS1_mixture,extra.tcp_pose_quaternion_norm_max_error,0.03448384748778954
mbpo_pushcube_500k_20261007T094728_f9d45348,PushCube-v1,mbpo,A_generation,476000,237,251462,TS1_mixture,extra.tcp_pose_quaternion_invalid_fraction_tol_0.01,0.00732421875
mbpo_pushcube_500k_20261007T094728_f9d45348,PushCube-v1,mbpo,A_generation,476000,237,251462,TS1_mixture,extra.obj_pose_quaternion_norm_mae,0.00574623132631768
mbpo_pushcube_500k_20261007T094728_f9d45348,PushCube-v1,mbpo,A_generation,476000,237,251462,TS1_mixture,extra.obj_pose_quaternion_norm_max_error,0.0647385468464321
mbpo_pushcube_500k_20261007T094728_f9d45348,PushCube-v1,mbpo,A_generation,476000,237,251462,TS1_mixture,extra.obj_pose_quaternion_invalid_fraction_tol_0.01,0.21337890625
mbpo_pushcube_500k_20261007T094728_f9d45348,PushCube-v1,mbpo,A_generation,476000,237,251462,TS1_mixture,goal_position_drift_rmse,2.080365778660546e-07
mbpo_pushcube_500k_20261007T094728_f9d45348,PushCube-v1,mbpo,A_generation,476000,237,251462,TS1_mixture,projected_quaternion_max_norm_error/extra.tcp_pose,5.960464477539063e-08
mbpo_pushcube_500k_20261007T094728_f9d45348,PushCube-v1,mbpo,A_generation,476000,237,251462,TS1_mixture,projected_quaternion_max_norm_error/extra.obj_pose,5.960464477539063e-08
mbpo_pushcube_500k_20261007T094728_f9d45348,PushCube-v1,mbpo,A_generation,478016,238,252535,TS1_mixture,count,2048
mbpo_pushcube_500k_20261007T094728_f9d45348,PushCube-v1,mbpo,A_generation,478016,238,252535,TS1_mixture,all_finite,True
mbpo_pushcube_500k_20261007T094728_f9d45348,PushCube-v1,mbpo,A_generation,478016,238,252535,TS1_mixture,reward_outside_0_1_fraction,0.19873046875
mbpo_pushcube_500k_20261007T094728_f9d45348,PushCube-v1,mbpo,A_generation,478016,238,252535,TS1_mixture,reward_below_zero_fraction,0.03369140625
mbpo_pushcube_500k_20261007T094728_f9d45348,PushCube-v1,mbpo,A_generation,478016,238,252535,TS1_mixture,reward_above_one_fraction,0.1650390625
mbpo_pushcube_500k_20261007T094728_f9d45348,PushCube-v1,mbpo,A_generation,478016,238,252535,TS1_mixture,reward_min,-0.3983641564846039
mbpo_pushcube_500k_20261007T094728_f9d45348,PushCube-v1,mbpo,A_generation,478016,238,252535,TS1_mixture,reward_max,1.2255669832229614
mbpo_pushcube_500k_20261007T094728_f9d45348,PushCube-v1,mbpo,A_generation,478016,238,252535,TS1_mixture,elite_mean_reward_min,-0.6358664035797119
mbpo_pushcube_500k_20261007T094728_f9d45348,PushCube-v1,mbpo,A_generation,478016,238,252535,TS1_mixture,elite_mean_reward_max,1.110060691833496
mbpo_pushcube_500k_20261007T094728_f9d45348,PushCube-v1,mbpo,A_generation,478016,238,252535,TS1_mixture,elite_mean_reward_outside_0_1_fraction,0.15478515625
mbpo_pushcube_500k_20261007T094728_f9d45348,PushCube-v1,mbpo,A_generation,478016,238,252535,TS1_mixture,extra.tcp_pose_quaternion_norm_mae,0.0005498777482058856
mbpo_pushcube_500k_20261007T094728_f9d45348,PushCube-v1,mbpo,A_generation,478016,238,252535,TS1_mixture,extra.tcp_pose_quaternion_norm_max_error,0.014523406810704076
mbpo_pushcube_500k_20261007T094728_f9d45348,PushCube-v1,mbpo,A_generation,478016,238,252535,TS1_mixture,extra.tcp_pose_quaternion_invalid_fraction_tol_0.01,0.001953125
mbpo_pushcube_500k_20261007T094728_f9d45348,PushCube-v1,mbpo,A_generation,478016,238,252535,TS1_mixture,extra.obj_pose_quaternion_norm_mae,0.005093126472002247
mbpo_pushcube_500k_20261007T094728_f9d45348,PushCube-v1,mbpo,A_generation,478016,238,252535,TS1_mixture,extra.obj_pose_quaternion_norm_max_error,0.07426343939048541
mbpo_pushcube_500k_20261007T094728_f9d45348,PushCube-v1,mbpo,A_generation,478016,238,252535,TS1_mixture,extra.obj_pose_quaternion_invalid_fraction_tol_0.01,0.19482421875
mbpo_pushcube_500k_20261007T094728_f9d45348,PushCube-v1,mbpo,A_generation,478016,238,252535,TS1_mixture,goal_position_drift_rmse,2.0843202304048037e-07
mbpo_pushcube_500k_20261007T094728_f9d45348,PushCube-v1,mbpo,A_generation,478016,238,252535,TS1_mixture,projected_quaternion_max_norm_error/extra.tcp_pose,5.960464477539063e-08
mbpo_pushcube_500k_20261007T094728_f9d45348,PushCube-v1,mbpo,A_generation,478016,238,252535,TS1_mixture,projected_quaternion_max_norm_error/extra.obj_pose,5.960464477539063e-08
mbpo_pushcube_500k_20261007T094728_f9d45348,PushCube-v1,mbpo,A_generation,480000,239,253592,TS1_mixture,count,2048
mbpo_pushcube_500k_20261007T094728_f9d45348,PushCube-v1,mbpo,A_generation,480000,239,253592,TS1_mixture,all_finite,True
mbpo_pushcube_500k_20261007T094728_f9d45348,PushCube-v1,mbpo,A_generation,480000,239,253592,TS1_mixture,reward_outside_0_1_fraction,0.22802734375
mbpo_pushcube_500k_20261007T094728_f9d45348,PushCube-v1,mbpo,A_generation,480000,239,253592,TS1_mixture,reward_below_zero_fraction,0.03759765625
mbpo_pushcube_500k_20261007T094728_f9d45348,PushCube-v1,mbpo,A_generation,480000,239,253592,TS1_mixture,reward_above_one_fraction,0.1904296875
mbpo_pushcube_500k_20261007T094728_f9d45348,PushCube-v1,mbpo,A_generation,480000,239,253592,TS1_mixture,reward_min,-0.5515605807304382
mbpo_pushcube_500k_20261007T094728_f9d45348,PushCube-v1,mbpo,A_generation,480000,239,253592,TS1_mixture,reward_max,1.2059577703475952
mbpo_pushcube_500k_20261007T094728_f9d45348,PushCube-v1,mbpo,A_generation,480000,239,253592,TS1_mixture,elite_mean_reward_min,-0.5665648579597473
mbpo_pushcube_500k_20261007T094728_f9d45348,PushCube-v1,mbpo,A_generation,480000,239,253592,TS1_mixture,elite_mean_reward_max,1.1057454347610474
mbpo_pushcube_500k_20261007T094728_f9d45348,PushCube-v1,mbpo,A_generation,480000,239,253592,TS1_mixture,elite_mean_reward_outside_0_1_fraction,0.181640625
mbpo_pushcube_500k_20261007T094728_f9d45348,PushCube-v1,mbpo,A_generation,480000,239,253592,TS1_mixture,extra.tcp_pose_quaternion_norm_mae,0.0005503353855691212
mbpo_pushcube_500k_20261007T094728_f9d45348,PushCube-v1,mbpo,A_generation,480000,239,253592,TS1_mixture,extra.tcp_pose_quaternion_norm_max_error,0.027802837412224335
mbpo_pushcube_500k_20261007T094728_f9d45348,PushCube-v1,mbpo,A_generation,480000,239,253592,TS1_mixture,extra.tcp_pose_quaternion_invalid_fraction_tol_0.01,0.0029296875
mbpo_pushcube_500k_20261007T094728_f9d45348,PushCube-v1,mbpo,A_generation,480000,239,253592,TS1_mixture,extra.obj_pose_quaternion_norm_mae,0.005189747739103667
mbpo_pushcube_500k_20261007T094728_f9d45348,PushCube-v1,mbpo,A_generation,480000,239,253592,TS1_mixture,extra.obj_pose_quaternion_norm_max_error,0.07113404534719336
mbpo_pushcube_500k_20261007T094728_f9d45348,PushCube-v1,mbpo,A_generation,480000,239,253592,TS1_mixture,extra.obj_pose_quaternion_invalid_fraction_tol_0.01,0.20263671875
mbpo_pushcube_500k_20261007T094728_f9d45348,PushCube-v1,mbpo,A_generation,480000,239,253592,TS1_mixture,goal_position_drift_rmse,1.6227637855572372e-07
mbpo_pushcube_500k_20261007T094728_f9d45348,PushCube-v1,mbpo,A_generation,480000,239,253592,TS1_mixture,projected_quaternion_max_norm_error/extra.tcp_pose,5.960464477539063e-08
mbpo_pushcube_500k_20261007T094728_f9d45348,PushCube-v1,mbpo,A_generation,480000,239,253592,TS1_mixture,projected_quaternion_max_norm_error/extra.obj_pose,5.960464477539063e-08
mbpo_pushcube_500k_20261007T094728_f9d45348,PushCube-v1,mbpo,A_generation,482016,240,254665,TS1_mixture,count,2048
mbpo_pushcube_500k_20261007T094728_f9d45348,PushCube-v1,mbpo,A_generation,482016,240,254665,TS1_mixture,all_finite,True
mbpo_pushcube_500k_20261007T094728_f9d45348,PushCube-v1,mbpo,A_generation,482016,240,254665,TS1_mixture,reward_outside_0_1_fraction,0.220703125
mbpo_pushcube_500k_20261007T094728_f9d45348,PushCube-v1,mbpo,A_generation,482016,240,254665,TS1_mixture,reward_below_zero_fraction,0.0458984375
mbpo_pushcube_500k_20261007T094728_f9d45348,PushCube-v1,mbpo,A_generation,482016,240,254665,TS1_mixture,reward_above_one_fraction,0.1748046875
mbpo_pushcube_500k_20261007T094728_f9d45348,PushCube-v1,mbpo,A_generation,482016,240,254665,TS1_mixture,reward_min,-0.873048722743988
mbpo_pushcube_500k_20261007T094728_f9d45348,PushCube-v1,mbpo,A_generation,482016,240,254665,TS1_mixture,reward_max,1.2151912450790405
mbpo_pushcube_500k_20261007T094728_f9d45348,PushCube-v1,mbpo,A_generation,482016,240,254665,TS1_mixture,elite_mean_reward_min,-0.8383850455284119
mbpo_pushcube_500k_20261007T094728_f9d45348,PushCube-v1,mbpo,A_generation,482016,240,254665,TS1_mixture,elite_mean_reward_max,1.1260244846343994
mbpo_pushcube_500k_20261007T094728_f9d45348,PushCube-v1,mbpo,A_generation,482016,240,254665,TS1_mixture,elite_mean_reward_outside_0_1_fraction,0.18701171875
mbpo_pushcube_500k_20261007T094728_f9d45348,PushCube-v1,mbpo,A_generation,482016,240,254665,TS1_mixture,extra.tcp_pose_quaternion_norm_mae,0.0006042138114596323
mbpo_pushcube_500k_20261007T094728_f9d45348,PushCube-v1,mbpo,A_generation,482016,240,254665,TS1_mixture,extra.tcp_pose_quaternion_norm_max_error,0.02874254859614145
mbpo_pushcube_500k_20261007T094728_f9d45348,PushCube-v1,mbpo,A_generation,482016,240,254665,TS1_mixture,extra.tcp_pose_quaternion_invalid_fraction_tol_0.01,0.005859375
mbpo_pushcube_500k_20261007T094728_f9d45348,PushCube-v1,mbpo,A_generation,482016,240,254665,TS1_mixture,extra.obj_pose_quaternion_norm_mae,0.004759709651141133
mbpo_pushcube_500k_20261007T094728_f9d45348,PushCube-v1,mbpo,A_generation,482016,240,254665,TS1_mixture,extra.obj_pose_quaternion_norm_max_error,0.0568680259169877
mbpo_pushcube_500k_20261007T094728_f9d45348,PushCube-v1,mbpo,A_generation,482016,240,254665,TS1_mixture,extra.obj_pose_quaternion_invalid_fraction_tol_0.01,0.1787109375
mbpo_pushcube_500k_20261007T094728_f9d45348,PushCube-v1,mbpo,A_generation,482016,240,254665,TS1_mixture,goal_position_drift_rmse,1.8168714699190875e-07
mbpo_pushcube_500k_20261007T094728_f9d45348,PushCube-v1,mbpo,A_generation,482016,240,254665,TS1_mixture,projected_quaternion_max_norm_error/extra.tcp_pose,5.960464477539063e-08
mbpo_pushcube_500k_20261007T094728_f9d45348,PushCube-v1,mbpo,A_generation,482016,240,254665,TS1_mixture,projected_quaternion_max_norm_error/extra.obj_pose,5.960464477539063e-08
mbpo_pushcube_500k_20261007T094728_f9d45348,PushCube-v1,mbpo,A_generation,484000,241,255721,TS1_mixture,count,2048
mbpo_pushcube_500k_20261007T094728_f9d45348,PushCube-v1,mbpo,A_generation,484000,241,255721,TS1_mixture,all_finite,True
mbpo_pushcube_500k_20261007T094728_f9d45348,PushCube-v1,mbpo,A_generation,484000,241,255721,TS1_mixture,reward_outside_0_1_fraction,0.20751953125
mbpo_pushcube_500k_20261007T094728_f9d45348,PushCube-v1,mbpo,A_generation,484000,241,255721,TS1_mixture,reward_below_zero_fraction,0.03369140625
mbpo_pushcube_500k_20261007T094728_f9d45348,PushCube-v1,mbpo,A_generation,484000,241,255721,TS1_mixture,reward_above_one_fraction,0.173828125
mbpo_pushcube_500k_20261007T094728_f9d45348,PushCube-v1,mbpo,A_generation,484000,241,255721,TS1_mixture,reward_min,-0.8482732772827148
mbpo_pushcube_500k_20261007T094728_f9d45348,PushCube-v1,mbpo,A_generation,484000,241,255721,TS1_mixture,reward_max,1.2175934314727783
mbpo_pushcube_500k_20261007T094728_f9d45348,PushCube-v1,mbpo,A_generation,484000,241,255721,TS1_mixture,elite_mean_reward_min,-0.7984582781791687
mbpo_pushcube_500k_20261007T094728_f9d45348,PushCube-v1,mbpo,A_generation,484000,241,255721,TS1_mixture,elite_mean_reward_max,1.1380608081817627
mbpo_pushcube_500k_20261007T094728_f9d45348,PushCube-v1,mbpo,A_generation,484000,241,255721,TS1_mixture,elite_mean_reward_outside_0_1_fraction,0.170166015625
mbpo_pushcube_500k_20261007T094728_f9d45348,PushCube-v1,mbpo,A_generation,484000,241,255721,TS1_mixture,extra.tcp_pose_quaternion_norm_mae,0.0005716391668931422
mbpo_pushcube_500k_20261007T094728_f9d45348,PushCube-v1,mbpo,A_generation,484000,241,255721,TS1_mixture,extra.tcp_pose_quaternion_norm_max_error,0.0818436512089048
mbpo_pushcube_500k_20261007T094728_f9d45348,PushCube-v1,mbpo,A_generation,484000,241,255721,TS1_mixture,extra.tcp_pose_quaternion_invalid_fraction_tol_0.01,0.0029296875
mbpo_pushcube_500k_20261007T094728_f9d45348,PushCube-v1,mbpo,A_generation,484000,241,255721,TS1_mixture,extra.obj_pose_quaternion_norm_mae,0.00516611770324268
mbpo_pushcube_500k_20261007T094728_f9d45348,PushCube-v1,mbpo,A_generation,484000,241,255721,TS1_mixture,extra.obj_pose_quaternion_norm_max_error,0.06292604714548444
mbpo_pushcube_500k_20261007T094728_f9d45348,PushCube-v1,mbpo,A_generation,484000,241,255721,TS1_mixture,extra.obj_pose_quaternion_invalid_fraction_tol_0.01,0.197265625
mbpo_pushcube_500k_20261007T094728_f9d45348,PushCube-v1,mbpo,A_generation,484000,241,255721,TS1_mixture,goal_position_drift_rmse,1.5708236202550048e-07
mbpo_pushcube_500k_20261007T094728_f9d45348,PushCube-v1,mbpo,A_generation,484000,241,255721,TS1_mixture,projected_quaternion_max_norm_error/extra.tcp_pose,5.960464477539063e-08
mbpo_pushcube_500k_20261007T094728_f9d45348,PushCube-v1,mbpo,A_generation,484000,241,255721,TS1_mixture,projected_quaternion_max_norm_error/extra.obj_pose,5.960464477539063e-08
mbpo_pushcube_500k_20261007T094728_f9d45348,PushCube-v1,mbpo,A_generation,486016,242,256794,TS1_mixture,count,2048
mbpo_pushcube_500k_20261007T094728_f9d45348,PushCube-v1,mbpo,A_generation,486016,242,256794,TS1_mixture,all_finite,True
mbpo_pushcube_500k_20261007T094728_f9d45348,PushCube-v1,mbpo,A_generation,486016,242,256794,TS1_mixture,reward_outside_0_1_fraction,0.21142578125
mbpo_pushcube_500k_20261007T094728_f9d45348,PushCube-v1,mbpo,A_generation,486016,242,256794,TS1_mixture,reward_below_zero_fraction,0.0390625
mbpo_pushcube_500k_20261007T094728_f9d45348,PushCube-v1,mbpo,A_generation,486016,242,256794,TS1_mixture,reward_above_one_fraction,0.17236328125
mbpo_pushcube_500k_20261007T094728_f9d45348,PushCube-v1,mbpo,A_generation,486016,242,256794,TS1_mixture,reward_min,-0.7153864502906799
mbpo_pushcube_500k_20261007T094728_f9d45348,PushCube-v1,mbpo,A_generation,486016,242,256794,TS1_mixture,reward_max,1.2244993448257446
mbpo_pushcube_500k_20261007T094728_f9d45348,PushCube-v1,mbpo,A_generation,486016,242,256794,TS1_mixture,elite_mean_reward_min,-0.6492374539375305
mbpo_pushcube_500k_20261007T094728_f9d45348,PushCube-v1,mbpo,A_generation,486016,242,256794,TS1_mixture,elite_mean_reward_max,1.1208513975143433
mbpo_pushcube_500k_20261007T094728_f9d45348,PushCube-v1,mbpo,A_generation,486016,242,256794,TS1_mixture,elite_mean_reward_outside_0_1_fraction,0.16943359375
mbpo_pushcube_500k_20261007T094728_f9d45348,PushCube-v1,mbpo,A_generation,486016,242,256794,TS1_mixture,extra.tcp_pose_quaternion_norm_mae,0.0005875626419716024
mbpo_pushcube_500k_20261007T094728_f9d45348,PushCube-v1,mbpo,A_generation,486016,242,256794,TS1_mixture,extra.tcp_pose_quaternion_norm_max_error,0.018633023795866954
mbpo_pushcube_500k_20261007T094728_f9d45348,PushCube-v1,mbpo,A_generation,486016,242,256794,TS1_mixture,extra.tcp_pose_quaternion_invalid_fraction_tol_0.01,0.0029296875
mbpo_pushcube_500k_20261007T094728_f9d45348,PushCube-v1,mbpo,A_generation,486016,242,256794,TS1_mixture,extra.obj_pose_quaternion_norm_mae,0.005358553230094699
mbpo_pushcube_500k_20261007T094728_f9d45348,PushCube-v1,mbpo,A_generation,486016,242,256794,TS1_mixture,extra.obj_pose_quaternion_norm_max_error,0.05480679483956774
mbpo_pushcube_500k_20261007T094728_f9d45348,PushCube-v1,mbpo,A_generation,486016,242,256794,TS1_mixture,extra.obj_pose_quaternion_invalid_fraction_tol_0.01,0.2021484375
mbpo_pushcube_500k_20261007T094728_f9d45348,PushCube-v1,mbpo,A_generation,486016,242,256794,TS1_mixture,goal_position_drift_rmse,1.9462055933394665e-07
mbpo_pushcube_500k_20261007T094728_f9d45348,PushCube-v1,mbpo,A_generation,486016,242,256794,TS1_mixture,projected_quaternion_max_norm_error/extra.tcp_pose,5.960464477539063e-08
mbpo_pushcube_500k_20261007T094728_f9d45348,PushCube-v1,mbpo,A_generation,486016,242,256794,TS1_mixture,projected_quaternion_max_norm_error/extra.obj_pose,5.960464477539063e-08
mbpo_pushcube_500k_20261007T094728_f9d45348,PushCube-v1,mbpo,A_generation,488000,243,257851,TS1_mixture,count,2048
mbpo_pushcube_500k_20261007T094728_f9d45348,PushCube-v1,mbpo,A_generation,488000,243,257851,TS1_mixture,all_finite,True
mbpo_pushcube_500k_20261007T094728_f9d45348,PushCube-v1,mbpo,A_generation,488000,243,257851,TS1_mixture,reward_outside_0_1_fraction,0.25048828125
mbpo_pushcube_500k_20261007T094728_f9d45348,PushCube-v1,mbpo,A_generation,488000,243,257851,TS1_mixture,reward_below_zero_fraction,0.04296875
mbpo_pushcube_500k_20261007T094728_f9d45348,PushCube-v1,mbpo,A_generation,488000,243,257851,TS1_mixture,reward_above_one_fraction,0.20751953125
mbpo_pushcube_500k_20261007T094728_f9d45348,PushCube-v1,mbpo,A_generation,488000,243,257851,TS1_mixture,reward_min,-0.5646576881408691
mbpo_pushcube_500k_20261007T094728_f9d45348,PushCube-v1,mbpo,A_generation,488000,243,257851,TS1_mixture,reward_max,1.2724217176437378
mbpo_pushcube_500k_20261007T094728_f9d45348,PushCube-v1,mbpo,A_generation,488000,243,257851,TS1_mixture,elite_mean_reward_min,-1.0683493614196777
mbpo_pushcube_500k_20261007T094728_f9d45348,PushCube-v1,mbpo,A_generation,488000,243,257851,TS1_mixture,elite_mean_reward_max,1.1170499324798584
mbpo_pushcube_500k_20261007T094728_f9d45348,PushCube-v1,mbpo,A_generation,488000,243,257851,TS1_mixture,elite_mean_reward_outside_0_1_fraction,0.2216796875
mbpo_pushcube_500k_20261007T094728_f9d45348,PushCube-v1,mbpo,A_generation,488000,243,257851,TS1_mixture,extra.tcp_pose_quaternion_norm_mae,0.0006125368023342781
mbpo_pushcube_500k_20261007T094728_f9d45348,PushCube-v1,mbpo,A_generation,488000,243,257851,TS1_mixture,extra.tcp_pose_quaternion_norm_max_error,0.026699266763071217
mbpo_pushcube_500k_20261007T094728_f9d45348,PushCube-v1,mbpo,A_generation,488000,243,257851,TS1_mixture,extra.tcp_pose_quaternion_invalid_fraction_tol_0.01,0.00341796875
mbpo_pushcube_500k_20261007T094728_f9d45348,PushCube-v1,mbpo,A_generation,488000,243,257851,TS1_mixture,extra.obj_pose_quaternion_norm_mae,0.005609972918851191
mbpo_pushcube_500k_20261007T094728_f9d45348,PushCube-v1,mbpo,A_generation,488000,243,257851,TS1_mixture,extra.obj_pose_quaternion_norm_max_error,0.06077712582552386
mbpo_pushcube_500k_20261007T094728_f9d45348,PushCube-v1,mbpo,A_generation,488000,243,257851,TS1_mixture,extra.obj_pose_quaternion_invalid_fraction_tol_0.01,0.208984375
mbpo_pushcube_500k_20261007T094728_f9d45348,PushCube-v1,mbpo,A_generation,488000,243,257851,TS1_mixture,goal_position_drift_rmse,1.912325320568046e-07
mbpo_pushcube_500k_20261007T094728_f9d45348,PushCube-v1,mbpo,A_generation,488000,243,257851,TS1_mixture,projected_quaternion_max_norm_error/extra.tcp_pose,5.960464477539063e-08
mbpo_pushcube_500k_20261007T094728_f9d45348,PushCube-v1,mbpo,A_generation,488000,243,257851,TS1_mixture,projected_quaternion_max_norm_error/extra.obj_pose,5.960464477539063e-08
mbpo_pushcube_500k_20261007T094728_f9d45348,PushCube-v1,mbpo,A_generation,490016,244,258924,TS1_mixture,count,2048
mbpo_pushcube_500k_20261007T094728_f9d45348,PushCube-v1,mbpo,A_generation,490016,244,258924,TS1_mixture,all_finite,True
mbpo_pushcube_500k_20261007T094728_f9d45348,PushCube-v1,mbpo,A_generation,490016,244,258924,TS1_mixture,reward_outside_0_1_fraction,0.236328125
mbpo_pushcube_500k_20261007T094728_f9d45348,PushCube-v1,mbpo,A_generation,490016,244,258924,TS1_mixture,reward_below_zero_fraction,0.03076171875
mbpo_pushcube_500k_20261007T094728_f9d45348,PushCube-v1,mbpo,A_generation,490016,244,258924,TS1_mixture,reward_above_one_fraction,0.20556640625
mbpo_pushcube_500k_20261007T094728_f9d45348,PushCube-v1,mbpo,A_generation,490016,244,258924,TS1_mixture,reward_min,-0.5881887078285217
mbpo_pushcube_500k_20261007T094728_f9d45348,PushCube-v1,mbpo,A_generation,490016,244,258924,TS1_mixture,reward_max,1.2480043172836304
mbpo_pushcube_500k_20261007T094728_f9d45348,PushCube-v1,mbpo,A_generation,490016,244,258924,TS1_mixture,elite_mean_reward_min,-0.645216166973114
mbpo_pushcube_500k_20261007T094728_f9d45348,PushCube-v1,mbpo,A_generation,490016,244,258924,TS1_mixture,elite_mean_reward_max,1.2968206405639648
mbpo_pushcube_500k_20261007T094728_f9d45348,PushCube-v1,mbpo,A_generation,490016,244,258924,TS1_mixture,elite_mean_reward_outside_0_1_fraction,0.218505859375
mbpo_pushcube_500k_20261007T094728_f9d45348,PushCube-v1,mbpo,A_generation,490016,244,258924,TS1_mixture,extra.tcp_pose_quaternion_norm_mae,0.0006004673165484311
mbpo_pushcube_500k_20261007T094728_f9d45348,PushCube-v1,mbpo,A_generation,490016,244,258924,TS1_mixture,extra.tcp_pose_quaternion_norm_max_error,0.052284006353775614
mbpo_pushcube_500k_20261007T094728_f9d45348,PushCube-v1,mbpo,A_generation,490016,244,258924,TS1_mixture,extra.tcp_pose_quaternion_invalid_fraction_tol_0.01,0.00390625
mbpo_pushcube_500k_20261007T094728_f9d45348,PushCube-v1,mbpo,A_generation,490016,244,258924,TS1_mixture,extra.obj_pose_quaternion_norm_mae,0.005348243140480654
mbpo_pushcube_500k_20261007T094728_f9d45348,PushCube-v1,mbpo,A_generation,490016,244,258924,TS1_mixture,extra.obj_pose_quaternion_norm_max_error,0.06876785517378814
mbpo_pushcube_500k_20261007T094728_f9d45348,PushCube-v1,mbpo,A_generation,490016,244,258924,TS1_mixture,extra.obj_pose_quaternion_invalid_fraction_tol_0.01,0.2021484375
mbpo_pushcube_500k_20261007T094728_f9d45348,PushCube-v1,mbpo,A_generation,490016,244,258924,TS1_mixture,goal_position_drift_rmse,1.793502832380126e-07
mbpo_pushcube_500k_20261007T094728_f9d45348,PushCube-v1,mbpo,A_generation,490016,244,258924,TS1_mixture,projected_quaternion_max_norm_error/extra.tcp_pose,5.960464477539063e-08
mbpo_pushcube_500k_20261007T094728_f9d45348,PushCube-v1,mbpo,A_generation,490016,244,258924,TS1_mixture,projected_quaternion_max_norm_error/extra.obj_pose,5.960464477539063e-08
mbpo_pushcube_500k_20261007T094728_f9d45348,PushCube-v1,mbpo,A_generation,492000,245,259980,TS1_mixture,count,2048
mbpo_pushcube_500k_20261007T094728_f9d45348,PushCube-v1,mbpo,A_generation,492000,245,259980,TS1_mixture,all_finite,True
mbpo_pushcube_500k_20261007T094728_f9d45348,PushCube-v1,mbpo,A_generation,492000,245,259980,TS1_mixture,reward_outside_0_1_fraction,0.26953125
mbpo_pushcube_500k_20261007T094728_f9d45348,PushCube-v1,mbpo,A_generation,492000,245,259980,TS1_mixture,reward_below_zero_fraction,0.0322265625
mbpo_pushcube_500k_20261007T094728_f9d45348,PushCube-v1,mbpo,A_generation,492000,245,259980,TS1_mixture,reward_above_one_fraction,0.2373046875
mbpo_pushcube_500k_20261007T094728_f9d45348,PushCube-v1,mbpo,A_generation,492000,245,259980,TS1_mixture,reward_min,-0.7166358828544617
mbpo_pushcube_500k_20261007T094728_f9d45348,PushCube-v1,mbpo,A_generation,492000,245,259980,TS1_mixture,reward_max,1.297275424003601
mbpo_pushcube_500k_20261007T094728_f9d45348,PushCube-v1,mbpo,A_generation,492000,245,259980,TS1_mixture,elite_mean_reward_min,-0.7896043658256531
mbpo_pushcube_500k_20261007T094728_f9d45348,PushCube-v1,mbpo,A_generation,492000,245,259980,TS1_mixture,elite_mean_reward_max,1.1155458688735962
mbpo_pushcube_500k_20261007T094728_f9d45348,PushCube-v1,mbpo,A_generation,492000,245,259980,TS1_mixture,elite_mean_reward_outside_0_1_fraction,0.247314453125
mbpo_pushcube_500k_20261007T094728_f9d45348,PushCube-v1,mbpo,A_generation,492000,245,259980,TS1_mixture,extra.tcp_pose_quaternion_norm_mae,0.0005497300224695679
mbpo_pushcube_500k_20261007T094728_f9d45348,PushCube-v1,mbpo,A_generation,492000,245,259980,TS1_mixture,extra.tcp_pose_quaternion_norm_max_error,0.020497086340504622
mbpo_pushcube_500k_20261007T094728_f9d45348,PushCube-v1,mbpo,A_generation,492000,245,259980,TS1_mixture,extra.tcp_pose_quaternion_invalid_fraction_tol_0.01,0.00439453125
mbpo_pushcube_500k_20261007T094728_f9d45348,PushCube-v1,mbpo,A_generation,492000,245,259980,TS1_mixture,extra.obj_pose_quaternion_norm_mae,0.004979219913579931
mbpo_pushcube_500k_20261007T094728_f9d45348,PushCube-v1,mbpo,A_generation,492000,245,259980,TS1_mixture,extra.obj_pose_quaternion_norm_max_error,0.04658972056249144
mbpo_pushcube_500k_20261007T094728_f9d45348,PushCube-v1,mbpo,A_generation,492000,245,259980,TS1_mixture,extra.obj_pose_quaternion_invalid_fraction_tol_0.01,0.1943359375
mbpo_pushcube_500k_20261007T094728_f9d45348,PushCube-v1,mbpo,A_generation,492000,245,259980,TS1_mixture,goal_position_drift_rmse,1.5709621697557253e-07
mbpo_pushcube_500k_20261007T094728_f9d45348,PushCube-v1,mbpo,A_generation,492000,245,259980,TS1_mixture,projected_quaternion_max_norm_error/extra.tcp_pose,5.960464477539063e-08
mbpo_pushcube_500k_20261007T094728_f9d45348,PushCube-v1,mbpo,A_generation,492000,245,259980,TS1_mixture,projected_quaternion_max_norm_error/extra.obj_pose,5.960464477539063e-08
mbpo_pushcube_500k_20261007T094728_f9d45348,PushCube-v1,mbpo,A_generation,494016,246,261053,TS1_mixture,count,2048
mbpo_pushcube_500k_20261007T094728_f9d45348,PushCube-v1,mbpo,A_generation,494016,246,261053,TS1_mixture,all_finite,True
mbpo_pushcube_500k_20261007T094728_f9d45348,PushCube-v1,mbpo,A_generation,494016,246,261053,TS1_mixture,reward_outside_0_1_fraction,0.23193359375
mbpo_pushcube_500k_20261007T094728_f9d45348,PushCube-v1,mbpo,A_generation,494016,246,261053,TS1_mixture,reward_below_zero_fraction,0.0283203125
mbpo_pushcube_500k_20261007T094728_f9d45348,PushCube-v1,mbpo,A_generation,494016,246,261053,TS1_mixture,reward_above_one_fraction,0.20361328125
mbpo_pushcube_500k_20261007T094728_f9d45348,PushCube-v1,mbpo,A_generation,494016,246,261053,TS1_mixture,reward_min,-0.5112208724021912
mbpo_pushcube_500k_20261007T094728_f9d45348,PushCube-v1,mbpo,A_generation,494016,246,261053,TS1_mixture,reward_max,1.2719911336898804
mbpo_pushcube_500k_20261007T094728_f9d45348,PushCube-v1,mbpo,A_generation,494016,246,261053,TS1_mixture,elite_mean_reward_min,-0.4518064856529236
mbpo_pushcube_500k_20261007T094728_f9d45348,PushCube-v1,mbpo,A_generation,494016,246,261053,TS1_mixture,elite_mean_reward_max,1.1225250959396362
mbpo_pushcube_500k_20261007T094728_f9d45348,PushCube-v1,mbpo,A_generation,494016,246,261053,TS1_mixture,elite_mean_reward_outside_0_1_fraction,0.202880859375
mbpo_pushcube_500k_20261007T094728_f9d45348,PushCube-v1,mbpo,A_generation,494016,246,261053,TS1_mixture,extra.tcp_pose_quaternion_norm_mae,0.0005491601181019564
mbpo_pushcube_500k_20261007T094728_f9d45348,PushCube-v1,mbpo,A_generation,494016,246,261053,TS1_mixture,extra.tcp_pose_quaternion_norm_max_error,0.030990392325612848
mbpo_pushcube_500k_20261007T094728_f9d45348,PushCube-v1,mbpo,A_generation,494016,246,261053,TS1_mixture,extra.tcp_pose_quaternion_invalid_fraction_tol_0.01,0.00341796875
mbpo_pushcube_500k_20261007T094728_f9d45348,PushCube-v1,mbpo,A_generation,494016,246,261053,TS1_mixture,extra.obj_pose_quaternion_norm_mae,0.005337418197831573
mbpo_pushcube_500k_20261007T094728_f9d45348,PushCube-v1,mbpo,A_generation,494016,246,261053,TS1_mixture,extra.obj_pose_quaternion_norm_max_error,0.10643497422144166
mbpo_pushcube_500k_20261007T094728_f9d45348,PushCube-v1,mbpo,A_generation,494016,246,261053,TS1_mixture,extra.obj_pose_quaternion_invalid_fraction_tol_0.01,0.20263671875
mbpo_pushcube_500k_20261007T094728_f9d45348,PushCube-v1,mbpo,A_generation,494016,246,261053,TS1_mixture,goal_position_drift_rmse,1.6783042983494685e-07
mbpo_pushcube_500k_20261007T094728_f9d45348,PushCube-v1,mbpo,A_generation,494016,246,261053,TS1_mixture,projected_quaternion_max_norm_error/extra.tcp_pose,5.960464477539063e-08
mbpo_pushcube_500k_20261007T094728_f9d45348,PushCube-v1,mbpo,A_generation,494016,246,261053,TS1_mixture,projected_quaternion_max_norm_error/extra.obj_pose,5.960464477539063e-08
mbpo_pushcube_500k_20261007T094728_f9d45348,PushCube-v1,mbpo,A_generation,496000,247,262110,TS1_mixture,count,2048
mbpo_pushcube_500k_20261007T094728_f9d45348,PushCube-v1,mbpo,A_generation,496000,247,262110,TS1_mixture,all_finite,True
mbpo_pushcube_500k_20261007T094728_f9d45348,PushCube-v1,mbpo,A_generation,496000,247,262110,TS1_mixture,reward_outside_0_1_fraction,0.26708984375
mbpo_pushcube_500k_20261007T094728_f9d45348,PushCube-v1,mbpo,A_generation,496000,247,262110,TS1_mixture,reward_below_zero_fraction,0.03076171875
mbpo_pushcube_500k_20261007T094728_f9d45348,PushCube-v1,mbpo,A_generation,496000,247,262110,TS1_mixture,reward_above_one_fraction,0.236328125
mbpo_pushcube_500k_20261007T094728_f9d45348,PushCube-v1,mbpo,A_generation,496000,247,262110,TS1_mixture,reward_min,-1.2802977561950684
mbpo_pushcube_500k_20261007T094728_f9d45348,PushCube-v1,mbpo,A_generation,496000,247,262110,TS1_mixture,reward_max,1.2716439962387085
mbpo_pushcube_500k_20261007T094728_f9d45348,PushCube-v1,mbpo,A_generation,496000,247,262110,TS1_mixture,elite_mean_reward_min,-1.2924457788467407
mbpo_pushcube_500k_20261007T094728_f9d45348,PushCube-v1,mbpo,A_generation,496000,247,262110,TS1_mixture,elite_mean_reward_max,1.1306003332138062
mbpo_pushcube_500k_20261007T094728_f9d45348,PushCube-v1,mbpo,A_generation,496000,247,262110,TS1_mixture,elite_mean_reward_outside_0_1_fraction,0.252685546875
mbpo_pushcube_500k_20261007T094728_f9d45348,PushCube-v1,mbpo,A_generation,496000,247,262110,TS1_mixture,extra.tcp_pose_quaternion_norm_mae,0.0005980148616462987
mbpo_pushcube_500k_20261007T094728_f9d45348,PushCube-v1,mbpo,A_generation,496000,247,262110,TS1_mixture,extra.tcp_pose_quaternion_norm_max_error,0.020457169839039224
mbpo_pushcube_500k_20261007T094728_f9d45348,PushCube-v1,mbpo,A_generation,496000,247,262110,TS1_mixture,extra.tcp_pose_quaternion_invalid_fraction_tol_0.01,0.00244140625
mbpo_pushcube_500k_20261007T094728_f9d45348,PushCube-v1,mbpo,A_generation,496000,247,262110,TS1_mixture,extra.obj_pose_quaternion_norm_mae,0.005460210982919949
mbpo_pushcube_500k_20261007T094728_f9d45348,PushCube-v1,mbpo,A_generation,496000,247,262110,TS1_mixture,extra.obj_pose_quaternion_norm_max_error,0.05663654517863592
mbpo_pushcube_500k_20261007T094728_f9d45348,PushCube-v1,mbpo,A_generation,496000,247,262110,TS1_mixture,extra.obj_pose_quaternion_invalid_fraction_tol_0.01,0.2001953125
mbpo_pushcube_500k_20261007T094728_f9d45348,PushCube-v1,mbpo,A_generation,496000,247,262110,TS1_mixture,goal_position_drift_rmse,1.9481340298640085e-07
mbpo_pushcube_500k_20261007T094728_f9d45348,PushCube-v1,mbpo,A_generation,496000,247,262110,TS1_mixture,projected_quaternion_max_norm_error/extra.tcp_pose,5.960464477539063e-08
mbpo_pushcube_500k_20261007T094728_f9d45348,PushCube-v1,mbpo,A_generation,496000,247,262110,TS1_mixture,projected_quaternion_max_norm_error/extra.obj_pose,5.960464477539063e-08
mbpo_pushcube_500k_20261007T094728_f9d45348,PushCube-v1,mbpo,A_generation,498016,248,263183,TS1_mixture,count,2048
mbpo_pushcube_500k_20261007T094728_f9d45348,PushCube-v1,mbpo,A_generation,498016,248,263183,TS1_mixture,all_finite,True
mbpo_pushcube_500k_20261007T094728_f9d45348,PushCube-v1,mbpo,A_generation,498016,248,263183,TS1_mixture,reward_outside_0_1_fraction,0.26611328125
mbpo_pushcube_500k_20261007T094728_f9d45348,PushCube-v1,mbpo,A_generation,498016,248,263183,TS1_mixture,reward_below_zero_fraction,0.041015625
mbpo_pushcube_500k_20261007T094728_f9d45348,PushCube-v1,mbpo,A_generation,498016,248,263183,TS1_mixture,reward_above_one_fraction,0.22509765625
mbpo_pushcube_500k_20261007T094728_f9d45348,PushCube-v1,mbpo,A_generation,498016,248,263183,TS1_mixture,reward_min,-0.57197105884552
mbpo_pushcube_500k_20261007T094728_f9d45348,PushCube-v1,mbpo,A_generation,498016,248,263183,TS1_mixture,reward_max,1.2656100988388062
mbpo_pushcube_500k_20261007T094728_f9d45348,PushCube-v1,mbpo,A_generation,498016,248,263183,TS1_mixture,elite_mean_reward_min,-0.8395880460739136
mbpo_pushcube_500k_20261007T094728_f9d45348,PushCube-v1,mbpo,A_generation,498016,248,263183,TS1_mixture,elite_mean_reward_max,1.1212254762649536
mbpo_pushcube_500k_20261007T094728_f9d45348,PushCube-v1,mbpo,A_generation,498016,248,263183,TS1_mixture,elite_mean_reward_outside_0_1_fraction,0.229736328125
mbpo_pushcube_500k_20261007T094728_f9d45348,PushCube-v1,mbpo,A_generation,498016,248,263183,TS1_mixture,extra.tcp_pose_quaternion_norm_mae,0.0006080216035692198
mbpo_pushcube_500k_20261007T094728_f9d45348,PushCube-v1,mbpo,A_generation,498016,248,263183,TS1_mixture,extra.tcp_pose_quaternion_norm_max_error,0.025351643554546666
mbpo_pushcube_500k_20261007T094728_f9d45348,PushCube-v1,mbpo,A_generation,498016,248,263183,TS1_mixture,extra.tcp_pose_quaternion_invalid_fraction_tol_0.01,0.005859375
mbpo_pushcube_500k_20261007T094728_f9d45348,PushCube-v1,mbpo,A_generation,498016,248,263183,TS1_mixture,extra.obj_pose_quaternion_norm_mae,0.0053430553953370315
mbpo_pushcube_500k_20261007T094728_f9d45348,PushCube-v1,mbpo,A_generation,498016,248,263183,TS1_mixture,extra.obj_pose_quaternion_norm_max_error,0.06284852517008366
mbpo_pushcube_500k_20261007T094728_f9d45348,PushCube-v1,mbpo,A_generation,498016,248,263183,TS1_mixture,extra.obj_pose_quaternion_invalid_fraction_tol_0.01,0.197265625
mbpo_pushcube_500k_20261007T094728_f9d45348,PushCube-v1,mbpo,A_generation,498016,248,263183,TS1_mixture,goal_position_drift_rmse,1.7674177841983913e-07
mbpo_pushcube_500k_20261007T094728_f9d45348,PushCube-v1,mbpo,A_generation,498016,248,263183,TS1_mixture,projected_quaternion_max_norm_error/extra.tcp_pose,5.960464477539063e-08
mbpo_pushcube_500k_20261007T094728_f9d45348,PushCube-v1,mbpo,A_generation,498016,248,263183,TS1_mixture,projected_quaternion_max_norm_error/extra.obj_pose,5.960464477539063e-08
mbpo_pushcube_500k_20261007T094728_f9d45348,PushCube-v1,mbpo,A_generation,500000,249,264239,TS1_mixture,count,2048
mbpo_pushcube_500k_20261007T094728_f9d45348,PushCube-v1,mbpo,A_generation,500000,249,264239,TS1_mixture,all_finite,True
mbpo_pushcube_500k_20261007T094728_f9d45348,PushCube-v1,mbpo,A_generation,500000,249,264239,TS1_mixture,reward_outside_0_1_fraction,0.27880859375
mbpo_pushcube_500k_20261007T094728_f9d45348,PushCube-v1,mbpo,A_generation,500000,249,264239,TS1_mixture,reward_below_zero_fraction,0.03759765625
mbpo_pushcube_500k_20261007T094728_f9d45348,PushCube-v1,mbpo,A_generation,500000,249,264239,TS1_mixture,reward_above_one_fraction,0.2412109375
mbpo_pushcube_500k_20261007T094728_f9d45348,PushCube-v1,mbpo,A_generation,500000,249,264239,TS1_mixture,reward_min,-0.5657300353050232
mbpo_pushcube_500k_20261007T094728_f9d45348,PushCube-v1,mbpo,A_generation,500000,249,264239,TS1_mixture,reward_max,1.2545148134231567
mbpo_pushcube_500k_20261007T094728_f9d45348,PushCube-v1,mbpo,A_generation,500000,249,264239,TS1_mixture,elite_mean_reward_min,-0.5198673009872437
mbpo_pushcube_500k_20261007T094728_f9d45348,PushCube-v1,mbpo,A_generation,500000,249,264239,TS1_mixture,elite_mean_reward_max,1.1472103595733643
mbpo_pushcube_500k_20261007T094728_f9d45348,PushCube-v1,mbpo,A_generation,500000,249,264239,TS1_mixture,elite_mean_reward_outside_0_1_fraction,0.26708984375
mbpo_pushcube_500k_20261007T094728_f9d45348,PushCube-v1,mbpo,A_generation,500000,249,264239,TS1_mixture,extra.tcp_pose_quaternion_norm_mae,0.0005465396808851729
mbpo_pushcube_500k_20261007T094728_f9d45348,PushCube-v1,mbpo,A_generation,500000,249,264239,TS1_mixture,extra.tcp_pose_quaternion_norm_max_error,0.04386409867727337
mbpo_pushcube_500k_20261007T094728_f9d45348,PushCube-v1,mbpo,A_generation,500000,249,264239,TS1_mixture,extra.tcp_pose_quaternion_invalid_fraction_tol_0.01,0.0029296875
mbpo_pushcube_500k_20261007T094728_f9d45348,PushCube-v1,mbpo,A_generation,500000,249,264239,TS1_mixture,extra.obj_pose_quaternion_norm_mae,0.005319837211633695
mbpo_pushcube_500k_20261007T094728_f9d45348,PushCube-v1,mbpo,A_generation,500000,249,264239,TS1_mixture,extra.obj_pose_quaternion_norm_max_error,0.0668947054795157
mbpo_pushcube_500k_20261007T094728_f9d45348,PushCube-v1,mbpo,A_generation,500000,249,264239,TS1_mixture,extra.obj_pose_quaternion_invalid_fraction_tol_0.01,0.1982421875
mbpo_pushcube_500k_20261007T094728_f9d45348,PushCube-v1,mbpo,A_generation,500000,249,264239,TS1_mixture,goal_position_drift_rmse,1.9924775149974767e-07
mbpo_pushcube_500k_20261007T094728_f9d45348,PushCube-v1,mbpo,A_generation,500000,249,264239,TS1_mixture,projected_quaternion_max_norm_error/extra.tcp_pose,5.960464477539063e-08
mbpo_pushcube_500k_20261007T094728_f9d45348,PushCube-v1,mbpo,A_generation,500000,249,264239,TS1_mixture,projected_quaternion_max_norm_error/extra.obj_pose,5.960464477539063e-08
