run,task,algorithm,checkpoint,kind,index,block,mean,std,at_floor,below_1e_3,unit_change_z
mbpo_pickcube_20261007T143410_ba2d6827,PickCube-v1,mbpo,final_model.pt,input,0,agent.qpos,-0.009001156315207481,0.1301005631685257,False,False,7.686361808477727
mbpo_pickcube_20261007T143410_ba2d6827,PickCube-v1,mbpo,final_model.pt,input,1,agent.qpos,0.35645580291748047,0.33565405011177063,False,False,2.9792579582072864
mbpo_pickcube_20261007T143410_ba2d6827,PickCube-v1,mbpo,final_model.pt,input,2,agent.qpos,-0.0058753276243805885,0.0817343071103096,False,False,12.23476451143567
mbpo_pickcube_20261007T143410_ba2d6827,PickCube-v1,mbpo,final_model.pt,input,3,agent.qpos,-1.9885364770889282,0.4459211528301239,False,False,2.242548920707862
mbpo_pickcube_20261007T143410_ba2d6827,PickCube-v1,mbpo,final_model.pt,input,4,agent.qpos,-0.00764840142801404,0.05041571706533432,False,False,19.835084338958985
mbpo_pickcube_20261007T143410_ba2d6827,PickCube-v1,mbpo,final_model.pt,input,5,agent.qpos,2.33614444732666,0.28591522574424744,False,False,3.497540214575718
mbpo_pickcube_20261007T143410_ba2d6827,PickCube-v1,mbpo,final_model.pt,input,6,agent.qpos,0.7771115303039551,0.18255384266376495,False,False,5.477835938199561
mbpo_pickcube_20261007T143410_ba2d6827,PickCube-v1,mbpo,final_model.pt,input,7,agent.qpos,0.016720103099942207,0.008608589880168438,False,False,116.16304341593676
mbpo_pickcube_20261007T143410_ba2d6827,PickCube-v1,mbpo,final_model.pt,input,8,agent.qpos,0.01673344150185585,0.008607477881014347,False,False,116.17805050718935
mbpo_pickcube_20261007T143410_ba2d6827,PickCube-v1,mbpo,final_model.pt,input,9,agent.qvel,-0.004505997523665428,0.5845251679420471,False,False,1.7107903215198172
mbpo_pickcube_20261007T143410_ba2d6827,PickCube-v1,mbpo,final_model.pt,input,10,agent.qvel,-0.023787640035152435,1.3693492412567139,False,False,0.7302738920585772
mbpo_pickcube_20261007T143410_ba2d6827,PickCube-v1,mbpo,final_model.pt,input,11,agent.qvel,-0.0005139454151503742,0.41352909803390503,False,False,2.418209515979479
mbpo_pickcube_20261007T143410_ba2d6827,PickCube-v1,mbpo,final_model.pt,input,12,agent.qvel,0.002473510103300214,1.858237624168396,False,False,0.5381443078075243
mbpo_pickcube_20261007T143410_ba2d6827,PickCube-v1,mbpo,final_model.pt,input,13,agent.qvel,0.00021843903232365847,0.339093416929245,False,False,2.949039851778247
mbpo_pickcube_20261007T143410_ba2d6827,PickCube-v1,mbpo,final_model.pt,input,14,agent.qvel,-0.02775397337973118,1.0954158306121826,False,False,0.9128953334927992
mbpo_pickcube_20261007T143410_ba2d6827,PickCube-v1,mbpo,final_model.pt,input,15,agent.qvel,-0.006580248940736055,0.6856441497802734,False,False,1.4584825092148272
mbpo_pickcube_20261007T143410_ba2d6827,PickCube-v1,mbpo,final_model.pt,input,16,agent.qvel,0.002668251283466816,0.3726562261581421,False,False,2.6834383268176913
mbpo_pickcube_20261007T143410_ba2d6827,PickCube-v1,mbpo,final_model.pt,input,17,agent.qvel,-0.010410214774310589,0.21412205696105957,False,False,4.670233483614726
mbpo_pickcube_20261007T143410_ba2d6827,PickCube-v1,mbpo,final_model.pt,input,18,extra.is_grasped,0.0,9.999999974752427e-07,True,True,1000000.0025247573
mbpo_pickcube_20261007T143410_ba2d6827,PickCube-v1,mbpo,final_model.pt,input,19,extra.tcp_pose,-0.03849512338638306,0.10705383867025375,False,False,9.341094279488575
mbpo_pickcube_20261007T143410_ba2d6827,PickCube-v1,mbpo,final_model.pt,input,20,extra.tcp_pose,-0.005470594856888056,0.09442416578531265,False,False,10.590509237578528
mbpo_pickcube_20261007T143410_ba2d6827,PickCube-v1,mbpo,final_model.pt,input,21,extra.tcp_pose,0.1724833846092224,0.0905577763915062,False,False,11.042673968458818
mbpo_pickcube_20261007T143410_ba2d6827,PickCube-v1,mbpo,final_model.pt,input,22,extra.tcp_pose,0.001999013824388385,0.013567547313869,False,False,73.7052893103075
mbpo_pickcube_20261007T143410_ba2d6827,PickCube-v1,mbpo,final_model.pt,input,23,extra.tcp_pose,0.9983959794044495,0.006556455511599779,False,False,152.52143452064686
mbpo_pickcube_20261007T143410_ba2d6827,PickCube-v1,mbpo,final_model.pt,input,24,extra.tcp_pose,-0.0005865540588274598,0.023387348279356956,False,False,42.75816086779956
mbpo_pickcube_20261007T143410_ba2d6827,PickCube-v1,mbpo,final_model.pt,input,25,extra.tcp_pose,-0.004581242799758911,0.04908529296517372,False,False,20.372701059551694
mbpo_pickcube_20261007T143410_ba2d6827,PickCube-v1,mbpo,final_model.pt,input,26,extra.goal_pos,-0.00957784429192543,0.052012600004673004,False,False,19.226110594551248
mbpo_pickcube_20261007T143410_ba2d6827,PickCube-v1,mbpo,final_model.pt,input,27,extra.goal_pos,-0.006275924388319254,0.05746478587388992,False,False,17.401961649949637
mbpo_pickcube_20261007T143410_ba2d6827,PickCube-v1,mbpo,final_model.pt,input,28,extra.goal_pos,0.1773565262556076,0.0828181579709053,False,False,12.074646726039333
mbpo_pickcube_20261007T143410_ba2d6827,PickCube-v1,mbpo,final_model.pt,input,29,extra.obj_pose,-0.01125205960124731,0.1066107526421547,False,False,9.379916895967888
mbpo_pickcube_20261007T143410_ba2d6827,PickCube-v1,mbpo,final_model.pt,input,30,extra.obj_pose,0.00878190528601408,0.05789820849895477,False,False,17.271691576053737
mbpo_pickcube_20261007T143410_ba2d6827,PickCube-v1,mbpo,final_model.pt,input,31,extra.obj_pose,0.01820954494178295,0.03797577694058418,False,False,26.332575145587448
mbpo_pickcube_20261007T143410_ba2d6827,PickCube-v1,mbpo,final_model.pt,input,32,extra.obj_pose,0.4879899322986603,0.5218909978866577,False,False,1.9161089270544884
mbpo_pickcube_20261007T143410_ba2d6827,PickCube-v1,mbpo,final_model.pt,input,33,extra.obj_pose,-0.000761588045861572,0.02105029858648777,False,False,47.50526439762247
mbpo_pickcube_20261007T143410_ba2d6827,PickCube-v1,mbpo,final_model.pt,input,34,extra.obj_pose,-0.00032236549304798245,0.015695037320256233,False,False,63.71440727378113
mbpo_pickcube_20261007T143410_ba2d6827,PickCube-v1,mbpo,final_model.pt,input,35,extra.obj_pose,0.4450845718383789,0.5391696095466614,False,False,1.8547039415682367
mbpo_pickcube_20261007T143410_ba2d6827,PickCube-v1,mbpo,final_model.pt,input,36,extra.tcp_to_obj_pos,0.027243079617619514,0.14912837743759155,False,False,6.705631866869122
mbpo_pickcube_20261007T143410_ba2d6827,PickCube-v1,mbpo,final_model.pt,input,37,extra.tcp_to_obj_pos,0.014252480119466782,0.10938239097595215,False,False,9.142239359348537
mbpo_pickcube_20261007T143410_ba2d6827,PickCube-v1,mbpo,final_model.pt,input,38,extra.tcp_to_obj_pos,-0.15427464246749878,0.097327820956707,False,False,10.274554491924938
mbpo_pickcube_20261007T143410_ba2d6827,PickCube-v1,mbpo,final_model.pt,input,39,extra.obj_to_goal_pos,0.0016742153093218803,0.1145530715584755,False,False,8.72957823299861
mbpo_pickcube_20261007T143410_ba2d6827,PickCube-v1,mbpo,final_model.pt,input,40,extra.obj_to_goal_pos,-0.01505780778825283,0.08502104133367538,False,False,11.761794307780573
mbpo_pickcube_20261007T143410_ba2d6827,PickCube-v1,mbpo,final_model.pt,input,41,extra.obj_to_goal_pos,0.15914669632911682,0.09097162634134293,False,False,10.992438414234883
mbpo_pickcube_20261007T143410_ba2d6827,PickCube-v1,mbpo,final_model.pt,input,42,action,0.008959892205893993,0.577920138835907,False,False,1.7303428844239277
mbpo_pickcube_20261007T143410_ba2d6827,PickCube-v1,mbpo,final_model.pt,input,43,action,0.006955012679100037,0.5766684412956238,False,False,1.7340987097425697
mbpo_pickcube_20261007T143410_ba2d6827,PickCube-v1,mbpo,final_model.pt,input,44,action,0.00686053978279233,0.5758179426193237,False,False,1.736660020441748
mbpo_pickcube_20261007T143410_ba2d6827,PickCube-v1,mbpo,final_model.pt,input,45,action,0.004642554558813572,0.5764035582542419,False,False,1.7348956051359363
mbpo_pickcube_20261007T143410_ba2d6827,PickCube-v1,mbpo,final_model.pt,target,0,agent.qpos,5.580107608693652e-05,0.02978133223950863,False,False,33.57808146250006
mbpo_pickcube_20261007T143410_ba2d6827,PickCube-v1,mbpo,final_model.pt,target,1,agent.qpos,-0.0017087854212149978,0.07086709141731262,False,False,14.11092200907942
mbpo_pickcube_20261007T143410_ba2d6827,PickCube-v1,mbpo,final_model.pt,target,2,agent.qpos,-0.00020797927572857589,0.024289630353450775,False,False,41.169831959090814
mbpo_pickcube_20261007T143410_ba2d6827,PickCube-v1,mbpo,final_model.pt,target,3,agent.qpos,-0.0010099136270582676,0.11112496256828308,False,False,8.998878171819666
mbpo_pickcube_20261007T143410_ba2d6827,PickCube-v1,mbpo,final_model.pt,target,4,agent.qpos,-5.23892185810837e-06,0.021342787891626358,False,False,46.85423502673428
mbpo_pickcube_20261007T143410_ba2d6827,PickCube-v1,mbpo,final_model.pt,target,5,agent.qpos,-0.0006978054298087955,0.07295405119657516,False,False,13.70725797400193
mbpo_pickcube_20261007T143410_ba2d6827,PickCube-v1,mbpo,final_model.pt,target,6,agent.qpos,-0.00012299146328587085,0.04446703568100929,False,False,22.488568996900188
mbpo_pickcube_20261007T143410_ba2d6827,PickCube-v1,mbpo,final_model.pt,target,7,agent.qpos,-0.000584430294111371,0.0066606285981833935,False,False,150.13597969908395
mbpo_pickcube_20261007T143410_ba2d6827,PickCube-v1,mbpo,final_model.pt,target,8,agent.qpos,-0.0005983912269584835,0.00661558099091053,False,False,151.15830361293268
mbpo_pickcube_20261007T143410_ba2d6827,PickCube-v1,mbpo,final_model.pt,target,9,agent.qvel,0.005588476080447435,0.8147011995315552,False,False,1.2274438782893529
mbpo_pickcube_20261007T143410_ba2d6827,PickCube-v1,mbpo,final_model.pt,target,10,agent.qvel,-0.017002148553729057,1.936222791671753,False,False,0.51646949116666
mbpo_pickcube_20261007T143410_ba2d6827,PickCube-v1,mbpo,final_model.pt,target,11,agent.qvel,-0.0013072091387584805,0.600772500038147,False,False,1.6645235924355783
mbpo_pickcube_20261007T143410_ba2d6827,PickCube-v1,mbpo,final_model.pt,target,12,agent.qvel,-0.030082957819104195,2.713573932647705,False,False,0.3685176909936903
mbpo_pickcube_20261007T143410_ba2d6827,PickCube-v1,mbpo,final_model.pt,target,13,agent.qvel,0.0001676552346907556,0.4965391457080841,False,False,2.0139399051286504
mbpo_pickcube_20261007T143410_ba2d6827,PickCube-v1,mbpo,final_model.pt,target,14,agent.qvel,0.006009721662849188,1.5676952600479126,False,False,0.63787907349381
mbpo_pickcube_20261007T143410_ba2d6827,PickCube-v1,mbpo,final_model.pt,target,15,agent.qvel,0.0021886653266847134,0.9914858341217041,False,False,1.008587279399547
mbpo_pickcube_20261007T143410_ba2d6827,PickCube-v1,mbpo,final_model.pt,target,16,agent.qvel,-0.002945421962067485,0.47119808197021484,False,False,2.1222497252508163
mbpo_pickcube_20261007T143410_ba2d6827,PickCube-v1,mbpo,final_model.pt,target,17,agent.qvel,0.0009663397795520723,0.28804293274879456,False,False,3.4717046881067244
mbpo_pickcube_20261007T143410_ba2d6827,PickCube-v1,mbpo,final_model.pt,target,18,extra.is_grasped,0.0,9.999999974752427e-07,True,True,1000000.0025247573
mbpo_pickcube_20261007T143410_ba2d6827,PickCube-v1,mbpo,final_model.pt,target,19,extra.tcp_pose,-0.0013722482835873961,0.022987782955169678,False,False,43.5013677460841
mbpo_pickcube_20261007T143410_ba2d6827,PickCube-v1,mbpo,final_model.pt,target,20,extra.tcp_pose,0.000141081414767541,0.015285375528037548,False,False,65.4220106117594
mbpo_pickcube_20261007T143410_ba2d6827,PickCube-v1,mbpo,final_model.pt,target,21,extra.tcp_pose,0.00021571535035036504,0.016346875578165054,False,False,61.17376958173744
mbpo_pickcube_20261007T143410_ba2d6827,PickCube-v1,mbpo,final_model.pt,target,22,extra.tcp_pose,4.0457794966641814e-05,0.0038167827297002077,False,False,262.0007663047002
mbpo_pickcube_20261007T143410_ba2d6827,PickCube-v1,mbpo,final_model.pt,target,23,extra.tcp_pose,-5.9337766288081184e-05,0.0013678796822205186,False,False,731.0584498021574
mbpo_pickcube_20261007T143410_ba2d6827,PickCube-v1,mbpo,final_model.pt,target,24,extra.tcp_pose,-6.538903107866645e-05,0.012795848771929741,False,False,78.15034530524466
mbpo_pickcube_20261007T143410_ba2d6827,PickCube-v1,mbpo,final_model.pt,target,25,extra.tcp_pose,-4.0970124246086925e-05,0.017152337357401848,False,False,58.30109209975772
mbpo_pickcube_20261007T143410_ba2d6827,PickCube-v1,mbpo,final_model.pt,target,26,extra.goal_pos,0.0,9.999999974752427e-07,True,True,1000000.0025247573
mbpo_pickcube_20261007T143410_ba2d6827,PickCube-v1,mbpo,final_model.pt,target,27,extra.goal_pos,0.0,9.999999974752427e-07,True,True,1000000.0025247573
mbpo_pickcube_20261007T143410_ba2d6827,PickCube-v1,mbpo,final_model.pt,target,28,extra.goal_pos,0.0,9.999999974752427e-07,True,True,1000000.0025247573
mbpo_pickcube_20261007T143410_ba2d6827,PickCube-v1,mbpo,final_model.pt,target,29,extra.obj_pose,-0.0005212445394136012,0.008211268112063408,False,False,121.78386898984233
mbpo_pickcube_20261007T143410_ba2d6827,PickCube-v1,mbpo,final_model.pt,target,30,extra.obj_pose,-3.5489189031068236e-05,0.0016084579983726144,False,False,621.7134678131275
mbpo_pickcube_20261007T143410_ba2d6827,PickCube-v1,mbpo,final_model.pt,target,31,extra.obj_pose,-0.0002083822910208255,0.005185082089155912,False,False,192.86097747447457
mbpo_pickcube_20261007T143410_ba2d6827,PickCube-v1,mbpo,final_model.pt,target,32,extra.obj_pose,-0.00027240990311838686,0.012565277516841888,False,False,79.58439426902021
mbpo_pickcube_20261007T143410_ba2d6827,PickCube-v1,mbpo,final_model.pt,target,33,extra.obj_pose,-0.00015069378423504531,0.003740885527804494,False,False,267.3163860715339
mbpo_pickcube_20261007T143410_ba2d6827,PickCube-v1,mbpo,final_model.pt,target,34,extra.obj_pose,-0.00012882094597443938,0.00533667765557766,False,False,187.3824998507909
mbpo_pickcube_20261007T143410_ba2d6827,PickCube-v1,mbpo,final_model.pt,target,35,extra.obj_pose,-0.00014629271754529327,0.013508349657058716,False,False,74.0282880875426
mbpo_pickcube_20261007T143410_ba2d6827,PickCube-v1,mbpo,final_model.pt,target,36,extra.tcp_to_obj_pos,0.0008510034531354904,0.024120774120092392,False,False,41.45803924124512
mbpo_pickcube_20261007T143410_ba2d6827,PickCube-v1,mbpo,final_model.pt,target,37,extra.tcp_to_obj_pos,-0.00017657032003626227,0.015377257950603962,False,False,65.0311000317663
mbpo_pickcube_20261007T143410_ba2d6827,PickCube-v1,mbpo,final_model.pt,target,38,extra.tcp_to_obj_pos,-0.00042409769957885146,0.017280958592891693,False,False,57.86716024025065
mbpo_pickcube_20261007T143410_ba2d6827,PickCube-v1,mbpo,final_model.pt,target,39,extra.obj_to_goal_pos,0.0005212445394136012,0.008211268112063408,False,False,121.78386898984233
mbpo_pickcube_20261007T143410_ba2d6827,PickCube-v1,mbpo,final_model.pt,target,40,extra.obj_to_goal_pos,3.548917447915301e-05,0.0016084579983726144,False,False,621.7134678131275
mbpo_pickcube_20261007T143410_ba2d6827,PickCube-v1,mbpo,final_model.pt,target,41,extra.obj_to_goal_pos,0.0002083822328131646,0.005185083020478487,False,False,192.8609428336055
mbpo_pickcube_20261007T143410_ba2d6827,PickCube-v1,mbpo,final_model.pt,target,42,reward,0.04811888188123703,0.03160129114985466,False,False,31.644276661290757
mbpo_pickcube_20261007T143410_ba2d6827,PickCube-v1,mbpo,step_100000_model.pt,input,0,agent.qpos,-0.009001156315207481,0.1301005631685257,False,False,7.686361808477727
mbpo_pickcube_20261007T143410_ba2d6827,PickCube-v1,mbpo,step_100000_model.pt,input,1,agent.qpos,0.35645580291748047,0.33565405011177063,False,False,2.9792579582072864
mbpo_pickcube_20261007T143410_ba2d6827,PickCube-v1,mbpo,step_100000_model.pt,input,2,agent.qpos,-0.0058753276243805885,0.0817343071103096,False,False,12.23476451143567
mbpo_pickcube_20261007T143410_ba2d6827,PickCube-v1,mbpo,step_100000_model.pt,input,3,agent.qpos,-1.9885364770889282,0.4459211528301239,False,False,2.242548920707862
mbpo_pickcube_20261007T143410_ba2d6827,PickCube-v1,mbpo,step_100000_model.pt,input,4,agent.qpos,-0.00764840142801404,0.05041571706533432,False,False,19.835084338958985
mbpo_pickcube_20261007T143410_ba2d6827,PickCube-v1,mbpo,step_100000_model.pt,input,5,agent.qpos,2.33614444732666,0.28591522574424744,False,False,3.497540214575718
mbpo_pickcube_20261007T143410_ba2d6827,PickCube-v1,mbpo,step_100000_model.pt,input,6,agent.qpos,0.7771115303039551,0.18255384266376495,False,False,5.477835938199561
mbpo_pickcube_20261007T143410_ba2d6827,PickCube-v1,mbpo,step_100000_model.pt,input,7,agent.qpos,0.016720103099942207,0.008608589880168438,False,False,116.16304341593676
mbpo_pickcube_20261007T143410_ba2d6827,PickCube-v1,mbpo,step_100000_model.pt,input,8,agent.qpos,0.01673344150185585,0.008607477881014347,False,False,116.17805050718935
mbpo_pickcube_20261007T143410_ba2d6827,PickCube-v1,mbpo,step_100000_model.pt,input,9,agent.qvel,-0.004505997523665428,0.5845251679420471,False,False,1.7107903215198172
mbpo_pickcube_20261007T143410_ba2d6827,PickCube-v1,mbpo,step_100000_model.pt,input,10,agent.qvel,-0.023787640035152435,1.3693492412567139,False,False,0.7302738920585772
mbpo_pickcube_20261007T143410_ba2d6827,PickCube-v1,mbpo,step_100000_model.pt,input,11,agent.qvel,-0.0005139454151503742,0.41352909803390503,False,False,2.418209515979479
mbpo_pickcube_20261007T143410_ba2d6827,PickCube-v1,mbpo,step_100000_model.pt,input,12,agent.qvel,0.002473510103300214,1.858237624168396,False,False,0.5381443078075243
mbpo_pickcube_20261007T143410_ba2d6827,PickCube-v1,mbpo,step_100000_model.pt,input,13,agent.qvel,0.00021843903232365847,0.339093416929245,False,False,2.949039851778247
mbpo_pickcube_20261007T143410_ba2d6827,PickCube-v1,mbpo,step_100000_model.pt,input,14,agent.qvel,-0.02775397337973118,1.0954158306121826,False,False,0.9128953334927992
mbpo_pickcube_20261007T143410_ba2d6827,PickCube-v1,mbpo,step_100000_model.pt,input,15,agent.qvel,-0.006580248940736055,0.6856441497802734,False,False,1.4584825092148272
mbpo_pickcube_20261007T143410_ba2d6827,PickCube-v1,mbpo,step_100000_model.pt,input,16,agent.qvel,0.002668251283466816,0.3726562261581421,False,False,2.6834383268176913
mbpo_pickcube_20261007T143410_ba2d6827,PickCube-v1,mbpo,step_100000_model.pt,input,17,agent.qvel,-0.010410214774310589,0.21412205696105957,False,False,4.670233483614726
mbpo_pickcube_20261007T143410_ba2d6827,PickCube-v1,mbpo,step_100000_model.pt,input,18,extra.is_grasped,0.0,9.999999974752427e-07,True,True,1000000.0025247573
mbpo_pickcube_20261007T143410_ba2d6827,PickCube-v1,mbpo,step_100000_model.pt,input,19,extra.tcp_pose,-0.03849512338638306,0.10705383867025375,False,False,9.341094279488575
mbpo_pickcube_20261007T143410_ba2d6827,PickCube-v1,mbpo,step_100000_model.pt,input,20,extra.tcp_pose,-0.005470594856888056,0.09442416578531265,False,False,10.590509237578528
mbpo_pickcube_20261007T143410_ba2d6827,PickCube-v1,mbpo,step_100000_model.pt,input,21,extra.tcp_pose,0.1724833846092224,0.0905577763915062,False,False,11.042673968458818
mbpo_pickcube_20261007T143410_ba2d6827,PickCube-v1,mbpo,step_100000_model.pt,input,22,extra.tcp_pose,0.001999013824388385,0.013567547313869,False,False,73.7052893103075
mbpo_pickcube_20261007T143410_ba2d6827,PickCube-v1,mbpo,step_100000_model.pt,input,23,extra.tcp_pose,0.9983959794044495,0.006556455511599779,False,False,152.52143452064686
mbpo_pickcube_20261007T143410_ba2d6827,PickCube-v1,mbpo,step_100000_model.pt,input,24,extra.tcp_pose,-0.0005865540588274598,0.023387348279356956,False,False,42.75816086779956
mbpo_pickcube_20261007T143410_ba2d6827,PickCube-v1,mbpo,step_100000_model.pt,input,25,extra.tcp_pose,-0.004581242799758911,0.04908529296517372,False,False,20.372701059551694
mbpo_pickcube_20261007T143410_ba2d6827,PickCube-v1,mbpo,step_100000_model.pt,input,26,extra.goal_pos,-0.00957784429192543,0.052012600004673004,False,False,19.226110594551248
mbpo_pickcube_20261007T143410_ba2d6827,PickCube-v1,mbpo,step_100000_model.pt,input,27,extra.goal_pos,-0.006275924388319254,0.05746478587388992,False,False,17.401961649949637
mbpo_pickcube_20261007T143410_ba2d6827,PickCube-v1,mbpo,step_100000_model.pt,input,28,extra.goal_pos,0.1773565262556076,0.0828181579709053,False,False,12.074646726039333
mbpo_pickcube_20261007T143410_ba2d6827,PickCube-v1,mbpo,step_100000_model.pt,input,29,extra.obj_pose,-0.01125205960124731,0.1066107526421547,False,False,9.379916895967888
mbpo_pickcube_20261007T143410_ba2d6827,PickCube-v1,mbpo,step_100000_model.pt,input,30,extra.obj_pose,0.00878190528601408,0.05789820849895477,False,False,17.271691576053737
mbpo_pickcube_20261007T143410_ba2d6827,PickCube-v1,mbpo,step_100000_model.pt,input,31,extra.obj_pose,0.01820954494178295,0.03797577694058418,False,False,26.332575145587448
mbpo_pickcube_20261007T143410_ba2d6827,PickCube-v1,mbpo,step_100000_model.pt,input,32,extra.obj_pose,0.4879899322986603,0.5218909978866577,False,False,1.9161089270544884
mbpo_pickcube_20261007T143410_ba2d6827,PickCube-v1,mbpo,step_100000_model.pt,input,33,extra.obj_pose,-0.000761588045861572,0.02105029858648777,False,False,47.50526439762247
mbpo_pickcube_20261007T143410_ba2d6827,PickCube-v1,mbpo,step_100000_model.pt,input,34,extra.obj_pose,-0.00032236549304798245,0.015695037320256233,False,False,63.71440727378113
mbpo_pickcube_20261007T143410_ba2d6827,PickCube-v1,mbpo,step_100000_model.pt,input,35,extra.obj_pose,0.4450845718383789,0.5391696095466614,False,False,1.8547039415682367
mbpo_pickcube_20261007T143410_ba2d6827,PickCube-v1,mbpo,step_100000_model.pt,input,36,extra.tcp_to_obj_pos,0.027243079617619514,0.14912837743759155,False,False,6.705631866869122
mbpo_pickcube_20261007T143410_ba2d6827,PickCube-v1,mbpo,step_100000_model.pt,input,37,extra.tcp_to_obj_pos,0.014252480119466782,0.10938239097595215,False,False,9.142239359348537
mbpo_pickcube_20261007T143410_ba2d6827,PickCube-v1,mbpo,step_100000_model.pt,input,38,extra.tcp_to_obj_pos,-0.15427464246749878,0.097327820956707,False,False,10.274554491924938
mbpo_pickcube_20261007T143410_ba2d6827,PickCube-v1,mbpo,step_100000_model.pt,input,39,extra.obj_to_goal_pos,0.0016742153093218803,0.1145530715584755,False,False,8.72957823299861
mbpo_pickcube_20261007T143410_ba2d6827,PickCube-v1,mbpo,step_100000_model.pt,input,40,extra.obj_to_goal_pos,-0.01505780778825283,0.08502104133367538,False,False,11.761794307780573
mbpo_pickcube_20261007T143410_ba2d6827,PickCube-v1,mbpo,step_100000_model.pt,input,41,extra.obj_to_goal_pos,0.15914669632911682,0.09097162634134293,False,False,10.992438414234883
mbpo_pickcube_20261007T143410_ba2d6827,PickCube-v1,mbpo,step_100000_model.pt,input,42,action,0.008959892205893993,0.577920138835907,False,False,1.7303428844239277
mbpo_pickcube_20261007T143410_ba2d6827,PickCube-v1,mbpo,step_100000_model.pt,input,43,action,0.006955012679100037,0.5766684412956238,False,False,1.7340987097425697
mbpo_pickcube_20261007T143410_ba2d6827,PickCube-v1,mbpo,step_100000_model.pt,input,44,action,0.00686053978279233,0.5758179426193237,False,False,1.736660020441748
mbpo_pickcube_20261007T143410_ba2d6827,PickCube-v1,mbpo,step_100000_model.pt,input,45,action,0.004642554558813572,0.5764035582542419,False,False,1.7348956051359363
mbpo_pickcube_20261007T143410_ba2d6827,PickCube-v1,mbpo,step_100000_model.pt,target,0,agent.qpos,5.580107608693652e-05,0.02978133223950863,False,False,33.57808146250006
mbpo_pickcube_20261007T143410_ba2d6827,PickCube-v1,mbpo,step_100000_model.pt,target,1,agent.qpos,-0.0017087854212149978,0.07086709141731262,False,False,14.11092200907942
mbpo_pickcube_20261007T143410_ba2d6827,PickCube-v1,mbpo,step_100000_model.pt,target,2,agent.qpos,-0.00020797927572857589,0.024289630353450775,False,False,41.169831959090814
mbpo_pickcube_20261007T143410_ba2d6827,PickCube-v1,mbpo,step_100000_model.pt,target,3,agent.qpos,-0.0010099136270582676,0.11112496256828308,False,False,8.998878171819666
mbpo_pickcube_20261007T143410_ba2d6827,PickCube-v1,mbpo,step_100000_model.pt,target,4,agent.qpos,-5.23892185810837e-06,0.021342787891626358,False,False,46.85423502673428
mbpo_pickcube_20261007T143410_ba2d6827,PickCube-v1,mbpo,step_100000_model.pt,target,5,agent.qpos,-0.0006978054298087955,0.07295405119657516,False,False,13.70725797400193
mbpo_pickcube_20261007T143410_ba2d6827,PickCube-v1,mbpo,step_100000_model.pt,target,6,agent.qpos,-0.00012299146328587085,0.04446703568100929,False,False,22.488568996900188
mbpo_pickcube_20261007T143410_ba2d6827,PickCube-v1,mbpo,step_100000_model.pt,target,7,agent.qpos,-0.000584430294111371,0.0066606285981833935,False,False,150.13597969908395
mbpo_pickcube_20261007T143410_ba2d6827,PickCube-v1,mbpo,step_100000_model.pt,target,8,agent.qpos,-0.0005983912269584835,0.00661558099091053,False,False,151.15830361293268
mbpo_pickcube_20261007T143410_ba2d6827,PickCube-v1,mbpo,step_100000_model.pt,target,9,agent.qvel,0.005588476080447435,0.8147011995315552,False,False,1.2274438782893529
mbpo_pickcube_20261007T143410_ba2d6827,PickCube-v1,mbpo,step_100000_model.pt,target,10,agent.qvel,-0.017002148553729057,1.936222791671753,False,False,0.51646949116666
mbpo_pickcube_20261007T143410_ba2d6827,PickCube-v1,mbpo,step_100000_model.pt,target,11,agent.qvel,-0.0013072091387584805,0.600772500038147,False,False,1.6645235924355783
mbpo_pickcube_20261007T143410_ba2d6827,PickCube-v1,mbpo,step_100000_model.pt,target,12,agent.qvel,-0.030082957819104195,2.713573932647705,False,False,0.3685176909936903
mbpo_pickcube_20261007T143410_ba2d6827,PickCube-v1,mbpo,step_100000_model.pt,target,13,agent.qvel,0.0001676552346907556,0.4965391457080841,False,False,2.0139399051286504
mbpo_pickcube_20261007T143410_ba2d6827,PickCube-v1,mbpo,step_100000_model.pt,target,14,agent.qvel,0.006009721662849188,1.5676952600479126,False,False,0.63787907349381
mbpo_pickcube_20261007T143410_ba2d6827,PickCube-v1,mbpo,step_100000_model.pt,target,15,agent.qvel,0.0021886653266847134,0.9914858341217041,False,False,1.008587279399547
mbpo_pickcube_20261007T143410_ba2d6827,PickCube-v1,mbpo,step_100000_model.pt,target,16,agent.qvel,-0.002945421962067485,0.47119808197021484,False,False,2.1222497252508163
mbpo_pickcube_20261007T143410_ba2d6827,PickCube-v1,mbpo,step_100000_model.pt,target,17,agent.qvel,0.0009663397795520723,0.28804293274879456,False,False,3.4717046881067244
mbpo_pickcube_20261007T143410_ba2d6827,PickCube-v1,mbpo,step_100000_model.pt,target,18,extra.is_grasped,0.0,9.999999974752427e-07,True,True,1000000.0025247573
mbpo_pickcube_20261007T143410_ba2d6827,PickCube-v1,mbpo,step_100000_model.pt,target,19,extra.tcp_pose,-0.0013722482835873961,0.022987782955169678,False,False,43.5013677460841
mbpo_pickcube_20261007T143410_ba2d6827,PickCube-v1,mbpo,step_100000_model.pt,target,20,extra.tcp_pose,0.000141081414767541,0.015285375528037548,False,False,65.4220106117594
mbpo_pickcube_20261007T143410_ba2d6827,PickCube-v1,mbpo,step_100000_model.pt,target,21,extra.tcp_pose,0.00021571535035036504,0.016346875578165054,False,False,61.17376958173744
mbpo_pickcube_20261007T143410_ba2d6827,PickCube-v1,mbpo,step_100000_model.pt,target,22,extra.tcp_pose,4.0457794966641814e-05,0.0038167827297002077,False,False,262.0007663047002
mbpo_pickcube_20261007T143410_ba2d6827,PickCube-v1,mbpo,step_100000_model.pt,target,23,extra.tcp_pose,-5.9337766288081184e-05,0.0013678796822205186,False,False,731.0584498021574
mbpo_pickcube_20261007T143410_ba2d6827,PickCube-v1,mbpo,step_100000_model.pt,target,24,extra.tcp_pose,-6.538903107866645e-05,0.012795848771929741,False,False,78.15034530524466
mbpo_pickcube_20261007T143410_ba2d6827,PickCube-v1,mbpo,step_100000_model.pt,target,25,extra.tcp_pose,-4.0970124246086925e-05,0.017152337357401848,False,False,58.30109209975772
mbpo_pickcube_20261007T143410_ba2d6827,PickCube-v1,mbpo,step_100000_model.pt,target,26,extra.goal_pos,0.0,9.999999974752427e-07,True,True,1000000.0025247573
mbpo_pickcube_20261007T143410_ba2d6827,PickCube-v1,mbpo,step_100000_model.pt,target,27,extra.goal_pos,0.0,9.999999974752427e-07,True,True,1000000.0025247573
mbpo_pickcube_20261007T143410_ba2d6827,PickCube-v1,mbpo,step_100000_model.pt,target,28,extra.goal_pos,0.0,9.999999974752427e-07,True,True,1000000.0025247573
mbpo_pickcube_20261007T143410_ba2d6827,PickCube-v1,mbpo,step_100000_model.pt,target,29,extra.obj_pose,-0.0005212445394136012,0.008211268112063408,False,False,121.78386898984233
mbpo_pickcube_20261007T143410_ba2d6827,PickCube-v1,mbpo,step_100000_model.pt,target,30,extra.obj_pose,-3.5489189031068236e-05,0.0016084579983726144,False,False,621.7134678131275
mbpo_pickcube_20261007T143410_ba2d6827,PickCube-v1,mbpo,step_100000_model.pt,target,31,extra.obj_pose,-0.0002083822910208255,0.005185082089155912,False,False,192.86097747447457
mbpo_pickcube_20261007T143410_ba2d6827,PickCube-v1,mbpo,step_100000_model.pt,target,32,extra.obj_pose,-0.00027240990311838686,0.012565277516841888,False,False,79.58439426902021
mbpo_pickcube_20261007T143410_ba2d6827,PickCube-v1,mbpo,step_100000_model.pt,target,33,extra.obj_pose,-0.00015069378423504531,0.003740885527804494,False,False,267.3163860715339
mbpo_pickcube_20261007T143410_ba2d6827,PickCube-v1,mbpo,step_100000_model.pt,target,34,extra.obj_pose,-0.00012882094597443938,0.00533667765557766,False,False,187.3824998507909
mbpo_pickcube_20261007T143410_ba2d6827,PickCube-v1,mbpo,step_100000_model.pt,target,35,extra.obj_pose,-0.00014629271754529327,0.013508349657058716,False,False,74.0282880875426
mbpo_pickcube_20261007T143410_ba2d6827,PickCube-v1,mbpo,step_100000_model.pt,target,36,extra.tcp_to_obj_pos,0.0008510034531354904,0.024120774120092392,False,False,41.45803924124512
mbpo_pickcube_20261007T143410_ba2d6827,PickCube-v1,mbpo,step_100000_model.pt,target,37,extra.tcp_to_obj_pos,-0.00017657032003626227,0.015377257950603962,False,False,65.0311000317663
mbpo_pickcube_20261007T143410_ba2d6827,PickCube-v1,mbpo,step_100000_model.pt,target,38,extra.tcp_to_obj_pos,-0.00042409769957885146,0.017280958592891693,False,False,57.86716024025065
mbpo_pickcube_20261007T143410_ba2d6827,PickCube-v1,mbpo,step_100000_model.pt,target,39,extra.obj_to_goal_pos,0.0005212445394136012,0.008211268112063408,False,False,121.78386898984233
mbpo_pickcube_20261007T143410_ba2d6827,PickCube-v1,mbpo,step_100000_model.pt,target,40,extra.obj_to_goal_pos,3.548917447915301e-05,0.0016084579983726144,False,False,621.7134678131275
mbpo_pickcube_20261007T143410_ba2d6827,PickCube-v1,mbpo,step_100000_model.pt,target,41,extra.obj_to_goal_pos,0.0002083822328131646,0.005185083020478487,False,False,192.8609428336055
mbpo_pickcube_20261007T143410_ba2d6827,PickCube-v1,mbpo,step_100000_model.pt,target,42,reward,0.04811888188123703,0.03160129114985466,False,False,31.644276661290757
mbpo_pickcube_20261007T143410_ba2d6827,PickCube-v1,mbpo,step_150016_model.pt,input,0,agent.qpos,-0.009001156315207481,0.1301005631685257,False,False,7.686361808477727
mbpo_pickcube_20261007T143410_ba2d6827,PickCube-v1,mbpo,step_150016_model.pt,input,1,agent.qpos,0.35645580291748047,0.33565405011177063,False,False,2.9792579582072864
mbpo_pickcube_20261007T143410_ba2d6827,PickCube-v1,mbpo,step_150016_model.pt,input,2,agent.qpos,-0.0058753276243805885,0.0817343071103096,False,False,12.23476451143567
mbpo_pickcube_20261007T143410_ba2d6827,PickCube-v1,mbpo,step_150016_model.pt,input,3,agent.qpos,-1.9885364770889282,0.4459211528301239,False,False,2.242548920707862
mbpo_pickcube_20261007T143410_ba2d6827,PickCube-v1,mbpo,step_150016_model.pt,input,4,agent.qpos,-0.00764840142801404,0.05041571706533432,False,False,19.835084338958985
mbpo_pickcube_20261007T143410_ba2d6827,PickCube-v1,mbpo,step_150016_model.pt,input,5,agent.qpos,2.33614444732666,0.28591522574424744,False,False,3.497540214575718
mbpo_pickcube_20261007T143410_ba2d6827,PickCube-v1,mbpo,step_150016_model.pt,input,6,agent.qpos,0.7771115303039551,0.18255384266376495,False,False,5.477835938199561
mbpo_pickcube_20261007T143410_ba2d6827,PickCube-v1,mbpo,step_150016_model.pt,input,7,agent.qpos,0.016720103099942207,0.008608589880168438,False,False,116.16304341593676
mbpo_pickcube_20261007T143410_ba2d6827,PickCube-v1,mbpo,step_150016_model.pt,input,8,agent.qpos,0.01673344150185585,0.008607477881014347,False,False,116.17805050718935
mbpo_pickcube_20261007T143410_ba2d6827,PickCube-v1,mbpo,step_150016_model.pt,input,9,agent.qvel,-0.004505997523665428,0.5845251679420471,False,False,1.7107903215198172
mbpo_pickcube_20261007T143410_ba2d6827,PickCube-v1,mbpo,step_150016_model.pt,input,10,agent.qvel,-0.023787640035152435,1.3693492412567139,False,False,0.7302738920585772
mbpo_pickcube_20261007T143410_ba2d6827,PickCube-v1,mbpo,step_150016_model.pt,input,11,agent.qvel,-0.0005139454151503742,0.41352909803390503,False,False,2.418209515979479
mbpo_pickcube_20261007T143410_ba2d6827,PickCube-v1,mbpo,step_150016_model.pt,input,12,agent.qvel,0.002473510103300214,1.858237624168396,False,False,0.5381443078075243
mbpo_pickcube_20261007T143410_ba2d6827,PickCube-v1,mbpo,step_150016_model.pt,input,13,agent.qvel,0.00021843903232365847,0.339093416929245,False,False,2.949039851778247
mbpo_pickcube_20261007T143410_ba2d6827,PickCube-v1,mbpo,step_150016_model.pt,input,14,agent.qvel,-0.02775397337973118,1.0954158306121826,False,False,0.9128953334927992
mbpo_pickcube_20261007T143410_ba2d6827,PickCube-v1,mbpo,step_150016_model.pt,input,15,agent.qvel,-0.006580248940736055,0.6856441497802734,False,False,1.4584825092148272
mbpo_pickcube_20261007T143410_ba2d6827,PickCube-v1,mbpo,step_150016_model.pt,input,16,agent.qvel,0.002668251283466816,0.3726562261581421,False,False,2.6834383268176913
mbpo_pickcube_20261007T143410_ba2d6827,PickCube-v1,mbpo,step_150016_model.pt,input,17,agent.qvel,-0.010410214774310589,0.21412205696105957,False,False,4.670233483614726
mbpo_pickcube_20261007T143410_ba2d6827,PickCube-v1,mbpo,step_150016_model.pt,input,18,extra.is_grasped,0.0,9.999999974752427e-07,True,True,1000000.0025247573
mbpo_pickcube_20261007T143410_ba2d6827,PickCube-v1,mbpo,step_150016_model.pt,input,19,extra.tcp_pose,-0.03849512338638306,0.10705383867025375,False,False,9.341094279488575
mbpo_pickcube_20261007T143410_ba2d6827,PickCube-v1,mbpo,step_150016_model.pt,input,20,extra.tcp_pose,-0.005470594856888056,0.09442416578531265,False,False,10.590509237578528
mbpo_pickcube_20261007T143410_ba2d6827,PickCube-v1,mbpo,step_150016_model.pt,input,21,extra.tcp_pose,0.1724833846092224,0.0905577763915062,False,False,11.042673968458818
mbpo_pickcube_20261007T143410_ba2d6827,PickCube-v1,mbpo,step_150016_model.pt,input,22,extra.tcp_pose,0.001999013824388385,0.013567547313869,False,False,73.7052893103075
mbpo_pickcube_20261007T143410_ba2d6827,PickCube-v1,mbpo,step_150016_model.pt,input,23,extra.tcp_pose,0.9983959794044495,0.006556455511599779,False,False,152.52143452064686
mbpo_pickcube_20261007T143410_ba2d6827,PickCube-v1,mbpo,step_150016_model.pt,input,24,extra.tcp_pose,-0.0005865540588274598,0.023387348279356956,False,False,42.75816086779956
mbpo_pickcube_20261007T143410_ba2d6827,PickCube-v1,mbpo,step_150016_model.pt,input,25,extra.tcp_pose,-0.004581242799758911,0.04908529296517372,False,False,20.372701059551694
mbpo_pickcube_20261007T143410_ba2d6827,PickCube-v1,mbpo,step_150016_model.pt,input,26,extra.goal_pos,-0.00957784429192543,0.052012600004673004,False,False,19.226110594551248
mbpo_pickcube_20261007T143410_ba2d6827,PickCube-v1,mbpo,step_150016_model.pt,input,27,extra.goal_pos,-0.006275924388319254,0.05746478587388992,False,False,17.401961649949637
mbpo_pickcube_20261007T143410_ba2d6827,PickCube-v1,mbpo,step_150016_model.pt,input,28,extra.goal_pos,0.1773565262556076,0.0828181579709053,False,False,12.074646726039333
mbpo_pickcube_20261007T143410_ba2d6827,PickCube-v1,mbpo,step_150016_model.pt,input,29,extra.obj_pose,-0.01125205960124731,0.1066107526421547,False,False,9.379916895967888
mbpo_pickcube_20261007T143410_ba2d6827,PickCube-v1,mbpo,step_150016_model.pt,input,30,extra.obj_pose,0.00878190528601408,0.05789820849895477,False,False,17.271691576053737
mbpo_pickcube_20261007T143410_ba2d6827,PickCube-v1,mbpo,step_150016_model.pt,input,31,extra.obj_pose,0.01820954494178295,0.03797577694058418,False,False,26.332575145587448
mbpo_pickcube_20261007T143410_ba2d6827,PickCube-v1,mbpo,step_150016_model.pt,input,32,extra.obj_pose,0.4879899322986603,0.5218909978866577,False,False,1.9161089270544884
mbpo_pickcube_20261007T143410_ba2d6827,PickCube-v1,mbpo,step_150016_model.pt,input,33,extra.obj_pose,-0.000761588045861572,0.02105029858648777,False,False,47.50526439762247
mbpo_pickcube_20261007T143410_ba2d6827,PickCube-v1,mbpo,step_150016_model.pt,input,34,extra.obj_pose,-0.00032236549304798245,0.015695037320256233,False,False,63.71440727378113
mbpo_pickcube_20261007T143410_ba2d6827,PickCube-v1,mbpo,step_150016_model.pt,input,35,extra.obj_pose,0.4450845718383789,0.5391696095466614,False,False,1.8547039415682367
mbpo_pickcube_20261007T143410_ba2d6827,PickCube-v1,mbpo,step_150016_model.pt,input,36,extra.tcp_to_obj_pos,0.027243079617619514,0.14912837743759155,False,False,6.705631866869122
mbpo_pickcube_20261007T143410_ba2d6827,PickCube-v1,mbpo,step_150016_model.pt,input,37,extra.tcp_to_obj_pos,0.014252480119466782,0.10938239097595215,False,False,9.142239359348537
mbpo_pickcube_20261007T143410_ba2d6827,PickCube-v1,mbpo,step_150016_model.pt,input,38,extra.tcp_to_obj_pos,-0.15427464246749878,0.097327820956707,False,False,10.274554491924938
mbpo_pickcube_20261007T143410_ba2d6827,PickCube-v1,mbpo,step_150016_model.pt,input,39,extra.obj_to_goal_pos,0.0016742153093218803,0.1145530715584755,False,False,8.72957823299861
mbpo_pickcube_20261007T143410_ba2d6827,PickCube-v1,mbpo,step_150016_model.pt,input,40,extra.obj_to_goal_pos,-0.01505780778825283,0.08502104133367538,False,False,11.761794307780573
mbpo_pickcube_20261007T143410_ba2d6827,PickCube-v1,mbpo,step_150016_model.pt,input,41,extra.obj_to_goal_pos,0.15914669632911682,0.09097162634134293,False,False,10.992438414234883
mbpo_pickcube_20261007T143410_ba2d6827,PickCube-v1,mbpo,step_150016_model.pt,input,42,action,0.008959892205893993,0.577920138835907,False,False,1.7303428844239277
mbpo_pickcube_20261007T143410_ba2d6827,PickCube-v1,mbpo,step_150016_model.pt,input,43,action,0.006955012679100037,0.5766684412956238,False,False,1.7340987097425697
mbpo_pickcube_20261007T143410_ba2d6827,PickCube-v1,mbpo,step_150016_model.pt,input,44,action,0.00686053978279233,0.5758179426193237,False,False,1.736660020441748
mbpo_pickcube_20261007T143410_ba2d6827,PickCube-v1,mbpo,step_150016_model.pt,input,45,action,0.004642554558813572,0.5764035582542419,False,False,1.7348956051359363
mbpo_pickcube_20261007T143410_ba2d6827,PickCube-v1,mbpo,step_150016_model.pt,target,0,agent.qpos,5.580107608693652e-05,0.02978133223950863,False,False,33.57808146250006
mbpo_pickcube_20261007T143410_ba2d6827,PickCube-v1,mbpo,step_150016_model.pt,target,1,agent.qpos,-0.0017087854212149978,0.07086709141731262,False,False,14.11092200907942
mbpo_pickcube_20261007T143410_ba2d6827,PickCube-v1,mbpo,step_150016_model.pt,target,2,agent.qpos,-0.00020797927572857589,0.024289630353450775,False,False,41.169831959090814
mbpo_pickcube_20261007T143410_ba2d6827,PickCube-v1,mbpo,step_150016_model.pt,target,3,agent.qpos,-0.0010099136270582676,0.11112496256828308,False,False,8.998878171819666
mbpo_pickcube_20261007T143410_ba2d6827,PickCube-v1,mbpo,step_150016_model.pt,target,4,agent.qpos,-5.23892185810837e-06,0.021342787891626358,False,False,46.85423502673428
mbpo_pickcube_20261007T143410_ba2d6827,PickCube-v1,mbpo,step_150016_model.pt,target,5,agent.qpos,-0.0006978054298087955,0.07295405119657516,False,False,13.70725797400193
mbpo_pickcube_20261007T143410_ba2d6827,PickCube-v1,mbpo,step_150016_model.pt,target,6,agent.qpos,-0.00012299146328587085,0.04446703568100929,False,False,22.488568996900188
mbpo_pickcube_20261007T143410_ba2d6827,PickCube-v1,mbpo,step_150016_model.pt,target,7,agent.qpos,-0.000584430294111371,0.0066606285981833935,False,False,150.13597969908395
mbpo_pickcube_20261007T143410_ba2d6827,PickCube-v1,mbpo,step_150016_model.pt,target,8,agent.qpos,-0.0005983912269584835,0.00661558099091053,False,False,151.15830361293268
mbpo_pickcube_20261007T143410_ba2d6827,PickCube-v1,mbpo,step_150016_model.pt,target,9,agent.qvel,0.005588476080447435,0.8147011995315552,False,False,1.2274438782893529
mbpo_pickcube_20261007T143410_ba2d6827,PickCube-v1,mbpo,step_150016_model.pt,target,10,agent.qvel,-0.017002148553729057,1.936222791671753,False,False,0.51646949116666
mbpo_pickcube_20261007T143410_ba2d6827,PickCube-v1,mbpo,step_150016_model.pt,target,11,agent.qvel,-0.0013072091387584805,0.600772500038147,False,False,1.6645235924355783
mbpo_pickcube_20261007T143410_ba2d6827,PickCube-v1,mbpo,step_150016_model.pt,target,12,agent.qvel,-0.030082957819104195,2.713573932647705,False,False,0.3685176909936903
mbpo_pickcube_20261007T143410_ba2d6827,PickCube-v1,mbpo,step_150016_model.pt,target,13,agent.qvel,0.0001676552346907556,0.4965391457080841,False,False,2.0139399051286504
mbpo_pickcube_20261007T143410_ba2d6827,PickCube-v1,mbpo,step_150016_model.pt,target,14,agent.qvel,0.006009721662849188,1.5676952600479126,False,False,0.63787907349381
mbpo_pickcube_20261007T143410_ba2d6827,PickCube-v1,mbpo,step_150016_model.pt,target,15,agent.qvel,0.0021886653266847134,0.9914858341217041,False,False,1.008587279399547
mbpo_pickcube_20261007T143410_ba2d6827,PickCube-v1,mbpo,step_150016_model.pt,target,16,agent.qvel,-0.002945421962067485,0.47119808197021484,False,False,2.1222497252508163
mbpo_pickcube_20261007T143410_ba2d6827,PickCube-v1,mbpo,step_150016_model.pt,target,17,agent.qvel,0.0009663397795520723,0.28804293274879456,False,False,3.4717046881067244
mbpo_pickcube_20261007T143410_ba2d6827,PickCube-v1,mbpo,step_150016_model.pt,target,18,extra.is_grasped,0.0,9.999999974752427e-07,True,True,1000000.0025247573
mbpo_pickcube_20261007T143410_ba2d6827,PickCube-v1,mbpo,step_150016_model.pt,target,19,extra.tcp_pose,-0.0013722482835873961,0.022987782955169678,False,False,43.5013677460841
mbpo_pickcube_20261007T143410_ba2d6827,PickCube-v1,mbpo,step_150016_model.pt,target,20,extra.tcp_pose,0.000141081414767541,0.015285375528037548,False,False,65.4220106117594
mbpo_pickcube_20261007T143410_ba2d6827,PickCube-v1,mbpo,step_150016_model.pt,target,21,extra.tcp_pose,0.00021571535035036504,0.016346875578165054,False,False,61.17376958173744
mbpo_pickcube_20261007T143410_ba2d6827,PickCube-v1,mbpo,step_150016_model.pt,target,22,extra.tcp_pose,4.0457794966641814e-05,0.0038167827297002077,False,False,262.0007663047002
mbpo_pickcube_20261007T143410_ba2d6827,PickCube-v1,mbpo,step_150016_model.pt,target,23,extra.tcp_pose,-5.9337766288081184e-05,0.0013678796822205186,False,False,731.0584498021574
mbpo_pickcube_20261007T143410_ba2d6827,PickCube-v1,mbpo,step_150016_model.pt,target,24,extra.tcp_pose,-6.538903107866645e-05,0.012795848771929741,False,False,78.15034530524466
mbpo_pickcube_20261007T143410_ba2d6827,PickCube-v1,mbpo,step_150016_model.pt,target,25,extra.tcp_pose,-4.0970124246086925e-05,0.017152337357401848,False,False,58.30109209975772
mbpo_pickcube_20261007T143410_ba2d6827,PickCube-v1,mbpo,step_150016_model.pt,target,26,extra.goal_pos,0.0,9.999999974752427e-07,True,True,1000000.0025247573
mbpo_pickcube_20261007T143410_ba2d6827,PickCube-v1,mbpo,step_150016_model.pt,target,27,extra.goal_pos,0.0,9.999999974752427e-07,True,True,1000000.0025247573
mbpo_pickcube_20261007T143410_ba2d6827,PickCube-v1,mbpo,step_150016_model.pt,target,28,extra.goal_pos,0.0,9.999999974752427e-07,True,True,1000000.0025247573
mbpo_pickcube_20261007T143410_ba2d6827,PickCube-v1,mbpo,step_150016_model.pt,target,29,extra.obj_pose,-0.0005212445394136012,0.008211268112063408,False,False,121.78386898984233
mbpo_pickcube_20261007T143410_ba2d6827,PickCube-v1,mbpo,step_150016_model.pt,target,30,extra.obj_pose,-3.5489189031068236e-05,0.0016084579983726144,False,False,621.7134678131275
mbpo_pickcube_20261007T143410_ba2d6827,PickCube-v1,mbpo,step_150016_model.pt,target,31,extra.obj_pose,-0.0002083822910208255,0.005185082089155912,False,False,192.86097747447457
mbpo_pickcube_20261007T143410_ba2d6827,PickCube-v1,mbpo,step_150016_model.pt,target,32,extra.obj_pose,-0.00027240990311838686,0.012565277516841888,False,False,79.58439426902021
mbpo_pickcube_20261007T143410_ba2d6827,PickCube-v1,mbpo,step_150016_model.pt,target,33,extra.obj_pose,-0.00015069378423504531,0.003740885527804494,False,False,267.3163860715339
mbpo_pickcube_20261007T143410_ba2d6827,PickCube-v1,mbpo,step_150016_model.pt,target,34,extra.obj_pose,-0.00012882094597443938,0.00533667765557766,False,False,187.3824998507909
mbpo_pickcube_20261007T143410_ba2d6827,PickCube-v1,mbpo,step_150016_model.pt,target,35,extra.obj_pose,-0.00014629271754529327,0.013508349657058716,False,False,74.0282880875426
mbpo_pickcube_20261007T143410_ba2d6827,PickCube-v1,mbpo,step_150016_model.pt,target,36,extra.tcp_to_obj_pos,0.0008510034531354904,0.024120774120092392,False,False,41.45803924124512
mbpo_pickcube_20261007T143410_ba2d6827,PickCube-v1,mbpo,step_150016_model.pt,target,37,extra.tcp_to_obj_pos,-0.00017657032003626227,0.015377257950603962,False,False,65.0311000317663
mbpo_pickcube_20261007T143410_ba2d6827,PickCube-v1,mbpo,step_150016_model.pt,target,38,extra.tcp_to_obj_pos,-0.00042409769957885146,0.017280958592891693,False,False,57.86716024025065
mbpo_pickcube_20261007T143410_ba2d6827,PickCube-v1,mbpo,step_150016_model.pt,target,39,extra.obj_to_goal_pos,0.0005212445394136012,0.008211268112063408,False,False,121.78386898984233
mbpo_pickcube_20261007T143410_ba2d6827,PickCube-v1,mbpo,step_150016_model.pt,target,40,extra.obj_to_goal_pos,3.548917447915301e-05,0.0016084579983726144,False,False,621.7134678131275
mbpo_pickcube_20261007T143410_ba2d6827,PickCube-v1,mbpo,step_150016_model.pt,target,41,extra.obj_to_goal_pos,0.0002083822328131646,0.005185083020478487,False,False,192.8609428336055
mbpo_pickcube_20261007T143410_ba2d6827,PickCube-v1,mbpo,step_150016_model.pt,target,42,reward,0.04811888188123703,0.03160129114985466,False,False,31.644276661290757
mbpo_pickcube_20261007T143410_ba2d6827,PickCube-v1,mbpo,step_200000_model.pt,input,0,agent.qpos,-0.009001156315207481,0.1301005631685257,False,False,7.686361808477727
mbpo_pickcube_20261007T143410_ba2d6827,PickCube-v1,mbpo,step_200000_model.pt,input,1,agent.qpos,0.35645580291748047,0.33565405011177063,False,False,2.9792579582072864
mbpo_pickcube_20261007T143410_ba2d6827,PickCube-v1,mbpo,step_200000_model.pt,input,2,agent.qpos,-0.0058753276243805885,0.0817343071103096,False,False,12.23476451143567
mbpo_pickcube_20261007T143410_ba2d6827,PickCube-v1,mbpo,step_200000_model.pt,input,3,agent.qpos,-1.9885364770889282,0.4459211528301239,False,False,2.242548920707862
mbpo_pickcube_20261007T143410_ba2d6827,PickCube-v1,mbpo,step_200000_model.pt,input,4,agent.qpos,-0.00764840142801404,0.05041571706533432,False,False,19.835084338958985
mbpo_pickcube_20261007T143410_ba2d6827,PickCube-v1,mbpo,step_200000_model.pt,input,5,agent.qpos,2.33614444732666,0.28591522574424744,False,False,3.497540214575718
mbpo_pickcube_20261007T143410_ba2d6827,PickCube-v1,mbpo,step_200000_model.pt,input,6,agent.qpos,0.7771115303039551,0.18255384266376495,False,False,5.477835938199561
mbpo_pickcube_20261007T143410_ba2d6827,PickCube-v1,mbpo,step_200000_model.pt,input,7,agent.qpos,0.016720103099942207,0.008608589880168438,False,False,116.16304341593676
mbpo_pickcube_20261007T143410_ba2d6827,PickCube-v1,mbpo,step_200000_model.pt,input,8,agent.qpos,0.01673344150185585,0.008607477881014347,False,False,116.17805050718935
mbpo_pickcube_20261007T143410_ba2d6827,PickCube-v1,mbpo,step_200000_model.pt,input,9,agent.qvel,-0.004505997523665428,0.5845251679420471,False,False,1.7107903215198172
mbpo_pickcube_20261007T143410_ba2d6827,PickCube-v1,mbpo,step_200000_model.pt,input,10,agent.qvel,-0.023787640035152435,1.3693492412567139,False,False,0.7302738920585772
mbpo_pickcube_20261007T143410_ba2d6827,PickCube-v1,mbpo,step_200000_model.pt,input,11,agent.qvel,-0.0005139454151503742,0.41352909803390503,False,False,2.418209515979479
mbpo_pickcube_20261007T143410_ba2d6827,PickCube-v1,mbpo,step_200000_model.pt,input,12,agent.qvel,0.002473510103300214,1.858237624168396,False,False,0.5381443078075243
mbpo_pickcube_20261007T143410_ba2d6827,PickCube-v1,mbpo,step_200000_model.pt,input,13,agent.qvel,0.00021843903232365847,0.339093416929245,False,False,2.949039851778247
mbpo_pickcube_20261007T143410_ba2d6827,PickCube-v1,mbpo,step_200000_model.pt,input,14,agent.qvel,-0.02775397337973118,1.0954158306121826,False,False,0.9128953334927992
mbpo_pickcube_20261007T143410_ba2d6827,PickCube-v1,mbpo,step_200000_model.pt,input,15,agent.qvel,-0.006580248940736055,0.6856441497802734,False,False,1.4584825092148272
mbpo_pickcube_20261007T143410_ba2d6827,PickCube-v1,mbpo,step_200000_model.pt,input,16,agent.qvel,0.002668251283466816,0.3726562261581421,False,False,2.6834383268176913
mbpo_pickcube_20261007T143410_ba2d6827,PickCube-v1,mbpo,step_200000_model.pt,input,17,agent.qvel,-0.010410214774310589,0.21412205696105957,False,False,4.670233483614726
mbpo_pickcube_20261007T143410_ba2d6827,PickCube-v1,mbpo,step_200000_model.pt,input,18,extra.is_grasped,0.0,9.999999974752427e-07,True,True,1000000.0025247573
mbpo_pickcube_20261007T143410_ba2d6827,PickCube-v1,mbpo,step_200000_model.pt,input,19,extra.tcp_pose,-0.03849512338638306,0.10705383867025375,False,False,9.341094279488575
mbpo_pickcube_20261007T143410_ba2d6827,PickCube-v1,mbpo,step_200000_model.pt,input,20,extra.tcp_pose,-0.005470594856888056,0.09442416578531265,False,False,10.590509237578528
mbpo_pickcube_20261007T143410_ba2d6827,PickCube-v1,mbpo,step_200000_model.pt,input,21,extra.tcp_pose,0.1724833846092224,0.0905577763915062,False,False,11.042673968458818
mbpo_pickcube_20261007T143410_ba2d6827,PickCube-v1,mbpo,step_200000_model.pt,input,22,extra.tcp_pose,0.001999013824388385,0.013567547313869,False,False,73.7052893103075
mbpo_pickcube_20261007T143410_ba2d6827,PickCube-v1,mbpo,step_200000_model.pt,input,23,extra.tcp_pose,0.9983959794044495,0.006556455511599779,False,False,152.52143452064686
mbpo_pickcube_20261007T143410_ba2d6827,PickCube-v1,mbpo,step_200000_model.pt,input,24,extra.tcp_pose,-0.0005865540588274598,0.023387348279356956,False,False,42.75816086779956
mbpo_pickcube_20261007T143410_ba2d6827,PickCube-v1,mbpo,step_200000_model.pt,input,25,extra.tcp_pose,-0.004581242799758911,0.04908529296517372,False,False,20.372701059551694
mbpo_pickcube_20261007T143410_ba2d6827,PickCube-v1,mbpo,step_200000_model.pt,input,26,extra.goal_pos,-0.00957784429192543,0.052012600004673004,False,False,19.226110594551248
mbpo_pickcube_20261007T143410_ba2d6827,PickCube-v1,mbpo,step_200000_model.pt,input,27,extra.goal_pos,-0.006275924388319254,0.05746478587388992,False,False,17.401961649949637
mbpo_pickcube_20261007T143410_ba2d6827,PickCube-v1,mbpo,step_200000_model.pt,input,28,extra.goal_pos,0.1773565262556076,0.0828181579709053,False,False,12.074646726039333
mbpo_pickcube_20261007T143410_ba2d6827,PickCube-v1,mbpo,step_200000_model.pt,input,29,extra.obj_pose,-0.01125205960124731,0.1066107526421547,False,False,9.379916895967888
mbpo_pickcube_20261007T143410_ba2d6827,PickCube-v1,mbpo,step_200000_model.pt,input,30,extra.obj_pose,0.00878190528601408,0.05789820849895477,False,False,17.271691576053737
mbpo_pickcube_20261007T143410_ba2d6827,PickCube-v1,mbpo,step_200000_model.pt,input,31,extra.obj_pose,0.01820954494178295,0.03797577694058418,False,False,26.332575145587448
mbpo_pickcube_20261007T143410_ba2d6827,PickCube-v1,mbpo,step_200000_model.pt,input,32,extra.obj_pose,0.4879899322986603,0.5218909978866577,False,False,1.9161089270544884
mbpo_pickcube_20261007T143410_ba2d6827,PickCube-v1,mbpo,step_200000_model.pt,input,33,extra.obj_pose,-0.000761588045861572,0.02105029858648777,False,False,47.50526439762247
mbpo_pickcube_20261007T143410_ba2d6827,PickCube-v1,mbpo,step_200000_model.pt,input,34,extra.obj_pose,-0.00032236549304798245,0.015695037320256233,False,False,63.71440727378113
mbpo_pickcube_20261007T143410_ba2d6827,PickCube-v1,mbpo,step_200000_model.pt,input,35,extra.obj_pose,0.4450845718383789,0.5391696095466614,False,False,1.8547039415682367
mbpo_pickcube_20261007T143410_ba2d6827,PickCube-v1,mbpo,step_200000_model.pt,input,36,extra.tcp_to_obj_pos,0.027243079617619514,0.14912837743759155,False,False,6.705631866869122
mbpo_pickcube_20261007T143410_ba2d6827,PickCube-v1,mbpo,step_200000_model.pt,input,37,extra.tcp_to_obj_pos,0.014252480119466782,0.10938239097595215,False,False,9.142239359348537
mbpo_pickcube_20261007T143410_ba2d6827,PickCube-v1,mbpo,step_200000_model.pt,input,38,extra.tcp_to_obj_pos,-0.15427464246749878,0.097327820956707,False,False,10.274554491924938
mbpo_pickcube_20261007T143410_ba2d6827,PickCube-v1,mbpo,step_200000_model.pt,input,39,extra.obj_to_goal_pos,0.0016742153093218803,0.1145530715584755,False,False,8.72957823299861
mbpo_pickcube_20261007T143410_ba2d6827,PickCube-v1,mbpo,step_200000_model.pt,input,40,extra.obj_to_goal_pos,-0.01505780778825283,0.08502104133367538,False,False,11.761794307780573
mbpo_pickcube_20261007T143410_ba2d6827,PickCube-v1,mbpo,step_200000_model.pt,input,41,extra.obj_to_goal_pos,0.15914669632911682,0.09097162634134293,False,False,10.992438414234883
mbpo_pickcube_20261007T143410_ba2d6827,PickCube-v1,mbpo,step_200000_model.pt,input,42,action,0.008959892205893993,0.577920138835907,False,False,1.7303428844239277
mbpo_pickcube_20261007T143410_ba2d6827,PickCube-v1,mbpo,step_200000_model.pt,input,43,action,0.006955012679100037,0.5766684412956238,False,False,1.7340987097425697
mbpo_pickcube_20261007T143410_ba2d6827,PickCube-v1,mbpo,step_200000_model.pt,input,44,action,0.00686053978279233,0.5758179426193237,False,False,1.736660020441748
mbpo_pickcube_20261007T143410_ba2d6827,PickCube-v1,mbpo,step_200000_model.pt,input,45,action,0.004642554558813572,0.5764035582542419,False,False,1.7348956051359363
mbpo_pickcube_20261007T143410_ba2d6827,PickCube-v1,mbpo,step_200000_model.pt,target,0,agent.qpos,5.580107608693652e-05,0.02978133223950863,False,False,33.57808146250006
mbpo_pickcube_20261007T143410_ba2d6827,PickCube-v1,mbpo,step_200000_model.pt,target,1,agent.qpos,-0.0017087854212149978,0.07086709141731262,False,False,14.11092200907942
mbpo_pickcube_20261007T143410_ba2d6827,PickCube-v1,mbpo,step_200000_model.pt,target,2,agent.qpos,-0.00020797927572857589,0.024289630353450775,False,False,41.169831959090814
mbpo_pickcube_20261007T143410_ba2d6827,PickCube-v1,mbpo,step_200000_model.pt,target,3,agent.qpos,-0.0010099136270582676,0.11112496256828308,False,False,8.998878171819666
mbpo_pickcube_20261007T143410_ba2d6827,PickCube-v1,mbpo,step_200000_model.pt,target,4,agent.qpos,-5.23892185810837e-06,0.021342787891626358,False,False,46.85423502673428
mbpo_pickcube_20261007T143410_ba2d6827,PickCube-v1,mbpo,step_200000_model.pt,target,5,agent.qpos,-0.0006978054298087955,0.07295405119657516,False,False,13.70725797400193
mbpo_pickcube_20261007T143410_ba2d6827,PickCube-v1,mbpo,step_200000_model.pt,target,6,agent.qpos,-0.00012299146328587085,0.04446703568100929,False,False,22.488568996900188
mbpo_pickcube_20261007T143410_ba2d6827,PickCube-v1,mbpo,step_200000_model.pt,target,7,agent.qpos,-0.000584430294111371,0.0066606285981833935,False,False,150.13597969908395
mbpo_pickcube_20261007T143410_ba2d6827,PickCube-v1,mbpo,step_200000_model.pt,target,8,agent.qpos,-0.0005983912269584835,0.00661558099091053,False,False,151.15830361293268
mbpo_pickcube_20261007T143410_ba2d6827,PickCube-v1,mbpo,step_200000_model.pt,target,9,agent.qvel,0.005588476080447435,0.8147011995315552,False,False,1.2274438782893529
mbpo_pickcube_20261007T143410_ba2d6827,PickCube-v1,mbpo,step_200000_model.pt,target,10,agent.qvel,-0.017002148553729057,1.936222791671753,False,False,0.51646949116666
mbpo_pickcube_20261007T143410_ba2d6827,PickCube-v1,mbpo,step_200000_model.pt,target,11,agent.qvel,-0.0013072091387584805,0.600772500038147,False,False,1.6645235924355783
mbpo_pickcube_20261007T143410_ba2d6827,PickCube-v1,mbpo,step_200000_model.pt,target,12,agent.qvel,-0.030082957819104195,2.713573932647705,False,False,0.3685176909936903
mbpo_pickcube_20261007T143410_ba2d6827,PickCube-v1,mbpo,step_200000_model.pt,target,13,agent.qvel,0.0001676552346907556,0.4965391457080841,False,False,2.0139399051286504
mbpo_pickcube_20261007T143410_ba2d6827,PickCube-v1,mbpo,step_200000_model.pt,target,14,agent.qvel,0.006009721662849188,1.5676952600479126,False,False,0.63787907349381
mbpo_pickcube_20261007T143410_ba2d6827,PickCube-v1,mbpo,step_200000_model.pt,target,15,agent.qvel,0.0021886653266847134,0.9914858341217041,False,False,1.008587279399547
mbpo_pickcube_20261007T143410_ba2d6827,PickCube-v1,mbpo,step_200000_model.pt,target,16,agent.qvel,-0.002945421962067485,0.47119808197021484,False,False,2.1222497252508163
mbpo_pickcube_20261007T143410_ba2d6827,PickCube-v1,mbpo,step_200000_model.pt,target,17,agent.qvel,0.0009663397795520723,0.28804293274879456,False,False,3.4717046881067244
mbpo_pickcube_20261007T143410_ba2d6827,PickCube-v1,mbpo,step_200000_model.pt,target,18,extra.is_grasped,0.0,9.999999974752427e-07,True,True,1000000.0025247573
mbpo_pickcube_20261007T143410_ba2d6827,PickCube-v1,mbpo,step_200000_model.pt,target,19,extra.tcp_pose,-0.0013722482835873961,0.022987782955169678,False,False,43.5013677460841
mbpo_pickcube_20261007T143410_ba2d6827,PickCube-v1,mbpo,step_200000_model.pt,target,20,extra.tcp_pose,0.000141081414767541,0.015285375528037548,False,False,65.4220106117594
mbpo_pickcube_20261007T143410_ba2d6827,PickCube-v1,mbpo,step_200000_model.pt,target,21,extra.tcp_pose,0.00021571535035036504,0.016346875578165054,False,False,61.17376958173744
mbpo_pickcube_20261007T143410_ba2d6827,PickCube-v1,mbpo,step_200000_model.pt,target,22,extra.tcp_pose,4.0457794966641814e-05,0.0038167827297002077,False,False,262.0007663047002
mbpo_pickcube_20261007T143410_ba2d6827,PickCube-v1,mbpo,step_200000_model.pt,target,23,extra.tcp_pose,-5.9337766288081184e-05,0.0013678796822205186,False,False,731.0584498021574
mbpo_pickcube_20261007T143410_ba2d6827,PickCube-v1,mbpo,step_200000_model.pt,target,24,extra.tcp_pose,-6.538903107866645e-05,0.012795848771929741,False,False,78.15034530524466
mbpo_pickcube_20261007T143410_ba2d6827,PickCube-v1,mbpo,step_200000_model.pt,target,25,extra.tcp_pose,-4.0970124246086925e-05,0.017152337357401848,False,False,58.30109209975772
mbpo_pickcube_20261007T143410_ba2d6827,PickCube-v1,mbpo,step_200000_model.pt,target,26,extra.goal_pos,0.0,9.999999974752427e-07,True,True,1000000.0025247573
mbpo_pickcube_20261007T143410_ba2d6827,PickCube-v1,mbpo,step_200000_model.pt,target,27,extra.goal_pos,0.0,9.999999974752427e-07,True,True,1000000.0025247573
mbpo_pickcube_20261007T143410_ba2d6827,PickCube-v1,mbpo,step_200000_model.pt,target,28,extra.goal_pos,0.0,9.999999974752427e-07,True,True,1000000.0025247573
mbpo_pickcube_20261007T143410_ba2d6827,PickCube-v1,mbpo,step_200000_model.pt,target,29,extra.obj_pose,-0.0005212445394136012,0.008211268112063408,False,False,121.78386898984233
mbpo_pickcube_20261007T143410_ba2d6827,PickCube-v1,mbpo,step_200000_model.pt,target,30,extra.obj_pose,-3.5489189031068236e-05,0.0016084579983726144,False,False,621.7134678131275
mbpo_pickcube_20261007T143410_ba2d6827,PickCube-v1,mbpo,step_200000_model.pt,target,31,extra.obj_pose,-0.0002083822910208255,0.005185082089155912,False,False,192.86097747447457
mbpo_pickcube_20261007T143410_ba2d6827,PickCube-v1,mbpo,step_200000_model.pt,target,32,extra.obj_pose,-0.00027240990311838686,0.012565277516841888,False,False,79.58439426902021
mbpo_pickcube_20261007T143410_ba2d6827,PickCube-v1,mbpo,step_200000_model.pt,target,33,extra.obj_pose,-0.00015069378423504531,0.003740885527804494,False,False,267.3163860715339
mbpo_pickcube_20261007T143410_ba2d6827,PickCube-v1,mbpo,step_200000_model.pt,target,34,extra.obj_pose,-0.00012882094597443938,0.00533667765557766,False,False,187.3824998507909
mbpo_pickcube_20261007T143410_ba2d6827,PickCube-v1,mbpo,step_200000_model.pt,target,35,extra.obj_pose,-0.00014629271754529327,0.013508349657058716,False,False,74.0282880875426
mbpo_pickcube_20261007T143410_ba2d6827,PickCube-v1,mbpo,step_200000_model.pt,target,36,extra.tcp_to_obj_pos,0.0008510034531354904,0.024120774120092392,False,False,41.45803924124512
mbpo_pickcube_20261007T143410_ba2d6827,PickCube-v1,mbpo,step_200000_model.pt,target,37,extra.tcp_to_obj_pos,-0.00017657032003626227,0.015377257950603962,False,False,65.0311000317663
mbpo_pickcube_20261007T143410_ba2d6827,PickCube-v1,mbpo,step_200000_model.pt,target,38,extra.tcp_to_obj_pos,-0.00042409769957885146,0.017280958592891693,False,False,57.86716024025065
mbpo_pickcube_20261007T143410_ba2d6827,PickCube-v1,mbpo,step_200000_model.pt,target,39,extra.obj_to_goal_pos,0.0005212445394136012,0.008211268112063408,False,False,121.78386898984233
mbpo_pickcube_20261007T143410_ba2d6827,PickCube-v1,mbpo,step_200000_model.pt,target,40,extra.obj_to_goal_pos,3.548917447915301e-05,0.0016084579983726144,False,False,621.7134678131275
mbpo_pickcube_20261007T143410_ba2d6827,PickCube-v1,mbpo,step_200000_model.pt,target,41,extra.obj_to_goal_pos,0.0002083822328131646,0.005185083020478487,False,False,192.8609428336055
mbpo_pickcube_20261007T143410_ba2d6827,PickCube-v1,mbpo,step_200000_model.pt,target,42,reward,0.04811888188123703,0.03160129114985466,False,False,31.644276661290757
mbpo_pickcube_20261007T143410_ba2d6827,PickCube-v1,mbpo,step_250016_model.pt,input,0,agent.qpos,-0.009001156315207481,0.1301005631685257,False,False,7.686361808477727
mbpo_pickcube_20261007T143410_ba2d6827,PickCube-v1,mbpo,step_250016_model.pt,input,1,agent.qpos,0.35645580291748047,0.33565405011177063,False,False,2.9792579582072864
mbpo_pickcube_20261007T143410_ba2d6827,PickCube-v1,mbpo,step_250016_model.pt,input,2,agent.qpos,-0.0058753276243805885,0.0817343071103096,False,False,12.23476451143567
mbpo_pickcube_20261007T143410_ba2d6827,PickCube-v1,mbpo,step_250016_model.pt,input,3,agent.qpos,-1.9885364770889282,0.4459211528301239,False,False,2.242548920707862
mbpo_pickcube_20261007T143410_ba2d6827,PickCube-v1,mbpo,step_250016_model.pt,input,4,agent.qpos,-0.00764840142801404,0.05041571706533432,False,False,19.835084338958985
mbpo_pickcube_20261007T143410_ba2d6827,PickCube-v1,mbpo,step_250016_model.pt,input,5,agent.qpos,2.33614444732666,0.28591522574424744,False,False,3.497540214575718
mbpo_pickcube_20261007T143410_ba2d6827,PickCube-v1,mbpo,step_250016_model.pt,input,6,agent.qpos,0.7771115303039551,0.18255384266376495,False,False,5.477835938199561
mbpo_pickcube_20261007T143410_ba2d6827,PickCube-v1,mbpo,step_250016_model.pt,input,7,agent.qpos,0.016720103099942207,0.008608589880168438,False,False,116.16304341593676
mbpo_pickcube_20261007T143410_ba2d6827,PickCube-v1,mbpo,step_250016_model.pt,input,8,agent.qpos,0.01673344150185585,0.008607477881014347,False,False,116.17805050718935
mbpo_pickcube_20261007T143410_ba2d6827,PickCube-v1,mbpo,step_250016_model.pt,input,9,agent.qvel,-0.004505997523665428,0.5845251679420471,False,False,1.7107903215198172
mbpo_pickcube_20261007T143410_ba2d6827,PickCube-v1,mbpo,step_250016_model.pt,input,10,agent.qvel,-0.023787640035152435,1.3693492412567139,False,False,0.7302738920585772
mbpo_pickcube_20261007T143410_ba2d6827,PickCube-v1,mbpo,step_250016_model.pt,input,11,agent.qvel,-0.0005139454151503742,0.41352909803390503,False,False,2.418209515979479
mbpo_pickcube_20261007T143410_ba2d6827,PickCube-v1,mbpo,step_250016_model.pt,input,12,agent.qvel,0.002473510103300214,1.858237624168396,False,False,0.5381443078075243
mbpo_pickcube_20261007T143410_ba2d6827,PickCube-v1,mbpo,step_250016_model.pt,input,13,agent.qvel,0.00021843903232365847,0.339093416929245,False,False,2.949039851778247
mbpo_pickcube_20261007T143410_ba2d6827,PickCube-v1,mbpo,step_250016_model.pt,input,14,agent.qvel,-0.02775397337973118,1.0954158306121826,False,False,0.9128953334927992
mbpo_pickcube_20261007T143410_ba2d6827,PickCube-v1,mbpo,step_250016_model.pt,input,15,agent.qvel,-0.006580248940736055,0.6856441497802734,False,False,1.4584825092148272
mbpo_pickcube_20261007T143410_ba2d6827,PickCube-v1,mbpo,step_250016_model.pt,input,16,agent.qvel,0.002668251283466816,0.3726562261581421,False,False,2.6834383268176913
mbpo_pickcube_20261007T143410_ba2d6827,PickCube-v1,mbpo,step_250016_model.pt,input,17,agent.qvel,-0.010410214774310589,0.21412205696105957,False,False,4.670233483614726
mbpo_pickcube_20261007T143410_ba2d6827,PickCube-v1,mbpo,step_250016_model.pt,input,18,extra.is_grasped,0.0,9.999999974752427e-07,True,True,1000000.0025247573
mbpo_pickcube_20261007T143410_ba2d6827,PickCube-v1,mbpo,step_250016_model.pt,input,19,extra.tcp_pose,-0.03849512338638306,0.10705383867025375,False,False,9.341094279488575
mbpo_pickcube_20261007T143410_ba2d6827,PickCube-v1,mbpo,step_250016_model.pt,input,20,extra.tcp_pose,-0.005470594856888056,0.09442416578531265,False,False,10.590509237578528
mbpo_pickcube_20261007T143410_ba2d6827,PickCube-v1,mbpo,step_250016_model.pt,input,21,extra.tcp_pose,0.1724833846092224,0.0905577763915062,False,False,11.042673968458818
mbpo_pickcube_20261007T143410_ba2d6827,PickCube-v1,mbpo,step_250016_model.pt,input,22,extra.tcp_pose,0.001999013824388385,0.013567547313869,False,False,73.7052893103075
mbpo_pickcube_20261007T143410_ba2d6827,PickCube-v1,mbpo,step_250016_model.pt,input,23,extra.tcp_pose,0.9983959794044495,0.006556455511599779,False,False,152.52143452064686
mbpo_pickcube_20261007T143410_ba2d6827,PickCube-v1,mbpo,step_250016_model.pt,input,24,extra.tcp_pose,-0.0005865540588274598,0.023387348279356956,False,False,42.75816086779956
mbpo_pickcube_20261007T143410_ba2d6827,PickCube-v1,mbpo,step_250016_model.pt,input,25,extra.tcp_pose,-0.004581242799758911,0.04908529296517372,False,False,20.372701059551694
mbpo_pickcube_20261007T143410_ba2d6827,PickCube-v1,mbpo,step_250016_model.pt,input,26,extra.goal_pos,-0.00957784429192543,0.052012600004673004,False,False,19.226110594551248
mbpo_pickcube_20261007T143410_ba2d6827,PickCube-v1,mbpo,step_250016_model.pt,input,27,extra.goal_pos,-0.006275924388319254,0.05746478587388992,False,False,17.401961649949637
mbpo_pickcube_20261007T143410_ba2d6827,PickCube-v1,mbpo,step_250016_model.pt,input,28,extra.goal_pos,0.1773565262556076,0.0828181579709053,False,False,12.074646726039333
mbpo_pickcube_20261007T143410_ba2d6827,PickCube-v1,mbpo,step_250016_model.pt,input,29,extra.obj_pose,-0.01125205960124731,0.1066107526421547,False,False,9.379916895967888
mbpo_pickcube_20261007T143410_ba2d6827,PickCube-v1,mbpo,step_250016_model.pt,input,30,extra.obj_pose,0.00878190528601408,0.05789820849895477,False,False,17.271691576053737
mbpo_pickcube_20261007T143410_ba2d6827,PickCube-v1,mbpo,step_250016_model.pt,input,31,extra.obj_pose,0.01820954494178295,0.03797577694058418,False,False,26.332575145587448
mbpo_pickcube_20261007T143410_ba2d6827,PickCube-v1,mbpo,step_250016_model.pt,input,32,extra.obj_pose,0.4879899322986603,0.5218909978866577,False,False,1.9161089270544884
mbpo_pickcube_20261007T143410_ba2d6827,PickCube-v1,mbpo,step_250016_model.pt,input,33,extra.obj_pose,-0.000761588045861572,0.02105029858648777,False,False,47.50526439762247
mbpo_pickcube_20261007T143410_ba2d6827,PickCube-v1,mbpo,step_250016_model.pt,input,34,extra.obj_pose,-0.00032236549304798245,0.015695037320256233,False,False,63.71440727378113
mbpo_pickcube_20261007T143410_ba2d6827,PickCube-v1,mbpo,step_250016_model.pt,input,35,extra.obj_pose,0.4450845718383789,0.5391696095466614,False,False,1.8547039415682367
mbpo_pickcube_20261007T143410_ba2d6827,PickCube-v1,mbpo,step_250016_model.pt,input,36,extra.tcp_to_obj_pos,0.027243079617619514,0.14912837743759155,False,False,6.705631866869122
mbpo_pickcube_20261007T143410_ba2d6827,PickCube-v1,mbpo,step_250016_model.pt,input,37,extra.tcp_to_obj_pos,0.014252480119466782,0.10938239097595215,False,False,9.142239359348537
mbpo_pickcube_20261007T143410_ba2d6827,PickCube-v1,mbpo,step_250016_model.pt,input,38,extra.tcp_to_obj_pos,-0.15427464246749878,0.097327820956707,False,False,10.274554491924938
mbpo_pickcube_20261007T143410_ba2d6827,PickCube-v1,mbpo,step_250016_model.pt,input,39,extra.obj_to_goal_pos,0.0016742153093218803,0.1145530715584755,False,False,8.72957823299861
mbpo_pickcube_20261007T143410_ba2d6827,PickCube-v1,mbpo,step_250016_model.pt,input,40,extra.obj_to_goal_pos,-0.01505780778825283,0.08502104133367538,False,False,11.761794307780573
mbpo_pickcube_20261007T143410_ba2d6827,PickCube-v1,mbpo,step_250016_model.pt,input,41,extra.obj_to_goal_pos,0.15914669632911682,0.09097162634134293,False,False,10.992438414234883
mbpo_pickcube_20261007T143410_ba2d6827,PickCube-v1,mbpo,step_250016_model.pt,input,42,action,0.008959892205893993,0.577920138835907,False,False,1.7303428844239277
mbpo_pickcube_20261007T143410_ba2d6827,PickCube-v1,mbpo,step_250016_model.pt,input,43,action,0.006955012679100037,0.5766684412956238,False,False,1.7340987097425697
mbpo_pickcube_20261007T143410_ba2d6827,PickCube-v1,mbpo,step_250016_model.pt,input,44,action,0.00686053978279233,0.5758179426193237,False,False,1.736660020441748
mbpo_pickcube_20261007T143410_ba2d6827,PickCube-v1,mbpo,step_250016_model.pt,input,45,action,0.004642554558813572,0.5764035582542419,False,False,1.7348956051359363
mbpo_pickcube_20261007T143410_ba2d6827,PickCube-v1,mbpo,step_250016_model.pt,target,0,agent.qpos,5.580107608693652e-05,0.02978133223950863,False,False,33.57808146250006
mbpo_pickcube_20261007T143410_ba2d6827,PickCube-v1,mbpo,step_250016_model.pt,target,1,agent.qpos,-0.0017087854212149978,0.07086709141731262,False,False,14.11092200907942
mbpo_pickcube_20261007T143410_ba2d6827,PickCube-v1,mbpo,step_250016_model.pt,target,2,agent.qpos,-0.00020797927572857589,0.024289630353450775,False,False,41.169831959090814
mbpo_pickcube_20261007T143410_ba2d6827,PickCube-v1,mbpo,step_250016_model.pt,target,3,agent.qpos,-0.0010099136270582676,0.11112496256828308,False,False,8.998878171819666
mbpo_pickcube_20261007T143410_ba2d6827,PickCube-v1,mbpo,step_250016_model.pt,target,4,agent.qpos,-5.23892185810837e-06,0.021342787891626358,False,False,46.85423502673428
mbpo_pickcube_20261007T143410_ba2d6827,PickCube-v1,mbpo,step_250016_model.pt,target,5,agent.qpos,-0.0006978054298087955,0.07295405119657516,False,False,13.70725797400193
mbpo_pickcube_20261007T143410_ba2d6827,PickCube-v1,mbpo,step_250016_model.pt,target,6,agent.qpos,-0.00012299146328587085,0.04446703568100929,False,False,22.488568996900188
mbpo_pickcube_20261007T143410_ba2d6827,PickCube-v1,mbpo,step_250016_model.pt,target,7,agent.qpos,-0.000584430294111371,0.0066606285981833935,False,False,150.13597969908395
mbpo_pickcube_20261007T143410_ba2d6827,PickCube-v1,mbpo,step_250016_model.pt,target,8,agent.qpos,-0.0005983912269584835,0.00661558099091053,False,False,151.15830361293268
mbpo_pickcube_20261007T143410_ba2d6827,PickCube-v1,mbpo,step_250016_model.pt,target,9,agent.qvel,0.005588476080447435,0.8147011995315552,False,False,1.2274438782893529
mbpo_pickcube_20261007T143410_ba2d6827,PickCube-v1,mbpo,step_250016_model.pt,target,10,agent.qvel,-0.017002148553729057,1.936222791671753,False,False,0.51646949116666
mbpo_pickcube_20261007T143410_ba2d6827,PickCube-v1,mbpo,step_250016_model.pt,target,11,agent.qvel,-0.0013072091387584805,0.600772500038147,False,False,1.6645235924355783
mbpo_pickcube_20261007T143410_ba2d6827,PickCube-v1,mbpo,step_250016_model.pt,target,12,agent.qvel,-0.030082957819104195,2.713573932647705,False,False,0.3685176909936903
mbpo_pickcube_20261007T143410_ba2d6827,PickCube-v1,mbpo,step_250016_model.pt,target,13,agent.qvel,0.0001676552346907556,0.4965391457080841,False,False,2.0139399051286504
mbpo_pickcube_20261007T143410_ba2d6827,PickCube-v1,mbpo,step_250016_model.pt,target,14,agent.qvel,0.006009721662849188,1.5676952600479126,False,False,0.63787907349381
mbpo_pickcube_20261007T143410_ba2d6827,PickCube-v1,mbpo,step_250016_model.pt,target,15,agent.qvel,0.0021886653266847134,0.9914858341217041,False,False,1.008587279399547
mbpo_pickcube_20261007T143410_ba2d6827,PickCube-v1,mbpo,step_250016_model.pt,target,16,agent.qvel,-0.002945421962067485,0.47119808197021484,False,False,2.1222497252508163
mbpo_pickcube_20261007T143410_ba2d6827,PickCube-v1,mbpo,step_250016_model.pt,target,17,agent.qvel,0.0009663397795520723,0.28804293274879456,False,False,3.4717046881067244
mbpo_pickcube_20261007T143410_ba2d6827,PickCube-v1,mbpo,step_250016_model.pt,target,18,extra.is_grasped,0.0,9.999999974752427e-07,True,True,1000000.0025247573
mbpo_pickcube_20261007T143410_ba2d6827,PickCube-v1,mbpo,step_250016_model.pt,target,19,extra.tcp_pose,-0.0013722482835873961,0.022987782955169678,False,False,43.5013677460841
mbpo_pickcube_20261007T143410_ba2d6827,PickCube-v1,mbpo,step_250016_model.pt,target,20,extra.tcp_pose,0.000141081414767541,0.015285375528037548,False,False,65.4220106117594
mbpo_pickcube_20261007T143410_ba2d6827,PickCube-v1,mbpo,step_250016_model.pt,target,21,extra.tcp_pose,0.00021571535035036504,0.016346875578165054,False,False,61.17376958173744
mbpo_pickcube_20261007T143410_ba2d6827,PickCube-v1,mbpo,step_250016_model.pt,target,22,extra.tcp_pose,4.0457794966641814e-05,0.0038167827297002077,False,False,262.0007663047002
mbpo_pickcube_20261007T143410_ba2d6827,PickCube-v1,mbpo,step_250016_model.pt,target,23,extra.tcp_pose,-5.9337766288081184e-05,0.0013678796822205186,False,False,731.0584498021574
mbpo_pickcube_20261007T143410_ba2d6827,PickCube-v1,mbpo,step_250016_model.pt,target,24,extra.tcp_pose,-6.538903107866645e-05,0.012795848771929741,False,False,78.15034530524466
mbpo_pickcube_20261007T143410_ba2d6827,PickCube-v1,mbpo,step_250016_model.pt,target,25,extra.tcp_pose,-4.0970124246086925e-05,0.017152337357401848,False,False,58.30109209975772
mbpo_pickcube_20261007T143410_ba2d6827,PickCube-v1,mbpo,step_250016_model.pt,target,26,extra.goal_pos,0.0,9.999999974752427e-07,True,True,1000000.0025247573
mbpo_pickcube_20261007T143410_ba2d6827,PickCube-v1,mbpo,step_250016_model.pt,target,27,extra.goal_pos,0.0,9.999999974752427e-07,True,True,1000000.0025247573
mbpo_pickcube_20261007T143410_ba2d6827,PickCube-v1,mbpo,step_250016_model.pt,target,28,extra.goal_pos,0.0,9.999999974752427e-07,True,True,1000000.0025247573
mbpo_pickcube_20261007T143410_ba2d6827,PickCube-v1,mbpo,step_250016_model.pt,target,29,extra.obj_pose,-0.0005212445394136012,0.008211268112063408,False,False,121.78386898984233
mbpo_pickcube_20261007T143410_ba2d6827,PickCube-v1,mbpo,step_250016_model.pt,target,30,extra.obj_pose,-3.5489189031068236e-05,0.0016084579983726144,False,False,621.7134678131275
mbpo_pickcube_20261007T143410_ba2d6827,PickCube-v1,mbpo,step_250016_model.pt,target,31,extra.obj_pose,-0.0002083822910208255,0.005185082089155912,False,False,192.86097747447457
mbpo_pickcube_20261007T143410_ba2d6827,PickCube-v1,mbpo,step_250016_model.pt,target,32,extra.obj_pose,-0.00027240990311838686,0.012565277516841888,False,False,79.58439426902021
mbpo_pickcube_20261007T143410_ba2d6827,PickCube-v1,mbpo,step_250016_model.pt,target,33,extra.obj_pose,-0.00015069378423504531,0.003740885527804494,False,False,267.3163860715339
mbpo_pickcube_20261007T143410_ba2d6827,PickCube-v1,mbpo,step_250016_model.pt,target,34,extra.obj_pose,-0.00012882094597443938,0.00533667765557766,False,False,187.3824998507909
mbpo_pickcube_20261007T143410_ba2d6827,PickCube-v1,mbpo,step_250016_model.pt,target,35,extra.obj_pose,-0.00014629271754529327,0.013508349657058716,False,False,74.0282880875426
mbpo_pickcube_20261007T143410_ba2d6827,PickCube-v1,mbpo,step_250016_model.pt,target,36,extra.tcp_to_obj_pos,0.0008510034531354904,0.024120774120092392,False,False,41.45803924124512
mbpo_pickcube_20261007T143410_ba2d6827,PickCube-v1,mbpo,step_250016_model.pt,target,37,extra.tcp_to_obj_pos,-0.00017657032003626227,0.015377257950603962,False,False,65.0311000317663
mbpo_pickcube_20261007T143410_ba2d6827,PickCube-v1,mbpo,step_250016_model.pt,target,38,extra.tcp_to_obj_pos,-0.00042409769957885146,0.017280958592891693,False,False,57.86716024025065
mbpo_pickcube_20261007T143410_ba2d6827,PickCube-v1,mbpo,step_250016_model.pt,target,39,extra.obj_to_goal_pos,0.0005212445394136012,0.008211268112063408,False,False,121.78386898984233
mbpo_pickcube_20261007T143410_ba2d6827,PickCube-v1,mbpo,step_250016_model.pt,target,40,extra.obj_to_goal_pos,3.548917447915301e-05,0.0016084579983726144,False,False,621.7134678131275
mbpo_pickcube_20261007T143410_ba2d6827,PickCube-v1,mbpo,step_250016_model.pt,target,41,extra.obj_to_goal_pos,0.0002083822328131646,0.005185083020478487,False,False,192.8609428336055
mbpo_pickcube_20261007T143410_ba2d6827,PickCube-v1,mbpo,step_250016_model.pt,target,42,reward,0.04811888188123703,0.03160129114985466,False,False,31.644276661290757
mbpo_pickcube_20261007T143410_ba2d6827,PickCube-v1,mbpo,step_300000_model.pt,input,0,agent.qpos,-0.009001156315207481,0.1301005631685257,False,False,7.686361808477727
mbpo_pickcube_20261007T143410_ba2d6827,PickCube-v1,mbpo,step_300000_model.pt,input,1,agent.qpos,0.35645580291748047,0.33565405011177063,False,False,2.9792579582072864
mbpo_pickcube_20261007T143410_ba2d6827,PickCube-v1,mbpo,step_300000_model.pt,input,2,agent.qpos,-0.0058753276243805885,0.0817343071103096,False,False,12.23476451143567
mbpo_pickcube_20261007T143410_ba2d6827,PickCube-v1,mbpo,step_300000_model.pt,input,3,agent.qpos,-1.9885364770889282,0.4459211528301239,False,False,2.242548920707862
mbpo_pickcube_20261007T143410_ba2d6827,PickCube-v1,mbpo,step_300000_model.pt,input,4,agent.qpos,-0.00764840142801404,0.05041571706533432,False,False,19.835084338958985
mbpo_pickcube_20261007T143410_ba2d6827,PickCube-v1,mbpo,step_300000_model.pt,input,5,agent.qpos,2.33614444732666,0.28591522574424744,False,False,3.497540214575718
mbpo_pickcube_20261007T143410_ba2d6827,PickCube-v1,mbpo,step_300000_model.pt,input,6,agent.qpos,0.7771115303039551,0.18255384266376495,False,False,5.477835938199561
mbpo_pickcube_20261007T143410_ba2d6827,PickCube-v1,mbpo,step_300000_model.pt,input,7,agent.qpos,0.016720103099942207,0.008608589880168438,False,False,116.16304341593676
mbpo_pickcube_20261007T143410_ba2d6827,PickCube-v1,mbpo,step_300000_model.pt,input,8,agent.qpos,0.01673344150185585,0.008607477881014347,False,False,116.17805050718935
mbpo_pickcube_20261007T143410_ba2d6827,PickCube-v1,mbpo,step_300000_model.pt,input,9,agent.qvel,-0.004505997523665428,0.5845251679420471,False,False,1.7107903215198172
mbpo_pickcube_20261007T143410_ba2d6827,PickCube-v1,mbpo,step_300000_model.pt,input,10,agent.qvel,-0.023787640035152435,1.3693492412567139,False,False,0.7302738920585772
mbpo_pickcube_20261007T143410_ba2d6827,PickCube-v1,mbpo,step_300000_model.pt,input,11,agent.qvel,-0.0005139454151503742,0.41352909803390503,False,False,2.418209515979479
mbpo_pickcube_20261007T143410_ba2d6827,PickCube-v1,mbpo,step_300000_model.pt,input,12,agent.qvel,0.002473510103300214,1.858237624168396,False,False,0.5381443078075243
mbpo_pickcube_20261007T143410_ba2d6827,PickCube-v1,mbpo,step_300000_model.pt,input,13,agent.qvel,0.00021843903232365847,0.339093416929245,False,False,2.949039851778247
mbpo_pickcube_20261007T143410_ba2d6827,PickCube-v1,mbpo,step_300000_model.pt,input,14,agent.qvel,-0.02775397337973118,1.0954158306121826,False,False,0.9128953334927992
mbpo_pickcube_20261007T143410_ba2d6827,PickCube-v1,mbpo,step_300000_model.pt,input,15,agent.qvel,-0.006580248940736055,0.6856441497802734,False,False,1.4584825092148272
mbpo_pickcube_20261007T143410_ba2d6827,PickCube-v1,mbpo,step_300000_model.pt,input,16,agent.qvel,0.002668251283466816,0.3726562261581421,False,False,2.6834383268176913
mbpo_pickcube_20261007T143410_ba2d6827,PickCube-v1,mbpo,step_300000_model.pt,input,17,agent.qvel,-0.010410214774310589,0.21412205696105957,False,False,4.670233483614726
mbpo_pickcube_20261007T143410_ba2d6827,PickCube-v1,mbpo,step_300000_model.pt,input,18,extra.is_grasped,0.0,9.999999974752427e-07,True,True,1000000.0025247573
mbpo_pickcube_20261007T143410_ba2d6827,PickCube-v1,mbpo,step_300000_model.pt,input,19,extra.tcp_pose,-0.03849512338638306,0.10705383867025375,False,False,9.341094279488575
mbpo_pickcube_20261007T143410_ba2d6827,PickCube-v1,mbpo,step_300000_model.pt,input,20,extra.tcp_pose,-0.005470594856888056,0.09442416578531265,False,False,10.590509237578528
mbpo_pickcube_20261007T143410_ba2d6827,PickCube-v1,mbpo,step_300000_model.pt,input,21,extra.tcp_pose,0.1724833846092224,0.0905577763915062,False,False,11.042673968458818
mbpo_pickcube_20261007T143410_ba2d6827,PickCube-v1,mbpo,step_300000_model.pt,input,22,extra.tcp_pose,0.001999013824388385,0.013567547313869,False,False,73.7052893103075
mbpo_pickcube_20261007T143410_ba2d6827,PickCube-v1,mbpo,step_300000_model.pt,input,23,extra.tcp_pose,0.9983959794044495,0.006556455511599779,False,False,152.52143452064686
mbpo_pickcube_20261007T143410_ba2d6827,PickCube-v1,mbpo,step_300000_model.pt,input,24,extra.tcp_pose,-0.0005865540588274598,0.023387348279356956,False,False,42.75816086779956
mbpo_pickcube_20261007T143410_ba2d6827,PickCube-v1,mbpo,step_300000_model.pt,input,25,extra.tcp_pose,-0.004581242799758911,0.04908529296517372,False,False,20.372701059551694
mbpo_pickcube_20261007T143410_ba2d6827,PickCube-v1,mbpo,step_300000_model.pt,input,26,extra.goal_pos,-0.00957784429192543,0.052012600004673004,False,False,19.226110594551248
mbpo_pickcube_20261007T143410_ba2d6827,PickCube-v1,mbpo,step_300000_model.pt,input,27,extra.goal_pos,-0.006275924388319254,0.05746478587388992,False,False,17.401961649949637
mbpo_pickcube_20261007T143410_ba2d6827,PickCube-v1,mbpo,step_300000_model.pt,input,28,extra.goal_pos,0.1773565262556076,0.0828181579709053,False,False,12.074646726039333
mbpo_pickcube_20261007T143410_ba2d6827,PickCube-v1,mbpo,step_300000_model.pt,input,29,extra.obj_pose,-0.01125205960124731,0.1066107526421547,False,False,9.379916895967888
mbpo_pickcube_20261007T143410_ba2d6827,PickCube-v1,mbpo,step_300000_model.pt,input,30,extra.obj_pose,0.00878190528601408,0.05789820849895477,False,False,17.271691576053737
mbpo_pickcube_20261007T143410_ba2d6827,PickCube-v1,mbpo,step_300000_model.pt,input,31,extra.obj_pose,0.01820954494178295,0.03797577694058418,False,False,26.332575145587448
mbpo_pickcube_20261007T143410_ba2d6827,PickCube-v1,mbpo,step_300000_model.pt,input,32,extra.obj_pose,0.4879899322986603,0.5218909978866577,False,False,1.9161089270544884
mbpo_pickcube_20261007T143410_ba2d6827,PickCube-v1,mbpo,step_300000_model.pt,input,33,extra.obj_pose,-0.000761588045861572,0.02105029858648777,False,False,47.50526439762247
mbpo_pickcube_20261007T143410_ba2d6827,PickCube-v1,mbpo,step_300000_model.pt,input,34,extra.obj_pose,-0.00032236549304798245,0.015695037320256233,False,False,63.71440727378113
mbpo_pickcube_20261007T143410_ba2d6827,PickCube-v1,mbpo,step_300000_model.pt,input,35,extra.obj_pose,0.4450845718383789,0.5391696095466614,False,False,1.8547039415682367
mbpo_pickcube_20261007T143410_ba2d6827,PickCube-v1,mbpo,step_300000_model.pt,input,36,extra.tcp_to_obj_pos,0.027243079617619514,0.14912837743759155,False,False,6.705631866869122
mbpo_pickcube_20261007T143410_ba2d6827,PickCube-v1,mbpo,step_300000_model.pt,input,37,extra.tcp_to_obj_pos,0.014252480119466782,0.10938239097595215,False,False,9.142239359348537
mbpo_pickcube_20261007T143410_ba2d6827,PickCube-v1,mbpo,step_300000_model.pt,input,38,extra.tcp_to_obj_pos,-0.15427464246749878,0.097327820956707,False,False,10.274554491924938
mbpo_pickcube_20261007T143410_ba2d6827,PickCube-v1,mbpo,step_300000_model.pt,input,39,extra.obj_to_goal_pos,0.0016742153093218803,0.1145530715584755,False,False,8.72957823299861
mbpo_pickcube_20261007T143410_ba2d6827,PickCube-v1,mbpo,step_300000_model.pt,input,40,extra.obj_to_goal_pos,-0.01505780778825283,0.08502104133367538,False,False,11.761794307780573
mbpo_pickcube_20261007T143410_ba2d6827,PickCube-v1,mbpo,step_300000_model.pt,input,41,extra.obj_to_goal_pos,0.15914669632911682,0.09097162634134293,False,False,10.992438414234883
mbpo_pickcube_20261007T143410_ba2d6827,PickCube-v1,mbpo,step_300000_model.pt,input,42,action,0.008959892205893993,0.577920138835907,False,False,1.7303428844239277
mbpo_pickcube_20261007T143410_ba2d6827,PickCube-v1,mbpo,step_300000_model.pt,input,43,action,0.006955012679100037,0.5766684412956238,False,False,1.7340987097425697
mbpo_pickcube_20261007T143410_ba2d6827,PickCube-v1,mbpo,step_300000_model.pt,input,44,action,0.00686053978279233,0.5758179426193237,False,False,1.736660020441748
mbpo_pickcube_20261007T143410_ba2d6827,PickCube-v1,mbpo,step_300000_model.pt,input,45,action,0.004642554558813572,0.5764035582542419,False,False,1.7348956051359363
mbpo_pickcube_20261007T143410_ba2d6827,PickCube-v1,mbpo,step_300000_model.pt,target,0,agent.qpos,5.580107608693652e-05,0.02978133223950863,False,False,33.57808146250006
mbpo_pickcube_20261007T143410_ba2d6827,PickCube-v1,mbpo,step_300000_model.pt,target,1,agent.qpos,-0.0017087854212149978,0.07086709141731262,False,False,14.11092200907942
mbpo_pickcube_20261007T143410_ba2d6827,PickCube-v1,mbpo,step_300000_model.pt,target,2,agent.qpos,-0.00020797927572857589,0.024289630353450775,False,False,41.169831959090814
mbpo_pickcube_20261007T143410_ba2d6827,PickCube-v1,mbpo,step_300000_model.pt,target,3,agent.qpos,-0.0010099136270582676,0.11112496256828308,False,False,8.998878171819666
mbpo_pickcube_20261007T143410_ba2d6827,PickCube-v1,mbpo,step_300000_model.pt,target,4,agent.qpos,-5.23892185810837e-06,0.021342787891626358,False,False,46.85423502673428
mbpo_pickcube_20261007T143410_ba2d6827,PickCube-v1,mbpo,step_300000_model.pt,target,5,agent.qpos,-0.0006978054298087955,0.07295405119657516,False,False,13.70725797400193
mbpo_pickcube_20261007T143410_ba2d6827,PickCube-v1,mbpo,step_300000_model.pt,target,6,agent.qpos,-0.00012299146328587085,0.04446703568100929,False,False,22.488568996900188
mbpo_pickcube_20261007T143410_ba2d6827,PickCube-v1,mbpo,step_300000_model.pt,target,7,agent.qpos,-0.000584430294111371,0.0066606285981833935,False,False,150.13597969908395
mbpo_pickcube_20261007T143410_ba2d6827,PickCube-v1,mbpo,step_300000_model.pt,target,8,agent.qpos,-0.0005983912269584835,0.00661558099091053,False,False,151.15830361293268
mbpo_pickcube_20261007T143410_ba2d6827,PickCube-v1,mbpo,step_300000_model.pt,target,9,agent.qvel,0.005588476080447435,0.8147011995315552,False,False,1.2274438782893529
mbpo_pickcube_20261007T143410_ba2d6827,PickCube-v1,mbpo,step_300000_model.pt,target,10,agent.qvel,-0.017002148553729057,1.936222791671753,False,False,0.51646949116666
mbpo_pickcube_20261007T143410_ba2d6827,PickCube-v1,mbpo,step_300000_model.pt,target,11,agent.qvel,-0.0013072091387584805,0.600772500038147,False,False,1.6645235924355783
mbpo_pickcube_20261007T143410_ba2d6827,PickCube-v1,mbpo,step_300000_model.pt,target,12,agent.qvel,-0.030082957819104195,2.713573932647705,False,False,0.3685176909936903
mbpo_pickcube_20261007T143410_ba2d6827,PickCube-v1,mbpo,step_300000_model.pt,target,13,agent.qvel,0.0001676552346907556,0.4965391457080841,False,False,2.0139399051286504
mbpo_pickcube_20261007T143410_ba2d6827,PickCube-v1,mbpo,step_300000_model.pt,target,14,agent.qvel,0.006009721662849188,1.5676952600479126,False,False,0.63787907349381
mbpo_pickcube_20261007T143410_ba2d6827,PickCube-v1,mbpo,step_300000_model.pt,target,15,agent.qvel,0.0021886653266847134,0.9914858341217041,False,False,1.008587279399547
mbpo_pickcube_20261007T143410_ba2d6827,PickCube-v1,mbpo,step_300000_model.pt,target,16,agent.qvel,-0.002945421962067485,0.47119808197021484,False,False,2.1222497252508163
mbpo_pickcube_20261007T143410_ba2d6827,PickCube-v1,mbpo,step_300000_model.pt,target,17,agent.qvel,0.0009663397795520723,0.28804293274879456,False,False,3.4717046881067244
mbpo_pickcube_20261007T143410_ba2d6827,PickCube-v1,mbpo,step_300000_model.pt,target,18,extra.is_grasped,0.0,9.999999974752427e-07,True,True,1000000.0025247573
mbpo_pickcube_20261007T143410_ba2d6827,PickCube-v1,mbpo,step_300000_model.pt,target,19,extra.tcp_pose,-0.0013722482835873961,0.022987782955169678,False,False,43.5013677460841
mbpo_pickcube_20261007T143410_ba2d6827,PickCube-v1,mbpo,step_300000_model.pt,target,20,extra.tcp_pose,0.000141081414767541,0.015285375528037548,False,False,65.4220106117594
mbpo_pickcube_20261007T143410_ba2d6827,PickCube-v1,mbpo,step_300000_model.pt,target,21,extra.tcp_pose,0.00021571535035036504,0.016346875578165054,False,False,61.17376958173744
mbpo_pickcube_20261007T143410_ba2d6827,PickCube-v1,mbpo,step_300000_model.pt,target,22,extra.tcp_pose,4.0457794966641814e-05,0.0038167827297002077,False,False,262.0007663047002
mbpo_pickcube_20261007T143410_ba2d6827,PickCube-v1,mbpo,step_300000_model.pt,target,23,extra.tcp_pose,-5.9337766288081184e-05,0.0013678796822205186,False,False,731.0584498021574
mbpo_pickcube_20261007T143410_ba2d6827,PickCube-v1,mbpo,step_300000_model.pt,target,24,extra.tcp_pose,-6.538903107866645e-05,0.012795848771929741,False,False,78.15034530524466
mbpo_pickcube_20261007T143410_ba2d6827,PickCube-v1,mbpo,step_300000_model.pt,target,25,extra.tcp_pose,-4.0970124246086925e-05,0.017152337357401848,False,False,58.30109209975772
mbpo_pickcube_20261007T143410_ba2d6827,PickCube-v1,mbpo,step_300000_model.pt,target,26,extra.goal_pos,0.0,9.999999974752427e-07,True,True,1000000.0025247573
mbpo_pickcube_20261007T143410_ba2d6827,PickCube-v1,mbpo,step_300000_model.pt,target,27,extra.goal_pos,0.0,9.999999974752427e-07,True,True,1000000.0025247573
mbpo_pickcube_20261007T143410_ba2d6827,PickCube-v1,mbpo,step_300000_model.pt,target,28,extra.goal_pos,0.0,9.999999974752427e-07,True,True,1000000.0025247573
mbpo_pickcube_20261007T143410_ba2d6827,PickCube-v1,mbpo,step_300000_model.pt,target,29,extra.obj_pose,-0.0005212445394136012,0.008211268112063408,False,False,121.78386898984233
mbpo_pickcube_20261007T143410_ba2d6827,PickCube-v1,mbpo,step_300000_model.pt,target,30,extra.obj_pose,-3.5489189031068236e-05,0.0016084579983726144,False,False,621.7134678131275
mbpo_pickcube_20261007T143410_ba2d6827,PickCube-v1,mbpo,step_300000_model.pt,target,31,extra.obj_pose,-0.0002083822910208255,0.005185082089155912,False,False,192.86097747447457
mbpo_pickcube_20261007T143410_ba2d6827,PickCube-v1,mbpo,step_300000_model.pt,target,32,extra.obj_pose,-0.00027240990311838686,0.012565277516841888,False,False,79.58439426902021
mbpo_pickcube_20261007T143410_ba2d6827,PickCube-v1,mbpo,step_300000_model.pt,target,33,extra.obj_pose,-0.00015069378423504531,0.003740885527804494,False,False,267.3163860715339
mbpo_pickcube_20261007T143410_ba2d6827,PickCube-v1,mbpo,step_300000_model.pt,target,34,extra.obj_pose,-0.00012882094597443938,0.00533667765557766,False,False,187.3824998507909
mbpo_pickcube_20261007T143410_ba2d6827,PickCube-v1,mbpo,step_300000_model.pt,target,35,extra.obj_pose,-0.00014629271754529327,0.013508349657058716,False,False,74.0282880875426
mbpo_pickcube_20261007T143410_ba2d6827,PickCube-v1,mbpo,step_300000_model.pt,target,36,extra.tcp_to_obj_pos,0.0008510034531354904,0.024120774120092392,False,False,41.45803924124512
mbpo_pickcube_20261007T143410_ba2d6827,PickCube-v1,mbpo,step_300000_model.pt,target,37,extra.tcp_to_obj_pos,-0.00017657032003626227,0.015377257950603962,False,False,65.0311000317663
mbpo_pickcube_20261007T143410_ba2d6827,PickCube-v1,mbpo,step_300000_model.pt,target,38,extra.tcp_to_obj_pos,-0.00042409769957885146,0.017280958592891693,False,False,57.86716024025065
mbpo_pickcube_20261007T143410_ba2d6827,PickCube-v1,mbpo,step_300000_model.pt,target,39,extra.obj_to_goal_pos,0.0005212445394136012,0.008211268112063408,False,False,121.78386898984233
mbpo_pickcube_20261007T143410_ba2d6827,PickCube-v1,mbpo,step_300000_model.pt,target,40,extra.obj_to_goal_pos,3.548917447915301e-05,0.0016084579983726144,False,False,621.7134678131275
mbpo_pickcube_20261007T143410_ba2d6827,PickCube-v1,mbpo,step_300000_model.pt,target,41,extra.obj_to_goal_pos,0.0002083822328131646,0.005185083020478487,False,False,192.8609428336055
mbpo_pickcube_20261007T143410_ba2d6827,PickCube-v1,mbpo,step_300000_model.pt,target,42,reward,0.04811888188123703,0.03160129114985466,False,False,31.644276661290757
mbpo_pickcube_20261007T143410_ba2d6827,PickCube-v1,mbpo,step_350016_model.pt,input,0,agent.qpos,-0.009001156315207481,0.1301005631685257,False,False,7.686361808477727
mbpo_pickcube_20261007T143410_ba2d6827,PickCube-v1,mbpo,step_350016_model.pt,input,1,agent.qpos,0.35645580291748047,0.33565405011177063,False,False,2.9792579582072864
mbpo_pickcube_20261007T143410_ba2d6827,PickCube-v1,mbpo,step_350016_model.pt,input,2,agent.qpos,-0.0058753276243805885,0.0817343071103096,False,False,12.23476451143567
mbpo_pickcube_20261007T143410_ba2d6827,PickCube-v1,mbpo,step_350016_model.pt,input,3,agent.qpos,-1.9885364770889282,0.4459211528301239,False,False,2.242548920707862
mbpo_pickcube_20261007T143410_ba2d6827,PickCube-v1,mbpo,step_350016_model.pt,input,4,agent.qpos,-0.00764840142801404,0.05041571706533432,False,False,19.835084338958985
mbpo_pickcube_20261007T143410_ba2d6827,PickCube-v1,mbpo,step_350016_model.pt,input,5,agent.qpos,2.33614444732666,0.28591522574424744,False,False,3.497540214575718
mbpo_pickcube_20261007T143410_ba2d6827,PickCube-v1,mbpo,step_350016_model.pt,input,6,agent.qpos,0.7771115303039551,0.18255384266376495,False,False,5.477835938199561
mbpo_pickcube_20261007T143410_ba2d6827,PickCube-v1,mbpo,step_350016_model.pt,input,7,agent.qpos,0.016720103099942207,0.008608589880168438,False,False,116.16304341593676
mbpo_pickcube_20261007T143410_ba2d6827,PickCube-v1,mbpo,step_350016_model.pt,input,8,agent.qpos,0.01673344150185585,0.008607477881014347,False,False,116.17805050718935
mbpo_pickcube_20261007T143410_ba2d6827,PickCube-v1,mbpo,step_350016_model.pt,input,9,agent.qvel,-0.004505997523665428,0.5845251679420471,False,False,1.7107903215198172
mbpo_pickcube_20261007T143410_ba2d6827,PickCube-v1,mbpo,step_350016_model.pt,input,10,agent.qvel,-0.023787640035152435,1.3693492412567139,False,False,0.7302738920585772
mbpo_pickcube_20261007T143410_ba2d6827,PickCube-v1,mbpo,step_350016_model.pt,input,11,agent.qvel,-0.0005139454151503742,0.41352909803390503,False,False,2.418209515979479
mbpo_pickcube_20261007T143410_ba2d6827,PickCube-v1,mbpo,step_350016_model.pt,input,12,agent.qvel,0.002473510103300214,1.858237624168396,False,False,0.5381443078075243
mbpo_pickcube_20261007T143410_ba2d6827,PickCube-v1,mbpo,step_350016_model.pt,input,13,agent.qvel,0.00021843903232365847,0.339093416929245,False,False,2.949039851778247
mbpo_pickcube_20261007T143410_ba2d6827,PickCube-v1,mbpo,step_350016_model.pt,input,14,agent.qvel,-0.02775397337973118,1.0954158306121826,False,False,0.9128953334927992
mbpo_pickcube_20261007T143410_ba2d6827,PickCube-v1,mbpo,step_350016_model.pt,input,15,agent.qvel,-0.006580248940736055,0.6856441497802734,False,False,1.4584825092148272
mbpo_pickcube_20261007T143410_ba2d6827,PickCube-v1,mbpo,step_350016_model.pt,input,16,agent.qvel,0.002668251283466816,0.3726562261581421,False,False,2.6834383268176913
mbpo_pickcube_20261007T143410_ba2d6827,PickCube-v1,mbpo,step_350016_model.pt,input,17,agent.qvel,-0.010410214774310589,0.21412205696105957,False,False,4.670233483614726
mbpo_pickcube_20261007T143410_ba2d6827,PickCube-v1,mbpo,step_350016_model.pt,input,18,extra.is_grasped,0.0,9.999999974752427e-07,True,True,1000000.0025247573
mbpo_pickcube_20261007T143410_ba2d6827,PickCube-v1,mbpo,step_350016_model.pt,input,19,extra.tcp_pose,-0.03849512338638306,0.10705383867025375,False,False,9.341094279488575
mbpo_pickcube_20261007T143410_ba2d6827,PickCube-v1,mbpo,step_350016_model.pt,input,20,extra.tcp_pose,-0.005470594856888056,0.09442416578531265,False,False,10.590509237578528
mbpo_pickcube_20261007T143410_ba2d6827,PickCube-v1,mbpo,step_350016_model.pt,input,21,extra.tcp_pose,0.1724833846092224,0.0905577763915062,False,False,11.042673968458818
mbpo_pickcube_20261007T143410_ba2d6827,PickCube-v1,mbpo,step_350016_model.pt,input,22,extra.tcp_pose,0.001999013824388385,0.013567547313869,False,False,73.7052893103075
mbpo_pickcube_20261007T143410_ba2d6827,PickCube-v1,mbpo,step_350016_model.pt,input,23,extra.tcp_pose,0.9983959794044495,0.006556455511599779,False,False,152.52143452064686
mbpo_pickcube_20261007T143410_ba2d6827,PickCube-v1,mbpo,step_350016_model.pt,input,24,extra.tcp_pose,-0.0005865540588274598,0.023387348279356956,False,False,42.75816086779956
mbpo_pickcube_20261007T143410_ba2d6827,PickCube-v1,mbpo,step_350016_model.pt,input,25,extra.tcp_pose,-0.004581242799758911,0.04908529296517372,False,False,20.372701059551694
mbpo_pickcube_20261007T143410_ba2d6827,PickCube-v1,mbpo,step_350016_model.pt,input,26,extra.goal_pos,-0.00957784429192543,0.052012600004673004,False,False,19.226110594551248
mbpo_pickcube_20261007T143410_ba2d6827,PickCube-v1,mbpo,step_350016_model.pt,input,27,extra.goal_pos,-0.006275924388319254,0.05746478587388992,False,False,17.401961649949637
mbpo_pickcube_20261007T143410_ba2d6827,PickCube-v1,mbpo,step_350016_model.pt,input,28,extra.goal_pos,0.1773565262556076,0.0828181579709053,False,False,12.074646726039333
mbpo_pickcube_20261007T143410_ba2d6827,PickCube-v1,mbpo,step_350016_model.pt,input,29,extra.obj_pose,-0.01125205960124731,0.1066107526421547,False,False,9.379916895967888
mbpo_pickcube_20261007T143410_ba2d6827,PickCube-v1,mbpo,step_350016_model.pt,input,30,extra.obj_pose,0.00878190528601408,0.05789820849895477,False,False,17.271691576053737
mbpo_pickcube_20261007T143410_ba2d6827,PickCube-v1,mbpo,step_350016_model.pt,input,31,extra.obj_pose,0.01820954494178295,0.03797577694058418,False,False,26.332575145587448
mbpo_pickcube_20261007T143410_ba2d6827,PickCube-v1,mbpo,step_350016_model.pt,input,32,extra.obj_pose,0.4879899322986603,0.5218909978866577,False,False,1.9161089270544884
mbpo_pickcube_20261007T143410_ba2d6827,PickCube-v1,mbpo,step_350016_model.pt,input,33,extra.obj_pose,-0.000761588045861572,0.02105029858648777,False,False,47.50526439762247
mbpo_pickcube_20261007T143410_ba2d6827,PickCube-v1,mbpo,step_350016_model.pt,input,34,extra.obj_pose,-0.00032236549304798245,0.015695037320256233,False,False,63.71440727378113
mbpo_pickcube_20261007T143410_ba2d6827,PickCube-v1,mbpo,step_350016_model.pt,input,35,extra.obj_pose,0.4450845718383789,0.5391696095466614,False,False,1.8547039415682367
mbpo_pickcube_20261007T143410_ba2d6827,PickCube-v1,mbpo,step_350016_model.pt,input,36,extra.tcp_to_obj_pos,0.027243079617619514,0.14912837743759155,False,False,6.705631866869122
mbpo_pickcube_20261007T143410_ba2d6827,PickCube-v1,mbpo,step_350016_model.pt,input,37,extra.tcp_to_obj_pos,0.014252480119466782,0.10938239097595215,False,False,9.142239359348537
mbpo_pickcube_20261007T143410_ba2d6827,PickCube-v1,mbpo,step_350016_model.pt,input,38,extra.tcp_to_obj_pos,-0.15427464246749878,0.097327820956707,False,False,10.274554491924938
mbpo_pickcube_20261007T143410_ba2d6827,PickCube-v1,mbpo,step_350016_model.pt,input,39,extra.obj_to_goal_pos,0.0016742153093218803,0.1145530715584755,False,False,8.72957823299861
mbpo_pickcube_20261007T143410_ba2d6827,PickCube-v1,mbpo,step_350016_model.pt,input,40,extra.obj_to_goal_pos,-0.01505780778825283,0.08502104133367538,False,False,11.761794307780573
mbpo_pickcube_20261007T143410_ba2d6827,PickCube-v1,mbpo,step_350016_model.pt,input,41,extra.obj_to_goal_pos,0.15914669632911682,0.09097162634134293,False,False,10.992438414234883
mbpo_pickcube_20261007T143410_ba2d6827,PickCube-v1,mbpo,step_350016_model.pt,input,42,action,0.008959892205893993,0.577920138835907,False,False,1.7303428844239277
mbpo_pickcube_20261007T143410_ba2d6827,PickCube-v1,mbpo,step_350016_model.pt,input,43,action,0.006955012679100037,0.5766684412956238,False,False,1.7340987097425697
mbpo_pickcube_20261007T143410_ba2d6827,PickCube-v1,mbpo,step_350016_model.pt,input,44,action,0.00686053978279233,0.5758179426193237,False,False,1.736660020441748
mbpo_pickcube_20261007T143410_ba2d6827,PickCube-v1,mbpo,step_350016_model.pt,input,45,action,0.004642554558813572,0.5764035582542419,False,False,1.7348956051359363
mbpo_pickcube_20261007T143410_ba2d6827,PickCube-v1,mbpo,step_350016_model.pt,target,0,agent.qpos,5.580107608693652e-05,0.02978133223950863,False,False,33.57808146250006
mbpo_pickcube_20261007T143410_ba2d6827,PickCube-v1,mbpo,step_350016_model.pt,target,1,agent.qpos,-0.0017087854212149978,0.07086709141731262,False,False,14.11092200907942
mbpo_pickcube_20261007T143410_ba2d6827,PickCube-v1,mbpo,step_350016_model.pt,target,2,agent.qpos,-0.00020797927572857589,0.024289630353450775,False,False,41.169831959090814
mbpo_pickcube_20261007T143410_ba2d6827,PickCube-v1,mbpo,step_350016_model.pt,target,3,agent.qpos,-0.0010099136270582676,0.11112496256828308,False,False,8.998878171819666
mbpo_pickcube_20261007T143410_ba2d6827,PickCube-v1,mbpo,step_350016_model.pt,target,4,agent.qpos,-5.23892185810837e-06,0.021342787891626358,False,False,46.85423502673428
mbpo_pickcube_20261007T143410_ba2d6827,PickCube-v1,mbpo,step_350016_model.pt,target,5,agent.qpos,-0.0006978054298087955,0.07295405119657516,False,False,13.70725797400193
mbpo_pickcube_20261007T143410_ba2d6827,PickCube-v1,mbpo,step_350016_model.pt,target,6,agent.qpos,-0.00012299146328587085,0.04446703568100929,False,False,22.488568996900188
mbpo_pickcube_20261007T143410_ba2d6827,PickCube-v1,mbpo,step_350016_model.pt,target,7,agent.qpos,-0.000584430294111371,0.0066606285981833935,False,False,150.13597969908395
mbpo_pickcube_20261007T143410_ba2d6827,PickCube-v1,mbpo,step_350016_model.pt,target,8,agent.qpos,-0.0005983912269584835,0.00661558099091053,False,False,151.15830361293268
mbpo_pickcube_20261007T143410_ba2d6827,PickCube-v1,mbpo,step_350016_model.pt,target,9,agent.qvel,0.005588476080447435,0.8147011995315552,False,False,1.2274438782893529
mbpo_pickcube_20261007T143410_ba2d6827,PickCube-v1,mbpo,step_350016_model.pt,target,10,agent.qvel,-0.017002148553729057,1.936222791671753,False,False,0.51646949116666
mbpo_pickcube_20261007T143410_ba2d6827,PickCube-v1,mbpo,step_350016_model.pt,target,11,agent.qvel,-0.0013072091387584805,0.600772500038147,False,False,1.6645235924355783
mbpo_pickcube_20261007T143410_ba2d6827,PickCube-v1,mbpo,step_350016_model.pt,target,12,agent.qvel,-0.030082957819104195,2.713573932647705,False,False,0.3685176909936903
mbpo_pickcube_20261007T143410_ba2d6827,PickCube-v1,mbpo,step_350016_model.pt,target,13,agent.qvel,0.0001676552346907556,0.4965391457080841,False,False,2.0139399051286504
mbpo_pickcube_20261007T143410_ba2d6827,PickCube-v1,mbpo,step_350016_model.pt,target,14,agent.qvel,0.006009721662849188,1.5676952600479126,False,False,0.63787907349381
mbpo_pickcube_20261007T143410_ba2d6827,PickCube-v1,mbpo,step_350016_model.pt,target,15,agent.qvel,0.0021886653266847134,0.9914858341217041,False,False,1.008587279399547
mbpo_pickcube_20261007T143410_ba2d6827,PickCube-v1,mbpo,step_350016_model.pt,target,16,agent.qvel,-0.002945421962067485,0.47119808197021484,False,False,2.1222497252508163
mbpo_pickcube_20261007T143410_ba2d6827,PickCube-v1,mbpo,step_350016_model.pt,target,17,agent.qvel,0.0009663397795520723,0.28804293274879456,False,False,3.4717046881067244
mbpo_pickcube_20261007T143410_ba2d6827,PickCube-v1,mbpo,step_350016_model.pt,target,18,extra.is_grasped,0.0,9.999999974752427e-07,True,True,1000000.0025247573
mbpo_pickcube_20261007T143410_ba2d6827,PickCube-v1,mbpo,step_350016_model.pt,target,19,extra.tcp_pose,-0.0013722482835873961,0.022987782955169678,False,False,43.5013677460841
mbpo_pickcube_20261007T143410_ba2d6827,PickCube-v1,mbpo,step_350016_model.pt,target,20,extra.tcp_pose,0.000141081414767541,0.015285375528037548,False,False,65.4220106117594
mbpo_pickcube_20261007T143410_ba2d6827,PickCube-v1,mbpo,step_350016_model.pt,target,21,extra.tcp_pose,0.00021571535035036504,0.016346875578165054,False,False,61.17376958173744
mbpo_pickcube_20261007T143410_ba2d6827,PickCube-v1,mbpo,step_350016_model.pt,target,22,extra.tcp_pose,4.0457794966641814e-05,0.0038167827297002077,False,False,262.0007663047002
mbpo_pickcube_20261007T143410_ba2d6827,PickCube-v1,mbpo,step_350016_model.pt,target,23,extra.tcp_pose,-5.9337766288081184e-05,0.0013678796822205186,False,False,731.0584498021574
mbpo_pickcube_20261007T143410_ba2d6827,PickCube-v1,mbpo,step_350016_model.pt,target,24,extra.tcp_pose,-6.538903107866645e-05,0.012795848771929741,False,False,78.15034530524466
mbpo_pickcube_20261007T143410_ba2d6827,PickCube-v1,mbpo,step_350016_model.pt,target,25,extra.tcp_pose,-4.0970124246086925e-05,0.017152337357401848,False,False,58.30109209975772
mbpo_pickcube_20261007T143410_ba2d6827,PickCube-v1,mbpo,step_350016_model.pt,target,26,extra.goal_pos,0.0,9.999999974752427e-07,True,True,1000000.0025247573
mbpo_pickcube_20261007T143410_ba2d6827,PickCube-v1,mbpo,step_350016_model.pt,target,27,extra.goal_pos,0.0,9.999999974752427e-07,True,True,1000000.0025247573
mbpo_pickcube_20261007T143410_ba2d6827,PickCube-v1,mbpo,step_350016_model.pt,target,28,extra.goal_pos,0.0,9.999999974752427e-07,True,True,1000000.0025247573
mbpo_pickcube_20261007T143410_ba2d6827,PickCube-v1,mbpo,step_350016_model.pt,target,29,extra.obj_pose,-0.0005212445394136012,0.008211268112063408,False,False,121.78386898984233
mbpo_pickcube_20261007T143410_ba2d6827,PickCube-v1,mbpo,step_350016_model.pt,target,30,extra.obj_pose,-3.5489189031068236e-05,0.0016084579983726144,False,False,621.7134678131275
mbpo_pickcube_20261007T143410_ba2d6827,PickCube-v1,mbpo,step_350016_model.pt,target,31,extra.obj_pose,-0.0002083822910208255,0.005185082089155912,False,False,192.86097747447457
mbpo_pickcube_20261007T143410_ba2d6827,PickCube-v1,mbpo,step_350016_model.pt,target,32,extra.obj_pose,-0.00027240990311838686,0.012565277516841888,False,False,79.58439426902021
mbpo_pickcube_20261007T143410_ba2d6827,PickCube-v1,mbpo,step_350016_model.pt,target,33,extra.obj_pose,-0.00015069378423504531,0.003740885527804494,False,False,267.3163860715339
mbpo_pickcube_20261007T143410_ba2d6827,PickCube-v1,mbpo,step_350016_model.pt,target,34,extra.obj_pose,-0.00012882094597443938,0.00533667765557766,False,False,187.3824998507909
mbpo_pickcube_20261007T143410_ba2d6827,PickCube-v1,mbpo,step_350016_model.pt,target,35,extra.obj_pose,-0.00014629271754529327,0.013508349657058716,False,False,74.0282880875426
mbpo_pickcube_20261007T143410_ba2d6827,PickCube-v1,mbpo,step_350016_model.pt,target,36,extra.tcp_to_obj_pos,0.0008510034531354904,0.024120774120092392,False,False,41.45803924124512
mbpo_pickcube_20261007T143410_ba2d6827,PickCube-v1,mbpo,step_350016_model.pt,target,37,extra.tcp_to_obj_pos,-0.00017657032003626227,0.015377257950603962,False,False,65.0311000317663
mbpo_pickcube_20261007T143410_ba2d6827,PickCube-v1,mbpo,step_350016_model.pt,target,38,extra.tcp_to_obj_pos,-0.00042409769957885146,0.017280958592891693,False,False,57.86716024025065
mbpo_pickcube_20261007T143410_ba2d6827,PickCube-v1,mbpo,step_350016_model.pt,target,39,extra.obj_to_goal_pos,0.0005212445394136012,0.008211268112063408,False,False,121.78386898984233
mbpo_pickcube_20261007T143410_ba2d6827,PickCube-v1,mbpo,step_350016_model.pt,target,40,extra.obj_to_goal_pos,3.548917447915301e-05,0.0016084579983726144,False,False,621.7134678131275
mbpo_pickcube_20261007T143410_ba2d6827,PickCube-v1,mbpo,step_350016_model.pt,target,41,extra.obj_to_goal_pos,0.0002083822328131646,0.005185083020478487,False,False,192.8609428336055
mbpo_pickcube_20261007T143410_ba2d6827,PickCube-v1,mbpo,step_350016_model.pt,target,42,reward,0.04811888188123703,0.03160129114985466,False,False,31.644276661290757
mbpo_pickcube_20261007T143410_ba2d6827,PickCube-v1,mbpo,step_400000_model.pt,input,0,agent.qpos,-0.009001156315207481,0.1301005631685257,False,False,7.686361808477727
mbpo_pickcube_20261007T143410_ba2d6827,PickCube-v1,mbpo,step_400000_model.pt,input,1,agent.qpos,0.35645580291748047,0.33565405011177063,False,False,2.9792579582072864
mbpo_pickcube_20261007T143410_ba2d6827,PickCube-v1,mbpo,step_400000_model.pt,input,2,agent.qpos,-0.0058753276243805885,0.0817343071103096,False,False,12.23476451143567
mbpo_pickcube_20261007T143410_ba2d6827,PickCube-v1,mbpo,step_400000_model.pt,input,3,agent.qpos,-1.9885364770889282,0.4459211528301239,False,False,2.242548920707862
mbpo_pickcube_20261007T143410_ba2d6827,PickCube-v1,mbpo,step_400000_model.pt,input,4,agent.qpos,-0.00764840142801404,0.05041571706533432,False,False,19.835084338958985
mbpo_pickcube_20261007T143410_ba2d6827,PickCube-v1,mbpo,step_400000_model.pt,input,5,agent.qpos,2.33614444732666,0.28591522574424744,False,False,3.497540214575718
mbpo_pickcube_20261007T143410_ba2d6827,PickCube-v1,mbpo,step_400000_model.pt,input,6,agent.qpos,0.7771115303039551,0.18255384266376495,False,False,5.477835938199561
mbpo_pickcube_20261007T143410_ba2d6827,PickCube-v1,mbpo,step_400000_model.pt,input,7,agent.qpos,0.016720103099942207,0.008608589880168438,False,False,116.16304341593676
mbpo_pickcube_20261007T143410_ba2d6827,PickCube-v1,mbpo,step_400000_model.pt,input,8,agent.qpos,0.01673344150185585,0.008607477881014347,False,False,116.17805050718935
mbpo_pickcube_20261007T143410_ba2d6827,PickCube-v1,mbpo,step_400000_model.pt,input,9,agent.qvel,-0.004505997523665428,0.5845251679420471,False,False,1.7107903215198172
mbpo_pickcube_20261007T143410_ba2d6827,PickCube-v1,mbpo,step_400000_model.pt,input,10,agent.qvel,-0.023787640035152435,1.3693492412567139,False,False,0.7302738920585772
mbpo_pickcube_20261007T143410_ba2d6827,PickCube-v1,mbpo,step_400000_model.pt,input,11,agent.qvel,-0.0005139454151503742,0.41352909803390503,False,False,2.418209515979479
mbpo_pickcube_20261007T143410_ba2d6827,PickCube-v1,mbpo,step_400000_model.pt,input,12,agent.qvel,0.002473510103300214,1.858237624168396,False,False,0.5381443078075243
mbpo_pickcube_20261007T143410_ba2d6827,PickCube-v1,mbpo,step_400000_model.pt,input,13,agent.qvel,0.00021843903232365847,0.339093416929245,False,False,2.949039851778247
mbpo_pickcube_20261007T143410_ba2d6827,PickCube-v1,mbpo,step_400000_model.pt,input,14,agent.qvel,-0.02775397337973118,1.0954158306121826,False,False,0.9128953334927992
mbpo_pickcube_20261007T143410_ba2d6827,PickCube-v1,mbpo,step_400000_model.pt,input,15,agent.qvel,-0.006580248940736055,0.6856441497802734,False,False,1.4584825092148272
mbpo_pickcube_20261007T143410_ba2d6827,PickCube-v1,mbpo,step_400000_model.pt,input,16,agent.qvel,0.002668251283466816,0.3726562261581421,False,False,2.6834383268176913
mbpo_pickcube_20261007T143410_ba2d6827,PickCube-v1,mbpo,step_400000_model.pt,input,17,agent.qvel,-0.010410214774310589,0.21412205696105957,False,False,4.670233483614726
mbpo_pickcube_20261007T143410_ba2d6827,PickCube-v1,mbpo,step_400000_model.pt,input,18,extra.is_grasped,0.0,9.999999974752427e-07,True,True,1000000.0025247573
mbpo_pickcube_20261007T143410_ba2d6827,PickCube-v1,mbpo,step_400000_model.pt,input,19,extra.tcp_pose,-0.03849512338638306,0.10705383867025375,False,False,9.341094279488575
mbpo_pickcube_20261007T143410_ba2d6827,PickCube-v1,mbpo,step_400000_model.pt,input,20,extra.tcp_pose,-0.005470594856888056,0.09442416578531265,False,False,10.590509237578528
mbpo_pickcube_20261007T143410_ba2d6827,PickCube-v1,mbpo,step_400000_model.pt,input,21,extra.tcp_pose,0.1724833846092224,0.0905577763915062,False,False,11.042673968458818
mbpo_pickcube_20261007T143410_ba2d6827,PickCube-v1,mbpo,step_400000_model.pt,input,22,extra.tcp_pose,0.001999013824388385,0.013567547313869,False,False,73.7052893103075
mbpo_pickcube_20261007T143410_ba2d6827,PickCube-v1,mbpo,step_400000_model.pt,input,23,extra.tcp_pose,0.9983959794044495,0.006556455511599779,False,False,152.52143452064686
mbpo_pickcube_20261007T143410_ba2d6827,PickCube-v1,mbpo,step_400000_model.pt,input,24,extra.tcp_pose,-0.0005865540588274598,0.023387348279356956,False,False,42.75816086779956
mbpo_pickcube_20261007T143410_ba2d6827,PickCube-v1,mbpo,step_400000_model.pt,input,25,extra.tcp_pose,-0.004581242799758911,0.04908529296517372,False,False,20.372701059551694
mbpo_pickcube_20261007T143410_ba2d6827,PickCube-v1,mbpo,step_400000_model.pt,input,26,extra.goal_pos,-0.00957784429192543,0.052012600004673004,False,False,19.226110594551248
mbpo_pickcube_20261007T143410_ba2d6827,PickCube-v1,mbpo,step_400000_model.pt,input,27,extra.goal_pos,-0.006275924388319254,0.05746478587388992,False,False,17.401961649949637
mbpo_pickcube_20261007T143410_ba2d6827,PickCube-v1,mbpo,step_400000_model.pt,input,28,extra.goal_pos,0.1773565262556076,0.0828181579709053,False,False,12.074646726039333
mbpo_pickcube_20261007T143410_ba2d6827,PickCube-v1,mbpo,step_400000_model.pt,input,29,extra.obj_pose,-0.01125205960124731,0.1066107526421547,False,False,9.379916895967888
mbpo_pickcube_20261007T143410_ba2d6827,PickCube-v1,mbpo,step_400000_model.pt,input,30,extra.obj_pose,0.00878190528601408,0.05789820849895477,False,False,17.271691576053737
mbpo_pickcube_20261007T143410_ba2d6827,PickCube-v1,mbpo,step_400000_model.pt,input,31,extra.obj_pose,0.01820954494178295,0.03797577694058418,False,False,26.332575145587448
mbpo_pickcube_20261007T143410_ba2d6827,PickCube-v1,mbpo,step_400000_model.pt,input,32,extra.obj_pose,0.4879899322986603,0.5218909978866577,False,False,1.9161089270544884
mbpo_pickcube_20261007T143410_ba2d6827,PickCube-v1,mbpo,step_400000_model.pt,input,33,extra.obj_pose,-0.000761588045861572,0.02105029858648777,False,False,47.50526439762247
mbpo_pickcube_20261007T143410_ba2d6827,PickCube-v1,mbpo,step_400000_model.pt,input,34,extra.obj_pose,-0.00032236549304798245,0.015695037320256233,False,False,63.71440727378113
mbpo_pickcube_20261007T143410_ba2d6827,PickCube-v1,mbpo,step_400000_model.pt,input,35,extra.obj_pose,0.4450845718383789,0.5391696095466614,False,False,1.8547039415682367
mbpo_pickcube_20261007T143410_ba2d6827,PickCube-v1,mbpo,step_400000_model.pt,input,36,extra.tcp_to_obj_pos,0.027243079617619514,0.14912837743759155,False,False,6.705631866869122
mbpo_pickcube_20261007T143410_ba2d6827,PickCube-v1,mbpo,step_400000_model.pt,input,37,extra.tcp_to_obj_pos,0.014252480119466782,0.10938239097595215,False,False,9.142239359348537
mbpo_pickcube_20261007T143410_ba2d6827,PickCube-v1,mbpo,step_400000_model.pt,input,38,extra.tcp_to_obj_pos,-0.15427464246749878,0.097327820956707,False,False,10.274554491924938
mbpo_pickcube_20261007T143410_ba2d6827,PickCube-v1,mbpo,step_400000_model.pt,input,39,extra.obj_to_goal_pos,0.0016742153093218803,0.1145530715584755,False,False,8.72957823299861
mbpo_pickcube_20261007T143410_ba2d6827,PickCube-v1,mbpo,step_400000_model.pt,input,40,extra.obj_to_goal_pos,-0.01505780778825283,0.08502104133367538,False,False,11.761794307780573
mbpo_pickcube_20261007T143410_ba2d6827,PickCube-v1,mbpo,step_400000_model.pt,input,41,extra.obj_to_goal_pos,0.15914669632911682,0.09097162634134293,False,False,10.992438414234883
mbpo_pickcube_20261007T143410_ba2d6827,PickCube-v1,mbpo,step_400000_model.pt,input,42,action,0.008959892205893993,0.577920138835907,False,False,1.7303428844239277
mbpo_pickcube_20261007T143410_ba2d6827,PickCube-v1,mbpo,step_400000_model.pt,input,43,action,0.006955012679100037,0.5766684412956238,False,False,1.7340987097425697
mbpo_pickcube_20261007T143410_ba2d6827,PickCube-v1,mbpo,step_400000_model.pt,input,44,action,0.00686053978279233,0.5758179426193237,False,False,1.736660020441748
mbpo_pickcube_20261007T143410_ba2d6827,PickCube-v1,mbpo,step_400000_model.pt,input,45,action,0.004642554558813572,0.5764035582542419,False,False,1.7348956051359363
mbpo_pickcube_20261007T143410_ba2d6827,PickCube-v1,mbpo,step_400000_model.pt,target,0,agent.qpos,5.580107608693652e-05,0.02978133223950863,False,False,33.57808146250006
mbpo_pickcube_20261007T143410_ba2d6827,PickCube-v1,mbpo,step_400000_model.pt,target,1,agent.qpos,-0.0017087854212149978,0.07086709141731262,False,False,14.11092200907942
mbpo_pickcube_20261007T143410_ba2d6827,PickCube-v1,mbpo,step_400000_model.pt,target,2,agent.qpos,-0.00020797927572857589,0.024289630353450775,False,False,41.169831959090814
mbpo_pickcube_20261007T143410_ba2d6827,PickCube-v1,mbpo,step_400000_model.pt,target,3,agent.qpos,-0.0010099136270582676,0.11112496256828308,False,False,8.998878171819666
mbpo_pickcube_20261007T143410_ba2d6827,PickCube-v1,mbpo,step_400000_model.pt,target,4,agent.qpos,-5.23892185810837e-06,0.021342787891626358,False,False,46.85423502673428
mbpo_pickcube_20261007T143410_ba2d6827,PickCube-v1,mbpo,step_400000_model.pt,target,5,agent.qpos,-0.0006978054298087955,0.07295405119657516,False,False,13.70725797400193
mbpo_pickcube_20261007T143410_ba2d6827,PickCube-v1,mbpo,step_400000_model.pt,target,6,agent.qpos,-0.00012299146328587085,0.04446703568100929,False,False,22.488568996900188
mbpo_pickcube_20261007T143410_ba2d6827,PickCube-v1,mbpo,step_400000_model.pt,target,7,agent.qpos,-0.000584430294111371,0.0066606285981833935,False,False,150.13597969908395
mbpo_pickcube_20261007T143410_ba2d6827,PickCube-v1,mbpo,step_400000_model.pt,target,8,agent.qpos,-0.0005983912269584835,0.00661558099091053,False,False,151.15830361293268
mbpo_pickcube_20261007T143410_ba2d6827,PickCube-v1,mbpo,step_400000_model.pt,target,9,agent.qvel,0.005588476080447435,0.8147011995315552,False,False,1.2274438782893529
mbpo_pickcube_20261007T143410_ba2d6827,PickCube-v1,mbpo,step_400000_model.pt,target,10,agent.qvel,-0.017002148553729057,1.936222791671753,False,False,0.51646949116666
mbpo_pickcube_20261007T143410_ba2d6827,PickCube-v1,mbpo,step_400000_model.pt,target,11,agent.qvel,-0.0013072091387584805,0.600772500038147,False,False,1.6645235924355783
mbpo_pickcube_20261007T143410_ba2d6827,PickCube-v1,mbpo,step_400000_model.pt,target,12,agent.qvel,-0.030082957819104195,2.713573932647705,False,False,0.3685176909936903
mbpo_pickcube_20261007T143410_ba2d6827,PickCube-v1,mbpo,step_400000_model.pt,target,13,agent.qvel,0.0001676552346907556,0.4965391457080841,False,False,2.0139399051286504
mbpo_pickcube_20261007T143410_ba2d6827,PickCube-v1,mbpo,step_400000_model.pt,target,14,agent.qvel,0.006009721662849188,1.5676952600479126,False,False,0.63787907349381
mbpo_pickcube_20261007T143410_ba2d6827,PickCube-v1,mbpo,step_400000_model.pt,target,15,agent.qvel,0.0021886653266847134,0.9914858341217041,False,False,1.008587279399547
mbpo_pickcube_20261007T143410_ba2d6827,PickCube-v1,mbpo,step_400000_model.pt,target,16,agent.qvel,-0.002945421962067485,0.47119808197021484,False,False,2.1222497252508163
mbpo_pickcube_20261007T143410_ba2d6827,PickCube-v1,mbpo,step_400000_model.pt,target,17,agent.qvel,0.0009663397795520723,0.28804293274879456,False,False,3.4717046881067244
mbpo_pickcube_20261007T143410_ba2d6827,PickCube-v1,mbpo,step_400000_model.pt,target,18,extra.is_grasped,0.0,9.999999974752427e-07,True,True,1000000.0025247573
mbpo_pickcube_20261007T143410_ba2d6827,PickCube-v1,mbpo,step_400000_model.pt,target,19,extra.tcp_pose,-0.0013722482835873961,0.022987782955169678,False,False,43.5013677460841
mbpo_pickcube_20261007T143410_ba2d6827,PickCube-v1,mbpo,step_400000_model.pt,target,20,extra.tcp_pose,0.000141081414767541,0.015285375528037548,False,False,65.4220106117594
mbpo_pickcube_20261007T143410_ba2d6827,PickCube-v1,mbpo,step_400000_model.pt,target,21,extra.tcp_pose,0.00021571535035036504,0.016346875578165054,False,False,61.17376958173744
mbpo_pickcube_20261007T143410_ba2d6827,PickCube-v1,mbpo,step_400000_model.pt,target,22,extra.tcp_pose,4.0457794966641814e-05,0.0038167827297002077,False,False,262.0007663047002
mbpo_pickcube_20261007T143410_ba2d6827,PickCube-v1,mbpo,step_400000_model.pt,target,23,extra.tcp_pose,-5.9337766288081184e-05,0.0013678796822205186,False,False,731.0584498021574
mbpo_pickcube_20261007T143410_ba2d6827,PickCube-v1,mbpo,step_400000_model.pt,target,24,extra.tcp_pose,-6.538903107866645e-05,0.012795848771929741,False,False,78.15034530524466
mbpo_pickcube_20261007T143410_ba2d6827,PickCube-v1,mbpo,step_400000_model.pt,target,25,extra.tcp_pose,-4.0970124246086925e-05,0.017152337357401848,False,False,58.30109209975772
mbpo_pickcube_20261007T143410_ba2d6827,PickCube-v1,mbpo,step_400000_model.pt,target,26,extra.goal_pos,0.0,9.999999974752427e-07,True,True,1000000.0025247573
mbpo_pickcube_20261007T143410_ba2d6827,PickCube-v1,mbpo,step_400000_model.pt,target,27,extra.goal_pos,0.0,9.999999974752427e-07,True,True,1000000.0025247573
mbpo_pickcube_20261007T143410_ba2d6827,PickCube-v1,mbpo,step_400000_model.pt,target,28,extra.goal_pos,0.0,9.999999974752427e-07,True,True,1000000.0025247573
mbpo_pickcube_20261007T143410_ba2d6827,PickCube-v1,mbpo,step_400000_model.pt,target,29,extra.obj_pose,-0.0005212445394136012,0.008211268112063408,False,False,121.78386898984233
mbpo_pickcube_20261007T143410_ba2d6827,PickCube-v1,mbpo,step_400000_model.pt,target,30,extra.obj_pose,-3.5489189031068236e-05,0.0016084579983726144,False,False,621.7134678131275
mbpo_pickcube_20261007T143410_ba2d6827,PickCube-v1,mbpo,step_400000_model.pt,target,31,extra.obj_pose,-0.0002083822910208255,0.005185082089155912,False,False,192.86097747447457
mbpo_pickcube_20261007T143410_ba2d6827,PickCube-v1,mbpo,step_400000_model.pt,target,32,extra.obj_pose,-0.00027240990311838686,0.012565277516841888,False,False,79.58439426902021
mbpo_pickcube_20261007T143410_ba2d6827,PickCube-v1,mbpo,step_400000_model.pt,target,33,extra.obj_pose,-0.00015069378423504531,0.003740885527804494,False,False,267.3163860715339
mbpo_pickcube_20261007T143410_ba2d6827,PickCube-v1,mbpo,step_400000_model.pt,target,34,extra.obj_pose,-0.00012882094597443938,0.00533667765557766,False,False,187.3824998507909
mbpo_pickcube_20261007T143410_ba2d6827,PickCube-v1,mbpo,step_400000_model.pt,target,35,extra.obj_pose,-0.00014629271754529327,0.013508349657058716,False,False,74.0282880875426
mbpo_pickcube_20261007T143410_ba2d6827,PickCube-v1,mbpo,step_400000_model.pt,target,36,extra.tcp_to_obj_pos,0.0008510034531354904,0.024120774120092392,False,False,41.45803924124512
mbpo_pickcube_20261007T143410_ba2d6827,PickCube-v1,mbpo,step_400000_model.pt,target,37,extra.tcp_to_obj_pos,-0.00017657032003626227,0.015377257950603962,False,False,65.0311000317663
mbpo_pickcube_20261007T143410_ba2d6827,PickCube-v1,mbpo,step_400000_model.pt,target,38,extra.tcp_to_obj_pos,-0.00042409769957885146,0.017280958592891693,False,False,57.86716024025065
mbpo_pickcube_20261007T143410_ba2d6827,PickCube-v1,mbpo,step_400000_model.pt,target,39,extra.obj_to_goal_pos,0.0005212445394136012,0.008211268112063408,False,False,121.78386898984233
mbpo_pickcube_20261007T143410_ba2d6827,PickCube-v1,mbpo,step_400000_model.pt,target,40,extra.obj_to_goal_pos,3.548917447915301e-05,0.0016084579983726144,False,False,621.7134678131275
mbpo_pickcube_20261007T143410_ba2d6827,PickCube-v1,mbpo,step_400000_model.pt,target,41,extra.obj_to_goal_pos,0.0002083822328131646,0.005185083020478487,False,False,192.8609428336055
mbpo_pickcube_20261007T143410_ba2d6827,PickCube-v1,mbpo,step_400000_model.pt,target,42,reward,0.04811888188123703,0.03160129114985466,False,False,31.644276661290757
mbpo_pickcube_20261007T143410_ba2d6827,PickCube-v1,mbpo,step_450016_model.pt,input,0,agent.qpos,-0.009001156315207481,0.1301005631685257,False,False,7.686361808477727
mbpo_pickcube_20261007T143410_ba2d6827,PickCube-v1,mbpo,step_450016_model.pt,input,1,agent.qpos,0.35645580291748047,0.33565405011177063,False,False,2.9792579582072864
mbpo_pickcube_20261007T143410_ba2d6827,PickCube-v1,mbpo,step_450016_model.pt,input,2,agent.qpos,-0.0058753276243805885,0.0817343071103096,False,False,12.23476451143567
mbpo_pickcube_20261007T143410_ba2d6827,PickCube-v1,mbpo,step_450016_model.pt,input,3,agent.qpos,-1.9885364770889282,0.4459211528301239,False,False,2.242548920707862
mbpo_pickcube_20261007T143410_ba2d6827,PickCube-v1,mbpo,step_450016_model.pt,input,4,agent.qpos,-0.00764840142801404,0.05041571706533432,False,False,19.835084338958985
mbpo_pickcube_20261007T143410_ba2d6827,PickCube-v1,mbpo,step_450016_model.pt,input,5,agent.qpos,2.33614444732666,0.28591522574424744,False,False,3.497540214575718
mbpo_pickcube_20261007T143410_ba2d6827,PickCube-v1,mbpo,step_450016_model.pt,input,6,agent.qpos,0.7771115303039551,0.18255384266376495,False,False,5.477835938199561
mbpo_pickcube_20261007T143410_ba2d6827,PickCube-v1,mbpo,step_450016_model.pt,input,7,agent.qpos,0.016720103099942207,0.008608589880168438,False,False,116.16304341593676
mbpo_pickcube_20261007T143410_ba2d6827,PickCube-v1,mbpo,step_450016_model.pt,input,8,agent.qpos,0.01673344150185585,0.008607477881014347,False,False,116.17805050718935
mbpo_pickcube_20261007T143410_ba2d6827,PickCube-v1,mbpo,step_450016_model.pt,input,9,agent.qvel,-0.004505997523665428,0.5845251679420471,False,False,1.7107903215198172
mbpo_pickcube_20261007T143410_ba2d6827,PickCube-v1,mbpo,step_450016_model.pt,input,10,agent.qvel,-0.023787640035152435,1.3693492412567139,False,False,0.7302738920585772
mbpo_pickcube_20261007T143410_ba2d6827,PickCube-v1,mbpo,step_450016_model.pt,input,11,agent.qvel,-0.0005139454151503742,0.41352909803390503,False,False,2.418209515979479
mbpo_pickcube_20261007T143410_ba2d6827,PickCube-v1,mbpo,step_450016_model.pt,input,12,agent.qvel,0.002473510103300214,1.858237624168396,False,False,0.5381443078075243
mbpo_pickcube_20261007T143410_ba2d6827,PickCube-v1,mbpo,step_450016_model.pt,input,13,agent.qvel,0.00021843903232365847,0.339093416929245,False,False,2.949039851778247
mbpo_pickcube_20261007T143410_ba2d6827,PickCube-v1,mbpo,step_450016_model.pt,input,14,agent.qvel,-0.02775397337973118,1.0954158306121826,False,False,0.9128953334927992
mbpo_pickcube_20261007T143410_ba2d6827,PickCube-v1,mbpo,step_450016_model.pt,input,15,agent.qvel,-0.006580248940736055,0.6856441497802734,False,False,1.4584825092148272
mbpo_pickcube_20261007T143410_ba2d6827,PickCube-v1,mbpo,step_450016_model.pt,input,16,agent.qvel,0.002668251283466816,0.3726562261581421,False,False,2.6834383268176913
mbpo_pickcube_20261007T143410_ba2d6827,PickCube-v1,mbpo,step_450016_model.pt,input,17,agent.qvel,-0.010410214774310589,0.21412205696105957,False,False,4.670233483614726
mbpo_pickcube_20261007T143410_ba2d6827,PickCube-v1,mbpo,step_450016_model.pt,input,18,extra.is_grasped,0.0,9.999999974752427e-07,True,True,1000000.0025247573
mbpo_pickcube_20261007T143410_ba2d6827,PickCube-v1,mbpo,step_450016_model.pt,input,19,extra.tcp_pose,-0.03849512338638306,0.10705383867025375,False,False,9.341094279488575
mbpo_pickcube_20261007T143410_ba2d6827,PickCube-v1,mbpo,step_450016_model.pt,input,20,extra.tcp_pose,-0.005470594856888056,0.09442416578531265,False,False,10.590509237578528
mbpo_pickcube_20261007T143410_ba2d6827,PickCube-v1,mbpo,step_450016_model.pt,input,21,extra.tcp_pose,0.1724833846092224,0.0905577763915062,False,False,11.042673968458818
mbpo_pickcube_20261007T143410_ba2d6827,PickCube-v1,mbpo,step_450016_model.pt,input,22,extra.tcp_pose,0.001999013824388385,0.013567547313869,False,False,73.7052893103075
mbpo_pickcube_20261007T143410_ba2d6827,PickCube-v1,mbpo,step_450016_model.pt,input,23,extra.tcp_pose,0.9983959794044495,0.006556455511599779,False,False,152.52143452064686
mbpo_pickcube_20261007T143410_ba2d6827,PickCube-v1,mbpo,step_450016_model.pt,input,24,extra.tcp_pose,-0.0005865540588274598,0.023387348279356956,False,False,42.75816086779956
mbpo_pickcube_20261007T143410_ba2d6827,PickCube-v1,mbpo,step_450016_model.pt,input,25,extra.tcp_pose,-0.004581242799758911,0.04908529296517372,False,False,20.372701059551694
mbpo_pickcube_20261007T143410_ba2d6827,PickCube-v1,mbpo,step_450016_model.pt,input,26,extra.goal_pos,-0.00957784429192543,0.052012600004673004,False,False,19.226110594551248
mbpo_pickcube_20261007T143410_ba2d6827,PickCube-v1,mbpo,step_450016_model.pt,input,27,extra.goal_pos,-0.006275924388319254,0.05746478587388992,False,False,17.401961649949637
mbpo_pickcube_20261007T143410_ba2d6827,PickCube-v1,mbpo,step_450016_model.pt,input,28,extra.goal_pos,0.1773565262556076,0.0828181579709053,False,False,12.074646726039333
mbpo_pickcube_20261007T143410_ba2d6827,PickCube-v1,mbpo,step_450016_model.pt,input,29,extra.obj_pose,-0.01125205960124731,0.1066107526421547,False,False,9.379916895967888
mbpo_pickcube_20261007T143410_ba2d6827,PickCube-v1,mbpo,step_450016_model.pt,input,30,extra.obj_pose,0.00878190528601408,0.05789820849895477,False,False,17.271691576053737
mbpo_pickcube_20261007T143410_ba2d6827,PickCube-v1,mbpo,step_450016_model.pt,input,31,extra.obj_pose,0.01820954494178295,0.03797577694058418,False,False,26.332575145587448
mbpo_pickcube_20261007T143410_ba2d6827,PickCube-v1,mbpo,step_450016_model.pt,input,32,extra.obj_pose,0.4879899322986603,0.5218909978866577,False,False,1.9161089270544884
mbpo_pickcube_20261007T143410_ba2d6827,PickCube-v1,mbpo,step_450016_model.pt,input,33,extra.obj_pose,-0.000761588045861572,0.02105029858648777,False,False,47.50526439762247
mbpo_pickcube_20261007T143410_ba2d6827,PickCube-v1,mbpo,step_450016_model.pt,input,34,extra.obj_pose,-0.00032236549304798245,0.015695037320256233,False,False,63.71440727378113
mbpo_pickcube_20261007T143410_ba2d6827,PickCube-v1,mbpo,step_450016_model.pt,input,35,extra.obj_pose,0.4450845718383789,0.5391696095466614,False,False,1.8547039415682367
mbpo_pickcube_20261007T143410_ba2d6827,PickCube-v1,mbpo,step_450016_model.pt,input,36,extra.tcp_to_obj_pos,0.027243079617619514,0.14912837743759155,False,False,6.705631866869122
mbpo_pickcube_20261007T143410_ba2d6827,PickCube-v1,mbpo,step_450016_model.pt,input,37,extra.tcp_to_obj_pos,0.014252480119466782,0.10938239097595215,False,False,9.142239359348537
mbpo_pickcube_20261007T143410_ba2d6827,PickCube-v1,mbpo,step_450016_model.pt,input,38,extra.tcp_to_obj_pos,-0.15427464246749878,0.097327820956707,False,False,10.274554491924938
mbpo_pickcube_20261007T143410_ba2d6827,PickCube-v1,mbpo,step_450016_model.pt,input,39,extra.obj_to_goal_pos,0.0016742153093218803,0.1145530715584755,False,False,8.72957823299861
mbpo_pickcube_20261007T143410_ba2d6827,PickCube-v1,mbpo,step_450016_model.pt,input,40,extra.obj_to_goal_pos,-0.01505780778825283,0.08502104133367538,False,False,11.761794307780573
mbpo_pickcube_20261007T143410_ba2d6827,PickCube-v1,mbpo,step_450016_model.pt,input,41,extra.obj_to_goal_pos,0.15914669632911682,0.09097162634134293,False,False,10.992438414234883
mbpo_pickcube_20261007T143410_ba2d6827,PickCube-v1,mbpo,step_450016_model.pt,input,42,action,0.008959892205893993,0.577920138835907,False,False,1.7303428844239277
mbpo_pickcube_20261007T143410_ba2d6827,PickCube-v1,mbpo,step_450016_model.pt,input,43,action,0.006955012679100037,0.5766684412956238,False,False,1.7340987097425697
mbpo_pickcube_20261007T143410_ba2d6827,PickCube-v1,mbpo,step_450016_model.pt,input,44,action,0.00686053978279233,0.5758179426193237,False,False,1.736660020441748
mbpo_pickcube_20261007T143410_ba2d6827,PickCube-v1,mbpo,step_450016_model.pt,input,45,action,0.004642554558813572,0.5764035582542419,False,False,1.7348956051359363
mbpo_pickcube_20261007T143410_ba2d6827,PickCube-v1,mbpo,step_450016_model.pt,target,0,agent.qpos,5.580107608693652e-05,0.02978133223950863,False,False,33.57808146250006
mbpo_pickcube_20261007T143410_ba2d6827,PickCube-v1,mbpo,step_450016_model.pt,target,1,agent.qpos,-0.0017087854212149978,0.07086709141731262,False,False,14.11092200907942
mbpo_pickcube_20261007T143410_ba2d6827,PickCube-v1,mbpo,step_450016_model.pt,target,2,agent.qpos,-0.00020797927572857589,0.024289630353450775,False,False,41.169831959090814
mbpo_pickcube_20261007T143410_ba2d6827,PickCube-v1,mbpo,step_450016_model.pt,target,3,agent.qpos,-0.0010099136270582676,0.11112496256828308,False,False,8.998878171819666
mbpo_pickcube_20261007T143410_ba2d6827,PickCube-v1,mbpo,step_450016_model.pt,target,4,agent.qpos,-5.23892185810837e-06,0.021342787891626358,False,False,46.85423502673428
mbpo_pickcube_20261007T143410_ba2d6827,PickCube-v1,mbpo,step_450016_model.pt,target,5,agent.qpos,-0.0006978054298087955,0.07295405119657516,False,False,13.70725797400193
mbpo_pickcube_20261007T143410_ba2d6827,PickCube-v1,mbpo,step_450016_model.pt,target,6,agent.qpos,-0.00012299146328587085,0.04446703568100929,False,False,22.488568996900188
mbpo_pickcube_20261007T143410_ba2d6827,PickCube-v1,mbpo,step_450016_model.pt,target,7,agent.qpos,-0.000584430294111371,0.0066606285981833935,False,False,150.13597969908395
mbpo_pickcube_20261007T143410_ba2d6827,PickCube-v1,mbpo,step_450016_model.pt,target,8,agent.qpos,-0.0005983912269584835,0.00661558099091053,False,False,151.15830361293268
mbpo_pickcube_20261007T143410_ba2d6827,PickCube-v1,mbpo,step_450016_model.pt,target,9,agent.qvel,0.005588476080447435,0.8147011995315552,False,False,1.2274438782893529
mbpo_pickcube_20261007T143410_ba2d6827,PickCube-v1,mbpo,step_450016_model.pt,target,10,agent.qvel,-0.017002148553729057,1.936222791671753,False,False,0.51646949116666
mbpo_pickcube_20261007T143410_ba2d6827,PickCube-v1,mbpo,step_450016_model.pt,target,11,agent.qvel,-0.0013072091387584805,0.600772500038147,False,False,1.6645235924355783
mbpo_pickcube_20261007T143410_ba2d6827,PickCube-v1,mbpo,step_450016_model.pt,target,12,agent.qvel,-0.030082957819104195,2.713573932647705,False,False,0.3685176909936903
mbpo_pickcube_20261007T143410_ba2d6827,PickCube-v1,mbpo,step_450016_model.pt,target,13,agent.qvel,0.0001676552346907556,0.4965391457080841,False,False,2.0139399051286504
mbpo_pickcube_20261007T143410_ba2d6827,PickCube-v1,mbpo,step_450016_model.pt,target,14,agent.qvel,0.006009721662849188,1.5676952600479126,False,False,0.63787907349381
mbpo_pickcube_20261007T143410_ba2d6827,PickCube-v1,mbpo,step_450016_model.pt,target,15,agent.qvel,0.0021886653266847134,0.9914858341217041,False,False,1.008587279399547
mbpo_pickcube_20261007T143410_ba2d6827,PickCube-v1,mbpo,step_450016_model.pt,target,16,agent.qvel,-0.002945421962067485,0.47119808197021484,False,False,2.1222497252508163
mbpo_pickcube_20261007T143410_ba2d6827,PickCube-v1,mbpo,step_450016_model.pt,target,17,agent.qvel,0.0009663397795520723,0.28804293274879456,False,False,3.4717046881067244
mbpo_pickcube_20261007T143410_ba2d6827,PickCube-v1,mbpo,step_450016_model.pt,target,18,extra.is_grasped,0.0,9.999999974752427e-07,True,True,1000000.0025247573
mbpo_pickcube_20261007T143410_ba2d6827,PickCube-v1,mbpo,step_450016_model.pt,target,19,extra.tcp_pose,-0.0013722482835873961,0.022987782955169678,False,False,43.5013677460841
mbpo_pickcube_20261007T143410_ba2d6827,PickCube-v1,mbpo,step_450016_model.pt,target,20,extra.tcp_pose,0.000141081414767541,0.015285375528037548,False,False,65.4220106117594
mbpo_pickcube_20261007T143410_ba2d6827,PickCube-v1,mbpo,step_450016_model.pt,target,21,extra.tcp_pose,0.00021571535035036504,0.016346875578165054,False,False,61.17376958173744
mbpo_pickcube_20261007T143410_ba2d6827,PickCube-v1,mbpo,step_450016_model.pt,target,22,extra.tcp_pose,4.0457794966641814e-05,0.0038167827297002077,False,False,262.0007663047002
mbpo_pickcube_20261007T143410_ba2d6827,PickCube-v1,mbpo,step_450016_model.pt,target,23,extra.tcp_pose,-5.9337766288081184e-05,0.0013678796822205186,False,False,731.0584498021574
mbpo_pickcube_20261007T143410_ba2d6827,PickCube-v1,mbpo,step_450016_model.pt,target,24,extra.tcp_pose,-6.538903107866645e-05,0.012795848771929741,False,False,78.15034530524466
mbpo_pickcube_20261007T143410_ba2d6827,PickCube-v1,mbpo,step_450016_model.pt,target,25,extra.tcp_pose,-4.0970124246086925e-05,0.017152337357401848,False,False,58.30109209975772
mbpo_pickcube_20261007T143410_ba2d6827,PickCube-v1,mbpo,step_450016_model.pt,target,26,extra.goal_pos,0.0,9.999999974752427e-07,True,True,1000000.0025247573
mbpo_pickcube_20261007T143410_ba2d6827,PickCube-v1,mbpo,step_450016_model.pt,target,27,extra.goal_pos,0.0,9.999999974752427e-07,True,True,1000000.0025247573
mbpo_pickcube_20261007T143410_ba2d6827,PickCube-v1,mbpo,step_450016_model.pt,target,28,extra.goal_pos,0.0,9.999999974752427e-07,True,True,1000000.0025247573
mbpo_pickcube_20261007T143410_ba2d6827,PickCube-v1,mbpo,step_450016_model.pt,target,29,extra.obj_pose,-0.0005212445394136012,0.008211268112063408,False,False,121.78386898984233
mbpo_pickcube_20261007T143410_ba2d6827,PickCube-v1,mbpo,step_450016_model.pt,target,30,extra.obj_pose,-3.5489189031068236e-05,0.0016084579983726144,False,False,621.7134678131275
mbpo_pickcube_20261007T143410_ba2d6827,PickCube-v1,mbpo,step_450016_model.pt,target,31,extra.obj_pose,-0.0002083822910208255,0.005185082089155912,False,False,192.86097747447457
mbpo_pickcube_20261007T143410_ba2d6827,PickCube-v1,mbpo,step_450016_model.pt,target,32,extra.obj_pose,-0.00027240990311838686,0.012565277516841888,False,False,79.58439426902021
mbpo_pickcube_20261007T143410_ba2d6827,PickCube-v1,mbpo,step_450016_model.pt,target,33,extra.obj_pose,-0.00015069378423504531,0.003740885527804494,False,False,267.3163860715339
mbpo_pickcube_20261007T143410_ba2d6827,PickCube-v1,mbpo,step_450016_model.pt,target,34,extra.obj_pose,-0.00012882094597443938,0.00533667765557766,False,False,187.3824998507909
mbpo_pickcube_20261007T143410_ba2d6827,PickCube-v1,mbpo,step_450016_model.pt,target,35,extra.obj_pose,-0.00014629271754529327,0.013508349657058716,False,False,74.0282880875426
mbpo_pickcube_20261007T143410_ba2d6827,PickCube-v1,mbpo,step_450016_model.pt,target,36,extra.tcp_to_obj_pos,0.0008510034531354904,0.024120774120092392,False,False,41.45803924124512
mbpo_pickcube_20261007T143410_ba2d6827,PickCube-v1,mbpo,step_450016_model.pt,target,37,extra.tcp_to_obj_pos,-0.00017657032003626227,0.015377257950603962,False,False,65.0311000317663
mbpo_pickcube_20261007T143410_ba2d6827,PickCube-v1,mbpo,step_450016_model.pt,target,38,extra.tcp_to_obj_pos,-0.00042409769957885146,0.017280958592891693,False,False,57.86716024025065
mbpo_pickcube_20261007T143410_ba2d6827,PickCube-v1,mbpo,step_450016_model.pt,target,39,extra.obj_to_goal_pos,0.0005212445394136012,0.008211268112063408,False,False,121.78386898984233
mbpo_pickcube_20261007T143410_ba2d6827,PickCube-v1,mbpo,step_450016_model.pt,target,40,extra.obj_to_goal_pos,3.548917447915301e-05,0.0016084579983726144,False,False,621.7134678131275
mbpo_pickcube_20261007T143410_ba2d6827,PickCube-v1,mbpo,step_450016_model.pt,target,41,extra.obj_to_goal_pos,0.0002083822328131646,0.005185083020478487,False,False,192.8609428336055
mbpo_pickcube_20261007T143410_ba2d6827,PickCube-v1,mbpo,step_450016_model.pt,target,42,reward,0.04811888188123703,0.03160129114985466,False,False,31.644276661290757
mbpo_pickcube_20261007T143410_ba2d6827,PickCube-v1,mbpo,step_500000_model.pt,input,0,agent.qpos,-0.009001156315207481,0.1301005631685257,False,False,7.686361808477727
mbpo_pickcube_20261007T143410_ba2d6827,PickCube-v1,mbpo,step_500000_model.pt,input,1,agent.qpos,0.35645580291748047,0.33565405011177063,False,False,2.9792579582072864
mbpo_pickcube_20261007T143410_ba2d6827,PickCube-v1,mbpo,step_500000_model.pt,input,2,agent.qpos,-0.0058753276243805885,0.0817343071103096,False,False,12.23476451143567
mbpo_pickcube_20261007T143410_ba2d6827,PickCube-v1,mbpo,step_500000_model.pt,input,3,agent.qpos,-1.9885364770889282,0.4459211528301239,False,False,2.242548920707862
mbpo_pickcube_20261007T143410_ba2d6827,PickCube-v1,mbpo,step_500000_model.pt,input,4,agent.qpos,-0.00764840142801404,0.05041571706533432,False,False,19.835084338958985
mbpo_pickcube_20261007T143410_ba2d6827,PickCube-v1,mbpo,step_500000_model.pt,input,5,agent.qpos,2.33614444732666,0.28591522574424744,False,False,3.497540214575718
mbpo_pickcube_20261007T143410_ba2d6827,PickCube-v1,mbpo,step_500000_model.pt,input,6,agent.qpos,0.7771115303039551,0.18255384266376495,False,False,5.477835938199561
mbpo_pickcube_20261007T143410_ba2d6827,PickCube-v1,mbpo,step_500000_model.pt,input,7,agent.qpos,0.016720103099942207,0.008608589880168438,False,False,116.16304341593676
mbpo_pickcube_20261007T143410_ba2d6827,PickCube-v1,mbpo,step_500000_model.pt,input,8,agent.qpos,0.01673344150185585,0.008607477881014347,False,False,116.17805050718935
mbpo_pickcube_20261007T143410_ba2d6827,PickCube-v1,mbpo,step_500000_model.pt,input,9,agent.qvel,-0.004505997523665428,0.5845251679420471,False,False,1.7107903215198172
mbpo_pickcube_20261007T143410_ba2d6827,PickCube-v1,mbpo,step_500000_model.pt,input,10,agent.qvel,-0.023787640035152435,1.3693492412567139,False,False,0.7302738920585772
mbpo_pickcube_20261007T143410_ba2d6827,PickCube-v1,mbpo,step_500000_model.pt,input,11,agent.qvel,-0.0005139454151503742,0.41352909803390503,False,False,2.418209515979479
mbpo_pickcube_20261007T143410_ba2d6827,PickCube-v1,mbpo,step_500000_model.pt,input,12,agent.qvel,0.002473510103300214,1.858237624168396,False,False,0.5381443078075243
mbpo_pickcube_20261007T143410_ba2d6827,PickCube-v1,mbpo,step_500000_model.pt,input,13,agent.qvel,0.00021843903232365847,0.339093416929245,False,False,2.949039851778247
mbpo_pickcube_20261007T143410_ba2d6827,PickCube-v1,mbpo,step_500000_model.pt,input,14,agent.qvel,-0.02775397337973118,1.0954158306121826,False,False,0.9128953334927992
mbpo_pickcube_20261007T143410_ba2d6827,PickCube-v1,mbpo,step_500000_model.pt,input,15,agent.qvel,-0.006580248940736055,0.6856441497802734,False,False,1.4584825092148272
mbpo_pickcube_20261007T143410_ba2d6827,PickCube-v1,mbpo,step_500000_model.pt,input,16,agent.qvel,0.002668251283466816,0.3726562261581421,False,False,2.6834383268176913
mbpo_pickcube_20261007T143410_ba2d6827,PickCube-v1,mbpo,step_500000_model.pt,input,17,agent.qvel,-0.010410214774310589,0.21412205696105957,False,False,4.670233483614726
mbpo_pickcube_20261007T143410_ba2d6827,PickCube-v1,mbpo,step_500000_model.pt,input,18,extra.is_grasped,0.0,9.999999974752427e-07,True,True,1000000.0025247573
mbpo_pickcube_20261007T143410_ba2d6827,PickCube-v1,mbpo,step_500000_model.pt,input,19,extra.tcp_pose,-0.03849512338638306,0.10705383867025375,False,False,9.341094279488575
mbpo_pickcube_20261007T143410_ba2d6827,PickCube-v1,mbpo,step_500000_model.pt,input,20,extra.tcp_pose,-0.005470594856888056,0.09442416578531265,False,False,10.590509237578528
mbpo_pickcube_20261007T143410_ba2d6827,PickCube-v1,mbpo,step_500000_model.pt,input,21,extra.tcp_pose,0.1724833846092224,0.0905577763915062,False,False,11.042673968458818
mbpo_pickcube_20261007T143410_ba2d6827,PickCube-v1,mbpo,step_500000_model.pt,input,22,extra.tcp_pose,0.001999013824388385,0.013567547313869,False,False,73.7052893103075
mbpo_pickcube_20261007T143410_ba2d6827,PickCube-v1,mbpo,step_500000_model.pt,input,23,extra.tcp_pose,0.9983959794044495,0.006556455511599779,False,False,152.52143452064686
mbpo_pickcube_20261007T143410_ba2d6827,PickCube-v1,mbpo,step_500000_model.pt,input,24,extra.tcp_pose,-0.0005865540588274598,0.023387348279356956,False,False,42.75816086779956
mbpo_pickcube_20261007T143410_ba2d6827,PickCube-v1,mbpo,step_500000_model.pt,input,25,extra.tcp_pose,-0.004581242799758911,0.04908529296517372,False,False,20.372701059551694
mbpo_pickcube_20261007T143410_ba2d6827,PickCube-v1,mbpo,step_500000_model.pt,input,26,extra.goal_pos,-0.00957784429192543,0.052012600004673004,False,False,19.226110594551248
mbpo_pickcube_20261007T143410_ba2d6827,PickCube-v1,mbpo,step_500000_model.pt,input,27,extra.goal_pos,-0.006275924388319254,0.05746478587388992,False,False,17.401961649949637
mbpo_pickcube_20261007T143410_ba2d6827,PickCube-v1,mbpo,step_500000_model.pt,input,28,extra.goal_pos,0.1773565262556076,0.0828181579709053,False,False,12.074646726039333
mbpo_pickcube_20261007T143410_ba2d6827,PickCube-v1,mbpo,step_500000_model.pt,input,29,extra.obj_pose,-0.01125205960124731,0.1066107526421547,False,False,9.379916895967888
mbpo_pickcube_20261007T143410_ba2d6827,PickCube-v1,mbpo,step_500000_model.pt,input,30,extra.obj_pose,0.00878190528601408,0.05789820849895477,False,False,17.271691576053737
mbpo_pickcube_20261007T143410_ba2d6827,PickCube-v1,mbpo,step_500000_model.pt,input,31,extra.obj_pose,0.01820954494178295,0.03797577694058418,False,False,26.332575145587448
mbpo_pickcube_20261007T143410_ba2d6827,PickCube-v1,mbpo,step_500000_model.pt,input,32,extra.obj_pose,0.4879899322986603,0.5218909978866577,False,False,1.9161089270544884
mbpo_pickcube_20261007T143410_ba2d6827,PickCube-v1,mbpo,step_500000_model.pt,input,33,extra.obj_pose,-0.000761588045861572,0.02105029858648777,False,False,47.50526439762247
mbpo_pickcube_20261007T143410_ba2d6827,PickCube-v1,mbpo,step_500000_model.pt,input,34,extra.obj_pose,-0.00032236549304798245,0.015695037320256233,False,False,63.71440727378113
mbpo_pickcube_20261007T143410_ba2d6827,PickCube-v1,mbpo,step_500000_model.pt,input,35,extra.obj_pose,0.4450845718383789,0.5391696095466614,False,False,1.8547039415682367
mbpo_pickcube_20261007T143410_ba2d6827,PickCube-v1,mbpo,step_500000_model.pt,input,36,extra.tcp_to_obj_pos,0.027243079617619514,0.14912837743759155,False,False,6.705631866869122
mbpo_pickcube_20261007T143410_ba2d6827,PickCube-v1,mbpo,step_500000_model.pt,input,37,extra.tcp_to_obj_pos,0.014252480119466782,0.10938239097595215,False,False,9.142239359348537
mbpo_pickcube_20261007T143410_ba2d6827,PickCube-v1,mbpo,step_500000_model.pt,input,38,extra.tcp_to_obj_pos,-0.15427464246749878,0.097327820956707,False,False,10.274554491924938
mbpo_pickcube_20261007T143410_ba2d6827,PickCube-v1,mbpo,step_500000_model.pt,input,39,extra.obj_to_goal_pos,0.0016742153093218803,0.1145530715584755,False,False,8.72957823299861
mbpo_pickcube_20261007T143410_ba2d6827,PickCube-v1,mbpo,step_500000_model.pt,input,40,extra.obj_to_goal_pos,-0.01505780778825283,0.08502104133367538,False,False,11.761794307780573
mbpo_pickcube_20261007T143410_ba2d6827,PickCube-v1,mbpo,step_500000_model.pt,input,41,extra.obj_to_goal_pos,0.15914669632911682,0.09097162634134293,False,False,10.992438414234883
mbpo_pickcube_20261007T143410_ba2d6827,PickCube-v1,mbpo,step_500000_model.pt,input,42,action,0.008959892205893993,0.577920138835907,False,False,1.7303428844239277
mbpo_pickcube_20261007T143410_ba2d6827,PickCube-v1,mbpo,step_500000_model.pt,input,43,action,0.006955012679100037,0.5766684412956238,False,False,1.7340987097425697
mbpo_pickcube_20261007T143410_ba2d6827,PickCube-v1,mbpo,step_500000_model.pt,input,44,action,0.00686053978279233,0.5758179426193237,False,False,1.736660020441748
mbpo_pickcube_20261007T143410_ba2d6827,PickCube-v1,mbpo,step_500000_model.pt,input,45,action,0.004642554558813572,0.5764035582542419,False,False,1.7348956051359363
mbpo_pickcube_20261007T143410_ba2d6827,PickCube-v1,mbpo,step_500000_model.pt,target,0,agent.qpos,5.580107608693652e-05,0.02978133223950863,False,False,33.57808146250006
mbpo_pickcube_20261007T143410_ba2d6827,PickCube-v1,mbpo,step_500000_model.pt,target,1,agent.qpos,-0.0017087854212149978,0.07086709141731262,False,False,14.11092200907942
mbpo_pickcube_20261007T143410_ba2d6827,PickCube-v1,mbpo,step_500000_model.pt,target,2,agent.qpos,-0.00020797927572857589,0.024289630353450775,False,False,41.169831959090814
mbpo_pickcube_20261007T143410_ba2d6827,PickCube-v1,mbpo,step_500000_model.pt,target,3,agent.qpos,-0.0010099136270582676,0.11112496256828308,False,False,8.998878171819666
mbpo_pickcube_20261007T143410_ba2d6827,PickCube-v1,mbpo,step_500000_model.pt,target,4,agent.qpos,-5.23892185810837e-06,0.021342787891626358,False,False,46.85423502673428
mbpo_pickcube_20261007T143410_ba2d6827,PickCube-v1,mbpo,step_500000_model.pt,target,5,agent.qpos,-0.0006978054298087955,0.07295405119657516,False,False,13.70725797400193
mbpo_pickcube_20261007T143410_ba2d6827,PickCube-v1,mbpo,step_500000_model.pt,target,6,agent.qpos,-0.00012299146328587085,0.04446703568100929,False,False,22.488568996900188
mbpo_pickcube_20261007T143410_ba2d6827,PickCube-v1,mbpo,step_500000_model.pt,target,7,agent.qpos,-0.000584430294111371,0.0066606285981833935,False,False,150.13597969908395
mbpo_pickcube_20261007T143410_ba2d6827,PickCube-v1,mbpo,step_500000_model.pt,target,8,agent.qpos,-0.0005983912269584835,0.00661558099091053,False,False,151.15830361293268
mbpo_pickcube_20261007T143410_ba2d6827,PickCube-v1,mbpo,step_500000_model.pt,target,9,agent.qvel,0.005588476080447435,0.8147011995315552,False,False,1.2274438782893529
mbpo_pickcube_20261007T143410_ba2d6827,PickCube-v1,mbpo,step_500000_model.pt,target,10,agent.qvel,-0.017002148553729057,1.936222791671753,False,False,0.51646949116666
mbpo_pickcube_20261007T143410_ba2d6827,PickCube-v1,mbpo,step_500000_model.pt,target,11,agent.qvel,-0.0013072091387584805,0.600772500038147,False,False,1.6645235924355783
mbpo_pickcube_20261007T143410_ba2d6827,PickCube-v1,mbpo,step_500000_model.pt,target,12,agent.qvel,-0.030082957819104195,2.713573932647705,False,False,0.3685176909936903
mbpo_pickcube_20261007T143410_ba2d6827,PickCube-v1,mbpo,step_500000_model.pt,target,13,agent.qvel,0.0001676552346907556,0.4965391457080841,False,False,2.0139399051286504
mbpo_pickcube_20261007T143410_ba2d6827,PickCube-v1,mbpo,step_500000_model.pt,target,14,agent.qvel,0.006009721662849188,1.5676952600479126,False,False,0.63787907349381
mbpo_pickcube_20261007T143410_ba2d6827,PickCube-v1,mbpo,step_500000_model.pt,target,15,agent.qvel,0.0021886653266847134,0.9914858341217041,False,False,1.008587279399547
mbpo_pickcube_20261007T143410_ba2d6827,PickCube-v1,mbpo,step_500000_model.pt,target,16,agent.qvel,-0.002945421962067485,0.47119808197021484,False,False,2.1222497252508163
mbpo_pickcube_20261007T143410_ba2d6827,PickCube-v1,mbpo,step_500000_model.pt,target,17,agent.qvel,0.0009663397795520723,0.28804293274879456,False,False,3.4717046881067244
mbpo_pickcube_20261007T143410_ba2d6827,PickCube-v1,mbpo,step_500000_model.pt,target,18,extra.is_grasped,0.0,9.999999974752427e-07,True,True,1000000.0025247573
mbpo_pickcube_20261007T143410_ba2d6827,PickCube-v1,mbpo,step_500000_model.pt,target,19,extra.tcp_pose,-0.0013722482835873961,0.022987782955169678,False,False,43.5013677460841
mbpo_pickcube_20261007T143410_ba2d6827,PickCube-v1,mbpo,step_500000_model.pt,target,20,extra.tcp_pose,0.000141081414767541,0.015285375528037548,False,False,65.4220106117594
mbpo_pickcube_20261007T143410_ba2d6827,PickCube-v1,mbpo,step_500000_model.pt,target,21,extra.tcp_pose,0.00021571535035036504,0.016346875578165054,False,False,61.17376958173744
mbpo_pickcube_20261007T143410_ba2d6827,PickCube-v1,mbpo,step_500000_model.pt,target,22,extra.tcp_pose,4.0457794966641814e-05,0.0038167827297002077,False,False,262.0007663047002
mbpo_pickcube_20261007T143410_ba2d6827,PickCube-v1,mbpo,step_500000_model.pt,target,23,extra.tcp_pose,-5.9337766288081184e-05,0.0013678796822205186,False,False,731.0584498021574
mbpo_pickcube_20261007T143410_ba2d6827,PickCube-v1,mbpo,step_500000_model.pt,target,24,extra.tcp_pose,-6.538903107866645e-05,0.012795848771929741,False,False,78.15034530524466
mbpo_pickcube_20261007T143410_ba2d6827,PickCube-v1,mbpo,step_500000_model.pt,target,25,extra.tcp_pose,-4.0970124246086925e-05,0.017152337357401848,False,False,58.30109209975772
mbpo_pickcube_20261007T143410_ba2d6827,PickCube-v1,mbpo,step_500000_model.pt,target,26,extra.goal_pos,0.0,9.999999974752427e-07,True,True,1000000.0025247573
mbpo_pickcube_20261007T143410_ba2d6827,PickCube-v1,mbpo,step_500000_model.pt,target,27,extra.goal_pos,0.0,9.999999974752427e-07,True,True,1000000.0025247573
mbpo_pickcube_20261007T143410_ba2d6827,PickCube-v1,mbpo,step_500000_model.pt,target,28,extra.goal_pos,0.0,9.999999974752427e-07,True,True,1000000.0025247573
mbpo_pickcube_20261007T143410_ba2d6827,PickCube-v1,mbpo,step_500000_model.pt,target,29,extra.obj_pose,-0.0005212445394136012,0.008211268112063408,False,False,121.78386898984233
mbpo_pickcube_20261007T143410_ba2d6827,PickCube-v1,mbpo,step_500000_model.pt,target,30,extra.obj_pose,-3.5489189031068236e-05,0.0016084579983726144,False,False,621.7134678131275
mbpo_pickcube_20261007T143410_ba2d6827,PickCube-v1,mbpo,step_500000_model.pt,target,31,extra.obj_pose,-0.0002083822910208255,0.005185082089155912,False,False,192.86097747447457
mbpo_pickcube_20261007T143410_ba2d6827,PickCube-v1,mbpo,step_500000_model.pt,target,32,extra.obj_pose,-0.00027240990311838686,0.012565277516841888,False,False,79.58439426902021
mbpo_pickcube_20261007T143410_ba2d6827,PickCube-v1,mbpo,step_500000_model.pt,target,33,extra.obj_pose,-0.00015069378423504531,0.003740885527804494,False,False,267.3163860715339
mbpo_pickcube_20261007T143410_ba2d6827,PickCube-v1,mbpo,step_500000_model.pt,target,34,extra.obj_pose,-0.00012882094597443938,0.00533667765557766,False,False,187.3824998507909
mbpo_pickcube_20261007T143410_ba2d6827,PickCube-v1,mbpo,step_500000_model.pt,target,35,extra.obj_pose,-0.00014629271754529327,0.013508349657058716,False,False,74.0282880875426
mbpo_pickcube_20261007T143410_ba2d6827,PickCube-v1,mbpo,step_500000_model.pt,target,36,extra.tcp_to_obj_pos,0.0008510034531354904,0.024120774120092392,False,False,41.45803924124512
mbpo_pickcube_20261007T143410_ba2d6827,PickCube-v1,mbpo,step_500000_model.pt,target,37,extra.tcp_to_obj_pos,-0.00017657032003626227,0.015377257950603962,False,False,65.0311000317663
mbpo_pickcube_20261007T143410_ba2d6827,PickCube-v1,mbpo,step_500000_model.pt,target,38,extra.tcp_to_obj_pos,-0.00042409769957885146,0.017280958592891693,False,False,57.86716024025065
mbpo_pickcube_20261007T143410_ba2d6827,PickCube-v1,mbpo,step_500000_model.pt,target,39,extra.obj_to_goal_pos,0.0005212445394136012,0.008211268112063408,False,False,121.78386898984233
mbpo_pickcube_20261007T143410_ba2d6827,PickCube-v1,mbpo,step_500000_model.pt,target,40,extra.obj_to_goal_pos,3.548917447915301e-05,0.0016084579983726144,False,False,621.7134678131275
mbpo_pickcube_20261007T143410_ba2d6827,PickCube-v1,mbpo,step_500000_model.pt,target,41,extra.obj_to_goal_pos,0.0002083822328131646,0.005185083020478487,False,False,192.8609428336055
mbpo_pickcube_20261007T143410_ba2d6827,PickCube-v1,mbpo,step_500000_model.pt,target,42,reward,0.04811888188123703,0.03160129114985466,False,False,31.644276661290757
mbpo_pickcube_20261007T143410_ba2d6827,PickCube-v1,mbpo,step_50016_model.pt,input,0,agent.qpos,-0.009001156315207481,0.1301005631685257,False,False,7.686361808477727
mbpo_pickcube_20261007T143410_ba2d6827,PickCube-v1,mbpo,step_50016_model.pt,input,1,agent.qpos,0.35645580291748047,0.33565405011177063,False,False,2.9792579582072864
mbpo_pickcube_20261007T143410_ba2d6827,PickCube-v1,mbpo,step_50016_model.pt,input,2,agent.qpos,-0.0058753276243805885,0.0817343071103096,False,False,12.23476451143567
mbpo_pickcube_20261007T143410_ba2d6827,PickCube-v1,mbpo,step_50016_model.pt,input,3,agent.qpos,-1.9885364770889282,0.4459211528301239,False,False,2.242548920707862
mbpo_pickcube_20261007T143410_ba2d6827,PickCube-v1,mbpo,step_50016_model.pt,input,4,agent.qpos,-0.00764840142801404,0.05041571706533432,False,False,19.835084338958985
mbpo_pickcube_20261007T143410_ba2d6827,PickCube-v1,mbpo,step_50016_model.pt,input,5,agent.qpos,2.33614444732666,0.28591522574424744,False,False,3.497540214575718
mbpo_pickcube_20261007T143410_ba2d6827,PickCube-v1,mbpo,step_50016_model.pt,input,6,agent.qpos,0.7771115303039551,0.18255384266376495,False,False,5.477835938199561
mbpo_pickcube_20261007T143410_ba2d6827,PickCube-v1,mbpo,step_50016_model.pt,input,7,agent.qpos,0.016720103099942207,0.008608589880168438,False,False,116.16304341593676
mbpo_pickcube_20261007T143410_ba2d6827,PickCube-v1,mbpo,step_50016_model.pt,input,8,agent.qpos,0.01673344150185585,0.008607477881014347,False,False,116.17805050718935
mbpo_pickcube_20261007T143410_ba2d6827,PickCube-v1,mbpo,step_50016_model.pt,input,9,agent.qvel,-0.004505997523665428,0.5845251679420471,False,False,1.7107903215198172
mbpo_pickcube_20261007T143410_ba2d6827,PickCube-v1,mbpo,step_50016_model.pt,input,10,agent.qvel,-0.023787640035152435,1.3693492412567139,False,False,0.7302738920585772
mbpo_pickcube_20261007T143410_ba2d6827,PickCube-v1,mbpo,step_50016_model.pt,input,11,agent.qvel,-0.0005139454151503742,0.41352909803390503,False,False,2.418209515979479
mbpo_pickcube_20261007T143410_ba2d6827,PickCube-v1,mbpo,step_50016_model.pt,input,12,agent.qvel,0.002473510103300214,1.858237624168396,False,False,0.5381443078075243
mbpo_pickcube_20261007T143410_ba2d6827,PickCube-v1,mbpo,step_50016_model.pt,input,13,agent.qvel,0.00021843903232365847,0.339093416929245,False,False,2.949039851778247
mbpo_pickcube_20261007T143410_ba2d6827,PickCube-v1,mbpo,step_50016_model.pt,input,14,agent.qvel,-0.02775397337973118,1.0954158306121826,False,False,0.9128953334927992
mbpo_pickcube_20261007T143410_ba2d6827,PickCube-v1,mbpo,step_50016_model.pt,input,15,agent.qvel,-0.006580248940736055,0.6856441497802734,False,False,1.4584825092148272
mbpo_pickcube_20261007T143410_ba2d6827,PickCube-v1,mbpo,step_50016_model.pt,input,16,agent.qvel,0.002668251283466816,0.3726562261581421,False,False,2.6834383268176913
mbpo_pickcube_20261007T143410_ba2d6827,PickCube-v1,mbpo,step_50016_model.pt,input,17,agent.qvel,-0.010410214774310589,0.21412205696105957,False,False,4.670233483614726
mbpo_pickcube_20261007T143410_ba2d6827,PickCube-v1,mbpo,step_50016_model.pt,input,18,extra.is_grasped,0.0,9.999999974752427e-07,True,True,1000000.0025247573
mbpo_pickcube_20261007T143410_ba2d6827,PickCube-v1,mbpo,step_50016_model.pt,input,19,extra.tcp_pose,-0.03849512338638306,0.10705383867025375,False,False,9.341094279488575
mbpo_pickcube_20261007T143410_ba2d6827,PickCube-v1,mbpo,step_50016_model.pt,input,20,extra.tcp_pose,-0.005470594856888056,0.09442416578531265,False,False,10.590509237578528
mbpo_pickcube_20261007T143410_ba2d6827,PickCube-v1,mbpo,step_50016_model.pt,input,21,extra.tcp_pose,0.1724833846092224,0.0905577763915062,False,False,11.042673968458818
mbpo_pickcube_20261007T143410_ba2d6827,PickCube-v1,mbpo,step_50016_model.pt,input,22,extra.tcp_pose,0.001999013824388385,0.013567547313869,False,False,73.7052893103075
mbpo_pickcube_20261007T143410_ba2d6827,PickCube-v1,mbpo,step_50016_model.pt,input,23,extra.tcp_pose,0.9983959794044495,0.006556455511599779,False,False,152.52143452064686
mbpo_pickcube_20261007T143410_ba2d6827,PickCube-v1,mbpo,step_50016_model.pt,input,24,extra.tcp_pose,-0.0005865540588274598,0.023387348279356956,False,False,42.75816086779956
mbpo_pickcube_20261007T143410_ba2d6827,PickCube-v1,mbpo,step_50016_model.pt,input,25,extra.tcp_pose,-0.004581242799758911,0.04908529296517372,False,False,20.372701059551694
mbpo_pickcube_20261007T143410_ba2d6827,PickCube-v1,mbpo,step_50016_model.pt,input,26,extra.goal_pos,-0.00957784429192543,0.052012600004673004,False,False,19.226110594551248
mbpo_pickcube_20261007T143410_ba2d6827,PickCube-v1,mbpo,step_50016_model.pt,input,27,extra.goal_pos,-0.006275924388319254,0.05746478587388992,False,False,17.401961649949637
mbpo_pickcube_20261007T143410_ba2d6827,PickCube-v1,mbpo,step_50016_model.pt,input,28,extra.goal_pos,0.1773565262556076,0.0828181579709053,False,False,12.074646726039333
mbpo_pickcube_20261007T143410_ba2d6827,PickCube-v1,mbpo,step_50016_model.pt,input,29,extra.obj_pose,-0.01125205960124731,0.1066107526421547,False,False,9.379916895967888
mbpo_pickcube_20261007T143410_ba2d6827,PickCube-v1,mbpo,step_50016_model.pt,input,30,extra.obj_pose,0.00878190528601408,0.05789820849895477,False,False,17.271691576053737
mbpo_pickcube_20261007T143410_ba2d6827,PickCube-v1,mbpo,step_50016_model.pt,input,31,extra.obj_pose,0.01820954494178295,0.03797577694058418,False,False,26.332575145587448
mbpo_pickcube_20261007T143410_ba2d6827,PickCube-v1,mbpo,step_50016_model.pt,input,32,extra.obj_pose,0.4879899322986603,0.5218909978866577,False,False,1.9161089270544884
mbpo_pickcube_20261007T143410_ba2d6827,PickCube-v1,mbpo,step_50016_model.pt,input,33,extra.obj_pose,-0.000761588045861572,0.02105029858648777,False,False,47.50526439762247
mbpo_pickcube_20261007T143410_ba2d6827,PickCube-v1,mbpo,step_50016_model.pt,input,34,extra.obj_pose,-0.00032236549304798245,0.015695037320256233,False,False,63.71440727378113
mbpo_pickcube_20261007T143410_ba2d6827,PickCube-v1,mbpo,step_50016_model.pt,input,35,extra.obj_pose,0.4450845718383789,0.5391696095466614,False,False,1.8547039415682367
mbpo_pickcube_20261007T143410_ba2d6827,PickCube-v1,mbpo,step_50016_model.pt,input,36,extra.tcp_to_obj_pos,0.027243079617619514,0.14912837743759155,False,False,6.705631866869122
mbpo_pickcube_20261007T143410_ba2d6827,PickCube-v1,mbpo,step_50016_model.pt,input,37,extra.tcp_to_obj_pos,0.014252480119466782,0.10938239097595215,False,False,9.142239359348537
mbpo_pickcube_20261007T143410_ba2d6827,PickCube-v1,mbpo,step_50016_model.pt,input,38,extra.tcp_to_obj_pos,-0.15427464246749878,0.097327820956707,False,False,10.274554491924938
mbpo_pickcube_20261007T143410_ba2d6827,PickCube-v1,mbpo,step_50016_model.pt,input,39,extra.obj_to_goal_pos,0.0016742153093218803,0.1145530715584755,False,False,8.72957823299861
mbpo_pickcube_20261007T143410_ba2d6827,PickCube-v1,mbpo,step_50016_model.pt,input,40,extra.obj_to_goal_pos,-0.01505780778825283,0.08502104133367538,False,False,11.761794307780573
mbpo_pickcube_20261007T143410_ba2d6827,PickCube-v1,mbpo,step_50016_model.pt,input,41,extra.obj_to_goal_pos,0.15914669632911682,0.09097162634134293,False,False,10.992438414234883
mbpo_pickcube_20261007T143410_ba2d6827,PickCube-v1,mbpo,step_50016_model.pt,input,42,action,0.008959892205893993,0.577920138835907,False,False,1.7303428844239277
mbpo_pickcube_20261007T143410_ba2d6827,PickCube-v1,mbpo,step_50016_model.pt,input,43,action,0.006955012679100037,0.5766684412956238,False,False,1.7340987097425697
mbpo_pickcube_20261007T143410_ba2d6827,PickCube-v1,mbpo,step_50016_model.pt,input,44,action,0.00686053978279233,0.5758179426193237,False,False,1.736660020441748
mbpo_pickcube_20261007T143410_ba2d6827,PickCube-v1,mbpo,step_50016_model.pt,input,45,action,0.004642554558813572,0.5764035582542419,False,False,1.7348956051359363
mbpo_pickcube_20261007T143410_ba2d6827,PickCube-v1,mbpo,step_50016_model.pt,target,0,agent.qpos,5.580107608693652e-05,0.02978133223950863,False,False,33.57808146250006
mbpo_pickcube_20261007T143410_ba2d6827,PickCube-v1,mbpo,step_50016_model.pt,target,1,agent.qpos,-0.0017087854212149978,0.07086709141731262,False,False,14.11092200907942
mbpo_pickcube_20261007T143410_ba2d6827,PickCube-v1,mbpo,step_50016_model.pt,target,2,agent.qpos,-0.00020797927572857589,0.024289630353450775,False,False,41.169831959090814
mbpo_pickcube_20261007T143410_ba2d6827,PickCube-v1,mbpo,step_50016_model.pt,target,3,agent.qpos,-0.0010099136270582676,0.11112496256828308,False,False,8.998878171819666
mbpo_pickcube_20261007T143410_ba2d6827,PickCube-v1,mbpo,step_50016_model.pt,target,4,agent.qpos,-5.23892185810837e-06,0.021342787891626358,False,False,46.85423502673428
mbpo_pickcube_20261007T143410_ba2d6827,PickCube-v1,mbpo,step_50016_model.pt,target,5,agent.qpos,-0.0006978054298087955,0.07295405119657516,False,False,13.70725797400193
mbpo_pickcube_20261007T143410_ba2d6827,PickCube-v1,mbpo,step_50016_model.pt,target,6,agent.qpos,-0.00012299146328587085,0.04446703568100929,False,False,22.488568996900188
mbpo_pickcube_20261007T143410_ba2d6827,PickCube-v1,mbpo,step_50016_model.pt,target,7,agent.qpos,-0.000584430294111371,0.0066606285981833935,False,False,150.13597969908395
mbpo_pickcube_20261007T143410_ba2d6827,PickCube-v1,mbpo,step_50016_model.pt,target,8,agent.qpos,-0.0005983912269584835,0.00661558099091053,False,False,151.15830361293268
mbpo_pickcube_20261007T143410_ba2d6827,PickCube-v1,mbpo,step_50016_model.pt,target,9,agent.qvel,0.005588476080447435,0.8147011995315552,False,False,1.2274438782893529
mbpo_pickcube_20261007T143410_ba2d6827,PickCube-v1,mbpo,step_50016_model.pt,target,10,agent.qvel,-0.017002148553729057,1.936222791671753,False,False,0.51646949116666
mbpo_pickcube_20261007T143410_ba2d6827,PickCube-v1,mbpo,step_50016_model.pt,target,11,agent.qvel,-0.0013072091387584805,0.600772500038147,False,False,1.6645235924355783
mbpo_pickcube_20261007T143410_ba2d6827,PickCube-v1,mbpo,step_50016_model.pt,target,12,agent.qvel,-0.030082957819104195,2.713573932647705,False,False,0.3685176909936903
mbpo_pickcube_20261007T143410_ba2d6827,PickCube-v1,mbpo,step_50016_model.pt,target,13,agent.qvel,0.0001676552346907556,0.4965391457080841,False,False,2.0139399051286504
mbpo_pickcube_20261007T143410_ba2d6827,PickCube-v1,mbpo,step_50016_model.pt,target,14,agent.qvel,0.006009721662849188,1.5676952600479126,False,False,0.63787907349381
mbpo_pickcube_20261007T143410_ba2d6827,PickCube-v1,mbpo,step_50016_model.pt,target,15,agent.qvel,0.0021886653266847134,0.9914858341217041,False,False,1.008587279399547
mbpo_pickcube_20261007T143410_ba2d6827,PickCube-v1,mbpo,step_50016_model.pt,target,16,agent.qvel,-0.002945421962067485,0.47119808197021484,False,False,2.1222497252508163
mbpo_pickcube_20261007T143410_ba2d6827,PickCube-v1,mbpo,step_50016_model.pt,target,17,agent.qvel,0.0009663397795520723,0.28804293274879456,False,False,3.4717046881067244
mbpo_pickcube_20261007T143410_ba2d6827,PickCube-v1,mbpo,step_50016_model.pt,target,18,extra.is_grasped,0.0,9.999999974752427e-07,True,True,1000000.0025247573
mbpo_pickcube_20261007T143410_ba2d6827,PickCube-v1,mbpo,step_50016_model.pt,target,19,extra.tcp_pose,-0.0013722482835873961,0.022987782955169678,False,False,43.5013677460841
mbpo_pickcube_20261007T143410_ba2d6827,PickCube-v1,mbpo,step_50016_model.pt,target,20,extra.tcp_pose,0.000141081414767541,0.015285375528037548,False,False,65.4220106117594
mbpo_pickcube_20261007T143410_ba2d6827,PickCube-v1,mbpo,step_50016_model.pt,target,21,extra.tcp_pose,0.00021571535035036504,0.016346875578165054,False,False,61.17376958173744
mbpo_pickcube_20261007T143410_ba2d6827,PickCube-v1,mbpo,step_50016_model.pt,target,22,extra.tcp_pose,4.0457794966641814e-05,0.0038167827297002077,False,False,262.0007663047002
mbpo_pickcube_20261007T143410_ba2d6827,PickCube-v1,mbpo,step_50016_model.pt,target,23,extra.tcp_pose,-5.9337766288081184e-05,0.0013678796822205186,False,False,731.0584498021574
mbpo_pickcube_20261007T143410_ba2d6827,PickCube-v1,mbpo,step_50016_model.pt,target,24,extra.tcp_pose,-6.538903107866645e-05,0.012795848771929741,False,False,78.15034530524466
mbpo_pickcube_20261007T143410_ba2d6827,PickCube-v1,mbpo,step_50016_model.pt,target,25,extra.tcp_pose,-4.0970124246086925e-05,0.017152337357401848,False,False,58.30109209975772
mbpo_pickcube_20261007T143410_ba2d6827,PickCube-v1,mbpo,step_50016_model.pt,target,26,extra.goal_pos,0.0,9.999999974752427e-07,True,True,1000000.0025247573
mbpo_pickcube_20261007T143410_ba2d6827,PickCube-v1,mbpo,step_50016_model.pt,target,27,extra.goal_pos,0.0,9.999999974752427e-07,True,True,1000000.0025247573
mbpo_pickcube_20261007T143410_ba2d6827,PickCube-v1,mbpo,step_50016_model.pt,target,28,extra.goal_pos,0.0,9.999999974752427e-07,True,True,1000000.0025247573
mbpo_pickcube_20261007T143410_ba2d6827,PickCube-v1,mbpo,step_50016_model.pt,target,29,extra.obj_pose,-0.0005212445394136012,0.008211268112063408,False,False,121.78386898984233
mbpo_pickcube_20261007T143410_ba2d6827,PickCube-v1,mbpo,step_50016_model.pt,target,30,extra.obj_pose,-3.5489189031068236e-05,0.0016084579983726144,False,False,621.7134678131275
mbpo_pickcube_20261007T143410_ba2d6827,PickCube-v1,mbpo,step_50016_model.pt,target,31,extra.obj_pose,-0.0002083822910208255,0.005185082089155912,False,False,192.86097747447457
mbpo_pickcube_20261007T143410_ba2d6827,PickCube-v1,mbpo,step_50016_model.pt,target,32,extra.obj_pose,-0.00027240990311838686,0.012565277516841888,False,False,79.58439426902021
mbpo_pickcube_20261007T143410_ba2d6827,PickCube-v1,mbpo,step_50016_model.pt,target,33,extra.obj_pose,-0.00015069378423504531,0.003740885527804494,False,False,267.3163860715339
mbpo_pickcube_20261007T143410_ba2d6827,PickCube-v1,mbpo,step_50016_model.pt,target,34,extra.obj_pose,-0.00012882094597443938,0.00533667765557766,False,False,187.3824998507909
mbpo_pickcube_20261007T143410_ba2d6827,PickCube-v1,mbpo,step_50016_model.pt,target,35,extra.obj_pose,-0.00014629271754529327,0.013508349657058716,False,False,74.0282880875426
mbpo_pickcube_20261007T143410_ba2d6827,PickCube-v1,mbpo,step_50016_model.pt,target,36,extra.tcp_to_obj_pos,0.0008510034531354904,0.024120774120092392,False,False,41.45803924124512
mbpo_pickcube_20261007T143410_ba2d6827,PickCube-v1,mbpo,step_50016_model.pt,target,37,extra.tcp_to_obj_pos,-0.00017657032003626227,0.015377257950603962,False,False,65.0311000317663
mbpo_pickcube_20261007T143410_ba2d6827,PickCube-v1,mbpo,step_50016_model.pt,target,38,extra.tcp_to_obj_pos,-0.00042409769957885146,0.017280958592891693,False,False,57.86716024025065
mbpo_pickcube_20261007T143410_ba2d6827,PickCube-v1,mbpo,step_50016_model.pt,target,39,extra.obj_to_goal_pos,0.0005212445394136012,0.008211268112063408,False,False,121.78386898984233
mbpo_pickcube_20261007T143410_ba2d6827,PickCube-v1,mbpo,step_50016_model.pt,target,40,extra.obj_to_goal_pos,3.548917447915301e-05,0.0016084579983726144,False,False,621.7134678131275
mbpo_pickcube_20261007T143410_ba2d6827,PickCube-v1,mbpo,step_50016_model.pt,target,41,extra.obj_to_goal_pos,0.0002083822328131646,0.005185083020478487,False,False,192.8609428336055
mbpo_pickcube_20261007T143410_ba2d6827,PickCube-v1,mbpo,step_50016_model.pt,target,42,reward,0.04811888188123703,0.03160129114985466,False,False,31.644276661290757
mbpo_pushcube_500k_20261007T094728_f9d45348,PushCube-v1,mbpo,final_model.pt,input,0,agent.qpos,-0.007847854867577553,0.14383399486541748,False,False,6.952459332967004
mbpo_pushcube_500k_20261007T094728_f9d45348,PushCube-v1,mbpo,final_model.pt,input,1,agent.qpos,0.35849642753601074,0.3387164771556854,False,False,2.952321683306734
mbpo_pushcube_500k_20261007T094728_f9d45348,PushCube-v1,mbpo,final_model.pt,input,2,agent.qpos,-0.0004806999349966645,0.10472307354211807,False,False,9.548993991260339
mbpo_pushcube_500k_20261007T094728_f9d45348,PushCube-v1,mbpo,final_model.pt,input,3,agent.qpos,-1.991417646408081,0.44057464599609375,False,False,2.2697629314076924
mbpo_pushcube_500k_20261007T094728_f9d45348,PushCube-v1,mbpo,final_model.pt,input,4,agent.qpos,-0.002998033771291375,0.09493246674537659,False,False,10.53380402178059
mbpo_pushcube_500k_20261007T094728_f9d45348,PushCube-v1,mbpo,final_model.pt,input,5,agent.qpos,2.334968328475952,0.285708487033844,False,False,3.500071035277099
mbpo_pushcube_500k_20261007T094728_f9d45348,PushCube-v1,mbpo,final_model.pt,input,6,agent.qpos,0.778683066368103,0.19553500413894653,False,False,5.11417382480225
mbpo_pushcube_500k_20261007T094728_f9d45348,PushCube-v1,mbpo,final_model.pt,input,7,agent.qpos,0.01679919846355915,0.008588875643908978,False,False,116.42967501912497
mbpo_pushcube_500k_20261007T094728_f9d45348,PushCube-v1,mbpo,final_model.pt,input,8,agent.qpos,0.016789263114333153,0.008575796149671078,False,False,116.60724935006235
mbpo_pushcube_500k_20261007T094728_f9d45348,PushCube-v1,mbpo,final_model.pt,input,9,agent.qvel,-0.002894294448196888,0.5820465087890625,False,False,1.718075763533884
mbpo_pushcube_500k_20261007T094728_f9d45348,PushCube-v1,mbpo,final_model.pt,input,10,agent.qvel,-0.050098203122615814,1.4071797132492065,False,False,0.710641285249188
mbpo_pushcube_500k_20261007T094728_f9d45348,PushCube-v1,mbpo,final_model.pt,input,11,agent.qvel,0.005967097356915474,0.42777442932128906,False,False,2.337680635999233
mbpo_pushcube_500k_20261007T094728_f9d45348,PushCube-v1,mbpo,final_model.pt,input,12,agent.qvel,-0.03331262990832329,1.9564958810806274,False,False,0.5111178662168571
mbpo_pushcube_500k_20261007T094728_f9d45348,PushCube-v1,mbpo,final_model.pt,input,13,agent.qvel,0.005575250368565321,0.3415597677230835,False,False,2.9277452864727938
mbpo_pushcube_500k_20261007T094728_f9d45348,PushCube-v1,mbpo,final_model.pt,input,14,agent.qvel,-0.018170010298490524,1.115289330482483,False,False,0.8966283211616417
mbpo_pushcube_500k_20261007T094728_f9d45348,PushCube-v1,mbpo,final_model.pt,input,15,agent.qvel,-0.004494315944612026,0.6856944561004639,False,False,1.458375506908701
mbpo_pushcube_500k_20261007T094728_f9d45348,PushCube-v1,mbpo,final_model.pt,input,16,agent.qvel,-0.0040485127829015255,0.3104965388774872,False,False,3.220647816607613
mbpo_pushcube_500k_20261007T094728_f9d45348,PushCube-v1,mbpo,final_model.pt,input,17,agent.qvel,-0.008996554650366306,0.22818265855312347,False,False,4.382453979372796
mbpo_pushcube_500k_20261007T094728_f9d45348,PushCube-v1,mbpo,final_model.pt,input,18,extra.tcp_pose,-0.04010510817170143,0.10668863356113434,False,False,9.373069713438438
mbpo_pushcube_500k_20261007T094728_f9d45348,PushCube-v1,mbpo,final_model.pt,input,19,extra.tcp_pose,-0.002706591971218586,0.09553026407957077,False,False,10.467886900920343
mbpo_pushcube_500k_20261007T094728_f9d45348,PushCube-v1,mbpo,final_model.pt,input,20,extra.tcp_pose,0.16959893703460693,0.08874502778053284,False,False,11.268236936868261
mbpo_pushcube_500k_20261007T094728_f9d45348,PushCube-v1,mbpo,final_model.pt,input,21,extra.tcp_pose,0.002246004296466708,0.014103810302913189,False,False,70.90282544380554
mbpo_pushcube_500k_20261007T094728_f9d45348,PushCube-v1,mbpo,final_model.pt,input,22,extra.tcp_pose,0.9978712201118469,0.010662514716386795,False,False,93.78650596028156
mbpo_pushcube_500k_20261007T094728_f9d45348,PushCube-v1,mbpo,final_model.pt,input,23,extra.tcp_pose,-0.0006493765395134687,0.022767512127757072,False,False,43.92223420761232
mbpo_pushcube_500k_20261007T094728_f9d45348,PushCube-v1,mbpo,final_model.pt,input,24,extra.tcp_pose,-0.007391924969851971,0.05800111964344978,False,False,17.24104648577991
mbpo_pushcube_500k_20261007T094728_f9d45348,PushCube-v1,mbpo,final_model.pt,input,25,extra.goal_pos,0.18688558042049408,0.05871589481830597,False,False,17.031163419964233
mbpo_pushcube_500k_20261007T094728_f9d45348,PushCube-v1,mbpo,final_model.pt,input,26,extra.goal_pos,0.0018444149754941463,0.054489925503730774,False,False,18.352016281092784
mbpo_pushcube_500k_20261007T094728_f9d45348,PushCube-v1,mbpo,final_model.pt,input,27,extra.goal_pos,0.0009999845642596483,9.999999974752427e-07,True,True,1000000.0025247573
mbpo_pushcube_500k_20261007T094728_f9d45348,PushCube-v1,mbpo,final_model.pt,input,28,extra.obj_pose,-0.015421225689351559,0.0690082460641861,False,False,14.491021827592574
mbpo_pushcube_500k_20261007T094728_f9d45348,PushCube-v1,mbpo,final_model.pt,input,29,extra.obj_pose,0.002717846306040883,0.06186244264245033,False,False,16.164896782038717
mbpo_pushcube_500k_20261007T094728_f9d45348,PushCube-v1,mbpo,final_model.pt,input,30,extra.obj_pose,0.019986538216471672,0.0017414095345884562,False,False,574.2474588186564
mbpo_pushcube_500k_20261007T094728_f9d45348,PushCube-v1,mbpo,final_model.pt,input,31,extra.obj_pose,0.9884514808654785,0.0960598960518837,False,False,10.410171581487885
mbpo_pushcube_500k_20261007T094728_f9d45348,PushCube-v1,mbpo,final_model.pt,input,32,extra.obj_pose,0.0027387943118810654,0.03995766490697861,False,False,25.02648746687272
mbpo_pushcube_500k_20261007T094728_f9d45348,PushCube-v1,mbpo,final_model.pt,input,33,extra.obj_pose,0.004085983149707317,0.0605013407766819,False,False,16.528559320546737
mbpo_pushcube_500k_20261007T094728_f9d45348,PushCube-v1,mbpo,final_model.pt,input,34,extra.obj_pose,0.012358760461211205,0.09112267941236496,False,False,10.97421636906239
mbpo_pushcube_500k_20261007T094728_f9d45348,PushCube-v1,mbpo,final_model.pt,input,35,action,0.0005261533660814166,0.5760304927825928,False,False,1.7360192082356014
mbpo_pushcube_500k_20261007T094728_f9d45348,PushCube-v1,mbpo,final_model.pt,input,36,action,0.006873928476125002,0.573354959487915,False,False,1.7441202582308484
mbpo_pushcube_500k_20261007T094728_f9d45348,PushCube-v1,mbpo,final_model.pt,input,37,action,0.003548708278685808,0.5718120336532593,False,False,1.74882643446848
mbpo_pushcube_500k_20261007T094728_f9d45348,PushCube-v1,mbpo,final_model.pt,input,38,action,0.01366855762898922,0.5759720802307129,False,False,1.736195267658525
mbpo_pushcube_500k_20261007T094728_f9d45348,PushCube-v1,mbpo,final_model.pt,target,0,agent.qpos,5.7683471823111176e-05,0.028777411207556725,False,False,34.74947738653461
mbpo_pushcube_500k_20261007T094728_f9d45348,PushCube-v1,mbpo,final_model.pt,target,1,agent.qpos,-0.0024747061543166637,0.07093438506126404,False,False,14.097535336865585
mbpo_pushcube_500k_20261007T094728_f9d45348,PushCube-v1,mbpo,final_model.pt,target,2,agent.qpos,0.00016763379971962422,0.025312181562185287,False,False,39.50666984365873
mbpo_pushcube_500k_20261007T094728_f9d45348,PushCube-v1,mbpo,final_model.pt,target,3,agent.qpos,-0.002147896448150277,0.11131690442562103,False,False,8.98336155824539
mbpo_pushcube_500k_20261007T094728_f9d45348,PushCube-v1,mbpo,final_model.pt,target,4,agent.qpos,0.0005001333192922175,0.021749675273895264,False,False,45.97769793833362
mbpo_pushcube_500k_20261007T094728_f9d45348,PushCube-v1,mbpo,final_model.pt,target,5,agent.qpos,-0.0004863249196205288,0.07349445670843124,False,False,13.606468362195274
mbpo_pushcube_500k_20261007T094728_f9d45348,PushCube-v1,mbpo,final_model.pt,target,6,agent.qpos,-0.0004463384975679219,0.04415141046047211,False,False,22.649333046682177
mbpo_pushcube_500k_20261007T094728_f9d45348,PushCube-v1,mbpo,final_model.pt,target,7,agent.qpos,-0.0005137587431818247,0.006672624498605728,False,False,149.86606847260086
mbpo_pushcube_500k_20261007T094728_f9d45348,PushCube-v1,mbpo,final_model.pt,target,8,agent.qpos,-0.0005129253258928657,0.006596163846552372,False,False,151.60326869725526
mbpo_pushcube_500k_20261007T094728_f9d45348,PushCube-v1,mbpo,final_model.pt,target,9,agent.qvel,0.004316552076488733,0.7889513969421387,False,False,1.2675052023177285
mbpo_pushcube_500k_20261007T094728_f9d45348,PushCube-v1,mbpo,final_model.pt,target,10,agent.qvel,0.00015306632849387825,1.971665620803833,False,False,0.5071853916042355
mbpo_pushcube_500k_20261007T094728_f9d45348,PushCube-v1,mbpo,final_model.pt,target,11,agent.qvel,-0.0038186495658010244,0.580298662185669,False,False,1.72325056934225
mbpo_pushcube_500k_20261007T094728_f9d45348,PushCube-v1,mbpo,final_model.pt,target,12,agent.qvel,-0.010321630164980888,2.807530403137207,False,False,0.3561849228355904
mbpo_pushcube_500k_20261007T094728_f9d45348,PushCube-v1,mbpo,final_model.pt,target,13,agent.qvel,0.0026934512425214052,0.4468606412410736,False,False,2.2378341427042736
mbpo_pushcube_500k_20261007T094728_f9d45348,PushCube-v1,mbpo,final_model.pt,target,14,agent.qvel,0.00287339324131608,1.593991994857788,False,False,0.6273557227551932
mbpo_pushcube_500k_20261007T094728_f9d45348,PushCube-v1,mbpo,final_model.pt,target,15,agent.qvel,-0.003581424243748188,0.9725621342658997,False,False,1.0282119411885295
mbpo_pushcube_500k_20261007T094728_f9d45348,PushCube-v1,mbpo,final_model.pt,target,16,agent.qvel,0.005248419474810362,0.39933645725250244,False,False,2.504154033118231
mbpo_pushcube_500k_20261007T094728_f9d45348,PushCube-v1,mbpo,final_model.pt,target,17,agent.qvel,-0.0010731829097494483,0.35654416680336,False,False,2.804701613731677
mbpo_pushcube_500k_20261007T094728_f9d45348,PushCube-v1,mbpo,final_model.pt,target,18,extra.tcp_pose,-0.0017011292511597276,0.023149460554122925,False,False,43.19755087432911
mbpo_pushcube_500k_20261007T094728_f9d45348,PushCube-v1,mbpo,final_model.pt,target,19,extra.tcp_pose,0.0002386864071013406,0.015472536906599998,False,False,64.63064241090534
mbpo_pushcube_500k_20261007T094728_f9d45348,PushCube-v1,mbpo,final_model.pt,target,20,extra.tcp_pose,0.0001292714150622487,0.01620550826191902,False,False,61.707413543447984
mbpo_pushcube_500k_20261007T094728_f9d45348,PushCube-v1,mbpo,final_model.pt,target,21,extra.tcp_pose,3.846726758638397e-05,0.004640260245651007,False,False,215.50515425018037
mbpo_pushcube_500k_20261007T094728_f9d45348,PushCube-v1,mbpo,final_model.pt,target,22,extra.tcp_pose,-0.00010169992310693488,0.0019302532309666276,False,False,518.0667406520658
mbpo_pushcube_500k_20261007T094728_f9d45348,PushCube-v1,mbpo,final_model.pt,target,23,extra.tcp_pose,1.4592810657632072e-05,0.012765258550643921,False,False,78.33762207264942
mbpo_pushcube_500k_20261007T094728_f9d45348,PushCube-v1,mbpo,final_model.pt,target,24,extra.tcp_pose,-8.730465197004378e-05,0.01741766557097435,False,False,57.41297511570373
mbpo_pushcube_500k_20261007T094728_f9d45348,PushCube-v1,mbpo,final_model.pt,target,25,extra.goal_pos,0.0,9.999999974752427e-07,True,True,1000000.0025247573
mbpo_pushcube_500k_20261007T094728_f9d45348,PushCube-v1,mbpo,final_model.pt,target,26,extra.goal_pos,0.0,9.999999974752427e-07,True,True,1000000.0025247573
mbpo_pushcube_500k_20261007T094728_f9d45348,PushCube-v1,mbpo,final_model.pt,target,27,extra.goal_pos,0.0,9.999999974752427e-07,True,True,1000000.0025247573
mbpo_pushcube_500k_20261007T094728_f9d45348,PushCube-v1,mbpo,final_model.pt,target,28,extra.obj_pose,-0.0002800946240313351,0.005676843225955963,False,False,176.15423928350654
mbpo_pushcube_500k_20261007T094728_f9d45348,PushCube-v1,mbpo,final_model.pt,target,29,extra.obj_pose,-0.00010608560114633292,0.00394055899232626,False,False,253.77110251296162
mbpo_pushcube_500k_20261007T094728_f9d45348,PushCube-v1,mbpo,final_model.pt,target,30,extra.obj_pose,-5.11588150402531e-05,0.0018053004750981927,False,False,553.9244097000576
mbpo_pushcube_500k_20261007T094728_f9d45348,PushCube-v1,mbpo,final_model.pt,target,31,extra.obj_pose,-0.00026127346791327,0.013272848911583424,False,False,75.34177527834919
mbpo_pushcube_500k_20261007T094728_f9d45348,PushCube-v1,mbpo,final_model.pt,target,32,extra.obj_pose,-0.000410523236496374,0.012673591263592243,False,False,78.90423315707886
mbpo_pushcube_500k_20261007T094728_f9d45348,PushCube-v1,mbpo,final_model.pt,target,33,extra.obj_pose,-0.0001929705758811906,0.01014646515250206,False,False,98.55649085370443
mbpo_pushcube_500k_20261007T094728_f9d45348,PushCube-v1,mbpo,final_model.pt,target,34,extra.obj_pose,0.0005425747949630022,0.017825806513428688,False,False,56.098443526057096
mbpo_pushcube_500k_20261007T094728_f9d45348,PushCube-v1,mbpo,final_model.pt,target,35,reward,0.06119774654507637,0.05290508270263672,False,False,18.901775574583144
mbpo_pushcube_500k_20261007T094728_f9d45348,PushCube-v1,mbpo,step_100000_model.pt,input,0,agent.qpos,-0.007847854867577553,0.14383399486541748,False,False,6.952459332967004
mbpo_pushcube_500k_20261007T094728_f9d45348,PushCube-v1,mbpo,step_100000_model.pt,input,1,agent.qpos,0.35849642753601074,0.3387164771556854,False,False,2.952321683306734
mbpo_pushcube_500k_20261007T094728_f9d45348,PushCube-v1,mbpo,step_100000_model.pt,input,2,agent.qpos,-0.0004806999349966645,0.10472307354211807,False,False,9.548993991260339
mbpo_pushcube_500k_20261007T094728_f9d45348,PushCube-v1,mbpo,step_100000_model.pt,input,3,agent.qpos,-1.991417646408081,0.44057464599609375,False,False,2.2697629314076924
mbpo_pushcube_500k_20261007T094728_f9d45348,PushCube-v1,mbpo,step_100000_model.pt,input,4,agent.qpos,-0.002998033771291375,0.09493246674537659,False,False,10.53380402178059
mbpo_pushcube_500k_20261007T094728_f9d45348,PushCube-v1,mbpo,step_100000_model.pt,input,5,agent.qpos,2.334968328475952,0.285708487033844,False,False,3.500071035277099
mbpo_pushcube_500k_20261007T094728_f9d45348,PushCube-v1,mbpo,step_100000_model.pt,input,6,agent.qpos,0.778683066368103,0.19553500413894653,False,False,5.11417382480225
mbpo_pushcube_500k_20261007T094728_f9d45348,PushCube-v1,mbpo,step_100000_model.pt,input,7,agent.qpos,0.01679919846355915,0.008588875643908978,False,False,116.42967501912497
mbpo_pushcube_500k_20261007T094728_f9d45348,PushCube-v1,mbpo,step_100000_model.pt,input,8,agent.qpos,0.016789263114333153,0.008575796149671078,False,False,116.60724935006235
mbpo_pushcube_500k_20261007T094728_f9d45348,PushCube-v1,mbpo,step_100000_model.pt,input,9,agent.qvel,-0.002894294448196888,0.5820465087890625,False,False,1.718075763533884
mbpo_pushcube_500k_20261007T094728_f9d45348,PushCube-v1,mbpo,step_100000_model.pt,input,10,agent.qvel,-0.050098203122615814,1.4071797132492065,False,False,0.710641285249188
mbpo_pushcube_500k_20261007T094728_f9d45348,PushCube-v1,mbpo,step_100000_model.pt,input,11,agent.qvel,0.005967097356915474,0.42777442932128906,False,False,2.337680635999233
mbpo_pushcube_500k_20261007T094728_f9d45348,PushCube-v1,mbpo,step_100000_model.pt,input,12,agent.qvel,-0.03331262990832329,1.9564958810806274,False,False,0.5111178662168571
mbpo_pushcube_500k_20261007T094728_f9d45348,PushCube-v1,mbpo,step_100000_model.pt,input,13,agent.qvel,0.005575250368565321,0.3415597677230835,False,False,2.9277452864727938
mbpo_pushcube_500k_20261007T094728_f9d45348,PushCube-v1,mbpo,step_100000_model.pt,input,14,agent.qvel,-0.018170010298490524,1.115289330482483,False,False,0.8966283211616417
mbpo_pushcube_500k_20261007T094728_f9d45348,PushCube-v1,mbpo,step_100000_model.pt,input,15,agent.qvel,-0.004494315944612026,0.6856944561004639,False,False,1.458375506908701
mbpo_pushcube_500k_20261007T094728_f9d45348,PushCube-v1,mbpo,step_100000_model.pt,input,16,agent.qvel,-0.0040485127829015255,0.3104965388774872,False,False,3.220647816607613
mbpo_pushcube_500k_20261007T094728_f9d45348,PushCube-v1,mbpo,step_100000_model.pt,input,17,agent.qvel,-0.008996554650366306,0.22818265855312347,False,False,4.382453979372796
mbpo_pushcube_500k_20261007T094728_f9d45348,PushCube-v1,mbpo,step_100000_model.pt,input,18,extra.tcp_pose,-0.04010510817170143,0.10668863356113434,False,False,9.373069713438438
mbpo_pushcube_500k_20261007T094728_f9d45348,PushCube-v1,mbpo,step_100000_model.pt,input,19,extra.tcp_pose,-0.002706591971218586,0.09553026407957077,False,False,10.467886900920343
mbpo_pushcube_500k_20261007T094728_f9d45348,PushCube-v1,mbpo,step_100000_model.pt,input,20,extra.tcp_pose,0.16959893703460693,0.08874502778053284,False,False,11.268236936868261
mbpo_pushcube_500k_20261007T094728_f9d45348,PushCube-v1,mbpo,step_100000_model.pt,input,21,extra.tcp_pose,0.002246004296466708,0.014103810302913189,False,False,70.90282544380554
mbpo_pushcube_500k_20261007T094728_f9d45348,PushCube-v1,mbpo,step_100000_model.pt,input,22,extra.tcp_pose,0.9978712201118469,0.010662514716386795,False,False,93.78650596028156
mbpo_pushcube_500k_20261007T094728_f9d45348,PushCube-v1,mbpo,step_100000_model.pt,input,23,extra.tcp_pose,-0.0006493765395134687,0.022767512127757072,False,False,43.92223420761232
mbpo_pushcube_500k_20261007T094728_f9d45348,PushCube-v1,mbpo,step_100000_model.pt,input,24,extra.tcp_pose,-0.007391924969851971,0.05800111964344978,False,False,17.24104648577991
mbpo_pushcube_500k_20261007T094728_f9d45348,PushCube-v1,mbpo,step_100000_model.pt,input,25,extra.goal_pos,0.18688558042049408,0.05871589481830597,False,False,17.031163419964233
mbpo_pushcube_500k_20261007T094728_f9d45348,PushCube-v1,mbpo,step_100000_model.pt,input,26,extra.goal_pos,0.0018444149754941463,0.054489925503730774,False,False,18.352016281092784
mbpo_pushcube_500k_20261007T094728_f9d45348,PushCube-v1,mbpo,step_100000_model.pt,input,27,extra.goal_pos,0.0009999845642596483,9.999999974752427e-07,True,True,1000000.0025247573
mbpo_pushcube_500k_20261007T094728_f9d45348,PushCube-v1,mbpo,step_100000_model.pt,input,28,extra.obj_pose,-0.015421225689351559,0.0690082460641861,False,False,14.491021827592574
mbpo_pushcube_500k_20261007T094728_f9d45348,PushCube-v1,mbpo,step_100000_model.pt,input,29,extra.obj_pose,0.002717846306040883,0.06186244264245033,False,False,16.164896782038717
mbpo_pushcube_500k_20261007T094728_f9d45348,PushCube-v1,mbpo,step_100000_model.pt,input,30,extra.obj_pose,0.019986538216471672,0.0017414095345884562,False,False,574.2474588186564
mbpo_pushcube_500k_20261007T094728_f9d45348,PushCube-v1,mbpo,step_100000_model.pt,input,31,extra.obj_pose,0.9884514808654785,0.0960598960518837,False,False,10.410171581487885
mbpo_pushcube_500k_20261007T094728_f9d45348,PushCube-v1,mbpo,step_100000_model.pt,input,32,extra.obj_pose,0.0027387943118810654,0.03995766490697861,False,False,25.02648746687272
mbpo_pushcube_500k_20261007T094728_f9d45348,PushCube-v1,mbpo,step_100000_model.pt,input,33,extra.obj_pose,0.004085983149707317,0.0605013407766819,False,False,16.528559320546737
mbpo_pushcube_500k_20261007T094728_f9d45348,PushCube-v1,mbpo,step_100000_model.pt,input,34,extra.obj_pose,0.012358760461211205,0.09112267941236496,False,False,10.97421636906239
mbpo_pushcube_500k_20261007T094728_f9d45348,PushCube-v1,mbpo,step_100000_model.pt,input,35,action,0.0005261533660814166,0.5760304927825928,False,False,1.7360192082356014
mbpo_pushcube_500k_20261007T094728_f9d45348,PushCube-v1,mbpo,step_100000_model.pt,input,36,action,0.006873928476125002,0.573354959487915,False,False,1.7441202582308484
mbpo_pushcube_500k_20261007T094728_f9d45348,PushCube-v1,mbpo,step_100000_model.pt,input,37,action,0.003548708278685808,0.5718120336532593,False,False,1.74882643446848
mbpo_pushcube_500k_20261007T094728_f9d45348,PushCube-v1,mbpo,step_100000_model.pt,input,38,action,0.01366855762898922,0.5759720802307129,False,False,1.736195267658525
mbpo_pushcube_500k_20261007T094728_f9d45348,PushCube-v1,mbpo,step_100000_model.pt,target,0,agent.qpos,5.7683471823111176e-05,0.028777411207556725,False,False,34.74947738653461
mbpo_pushcube_500k_20261007T094728_f9d45348,PushCube-v1,mbpo,step_100000_model.pt,target,1,agent.qpos,-0.0024747061543166637,0.07093438506126404,False,False,14.097535336865585
mbpo_pushcube_500k_20261007T094728_f9d45348,PushCube-v1,mbpo,step_100000_model.pt,target,2,agent.qpos,0.00016763379971962422,0.025312181562185287,False,False,39.50666984365873
mbpo_pushcube_500k_20261007T094728_f9d45348,PushCube-v1,mbpo,step_100000_model.pt,target,3,agent.qpos,-0.002147896448150277,0.11131690442562103,False,False,8.98336155824539
mbpo_pushcube_500k_20261007T094728_f9d45348,PushCube-v1,mbpo,step_100000_model.pt,target,4,agent.qpos,0.0005001333192922175,0.021749675273895264,False,False,45.97769793833362
mbpo_pushcube_500k_20261007T094728_f9d45348,PushCube-v1,mbpo,step_100000_model.pt,target,5,agent.qpos,-0.0004863249196205288,0.07349445670843124,False,False,13.606468362195274
mbpo_pushcube_500k_20261007T094728_f9d45348,PushCube-v1,mbpo,step_100000_model.pt,target,6,agent.qpos,-0.0004463384975679219,0.04415141046047211,False,False,22.649333046682177
mbpo_pushcube_500k_20261007T094728_f9d45348,PushCube-v1,mbpo,step_100000_model.pt,target,7,agent.qpos,-0.0005137587431818247,0.006672624498605728,False,False,149.86606847260086
mbpo_pushcube_500k_20261007T094728_f9d45348,PushCube-v1,mbpo,step_100000_model.pt,target,8,agent.qpos,-0.0005129253258928657,0.006596163846552372,False,False,151.60326869725526
mbpo_pushcube_500k_20261007T094728_f9d45348,PushCube-v1,mbpo,step_100000_model.pt,target,9,agent.qvel,0.004316552076488733,0.7889513969421387,False,False,1.2675052023177285
mbpo_pushcube_500k_20261007T094728_f9d45348,PushCube-v1,mbpo,step_100000_model.pt,target,10,agent.qvel,0.00015306632849387825,1.971665620803833,False,False,0.5071853916042355
mbpo_pushcube_500k_20261007T094728_f9d45348,PushCube-v1,mbpo,step_100000_model.pt,target,11,agent.qvel,-0.0038186495658010244,0.580298662185669,False,False,1.72325056934225
mbpo_pushcube_500k_20261007T094728_f9d45348,PushCube-v1,mbpo,step_100000_model.pt,target,12,agent.qvel,-0.010321630164980888,2.807530403137207,False,False,0.3561849228355904
mbpo_pushcube_500k_20261007T094728_f9d45348,PushCube-v1,mbpo,step_100000_model.pt,target,13,agent.qvel,0.0026934512425214052,0.4468606412410736,False,False,2.2378341427042736
mbpo_pushcube_500k_20261007T094728_f9d45348,PushCube-v1,mbpo,step_100000_model.pt,target,14,agent.qvel,0.00287339324131608,1.593991994857788,False,False,0.6273557227551932
mbpo_pushcube_500k_20261007T094728_f9d45348,PushCube-v1,mbpo,step_100000_model.pt,target,15,agent.qvel,-0.003581424243748188,0.9725621342658997,False,False,1.0282119411885295
mbpo_pushcube_500k_20261007T094728_f9d45348,PushCube-v1,mbpo,step_100000_model.pt,target,16,agent.qvel,0.005248419474810362,0.39933645725250244,False,False,2.504154033118231
mbpo_pushcube_500k_20261007T094728_f9d45348,PushCube-v1,mbpo,step_100000_model.pt,target,17,agent.qvel,-0.0010731829097494483,0.35654416680336,False,False,2.804701613731677
mbpo_pushcube_500k_20261007T094728_f9d45348,PushCube-v1,mbpo,step_100000_model.pt,target,18,extra.tcp_pose,-0.0017011292511597276,0.023149460554122925,False,False,43.19755087432911
mbpo_pushcube_500k_20261007T094728_f9d45348,PushCube-v1,mbpo,step_100000_model.pt,target,19,extra.tcp_pose,0.0002386864071013406,0.015472536906599998,False,False,64.63064241090534
mbpo_pushcube_500k_20261007T094728_f9d45348,PushCube-v1,mbpo,step_100000_model.pt,target,20,extra.tcp_pose,0.0001292714150622487,0.01620550826191902,False,False,61.707413543447984
mbpo_pushcube_500k_20261007T094728_f9d45348,PushCube-v1,mbpo,step_100000_model.pt,target,21,extra.tcp_pose,3.846726758638397e-05,0.004640260245651007,False,False,215.50515425018037
mbpo_pushcube_500k_20261007T094728_f9d45348,PushCube-v1,mbpo,step_100000_model.pt,target,22,extra.tcp_pose,-0.00010169992310693488,0.0019302532309666276,False,False,518.0667406520658
mbpo_pushcube_500k_20261007T094728_f9d45348,PushCube-v1,mbpo,step_100000_model.pt,target,23,extra.tcp_pose,1.4592810657632072e-05,0.012765258550643921,False,False,78.33762207264942
mbpo_pushcube_500k_20261007T094728_f9d45348,PushCube-v1,mbpo,step_100000_model.pt,target,24,extra.tcp_pose,-8.730465197004378e-05,0.01741766557097435,False,False,57.41297511570373
mbpo_pushcube_500k_20261007T094728_f9d45348,PushCube-v1,mbpo,step_100000_model.pt,target,25,extra.goal_pos,0.0,9.999999974752427e-07,True,True,1000000.0025247573
mbpo_pushcube_500k_20261007T094728_f9d45348,PushCube-v1,mbpo,step_100000_model.pt,target,26,extra.goal_pos,0.0,9.999999974752427e-07,True,True,1000000.0025247573
mbpo_pushcube_500k_20261007T094728_f9d45348,PushCube-v1,mbpo,step_100000_model.pt,target,27,extra.goal_pos,0.0,9.999999974752427e-07,True,True,1000000.0025247573
mbpo_pushcube_500k_20261007T094728_f9d45348,PushCube-v1,mbpo,step_100000_model.pt,target,28,extra.obj_pose,-0.0002800946240313351,0.005676843225955963,False,False,176.15423928350654
mbpo_pushcube_500k_20261007T094728_f9d45348,PushCube-v1,mbpo,step_100000_model.pt,target,29,extra.obj_pose,-0.00010608560114633292,0.00394055899232626,False,False,253.77110251296162
mbpo_pushcube_500k_20261007T094728_f9d45348,PushCube-v1,mbpo,step_100000_model.pt,target,30,extra.obj_pose,-5.11588150402531e-05,0.0018053004750981927,False,False,553.9244097000576
mbpo_pushcube_500k_20261007T094728_f9d45348,PushCube-v1,mbpo,step_100000_model.pt,target,31,extra.obj_pose,-0.00026127346791327,0.013272848911583424,False,False,75.34177527834919
mbpo_pushcube_500k_20261007T094728_f9d45348,PushCube-v1,mbpo,step_100000_model.pt,target,32,extra.obj_pose,-0.000410523236496374,0.012673591263592243,False,False,78.90423315707886
mbpo_pushcube_500k_20261007T094728_f9d45348,PushCube-v1,mbpo,step_100000_model.pt,target,33,extra.obj_pose,-0.0001929705758811906,0.01014646515250206,False,False,98.55649085370443
mbpo_pushcube_500k_20261007T094728_f9d45348,PushCube-v1,mbpo,step_100000_model.pt,target,34,extra.obj_pose,0.0005425747949630022,0.017825806513428688,False,False,56.098443526057096
mbpo_pushcube_500k_20261007T094728_f9d45348,PushCube-v1,mbpo,step_100000_model.pt,target,35,reward,0.06119774654507637,0.05290508270263672,False,False,18.901775574583144
mbpo_pushcube_500k_20261007T094728_f9d45348,PushCube-v1,mbpo,step_150016_model.pt,input,0,agent.qpos,-0.007847854867577553,0.14383399486541748,False,False,6.952459332967004
mbpo_pushcube_500k_20261007T094728_f9d45348,PushCube-v1,mbpo,step_150016_model.pt,input,1,agent.qpos,0.35849642753601074,0.3387164771556854,False,False,2.952321683306734
mbpo_pushcube_500k_20261007T094728_f9d45348,PushCube-v1,mbpo,step_150016_model.pt,input,2,agent.qpos,-0.0004806999349966645,0.10472307354211807,False,False,9.548993991260339
mbpo_pushcube_500k_20261007T094728_f9d45348,PushCube-v1,mbpo,step_150016_model.pt,input,3,agent.qpos,-1.991417646408081,0.44057464599609375,False,False,2.2697629314076924
mbpo_pushcube_500k_20261007T094728_f9d45348,PushCube-v1,mbpo,step_150016_model.pt,input,4,agent.qpos,-0.002998033771291375,0.09493246674537659,False,False,10.53380402178059
mbpo_pushcube_500k_20261007T094728_f9d45348,PushCube-v1,mbpo,step_150016_model.pt,input,5,agent.qpos,2.334968328475952,0.285708487033844,False,False,3.500071035277099
mbpo_pushcube_500k_20261007T094728_f9d45348,PushCube-v1,mbpo,step_150016_model.pt,input,6,agent.qpos,0.778683066368103,0.19553500413894653,False,False,5.11417382480225
mbpo_pushcube_500k_20261007T094728_f9d45348,PushCube-v1,mbpo,step_150016_model.pt,input,7,agent.qpos,0.01679919846355915,0.008588875643908978,False,False,116.42967501912497
mbpo_pushcube_500k_20261007T094728_f9d45348,PushCube-v1,mbpo,step_150016_model.pt,input,8,agent.qpos,0.016789263114333153,0.008575796149671078,False,False,116.60724935006235
mbpo_pushcube_500k_20261007T094728_f9d45348,PushCube-v1,mbpo,step_150016_model.pt,input,9,agent.qvel,-0.002894294448196888,0.5820465087890625,False,False,1.718075763533884
mbpo_pushcube_500k_20261007T094728_f9d45348,PushCube-v1,mbpo,step_150016_model.pt,input,10,agent.qvel,-0.050098203122615814,1.4071797132492065,False,False,0.710641285249188
mbpo_pushcube_500k_20261007T094728_f9d45348,PushCube-v1,mbpo,step_150016_model.pt,input,11,agent.qvel,0.005967097356915474,0.42777442932128906,False,False,2.337680635999233
mbpo_pushcube_500k_20261007T094728_f9d45348,PushCube-v1,mbpo,step_150016_model.pt,input,12,agent.qvel,-0.03331262990832329,1.9564958810806274,False,False,0.5111178662168571
mbpo_pushcube_500k_20261007T094728_f9d45348,PushCube-v1,mbpo,step_150016_model.pt,input,13,agent.qvel,0.005575250368565321,0.3415597677230835,False,False,2.9277452864727938
mbpo_pushcube_500k_20261007T094728_f9d45348,PushCube-v1,mbpo,step_150016_model.pt,input,14,agent.qvel,-0.018170010298490524,1.115289330482483,False,False,0.8966283211616417
mbpo_pushcube_500k_20261007T094728_f9d45348,PushCube-v1,mbpo,step_150016_model.pt,input,15,agent.qvel,-0.004494315944612026,0.6856944561004639,False,False,1.458375506908701
mbpo_pushcube_500k_20261007T094728_f9d45348,PushCube-v1,mbpo,step_150016_model.pt,input,16,agent.qvel,-0.0040485127829015255,0.3104965388774872,False,False,3.220647816607613
mbpo_pushcube_500k_20261007T094728_f9d45348,PushCube-v1,mbpo,step_150016_model.pt,input,17,agent.qvel,-0.008996554650366306,0.22818265855312347,False,False,4.382453979372796
mbpo_pushcube_500k_20261007T094728_f9d45348,PushCube-v1,mbpo,step_150016_model.pt,input,18,extra.tcp_pose,-0.04010510817170143,0.10668863356113434,False,False,9.373069713438438
mbpo_pushcube_500k_20261007T094728_f9d45348,PushCube-v1,mbpo,step_150016_model.pt,input,19,extra.tcp_pose,-0.002706591971218586,0.09553026407957077,False,False,10.467886900920343
mbpo_pushcube_500k_20261007T094728_f9d45348,PushCube-v1,mbpo,step_150016_model.pt,input,20,extra.tcp_pose,0.16959893703460693,0.08874502778053284,False,False,11.268236936868261
mbpo_pushcube_500k_20261007T094728_f9d45348,PushCube-v1,mbpo,step_150016_model.pt,input,21,extra.tcp_pose,0.002246004296466708,0.014103810302913189,False,False,70.90282544380554
mbpo_pushcube_500k_20261007T094728_f9d45348,PushCube-v1,mbpo,step_150016_model.pt,input,22,extra.tcp_pose,0.9978712201118469,0.010662514716386795,False,False,93.78650596028156
mbpo_pushcube_500k_20261007T094728_f9d45348,PushCube-v1,mbpo,step_150016_model.pt,input,23,extra.tcp_pose,-0.0006493765395134687,0.022767512127757072,False,False,43.92223420761232
mbpo_pushcube_500k_20261007T094728_f9d45348,PushCube-v1,mbpo,step_150016_model.pt,input,24,extra.tcp_pose,-0.007391924969851971,0.05800111964344978,False,False,17.24104648577991
mbpo_pushcube_500k_20261007T094728_f9d45348,PushCube-v1,mbpo,step_150016_model.pt,input,25,extra.goal_pos,0.18688558042049408,0.05871589481830597,False,False,17.031163419964233
mbpo_pushcube_500k_20261007T094728_f9d45348,PushCube-v1,mbpo,step_150016_model.pt,input,26,extra.goal_pos,0.0018444149754941463,0.054489925503730774,False,False,18.352016281092784
mbpo_pushcube_500k_20261007T094728_f9d45348,PushCube-v1,mbpo,step_150016_model.pt,input,27,extra.goal_pos,0.0009999845642596483,9.999999974752427e-07,True,True,1000000.0025247573
mbpo_pushcube_500k_20261007T094728_f9d45348,PushCube-v1,mbpo,step_150016_model.pt,input,28,extra.obj_pose,-0.015421225689351559,0.0690082460641861,False,False,14.491021827592574
mbpo_pushcube_500k_20261007T094728_f9d45348,PushCube-v1,mbpo,step_150016_model.pt,input,29,extra.obj_pose,0.002717846306040883,0.06186244264245033,False,False,16.164896782038717
mbpo_pushcube_500k_20261007T094728_f9d45348,PushCube-v1,mbpo,step_150016_model.pt,input,30,extra.obj_pose,0.019986538216471672,0.0017414095345884562,False,False,574.2474588186564
mbpo_pushcube_500k_20261007T094728_f9d45348,PushCube-v1,mbpo,step_150016_model.pt,input,31,extra.obj_pose,0.9884514808654785,0.0960598960518837,False,False,10.410171581487885
mbpo_pushcube_500k_20261007T094728_f9d45348,PushCube-v1,mbpo,step_150016_model.pt,input,32,extra.obj_pose,0.0027387943118810654,0.03995766490697861,False,False,25.02648746687272
mbpo_pushcube_500k_20261007T094728_f9d45348,PushCube-v1,mbpo,step_150016_model.pt,input,33,extra.obj_pose,0.004085983149707317,0.0605013407766819,False,False,16.528559320546737
mbpo_pushcube_500k_20261007T094728_f9d45348,PushCube-v1,mbpo,step_150016_model.pt,input,34,extra.obj_pose,0.012358760461211205,0.09112267941236496,False,False,10.97421636906239
mbpo_pushcube_500k_20261007T094728_f9d45348,PushCube-v1,mbpo,step_150016_model.pt,input,35,action,0.0005261533660814166,0.5760304927825928,False,False,1.7360192082356014
mbpo_pushcube_500k_20261007T094728_f9d45348,PushCube-v1,mbpo,step_150016_model.pt,input,36,action,0.006873928476125002,0.573354959487915,False,False,1.7441202582308484
mbpo_pushcube_500k_20261007T094728_f9d45348,PushCube-v1,mbpo,step_150016_model.pt,input,37,action,0.003548708278685808,0.5718120336532593,False,False,1.74882643446848
mbpo_pushcube_500k_20261007T094728_f9d45348,PushCube-v1,mbpo,step_150016_model.pt,input,38,action,0.01366855762898922,0.5759720802307129,False,False,1.736195267658525
mbpo_pushcube_500k_20261007T094728_f9d45348,PushCube-v1,mbpo,step_150016_model.pt,target,0,agent.qpos,5.7683471823111176e-05,0.028777411207556725,False,False,34.74947738653461
mbpo_pushcube_500k_20261007T094728_f9d45348,PushCube-v1,mbpo,step_150016_model.pt,target,1,agent.qpos,-0.0024747061543166637,0.07093438506126404,False,False,14.097535336865585
mbpo_pushcube_500k_20261007T094728_f9d45348,PushCube-v1,mbpo,step_150016_model.pt,target,2,agent.qpos,0.00016763379971962422,0.025312181562185287,False,False,39.50666984365873
mbpo_pushcube_500k_20261007T094728_f9d45348,PushCube-v1,mbpo,step_150016_model.pt,target,3,agent.qpos,-0.002147896448150277,0.11131690442562103,False,False,8.98336155824539
mbpo_pushcube_500k_20261007T094728_f9d45348,PushCube-v1,mbpo,step_150016_model.pt,target,4,agent.qpos,0.0005001333192922175,0.021749675273895264,False,False,45.97769793833362
mbpo_pushcube_500k_20261007T094728_f9d45348,PushCube-v1,mbpo,step_150016_model.pt,target,5,agent.qpos,-0.0004863249196205288,0.07349445670843124,False,False,13.606468362195274
mbpo_pushcube_500k_20261007T094728_f9d45348,PushCube-v1,mbpo,step_150016_model.pt,target,6,agent.qpos,-0.0004463384975679219,0.04415141046047211,False,False,22.649333046682177
mbpo_pushcube_500k_20261007T094728_f9d45348,PushCube-v1,mbpo,step_150016_model.pt,target,7,agent.qpos,-0.0005137587431818247,0.006672624498605728,False,False,149.86606847260086
mbpo_pushcube_500k_20261007T094728_f9d45348,PushCube-v1,mbpo,step_150016_model.pt,target,8,agent.qpos,-0.0005129253258928657,0.006596163846552372,False,False,151.60326869725526
mbpo_pushcube_500k_20261007T094728_f9d45348,PushCube-v1,mbpo,step_150016_model.pt,target,9,agent.qvel,0.004316552076488733,0.7889513969421387,False,False,1.2675052023177285
mbpo_pushcube_500k_20261007T094728_f9d45348,PushCube-v1,mbpo,step_150016_model.pt,target,10,agent.qvel,0.00015306632849387825,1.971665620803833,False,False,0.5071853916042355
mbpo_pushcube_500k_20261007T094728_f9d45348,PushCube-v1,mbpo,step_150016_model.pt,target,11,agent.qvel,-0.0038186495658010244,0.580298662185669,False,False,1.72325056934225
mbpo_pushcube_500k_20261007T094728_f9d45348,PushCube-v1,mbpo,step_150016_model.pt,target,12,agent.qvel,-0.010321630164980888,2.807530403137207,False,False,0.3561849228355904
mbpo_pushcube_500k_20261007T094728_f9d45348,PushCube-v1,mbpo,step_150016_model.pt,target,13,agent.qvel,0.0026934512425214052,0.4468606412410736,False,False,2.2378341427042736
mbpo_pushcube_500k_20261007T094728_f9d45348,PushCube-v1,mbpo,step_150016_model.pt,target,14,agent.qvel,0.00287339324131608,1.593991994857788,False,False,0.6273557227551932
mbpo_pushcube_500k_20261007T094728_f9d45348,PushCube-v1,mbpo,step_150016_model.pt,target,15,agent.qvel,-0.003581424243748188,0.9725621342658997,False,False,1.0282119411885295
mbpo_pushcube_500k_20261007T094728_f9d45348,PushCube-v1,mbpo,step_150016_model.pt,target,16,agent.qvel,0.005248419474810362,0.39933645725250244,False,False,2.504154033118231
mbpo_pushcube_500k_20261007T094728_f9d45348,PushCube-v1,mbpo,step_150016_model.pt,target,17,agent.qvel,-0.0010731829097494483,0.35654416680336,False,False,2.804701613731677
mbpo_pushcube_500k_20261007T094728_f9d45348,PushCube-v1,mbpo,step_150016_model.pt,target,18,extra.tcp_pose,-0.0017011292511597276,0.023149460554122925,False,False,43.19755087432911
mbpo_pushcube_500k_20261007T094728_f9d45348,PushCube-v1,mbpo,step_150016_model.pt,target,19,extra.tcp_pose,0.0002386864071013406,0.015472536906599998,False,False,64.63064241090534
mbpo_pushcube_500k_20261007T094728_f9d45348,PushCube-v1,mbpo,step_150016_model.pt,target,20,extra.tcp_pose,0.0001292714150622487,0.01620550826191902,False,False,61.707413543447984
mbpo_pushcube_500k_20261007T094728_f9d45348,PushCube-v1,mbpo,step_150016_model.pt,target,21,extra.tcp_pose,3.846726758638397e-05,0.004640260245651007,False,False,215.50515425018037
mbpo_pushcube_500k_20261007T094728_f9d45348,PushCube-v1,mbpo,step_150016_model.pt,target,22,extra.tcp_pose,-0.00010169992310693488,0.0019302532309666276,False,False,518.0667406520658
mbpo_pushcube_500k_20261007T094728_f9d45348,PushCube-v1,mbpo,step_150016_model.pt,target,23,extra.tcp_pose,1.4592810657632072e-05,0.012765258550643921,False,False,78.33762207264942
mbpo_pushcube_500k_20261007T094728_f9d45348,PushCube-v1,mbpo,step_150016_model.pt,target,24,extra.tcp_pose,-8.730465197004378e-05,0.01741766557097435,False,False,57.41297511570373
mbpo_pushcube_500k_20261007T094728_f9d45348,PushCube-v1,mbpo,step_150016_model.pt,target,25,extra.goal_pos,0.0,9.999999974752427e-07,True,True,1000000.0025247573
mbpo_pushcube_500k_20261007T094728_f9d45348,PushCube-v1,mbpo,step_150016_model.pt,target,26,extra.goal_pos,0.0,9.999999974752427e-07,True,True,1000000.0025247573
mbpo_pushcube_500k_20261007T094728_f9d45348,PushCube-v1,mbpo,step_150016_model.pt,target,27,extra.goal_pos,0.0,9.999999974752427e-07,True,True,1000000.0025247573
mbpo_pushcube_500k_20261007T094728_f9d45348,PushCube-v1,mbpo,step_150016_model.pt,target,28,extra.obj_pose,-0.0002800946240313351,0.005676843225955963,False,False,176.15423928350654
mbpo_pushcube_500k_20261007T094728_f9d45348,PushCube-v1,mbpo,step_150016_model.pt,target,29,extra.obj_pose,-0.00010608560114633292,0.00394055899232626,False,False,253.77110251296162
mbpo_pushcube_500k_20261007T094728_f9d45348,PushCube-v1,mbpo,step_150016_model.pt,target,30,extra.obj_pose,-5.11588150402531e-05,0.0018053004750981927,False,False,553.9244097000576
mbpo_pushcube_500k_20261007T094728_f9d45348,PushCube-v1,mbpo,step_150016_model.pt,target,31,extra.obj_pose,-0.00026127346791327,0.013272848911583424,False,False,75.34177527834919
mbpo_pushcube_500k_20261007T094728_f9d45348,PushCube-v1,mbpo,step_150016_model.pt,target,32,extra.obj_pose,-0.000410523236496374,0.012673591263592243,False,False,78.90423315707886
mbpo_pushcube_500k_20261007T094728_f9d45348,PushCube-v1,mbpo,step_150016_model.pt,target,33,extra.obj_pose,-0.0001929705758811906,0.01014646515250206,False,False,98.55649085370443
mbpo_pushcube_500k_20261007T094728_f9d45348,PushCube-v1,mbpo,step_150016_model.pt,target,34,extra.obj_pose,0.0005425747949630022,0.017825806513428688,False,False,56.098443526057096
mbpo_pushcube_500k_20261007T094728_f9d45348,PushCube-v1,mbpo,step_150016_model.pt,target,35,reward,0.06119774654507637,0.05290508270263672,False,False,18.901775574583144
mbpo_pushcube_500k_20261007T094728_f9d45348,PushCube-v1,mbpo,step_200000_model.pt,input,0,agent.qpos,-0.007847854867577553,0.14383399486541748,False,False,6.952459332967004
mbpo_pushcube_500k_20261007T094728_f9d45348,PushCube-v1,mbpo,step_200000_model.pt,input,1,agent.qpos,0.35849642753601074,0.3387164771556854,False,False,2.952321683306734
mbpo_pushcube_500k_20261007T094728_f9d45348,PushCube-v1,mbpo,step_200000_model.pt,input,2,agent.qpos,-0.0004806999349966645,0.10472307354211807,False,False,9.548993991260339
mbpo_pushcube_500k_20261007T094728_f9d45348,PushCube-v1,mbpo,step_200000_model.pt,input,3,agent.qpos,-1.991417646408081,0.44057464599609375,False,False,2.2697629314076924
mbpo_pushcube_500k_20261007T094728_f9d45348,PushCube-v1,mbpo,step_200000_model.pt,input,4,agent.qpos,-0.002998033771291375,0.09493246674537659,False,False,10.53380402178059
mbpo_pushcube_500k_20261007T094728_f9d45348,PushCube-v1,mbpo,step_200000_model.pt,input,5,agent.qpos,2.334968328475952,0.285708487033844,False,False,3.500071035277099
mbpo_pushcube_500k_20261007T094728_f9d45348,PushCube-v1,mbpo,step_200000_model.pt,input,6,agent.qpos,0.778683066368103,0.19553500413894653,False,False,5.11417382480225
mbpo_pushcube_500k_20261007T094728_f9d45348,PushCube-v1,mbpo,step_200000_model.pt,input,7,agent.qpos,0.01679919846355915,0.008588875643908978,False,False,116.42967501912497
mbpo_pushcube_500k_20261007T094728_f9d45348,PushCube-v1,mbpo,step_200000_model.pt,input,8,agent.qpos,0.016789263114333153,0.008575796149671078,False,False,116.60724935006235
mbpo_pushcube_500k_20261007T094728_f9d45348,PushCube-v1,mbpo,step_200000_model.pt,input,9,agent.qvel,-0.002894294448196888,0.5820465087890625,False,False,1.718075763533884
mbpo_pushcube_500k_20261007T094728_f9d45348,PushCube-v1,mbpo,step_200000_model.pt,input,10,agent.qvel,-0.050098203122615814,1.4071797132492065,False,False,0.710641285249188
mbpo_pushcube_500k_20261007T094728_f9d45348,PushCube-v1,mbpo,step_200000_model.pt,input,11,agent.qvel,0.005967097356915474,0.42777442932128906,False,False,2.337680635999233
mbpo_pushcube_500k_20261007T094728_f9d45348,PushCube-v1,mbpo,step_200000_model.pt,input,12,agent.qvel,-0.03331262990832329,1.9564958810806274,False,False,0.5111178662168571
mbpo_pushcube_500k_20261007T094728_f9d45348,PushCube-v1,mbpo,step_200000_model.pt,input,13,agent.qvel,0.005575250368565321,0.3415597677230835,False,False,2.9277452864727938
mbpo_pushcube_500k_20261007T094728_f9d45348,PushCube-v1,mbpo,step_200000_model.pt,input,14,agent.qvel,-0.018170010298490524,1.115289330482483,False,False,0.8966283211616417
mbpo_pushcube_500k_20261007T094728_f9d45348,PushCube-v1,mbpo,step_200000_model.pt,input,15,agent.qvel,-0.004494315944612026,0.6856944561004639,False,False,1.458375506908701
mbpo_pushcube_500k_20261007T094728_f9d45348,PushCube-v1,mbpo,step_200000_model.pt,input,16,agent.qvel,-0.0040485127829015255,0.3104965388774872,False,False,3.220647816607613
mbpo_pushcube_500k_20261007T094728_f9d45348,PushCube-v1,mbpo,step_200000_model.pt,input,17,agent.qvel,-0.008996554650366306,0.22818265855312347,False,False,4.382453979372796
mbpo_pushcube_500k_20261007T094728_f9d45348,PushCube-v1,mbpo,step_200000_model.pt,input,18,extra.tcp_pose,-0.04010510817170143,0.10668863356113434,False,False,9.373069713438438
mbpo_pushcube_500k_20261007T094728_f9d45348,PushCube-v1,mbpo,step_200000_model.pt,input,19,extra.tcp_pose,-0.002706591971218586,0.09553026407957077,False,False,10.467886900920343
mbpo_pushcube_500k_20261007T094728_f9d45348,PushCube-v1,mbpo,step_200000_model.pt,input,20,extra.tcp_pose,0.16959893703460693,0.08874502778053284,False,False,11.268236936868261
mbpo_pushcube_500k_20261007T094728_f9d45348,PushCube-v1,mbpo,step_200000_model.pt,input,21,extra.tcp_pose,0.002246004296466708,0.014103810302913189,False,False,70.90282544380554
mbpo_pushcube_500k_20261007T094728_f9d45348,PushCube-v1,mbpo,step_200000_model.pt,input,22,extra.tcp_pose,0.9978712201118469,0.010662514716386795,False,False,93.78650596028156
mbpo_pushcube_500k_20261007T094728_f9d45348,PushCube-v1,mbpo,step_200000_model.pt,input,23,extra.tcp_pose,-0.0006493765395134687,0.022767512127757072,False,False,43.92223420761232
mbpo_pushcube_500k_20261007T094728_f9d45348,PushCube-v1,mbpo,step_200000_model.pt,input,24,extra.tcp_pose,-0.007391924969851971,0.05800111964344978,False,False,17.24104648577991
mbpo_pushcube_500k_20261007T094728_f9d45348,PushCube-v1,mbpo,step_200000_model.pt,input,25,extra.goal_pos,0.18688558042049408,0.05871589481830597,False,False,17.031163419964233
mbpo_pushcube_500k_20261007T094728_f9d45348,PushCube-v1,mbpo,step_200000_model.pt,input,26,extra.goal_pos,0.0018444149754941463,0.054489925503730774,False,False,18.352016281092784
mbpo_pushcube_500k_20261007T094728_f9d45348,PushCube-v1,mbpo,step_200000_model.pt,input,27,extra.goal_pos,0.0009999845642596483,9.999999974752427e-07,True,True,1000000.0025247573
mbpo_pushcube_500k_20261007T094728_f9d45348,PushCube-v1,mbpo,step_200000_model.pt,input,28,extra.obj_pose,-0.015421225689351559,0.0690082460641861,False,False,14.491021827592574
mbpo_pushcube_500k_20261007T094728_f9d45348,PushCube-v1,mbpo,step_200000_model.pt,input,29,extra.obj_pose,0.002717846306040883,0.06186244264245033,False,False,16.164896782038717
mbpo_pushcube_500k_20261007T094728_f9d45348,PushCube-v1,mbpo,step_200000_model.pt,input,30,extra.obj_pose,0.019986538216471672,0.0017414095345884562,False,False,574.2474588186564
mbpo_pushcube_500k_20261007T094728_f9d45348,PushCube-v1,mbpo,step_200000_model.pt,input,31,extra.obj_pose,0.9884514808654785,0.0960598960518837,False,False,10.410171581487885
mbpo_pushcube_500k_20261007T094728_f9d45348,PushCube-v1,mbpo,step_200000_model.pt,input,32,extra.obj_pose,0.0027387943118810654,0.03995766490697861,False,False,25.02648746687272
mbpo_pushcube_500k_20261007T094728_f9d45348,PushCube-v1,mbpo,step_200000_model.pt,input,33,extra.obj_pose,0.004085983149707317,0.0605013407766819,False,False,16.528559320546737
mbpo_pushcube_500k_20261007T094728_f9d45348,PushCube-v1,mbpo,step_200000_model.pt,input,34,extra.obj_pose,0.012358760461211205,0.09112267941236496,False,False,10.97421636906239
mbpo_pushcube_500k_20261007T094728_f9d45348,PushCube-v1,mbpo,step_200000_model.pt,input,35,action,0.0005261533660814166,0.5760304927825928,False,False,1.7360192082356014
mbpo_pushcube_500k_20261007T094728_f9d45348,PushCube-v1,mbpo,step_200000_model.pt,input,36,action,0.006873928476125002,0.573354959487915,False,False,1.7441202582308484
mbpo_pushcube_500k_20261007T094728_f9d45348,PushCube-v1,mbpo,step_200000_model.pt,input,37,action,0.003548708278685808,0.5718120336532593,False,False,1.74882643446848
mbpo_pushcube_500k_20261007T094728_f9d45348,PushCube-v1,mbpo,step_200000_model.pt,input,38,action,0.01366855762898922,0.5759720802307129,False,False,1.736195267658525
mbpo_pushcube_500k_20261007T094728_f9d45348,PushCube-v1,mbpo,step_200000_model.pt,target,0,agent.qpos,5.7683471823111176e-05,0.028777411207556725,False,False,34.74947738653461
mbpo_pushcube_500k_20261007T094728_f9d45348,PushCube-v1,mbpo,step_200000_model.pt,target,1,agent.qpos,-0.0024747061543166637,0.07093438506126404,False,False,14.097535336865585
mbpo_pushcube_500k_20261007T094728_f9d45348,PushCube-v1,mbpo,step_200000_model.pt,target,2,agent.qpos,0.00016763379971962422,0.025312181562185287,False,False,39.50666984365873
mbpo_pushcube_500k_20261007T094728_f9d45348,PushCube-v1,mbpo,step_200000_model.pt,target,3,agent.qpos,-0.002147896448150277,0.11131690442562103,False,False,8.98336155824539
mbpo_pushcube_500k_20261007T094728_f9d45348,PushCube-v1,mbpo,step_200000_model.pt,target,4,agent.qpos,0.0005001333192922175,0.021749675273895264,False,False,45.97769793833362
mbpo_pushcube_500k_20261007T094728_f9d45348,PushCube-v1,mbpo,step_200000_model.pt,target,5,agent.qpos,-0.0004863249196205288,0.07349445670843124,False,False,13.606468362195274
mbpo_pushcube_500k_20261007T094728_f9d45348,PushCube-v1,mbpo,step_200000_model.pt,target,6,agent.qpos,-0.0004463384975679219,0.04415141046047211,False,False,22.649333046682177
mbpo_pushcube_500k_20261007T094728_f9d45348,PushCube-v1,mbpo,step_200000_model.pt,target,7,agent.qpos,-0.0005137587431818247,0.006672624498605728,False,False,149.86606847260086
mbpo_pushcube_500k_20261007T094728_f9d45348,PushCube-v1,mbpo,step_200000_model.pt,target,8,agent.qpos,-0.0005129253258928657,0.006596163846552372,False,False,151.60326869725526
mbpo_pushcube_500k_20261007T094728_f9d45348,PushCube-v1,mbpo,step_200000_model.pt,target,9,agent.qvel,0.004316552076488733,0.7889513969421387,False,False,1.2675052023177285
mbpo_pushcube_500k_20261007T094728_f9d45348,PushCube-v1,mbpo,step_200000_model.pt,target,10,agent.qvel,0.00015306632849387825,1.971665620803833,False,False,0.5071853916042355
mbpo_pushcube_500k_20261007T094728_f9d45348,PushCube-v1,mbpo,step_200000_model.pt,target,11,agent.qvel,-0.0038186495658010244,0.580298662185669,False,False,1.72325056934225
mbpo_pushcube_500k_20261007T094728_f9d45348,PushCube-v1,mbpo,step_200000_model.pt,target,12,agent.qvel,-0.010321630164980888,2.807530403137207,False,False,0.3561849228355904
mbpo_pushcube_500k_20261007T094728_f9d45348,PushCube-v1,mbpo,step_200000_model.pt,target,13,agent.qvel,0.0026934512425214052,0.4468606412410736,False,False,2.2378341427042736
mbpo_pushcube_500k_20261007T094728_f9d45348,PushCube-v1,mbpo,step_200000_model.pt,target,14,agent.qvel,0.00287339324131608,1.593991994857788,False,False,0.6273557227551932
mbpo_pushcube_500k_20261007T094728_f9d45348,PushCube-v1,mbpo,step_200000_model.pt,target,15,agent.qvel,-0.003581424243748188,0.9725621342658997,False,False,1.0282119411885295
mbpo_pushcube_500k_20261007T094728_f9d45348,PushCube-v1,mbpo,step_200000_model.pt,target,16,agent.qvel,0.005248419474810362,0.39933645725250244,False,False,2.504154033118231
mbpo_pushcube_500k_20261007T094728_f9d45348,PushCube-v1,mbpo,step_200000_model.pt,target,17,agent.qvel,-0.0010731829097494483,0.35654416680336,False,False,2.804701613731677
mbpo_pushcube_500k_20261007T094728_f9d45348,PushCube-v1,mbpo,step_200000_model.pt,target,18,extra.tcp_pose,-0.0017011292511597276,0.023149460554122925,False,False,43.19755087432911
mbpo_pushcube_500k_20261007T094728_f9d45348,PushCube-v1,mbpo,step_200000_model.pt,target,19,extra.tcp_pose,0.0002386864071013406,0.015472536906599998,False,False,64.63064241090534
mbpo_pushcube_500k_20261007T094728_f9d45348,PushCube-v1,mbpo,step_200000_model.pt,target,20,extra.tcp_pose,0.0001292714150622487,0.01620550826191902,False,False,61.707413543447984
mbpo_pushcube_500k_20261007T094728_f9d45348,PushCube-v1,mbpo,step_200000_model.pt,target,21,extra.tcp_pose,3.846726758638397e-05,0.004640260245651007,False,False,215.50515425018037
mbpo_pushcube_500k_20261007T094728_f9d45348,PushCube-v1,mbpo,step_200000_model.pt,target,22,extra.tcp_pose,-0.00010169992310693488,0.0019302532309666276,False,False,518.0667406520658
mbpo_pushcube_500k_20261007T094728_f9d45348,PushCube-v1,mbpo,step_200000_model.pt,target,23,extra.tcp_pose,1.4592810657632072e-05,0.012765258550643921,False,False,78.33762207264942
mbpo_pushcube_500k_20261007T094728_f9d45348,PushCube-v1,mbpo,step_200000_model.pt,target,24,extra.tcp_pose,-8.730465197004378e-05,0.01741766557097435,False,False,57.41297511570373
mbpo_pushcube_500k_20261007T094728_f9d45348,PushCube-v1,mbpo,step_200000_model.pt,target,25,extra.goal_pos,0.0,9.999999974752427e-07,True,True,1000000.0025247573
mbpo_pushcube_500k_20261007T094728_f9d45348,PushCube-v1,mbpo,step_200000_model.pt,target,26,extra.goal_pos,0.0,9.999999974752427e-07,True,True,1000000.0025247573
mbpo_pushcube_500k_20261007T094728_f9d45348,PushCube-v1,mbpo,step_200000_model.pt,target,27,extra.goal_pos,0.0,9.999999974752427e-07,True,True,1000000.0025247573
mbpo_pushcube_500k_20261007T094728_f9d45348,PushCube-v1,mbpo,step_200000_model.pt,target,28,extra.obj_pose,-0.0002800946240313351,0.005676843225955963,False,False,176.15423928350654
mbpo_pushcube_500k_20261007T094728_f9d45348,PushCube-v1,mbpo,step_200000_model.pt,target,29,extra.obj_pose,-0.00010608560114633292,0.00394055899232626,False,False,253.77110251296162
mbpo_pushcube_500k_20261007T094728_f9d45348,PushCube-v1,mbpo,step_200000_model.pt,target,30,extra.obj_pose,-5.11588150402531e-05,0.0018053004750981927,False,False,553.9244097000576
mbpo_pushcube_500k_20261007T094728_f9d45348,PushCube-v1,mbpo,step_200000_model.pt,target,31,extra.obj_pose,-0.00026127346791327,0.013272848911583424,False,False,75.34177527834919
mbpo_pushcube_500k_20261007T094728_f9d45348,PushCube-v1,mbpo,step_200000_model.pt,target,32,extra.obj_pose,-0.000410523236496374,0.012673591263592243,False,False,78.90423315707886
mbpo_pushcube_500k_20261007T094728_f9d45348,PushCube-v1,mbpo,step_200000_model.pt,target,33,extra.obj_pose,-0.0001929705758811906,0.01014646515250206,False,False,98.55649085370443
mbpo_pushcube_500k_20261007T094728_f9d45348,PushCube-v1,mbpo,step_200000_model.pt,target,34,extra.obj_pose,0.0005425747949630022,0.017825806513428688,False,False,56.098443526057096
mbpo_pushcube_500k_20261007T094728_f9d45348,PushCube-v1,mbpo,step_200000_model.pt,target,35,reward,0.06119774654507637,0.05290508270263672,False,False,18.901775574583144
mbpo_pushcube_500k_20261007T094728_f9d45348,PushCube-v1,mbpo,step_250016_model.pt,input,0,agent.qpos,-0.007847854867577553,0.14383399486541748,False,False,6.952459332967004
mbpo_pushcube_500k_20261007T094728_f9d45348,PushCube-v1,mbpo,step_250016_model.pt,input,1,agent.qpos,0.35849642753601074,0.3387164771556854,False,False,2.952321683306734
mbpo_pushcube_500k_20261007T094728_f9d45348,PushCube-v1,mbpo,step_250016_model.pt,input,2,agent.qpos,-0.0004806999349966645,0.10472307354211807,False,False,9.548993991260339
mbpo_pushcube_500k_20261007T094728_f9d45348,PushCube-v1,mbpo,step_250016_model.pt,input,3,agent.qpos,-1.991417646408081,0.44057464599609375,False,False,2.2697629314076924
mbpo_pushcube_500k_20261007T094728_f9d45348,PushCube-v1,mbpo,step_250016_model.pt,input,4,agent.qpos,-0.002998033771291375,0.09493246674537659,False,False,10.53380402178059
mbpo_pushcube_500k_20261007T094728_f9d45348,PushCube-v1,mbpo,step_250016_model.pt,input,5,agent.qpos,2.334968328475952,0.285708487033844,False,False,3.500071035277099
mbpo_pushcube_500k_20261007T094728_f9d45348,PushCube-v1,mbpo,step_250016_model.pt,input,6,agent.qpos,0.778683066368103,0.19553500413894653,False,False,5.11417382480225
mbpo_pushcube_500k_20261007T094728_f9d45348,PushCube-v1,mbpo,step_250016_model.pt,input,7,agent.qpos,0.01679919846355915,0.008588875643908978,False,False,116.42967501912497
mbpo_pushcube_500k_20261007T094728_f9d45348,PushCube-v1,mbpo,step_250016_model.pt,input,8,agent.qpos,0.016789263114333153,0.008575796149671078,False,False,116.60724935006235
mbpo_pushcube_500k_20261007T094728_f9d45348,PushCube-v1,mbpo,step_250016_model.pt,input,9,agent.qvel,-0.002894294448196888,0.5820465087890625,False,False,1.718075763533884
mbpo_pushcube_500k_20261007T094728_f9d45348,PushCube-v1,mbpo,step_250016_model.pt,input,10,agent.qvel,-0.050098203122615814,1.4071797132492065,False,False,0.710641285249188
mbpo_pushcube_500k_20261007T094728_f9d45348,PushCube-v1,mbpo,step_250016_model.pt,input,11,agent.qvel,0.005967097356915474,0.42777442932128906,False,False,2.337680635999233
mbpo_pushcube_500k_20261007T094728_f9d45348,PushCube-v1,mbpo,step_250016_model.pt,input,12,agent.qvel,-0.03331262990832329,1.9564958810806274,False,False,0.5111178662168571
mbpo_pushcube_500k_20261007T094728_f9d45348,PushCube-v1,mbpo,step_250016_model.pt,input,13,agent.qvel,0.005575250368565321,0.3415597677230835,False,False,2.9277452864727938
mbpo_pushcube_500k_20261007T094728_f9d45348,PushCube-v1,mbpo,step_250016_model.pt,input,14,agent.qvel,-0.018170010298490524,1.115289330482483,False,False,0.8966283211616417
mbpo_pushcube_500k_20261007T094728_f9d45348,PushCube-v1,mbpo,step_250016_model.pt,input,15,agent.qvel,-0.004494315944612026,0.6856944561004639,False,False,1.458375506908701
mbpo_pushcube_500k_20261007T094728_f9d45348,PushCube-v1,mbpo,step_250016_model.pt,input,16,agent.qvel,-0.0040485127829015255,0.3104965388774872,False,False,3.220647816607613
mbpo_pushcube_500k_20261007T094728_f9d45348,PushCube-v1,mbpo,step_250016_model.pt,input,17,agent.qvel,-0.008996554650366306,0.22818265855312347,False,False,4.382453979372796
mbpo_pushcube_500k_20261007T094728_f9d45348,PushCube-v1,mbpo,step_250016_model.pt,input,18,extra.tcp_pose,-0.04010510817170143,0.10668863356113434,False,False,9.373069713438438
mbpo_pushcube_500k_20261007T094728_f9d45348,PushCube-v1,mbpo,step_250016_model.pt,input,19,extra.tcp_pose,-0.002706591971218586,0.09553026407957077,False,False,10.467886900920343
mbpo_pushcube_500k_20261007T094728_f9d45348,PushCube-v1,mbpo,step_250016_model.pt,input,20,extra.tcp_pose,0.16959893703460693,0.08874502778053284,False,False,11.268236936868261
mbpo_pushcube_500k_20261007T094728_f9d45348,PushCube-v1,mbpo,step_250016_model.pt,input,21,extra.tcp_pose,0.002246004296466708,0.014103810302913189,False,False,70.90282544380554
mbpo_pushcube_500k_20261007T094728_f9d45348,PushCube-v1,mbpo,step_250016_model.pt,input,22,extra.tcp_pose,0.9978712201118469,0.010662514716386795,False,False,93.78650596028156
mbpo_pushcube_500k_20261007T094728_f9d45348,PushCube-v1,mbpo,step_250016_model.pt,input,23,extra.tcp_pose,-0.0006493765395134687,0.022767512127757072,False,False,43.92223420761232
mbpo_pushcube_500k_20261007T094728_f9d45348,PushCube-v1,mbpo,step_250016_model.pt,input,24,extra.tcp_pose,-0.007391924969851971,0.05800111964344978,False,False,17.24104648577991
mbpo_pushcube_500k_20261007T094728_f9d45348,PushCube-v1,mbpo,step_250016_model.pt,input,25,extra.goal_pos,0.18688558042049408,0.05871589481830597,False,False,17.031163419964233
mbpo_pushcube_500k_20261007T094728_f9d45348,PushCube-v1,mbpo,step_250016_model.pt,input,26,extra.goal_pos,0.0018444149754941463,0.054489925503730774,False,False,18.352016281092784
mbpo_pushcube_500k_20261007T094728_f9d45348,PushCube-v1,mbpo,step_250016_model.pt,input,27,extra.goal_pos,0.0009999845642596483,9.999999974752427e-07,True,True,1000000.0025247573
mbpo_pushcube_500k_20261007T094728_f9d45348,PushCube-v1,mbpo,step_250016_model.pt,input,28,extra.obj_pose,-0.015421225689351559,0.0690082460641861,False,False,14.491021827592574
mbpo_pushcube_500k_20261007T094728_f9d45348,PushCube-v1,mbpo,step_250016_model.pt,input,29,extra.obj_pose,0.002717846306040883,0.06186244264245033,False,False,16.164896782038717
mbpo_pushcube_500k_20261007T094728_f9d45348,PushCube-v1,mbpo,step_250016_model.pt,input,30,extra.obj_pose,0.019986538216471672,0.0017414095345884562,False,False,574.2474588186564
mbpo_pushcube_500k_20261007T094728_f9d45348,PushCube-v1,mbpo,step_250016_model.pt,input,31,extra.obj_pose,0.9884514808654785,0.0960598960518837,False,False,10.410171581487885
mbpo_pushcube_500k_20261007T094728_f9d45348,PushCube-v1,mbpo,step_250016_model.pt,input,32,extra.obj_pose,0.0027387943118810654,0.03995766490697861,False,False,25.02648746687272
mbpo_pushcube_500k_20261007T094728_f9d45348,PushCube-v1,mbpo,step_250016_model.pt,input,33,extra.obj_pose,0.004085983149707317,0.0605013407766819,False,False,16.528559320546737
mbpo_pushcube_500k_20261007T094728_f9d45348,PushCube-v1,mbpo,step_250016_model.pt,input,34,extra.obj_pose,0.012358760461211205,0.09112267941236496,False,False,10.97421636906239
mbpo_pushcube_500k_20261007T094728_f9d45348,PushCube-v1,mbpo,step_250016_model.pt,input,35,action,0.0005261533660814166,0.5760304927825928,False,False,1.7360192082356014
mbpo_pushcube_500k_20261007T094728_f9d45348,PushCube-v1,mbpo,step_250016_model.pt,input,36,action,0.006873928476125002,0.573354959487915,False,False,1.7441202582308484
mbpo_pushcube_500k_20261007T094728_f9d45348,PushCube-v1,mbpo,step_250016_model.pt,input,37,action,0.003548708278685808,0.5718120336532593,False,False,1.74882643446848
mbpo_pushcube_500k_20261007T094728_f9d45348,PushCube-v1,mbpo,step_250016_model.pt,input,38,action,0.01366855762898922,0.5759720802307129,False,False,1.736195267658525
mbpo_pushcube_500k_20261007T094728_f9d45348,PushCube-v1,mbpo,step_250016_model.pt,target,0,agent.qpos,5.7683471823111176e-05,0.028777411207556725,False,False,34.74947738653461
mbpo_pushcube_500k_20261007T094728_f9d45348,PushCube-v1,mbpo,step_250016_model.pt,target,1,agent.qpos,-0.0024747061543166637,0.07093438506126404,False,False,14.097535336865585
mbpo_pushcube_500k_20261007T094728_f9d45348,PushCube-v1,mbpo,step_250016_model.pt,target,2,agent.qpos,0.00016763379971962422,0.025312181562185287,False,False,39.50666984365873
mbpo_pushcube_500k_20261007T094728_f9d45348,PushCube-v1,mbpo,step_250016_model.pt,target,3,agent.qpos,-0.002147896448150277,0.11131690442562103,False,False,8.98336155824539
mbpo_pushcube_500k_20261007T094728_f9d45348,PushCube-v1,mbpo,step_250016_model.pt,target,4,agent.qpos,0.0005001333192922175,0.021749675273895264,False,False,45.97769793833362
mbpo_pushcube_500k_20261007T094728_f9d45348,PushCube-v1,mbpo,step_250016_model.pt,target,5,agent.qpos,-0.0004863249196205288,0.07349445670843124,False,False,13.606468362195274
mbpo_pushcube_500k_20261007T094728_f9d45348,PushCube-v1,mbpo,step_250016_model.pt,target,6,agent.qpos,-0.0004463384975679219,0.04415141046047211,False,False,22.649333046682177
mbpo_pushcube_500k_20261007T094728_f9d45348,PushCube-v1,mbpo,step_250016_model.pt,target,7,agent.qpos,-0.0005137587431818247,0.006672624498605728,False,False,149.86606847260086
mbpo_pushcube_500k_20261007T094728_f9d45348,PushCube-v1,mbpo,step_250016_model.pt,target,8,agent.qpos,-0.0005129253258928657,0.006596163846552372,False,False,151.60326869725526
mbpo_pushcube_500k_20261007T094728_f9d45348,PushCube-v1,mbpo,step_250016_model.pt,target,9,agent.qvel,0.004316552076488733,0.7889513969421387,False,False,1.2675052023177285
mbpo_pushcube_500k_20261007T094728_f9d45348,PushCube-v1,mbpo,step_250016_model.pt,target,10,agent.qvel,0.00015306632849387825,1.971665620803833,False,False,0.5071853916042355
mbpo_pushcube_500k_20261007T094728_f9d45348,PushCube-v1,mbpo,step_250016_model.pt,target,11,agent.qvel,-0.0038186495658010244,0.580298662185669,False,False,1.72325056934225
mbpo_pushcube_500k_20261007T094728_f9d45348,PushCube-v1,mbpo,step_250016_model.pt,target,12,agent.qvel,-0.010321630164980888,2.807530403137207,False,False,0.3561849228355904
mbpo_pushcube_500k_20261007T094728_f9d45348,PushCube-v1,mbpo,step_250016_model.pt,target,13,agent.qvel,0.0026934512425214052,0.4468606412410736,False,False,2.2378341427042736
mbpo_pushcube_500k_20261007T094728_f9d45348,PushCube-v1,mbpo,step_250016_model.pt,target,14,agent.qvel,0.00287339324131608,1.593991994857788,False,False,0.6273557227551932
mbpo_pushcube_500k_20261007T094728_f9d45348,PushCube-v1,mbpo,step_250016_model.pt,target,15,agent.qvel,-0.003581424243748188,0.9725621342658997,False,False,1.0282119411885295
mbpo_pushcube_500k_20261007T094728_f9d45348,PushCube-v1,mbpo,step_250016_model.pt,target,16,agent.qvel,0.005248419474810362,0.39933645725250244,False,False,2.504154033118231
mbpo_pushcube_500k_20261007T094728_f9d45348,PushCube-v1,mbpo,step_250016_model.pt,target,17,agent.qvel,-0.0010731829097494483,0.35654416680336,False,False,2.804701613731677
mbpo_pushcube_500k_20261007T094728_f9d45348,PushCube-v1,mbpo,step_250016_model.pt,target,18,extra.tcp_pose,-0.0017011292511597276,0.023149460554122925,False,False,43.19755087432911
mbpo_pushcube_500k_20261007T094728_f9d45348,PushCube-v1,mbpo,step_250016_model.pt,target,19,extra.tcp_pose,0.0002386864071013406,0.015472536906599998,False,False,64.63064241090534
mbpo_pushcube_500k_20261007T094728_f9d45348,PushCube-v1,mbpo,step_250016_model.pt,target,20,extra.tcp_pose,0.0001292714150622487,0.01620550826191902,False,False,61.707413543447984
mbpo_pushcube_500k_20261007T094728_f9d45348,PushCube-v1,mbpo,step_250016_model.pt,target,21,extra.tcp_pose,3.846726758638397e-05,0.004640260245651007,False,False,215.50515425018037
mbpo_pushcube_500k_20261007T094728_f9d45348,PushCube-v1,mbpo,step_250016_model.pt,target,22,extra.tcp_pose,-0.00010169992310693488,0.0019302532309666276,False,False,518.0667406520658
mbpo_pushcube_500k_20261007T094728_f9d45348,PushCube-v1,mbpo,step_250016_model.pt,target,23,extra.tcp_pose,1.4592810657632072e-05,0.012765258550643921,False,False,78.33762207264942
mbpo_pushcube_500k_20261007T094728_f9d45348,PushCube-v1,mbpo,step_250016_model.pt,target,24,extra.tcp_pose,-8.730465197004378e-05,0.01741766557097435,False,False,57.41297511570373
mbpo_pushcube_500k_20261007T094728_f9d45348,PushCube-v1,mbpo,step_250016_model.pt,target,25,extra.goal_pos,0.0,9.999999974752427e-07,True,True,1000000.0025247573
mbpo_pushcube_500k_20261007T094728_f9d45348,PushCube-v1,mbpo,step_250016_model.pt,target,26,extra.goal_pos,0.0,9.999999974752427e-07,True,True,1000000.0025247573
mbpo_pushcube_500k_20261007T094728_f9d45348,PushCube-v1,mbpo,step_250016_model.pt,target,27,extra.goal_pos,0.0,9.999999974752427e-07,True,True,1000000.0025247573
mbpo_pushcube_500k_20261007T094728_f9d45348,PushCube-v1,mbpo,step_250016_model.pt,target,28,extra.obj_pose,-0.0002800946240313351,0.005676843225955963,False,False,176.15423928350654
mbpo_pushcube_500k_20261007T094728_f9d45348,PushCube-v1,mbpo,step_250016_model.pt,target,29,extra.obj_pose,-0.00010608560114633292,0.00394055899232626,False,False,253.77110251296162
mbpo_pushcube_500k_20261007T094728_f9d45348,PushCube-v1,mbpo,step_250016_model.pt,target,30,extra.obj_pose,-5.11588150402531e-05,0.0018053004750981927,False,False,553.9244097000576
mbpo_pushcube_500k_20261007T094728_f9d45348,PushCube-v1,mbpo,step_250016_model.pt,target,31,extra.obj_pose,-0.00026127346791327,0.013272848911583424,False,False,75.34177527834919
mbpo_pushcube_500k_20261007T094728_f9d45348,PushCube-v1,mbpo,step_250016_model.pt,target,32,extra.obj_pose,-0.000410523236496374,0.012673591263592243,False,False,78.90423315707886
mbpo_pushcube_500k_20261007T094728_f9d45348,PushCube-v1,mbpo,step_250016_model.pt,target,33,extra.obj_pose,-0.0001929705758811906,0.01014646515250206,False,False,98.55649085370443
mbpo_pushcube_500k_20261007T094728_f9d45348,PushCube-v1,mbpo,step_250016_model.pt,target,34,extra.obj_pose,0.0005425747949630022,0.017825806513428688,False,False,56.098443526057096
mbpo_pushcube_500k_20261007T094728_f9d45348,PushCube-v1,mbpo,step_250016_model.pt,target,35,reward,0.06119774654507637,0.05290508270263672,False,False,18.901775574583144
mbpo_pushcube_500k_20261007T094728_f9d45348,PushCube-v1,mbpo,step_300000_model.pt,input,0,agent.qpos,-0.007847854867577553,0.14383399486541748,False,False,6.952459332967004
mbpo_pushcube_500k_20261007T094728_f9d45348,PushCube-v1,mbpo,step_300000_model.pt,input,1,agent.qpos,0.35849642753601074,0.3387164771556854,False,False,2.952321683306734
mbpo_pushcube_500k_20261007T094728_f9d45348,PushCube-v1,mbpo,step_300000_model.pt,input,2,agent.qpos,-0.0004806999349966645,0.10472307354211807,False,False,9.548993991260339
mbpo_pushcube_500k_20261007T094728_f9d45348,PushCube-v1,mbpo,step_300000_model.pt,input,3,agent.qpos,-1.991417646408081,0.44057464599609375,False,False,2.2697629314076924
mbpo_pushcube_500k_20261007T094728_f9d45348,PushCube-v1,mbpo,step_300000_model.pt,input,4,agent.qpos,-0.002998033771291375,0.09493246674537659,False,False,10.53380402178059
mbpo_pushcube_500k_20261007T094728_f9d45348,PushCube-v1,mbpo,step_300000_model.pt,input,5,agent.qpos,2.334968328475952,0.285708487033844,False,False,3.500071035277099
mbpo_pushcube_500k_20261007T094728_f9d45348,PushCube-v1,mbpo,step_300000_model.pt,input,6,agent.qpos,0.778683066368103,0.19553500413894653,False,False,5.11417382480225
mbpo_pushcube_500k_20261007T094728_f9d45348,PushCube-v1,mbpo,step_300000_model.pt,input,7,agent.qpos,0.01679919846355915,0.008588875643908978,False,False,116.42967501912497
mbpo_pushcube_500k_20261007T094728_f9d45348,PushCube-v1,mbpo,step_300000_model.pt,input,8,agent.qpos,0.016789263114333153,0.008575796149671078,False,False,116.60724935006235
mbpo_pushcube_500k_20261007T094728_f9d45348,PushCube-v1,mbpo,step_300000_model.pt,input,9,agent.qvel,-0.002894294448196888,0.5820465087890625,False,False,1.718075763533884
mbpo_pushcube_500k_20261007T094728_f9d45348,PushCube-v1,mbpo,step_300000_model.pt,input,10,agent.qvel,-0.050098203122615814,1.4071797132492065,False,False,0.710641285249188
mbpo_pushcube_500k_20261007T094728_f9d45348,PushCube-v1,mbpo,step_300000_model.pt,input,11,agent.qvel,0.005967097356915474,0.42777442932128906,False,False,2.337680635999233
mbpo_pushcube_500k_20261007T094728_f9d45348,PushCube-v1,mbpo,step_300000_model.pt,input,12,agent.qvel,-0.03331262990832329,1.9564958810806274,False,False,0.5111178662168571
mbpo_pushcube_500k_20261007T094728_f9d45348,PushCube-v1,mbpo,step_300000_model.pt,input,13,agent.qvel,0.005575250368565321,0.3415597677230835,False,False,2.9277452864727938
mbpo_pushcube_500k_20261007T094728_f9d45348,PushCube-v1,mbpo,step_300000_model.pt,input,14,agent.qvel,-0.018170010298490524,1.115289330482483,False,False,0.8966283211616417
mbpo_pushcube_500k_20261007T094728_f9d45348,PushCube-v1,mbpo,step_300000_model.pt,input,15,agent.qvel,-0.004494315944612026,0.6856944561004639,False,False,1.458375506908701
mbpo_pushcube_500k_20261007T094728_f9d45348,PushCube-v1,mbpo,step_300000_model.pt,input,16,agent.qvel,-0.0040485127829015255,0.3104965388774872,False,False,3.220647816607613
mbpo_pushcube_500k_20261007T094728_f9d45348,PushCube-v1,mbpo,step_300000_model.pt,input,17,agent.qvel,-0.008996554650366306,0.22818265855312347,False,False,4.382453979372796
mbpo_pushcube_500k_20261007T094728_f9d45348,PushCube-v1,mbpo,step_300000_model.pt,input,18,extra.tcp_pose,-0.04010510817170143,0.10668863356113434,False,False,9.373069713438438
mbpo_pushcube_500k_20261007T094728_f9d45348,PushCube-v1,mbpo,step_300000_model.pt,input,19,extra.tcp_pose,-0.002706591971218586,0.09553026407957077,False,False,10.467886900920343
mbpo_pushcube_500k_20261007T094728_f9d45348,PushCube-v1,mbpo,step_300000_model.pt,input,20,extra.tcp_pose,0.16959893703460693,0.08874502778053284,False,False,11.268236936868261
mbpo_pushcube_500k_20261007T094728_f9d45348,PushCube-v1,mbpo,step_300000_model.pt,input,21,extra.tcp_pose,0.002246004296466708,0.014103810302913189,False,False,70.90282544380554
mbpo_pushcube_500k_20261007T094728_f9d45348,PushCube-v1,mbpo,step_300000_model.pt,input,22,extra.tcp_pose,0.9978712201118469,0.010662514716386795,False,False,93.78650596028156
mbpo_pushcube_500k_20261007T094728_f9d45348,PushCube-v1,mbpo,step_300000_model.pt,input,23,extra.tcp_pose,-0.0006493765395134687,0.022767512127757072,False,False,43.92223420761232
mbpo_pushcube_500k_20261007T094728_f9d45348,PushCube-v1,mbpo,step_300000_model.pt,input,24,extra.tcp_pose,-0.007391924969851971,0.05800111964344978,False,False,17.24104648577991
mbpo_pushcube_500k_20261007T094728_f9d45348,PushCube-v1,mbpo,step_300000_model.pt,input,25,extra.goal_pos,0.18688558042049408,0.05871589481830597,False,False,17.031163419964233
mbpo_pushcube_500k_20261007T094728_f9d45348,PushCube-v1,mbpo,step_300000_model.pt,input,26,extra.goal_pos,0.0018444149754941463,0.054489925503730774,False,False,18.352016281092784
mbpo_pushcube_500k_20261007T094728_f9d45348,PushCube-v1,mbpo,step_300000_model.pt,input,27,extra.goal_pos,0.0009999845642596483,9.999999974752427e-07,True,True,1000000.0025247573
mbpo_pushcube_500k_20261007T094728_f9d45348,PushCube-v1,mbpo,step_300000_model.pt,input,28,extra.obj_pose,-0.015421225689351559,0.0690082460641861,False,False,14.491021827592574
mbpo_pushcube_500k_20261007T094728_f9d45348,PushCube-v1,mbpo,step_300000_model.pt,input,29,extra.obj_pose,0.002717846306040883,0.06186244264245033,False,False,16.164896782038717
mbpo_pushcube_500k_20261007T094728_f9d45348,PushCube-v1,mbpo,step_300000_model.pt,input,30,extra.obj_pose,0.019986538216471672,0.0017414095345884562,False,False,574.2474588186564
mbpo_pushcube_500k_20261007T094728_f9d45348,PushCube-v1,mbpo,step_300000_model.pt,input,31,extra.obj_pose,0.9884514808654785,0.0960598960518837,False,False,10.410171581487885
mbpo_pushcube_500k_20261007T094728_f9d45348,PushCube-v1,mbpo,step_300000_model.pt,input,32,extra.obj_pose,0.0027387943118810654,0.03995766490697861,False,False,25.02648746687272
mbpo_pushcube_500k_20261007T094728_f9d45348,PushCube-v1,mbpo,step_300000_model.pt,input,33,extra.obj_pose,0.004085983149707317,0.0605013407766819,False,False,16.528559320546737
mbpo_pushcube_500k_20261007T094728_f9d45348,PushCube-v1,mbpo,step_300000_model.pt,input,34,extra.obj_pose,0.012358760461211205,0.09112267941236496,False,False,10.97421636906239
mbpo_pushcube_500k_20261007T094728_f9d45348,PushCube-v1,mbpo,step_300000_model.pt,input,35,action,0.0005261533660814166,0.5760304927825928,False,False,1.7360192082356014
mbpo_pushcube_500k_20261007T094728_f9d45348,PushCube-v1,mbpo,step_300000_model.pt,input,36,action,0.006873928476125002,0.573354959487915,False,False,1.7441202582308484
mbpo_pushcube_500k_20261007T094728_f9d45348,PushCube-v1,mbpo,step_300000_model.pt,input,37,action,0.003548708278685808,0.5718120336532593,False,False,1.74882643446848
mbpo_pushcube_500k_20261007T094728_f9d45348,PushCube-v1,mbpo,step_300000_model.pt,input,38,action,0.01366855762898922,0.5759720802307129,False,False,1.736195267658525
mbpo_pushcube_500k_20261007T094728_f9d45348,PushCube-v1,mbpo,step_300000_model.pt,target,0,agent.qpos,5.7683471823111176e-05,0.028777411207556725,False,False,34.74947738653461
mbpo_pushcube_500k_20261007T094728_f9d45348,PushCube-v1,mbpo,step_300000_model.pt,target,1,agent.qpos,-0.0024747061543166637,0.07093438506126404,False,False,14.097535336865585
mbpo_pushcube_500k_20261007T094728_f9d45348,PushCube-v1,mbpo,step_300000_model.pt,target,2,agent.qpos,0.00016763379971962422,0.025312181562185287,False,False,39.50666984365873
mbpo_pushcube_500k_20261007T094728_f9d45348,PushCube-v1,mbpo,step_300000_model.pt,target,3,agent.qpos,-0.002147896448150277,0.11131690442562103,False,False,8.98336155824539
mbpo_pushcube_500k_20261007T094728_f9d45348,PushCube-v1,mbpo,step_300000_model.pt,target,4,agent.qpos,0.0005001333192922175,0.021749675273895264,False,False,45.97769793833362
mbpo_pushcube_500k_20261007T094728_f9d45348,PushCube-v1,mbpo,step_300000_model.pt,target,5,agent.qpos,-0.0004863249196205288,0.07349445670843124,False,False,13.606468362195274
mbpo_pushcube_500k_20261007T094728_f9d45348,PushCube-v1,mbpo,step_300000_model.pt,target,6,agent.qpos,-0.0004463384975679219,0.04415141046047211,False,False,22.649333046682177
mbpo_pushcube_500k_20261007T094728_f9d45348,PushCube-v1,mbpo,step_300000_model.pt,target,7,agent.qpos,-0.0005137587431818247,0.006672624498605728,False,False,149.86606847260086
mbpo_pushcube_500k_20261007T094728_f9d45348,PushCube-v1,mbpo,step_300000_model.pt,target,8,agent.qpos,-0.0005129253258928657,0.006596163846552372,False,False,151.60326869725526
mbpo_pushcube_500k_20261007T094728_f9d45348,PushCube-v1,mbpo,step_300000_model.pt,target,9,agent.qvel,0.004316552076488733,0.7889513969421387,False,False,1.2675052023177285
mbpo_pushcube_500k_20261007T094728_f9d45348,PushCube-v1,mbpo,step_300000_model.pt,target,10,agent.qvel,0.00015306632849387825,1.971665620803833,False,False,0.5071853916042355
mbpo_pushcube_500k_20261007T094728_f9d45348,PushCube-v1,mbpo,step_300000_model.pt,target,11,agent.qvel,-0.0038186495658010244,0.580298662185669,False,False,1.72325056934225
mbpo_pushcube_500k_20261007T094728_f9d45348,PushCube-v1,mbpo,step_300000_model.pt,target,12,agent.qvel,-0.010321630164980888,2.807530403137207,False,False,0.3561849228355904
mbpo_pushcube_500k_20261007T094728_f9d45348,PushCube-v1,mbpo,step_300000_model.pt,target,13,agent.qvel,0.0026934512425214052,0.4468606412410736,False,False,2.2378341427042736
mbpo_pushcube_500k_20261007T094728_f9d45348,PushCube-v1,mbpo,step_300000_model.pt,target,14,agent.qvel,0.00287339324131608,1.593991994857788,False,False,0.6273557227551932
mbpo_pushcube_500k_20261007T094728_f9d45348,PushCube-v1,mbpo,step_300000_model.pt,target,15,agent.qvel,-0.003581424243748188,0.9725621342658997,False,False,1.0282119411885295
mbpo_pushcube_500k_20261007T094728_f9d45348,PushCube-v1,mbpo,step_300000_model.pt,target,16,agent.qvel,0.005248419474810362,0.39933645725250244,False,False,2.504154033118231
mbpo_pushcube_500k_20261007T094728_f9d45348,PushCube-v1,mbpo,step_300000_model.pt,target,17,agent.qvel,-0.0010731829097494483,0.35654416680336,False,False,2.804701613731677
mbpo_pushcube_500k_20261007T094728_f9d45348,PushCube-v1,mbpo,step_300000_model.pt,target,18,extra.tcp_pose,-0.0017011292511597276,0.023149460554122925,False,False,43.19755087432911
mbpo_pushcube_500k_20261007T094728_f9d45348,PushCube-v1,mbpo,step_300000_model.pt,target,19,extra.tcp_pose,0.0002386864071013406,0.015472536906599998,False,False,64.63064241090534
mbpo_pushcube_500k_20261007T094728_f9d45348,PushCube-v1,mbpo,step_300000_model.pt,target,20,extra.tcp_pose,0.0001292714150622487,0.01620550826191902,False,False,61.707413543447984
mbpo_pushcube_500k_20261007T094728_f9d45348,PushCube-v1,mbpo,step_300000_model.pt,target,21,extra.tcp_pose,3.846726758638397e-05,0.004640260245651007,False,False,215.50515425018037
mbpo_pushcube_500k_20261007T094728_f9d45348,PushCube-v1,mbpo,step_300000_model.pt,target,22,extra.tcp_pose,-0.00010169992310693488,0.0019302532309666276,False,False,518.0667406520658
mbpo_pushcube_500k_20261007T094728_f9d45348,PushCube-v1,mbpo,step_300000_model.pt,target,23,extra.tcp_pose,1.4592810657632072e-05,0.012765258550643921,False,False,78.33762207264942
mbpo_pushcube_500k_20261007T094728_f9d45348,PushCube-v1,mbpo,step_300000_model.pt,target,24,extra.tcp_pose,-8.730465197004378e-05,0.01741766557097435,False,False,57.41297511570373
mbpo_pushcube_500k_20261007T094728_f9d45348,PushCube-v1,mbpo,step_300000_model.pt,target,25,extra.goal_pos,0.0,9.999999974752427e-07,True,True,1000000.0025247573
mbpo_pushcube_500k_20261007T094728_f9d45348,PushCube-v1,mbpo,step_300000_model.pt,target,26,extra.goal_pos,0.0,9.999999974752427e-07,True,True,1000000.0025247573
mbpo_pushcube_500k_20261007T094728_f9d45348,PushCube-v1,mbpo,step_300000_model.pt,target,27,extra.goal_pos,0.0,9.999999974752427e-07,True,True,1000000.0025247573
mbpo_pushcube_500k_20261007T094728_f9d45348,PushCube-v1,mbpo,step_300000_model.pt,target,28,extra.obj_pose,-0.0002800946240313351,0.005676843225955963,False,False,176.15423928350654
mbpo_pushcube_500k_20261007T094728_f9d45348,PushCube-v1,mbpo,step_300000_model.pt,target,29,extra.obj_pose,-0.00010608560114633292,0.00394055899232626,False,False,253.77110251296162
mbpo_pushcube_500k_20261007T094728_f9d45348,PushCube-v1,mbpo,step_300000_model.pt,target,30,extra.obj_pose,-5.11588150402531e-05,0.0018053004750981927,False,False,553.9244097000576
mbpo_pushcube_500k_20261007T094728_f9d45348,PushCube-v1,mbpo,step_300000_model.pt,target,31,extra.obj_pose,-0.00026127346791327,0.013272848911583424,False,False,75.34177527834919
mbpo_pushcube_500k_20261007T094728_f9d45348,PushCube-v1,mbpo,step_300000_model.pt,target,32,extra.obj_pose,-0.000410523236496374,0.012673591263592243,False,False,78.90423315707886
mbpo_pushcube_500k_20261007T094728_f9d45348,PushCube-v1,mbpo,step_300000_model.pt,target,33,extra.obj_pose,-0.0001929705758811906,0.01014646515250206,False,False,98.55649085370443
mbpo_pushcube_500k_20261007T094728_f9d45348,PushCube-v1,mbpo,step_300000_model.pt,target,34,extra.obj_pose,0.0005425747949630022,0.017825806513428688,False,False,56.098443526057096
mbpo_pushcube_500k_20261007T094728_f9d45348,PushCube-v1,mbpo,step_300000_model.pt,target,35,reward,0.06119774654507637,0.05290508270263672,False,False,18.901775574583144
mbpo_pushcube_500k_20261007T094728_f9d45348,PushCube-v1,mbpo,step_350016_model.pt,input,0,agent.qpos,-0.007847854867577553,0.14383399486541748,False,False,6.952459332967004
mbpo_pushcube_500k_20261007T094728_f9d45348,PushCube-v1,mbpo,step_350016_model.pt,input,1,agent.qpos,0.35849642753601074,0.3387164771556854,False,False,2.952321683306734
mbpo_pushcube_500k_20261007T094728_f9d45348,PushCube-v1,mbpo,step_350016_model.pt,input,2,agent.qpos,-0.0004806999349966645,0.10472307354211807,False,False,9.548993991260339
mbpo_pushcube_500k_20261007T094728_f9d45348,PushCube-v1,mbpo,step_350016_model.pt,input,3,agent.qpos,-1.991417646408081,0.44057464599609375,False,False,2.2697629314076924
mbpo_pushcube_500k_20261007T094728_f9d45348,PushCube-v1,mbpo,step_350016_model.pt,input,4,agent.qpos,-0.002998033771291375,0.09493246674537659,False,False,10.53380402178059
mbpo_pushcube_500k_20261007T094728_f9d45348,PushCube-v1,mbpo,step_350016_model.pt,input,5,agent.qpos,2.334968328475952,0.285708487033844,False,False,3.500071035277099
mbpo_pushcube_500k_20261007T094728_f9d45348,PushCube-v1,mbpo,step_350016_model.pt,input,6,agent.qpos,0.778683066368103,0.19553500413894653,False,False,5.11417382480225
mbpo_pushcube_500k_20261007T094728_f9d45348,PushCube-v1,mbpo,step_350016_model.pt,input,7,agent.qpos,0.01679919846355915,0.008588875643908978,False,False,116.42967501912497
mbpo_pushcube_500k_20261007T094728_f9d45348,PushCube-v1,mbpo,step_350016_model.pt,input,8,agent.qpos,0.016789263114333153,0.008575796149671078,False,False,116.60724935006235
mbpo_pushcube_500k_20261007T094728_f9d45348,PushCube-v1,mbpo,step_350016_model.pt,input,9,agent.qvel,-0.002894294448196888,0.5820465087890625,False,False,1.718075763533884
mbpo_pushcube_500k_20261007T094728_f9d45348,PushCube-v1,mbpo,step_350016_model.pt,input,10,agent.qvel,-0.050098203122615814,1.4071797132492065,False,False,0.710641285249188
mbpo_pushcube_500k_20261007T094728_f9d45348,PushCube-v1,mbpo,step_350016_model.pt,input,11,agent.qvel,0.005967097356915474,0.42777442932128906,False,False,2.337680635999233
mbpo_pushcube_500k_20261007T094728_f9d45348,PushCube-v1,mbpo,step_350016_model.pt,input,12,agent.qvel,-0.03331262990832329,1.9564958810806274,False,False,0.5111178662168571
mbpo_pushcube_500k_20261007T094728_f9d45348,PushCube-v1,mbpo,step_350016_model.pt,input,13,agent.qvel,0.005575250368565321,0.3415597677230835,False,False,2.9277452864727938
mbpo_pushcube_500k_20261007T094728_f9d45348,PushCube-v1,mbpo,step_350016_model.pt,input,14,agent.qvel,-0.018170010298490524,1.115289330482483,False,False,0.8966283211616417
mbpo_pushcube_500k_20261007T094728_f9d45348,PushCube-v1,mbpo,step_350016_model.pt,input,15,agent.qvel,-0.004494315944612026,0.6856944561004639,False,False,1.458375506908701
mbpo_pushcube_500k_20261007T094728_f9d45348,PushCube-v1,mbpo,step_350016_model.pt,input,16,agent.qvel,-0.0040485127829015255,0.3104965388774872,False,False,3.220647816607613
mbpo_pushcube_500k_20261007T094728_f9d45348,PushCube-v1,mbpo,step_350016_model.pt,input,17,agent.qvel,-0.008996554650366306,0.22818265855312347,False,False,4.382453979372796
mbpo_pushcube_500k_20261007T094728_f9d45348,PushCube-v1,mbpo,step_350016_model.pt,input,18,extra.tcp_pose,-0.04010510817170143,0.10668863356113434,False,False,9.373069713438438
mbpo_pushcube_500k_20261007T094728_f9d45348,PushCube-v1,mbpo,step_350016_model.pt,input,19,extra.tcp_pose,-0.002706591971218586,0.09553026407957077,False,False,10.467886900920343
mbpo_pushcube_500k_20261007T094728_f9d45348,PushCube-v1,mbpo,step_350016_model.pt,input,20,extra.tcp_pose,0.16959893703460693,0.08874502778053284,False,False,11.268236936868261
mbpo_pushcube_500k_20261007T094728_f9d45348,PushCube-v1,mbpo,step_350016_model.pt,input,21,extra.tcp_pose,0.002246004296466708,0.014103810302913189,False,False,70.90282544380554
mbpo_pushcube_500k_20261007T094728_f9d45348,PushCube-v1,mbpo,step_350016_model.pt,input,22,extra.tcp_pose,0.9978712201118469,0.010662514716386795,False,False,93.78650596028156
mbpo_pushcube_500k_20261007T094728_f9d45348,PushCube-v1,mbpo,step_350016_model.pt,input,23,extra.tcp_pose,-0.0006493765395134687,0.022767512127757072,False,False,43.92223420761232
mbpo_pushcube_500k_20261007T094728_f9d45348,PushCube-v1,mbpo,step_350016_model.pt,input,24,extra.tcp_pose,-0.007391924969851971,0.05800111964344978,False,False,17.24104648577991
mbpo_pushcube_500k_20261007T094728_f9d45348,PushCube-v1,mbpo,step_350016_model.pt,input,25,extra.goal_pos,0.18688558042049408,0.05871589481830597,False,False,17.031163419964233
mbpo_pushcube_500k_20261007T094728_f9d45348,PushCube-v1,mbpo,step_350016_model.pt,input,26,extra.goal_pos,0.0018444149754941463,0.054489925503730774,False,False,18.352016281092784
mbpo_pushcube_500k_20261007T094728_f9d45348,PushCube-v1,mbpo,step_350016_model.pt,input,27,extra.goal_pos,0.0009999845642596483,9.999999974752427e-07,True,True,1000000.0025247573
mbpo_pushcube_500k_20261007T094728_f9d45348,PushCube-v1,mbpo,step_350016_model.pt,input,28,extra.obj_pose,-0.015421225689351559,0.0690082460641861,False,False,14.491021827592574
mbpo_pushcube_500k_20261007T094728_f9d45348,PushCube-v1,mbpo,step_350016_model.pt,input,29,extra.obj_pose,0.002717846306040883,0.06186244264245033,False,False,16.164896782038717
mbpo_pushcube_500k_20261007T094728_f9d45348,PushCube-v1,mbpo,step_350016_model.pt,input,30,extra.obj_pose,0.019986538216471672,0.0017414095345884562,False,False,574.2474588186564
mbpo_pushcube_500k_20261007T094728_f9d45348,PushCube-v1,mbpo,step_350016_model.pt,input,31,extra.obj_pose,0.9884514808654785,0.0960598960518837,False,False,10.410171581487885
mbpo_pushcube_500k_20261007T094728_f9d45348,PushCube-v1,mbpo,step_350016_model.pt,input,32,extra.obj_pose,0.0027387943118810654,0.03995766490697861,False,False,25.02648746687272
mbpo_pushcube_500k_20261007T094728_f9d45348,PushCube-v1,mbpo,step_350016_model.pt,input,33,extra.obj_pose,0.004085983149707317,0.0605013407766819,False,False,16.528559320546737
mbpo_pushcube_500k_20261007T094728_f9d45348,PushCube-v1,mbpo,step_350016_model.pt,input,34,extra.obj_pose,0.012358760461211205,0.09112267941236496,False,False,10.97421636906239
mbpo_pushcube_500k_20261007T094728_f9d45348,PushCube-v1,mbpo,step_350016_model.pt,input,35,action,0.0005261533660814166,0.5760304927825928,False,False,1.7360192082356014
mbpo_pushcube_500k_20261007T094728_f9d45348,PushCube-v1,mbpo,step_350016_model.pt,input,36,action,0.006873928476125002,0.573354959487915,False,False,1.7441202582308484
mbpo_pushcube_500k_20261007T094728_f9d45348,PushCube-v1,mbpo,step_350016_model.pt,input,37,action,0.003548708278685808,0.5718120336532593,False,False,1.74882643446848
mbpo_pushcube_500k_20261007T094728_f9d45348,PushCube-v1,mbpo,step_350016_model.pt,input,38,action,0.01366855762898922,0.5759720802307129,False,False,1.736195267658525
mbpo_pushcube_500k_20261007T094728_f9d45348,PushCube-v1,mbpo,step_350016_model.pt,target,0,agent.qpos,5.7683471823111176e-05,0.028777411207556725,False,False,34.74947738653461
mbpo_pushcube_500k_20261007T094728_f9d45348,PushCube-v1,mbpo,step_350016_model.pt,target,1,agent.qpos,-0.0024747061543166637,0.07093438506126404,False,False,14.097535336865585
mbpo_pushcube_500k_20261007T094728_f9d45348,PushCube-v1,mbpo,step_350016_model.pt,target,2,agent.qpos,0.00016763379971962422,0.025312181562185287,False,False,39.50666984365873
mbpo_pushcube_500k_20261007T094728_f9d45348,PushCube-v1,mbpo,step_350016_model.pt,target,3,agent.qpos,-0.002147896448150277,0.11131690442562103,False,False,8.98336155824539
mbpo_pushcube_500k_20261007T094728_f9d45348,PushCube-v1,mbpo,step_350016_model.pt,target,4,agent.qpos,0.0005001333192922175,0.021749675273895264,False,False,45.97769793833362
mbpo_pushcube_500k_20261007T094728_f9d45348,PushCube-v1,mbpo,step_350016_model.pt,target,5,agent.qpos,-0.0004863249196205288,0.07349445670843124,False,False,13.606468362195274
mbpo_pushcube_500k_20261007T094728_f9d45348,PushCube-v1,mbpo,step_350016_model.pt,target,6,agent.qpos,-0.0004463384975679219,0.04415141046047211,False,False,22.649333046682177
mbpo_pushcube_500k_20261007T094728_f9d45348,PushCube-v1,mbpo,step_350016_model.pt,target,7,agent.qpos,-0.0005137587431818247,0.006672624498605728,False,False,149.86606847260086
mbpo_pushcube_500k_20261007T094728_f9d45348,PushCube-v1,mbpo,step_350016_model.pt,target,8,agent.qpos,-0.0005129253258928657,0.006596163846552372,False,False,151.60326869725526
mbpo_pushcube_500k_20261007T094728_f9d45348,PushCube-v1,mbpo,step_350016_model.pt,target,9,agent.qvel,0.004316552076488733,0.7889513969421387,False,False,1.2675052023177285
mbpo_pushcube_500k_20261007T094728_f9d45348,PushCube-v1,mbpo,step_350016_model.pt,target,10,agent.qvel,0.00015306632849387825,1.971665620803833,False,False,0.5071853916042355
mbpo_pushcube_500k_20261007T094728_f9d45348,PushCube-v1,mbpo,step_350016_model.pt,target,11,agent.qvel,-0.0038186495658010244,0.580298662185669,False,False,1.72325056934225
mbpo_pushcube_500k_20261007T094728_f9d45348,PushCube-v1,mbpo,step_350016_model.pt,target,12,agent.qvel,-0.010321630164980888,2.807530403137207,False,False,0.3561849228355904
mbpo_pushcube_500k_20261007T094728_f9d45348,PushCube-v1,mbpo,step_350016_model.pt,target,13,agent.qvel,0.0026934512425214052,0.4468606412410736,False,False,2.2378341427042736
mbpo_pushcube_500k_20261007T094728_f9d45348,PushCube-v1,mbpo,step_350016_model.pt,target,14,agent.qvel,0.00287339324131608,1.593991994857788,False,False,0.6273557227551932
mbpo_pushcube_500k_20261007T094728_f9d45348,PushCube-v1,mbpo,step_350016_model.pt,target,15,agent.qvel,-0.003581424243748188,0.9725621342658997,False,False,1.0282119411885295
mbpo_pushcube_500k_20261007T094728_f9d45348,PushCube-v1,mbpo,step_350016_model.pt,target,16,agent.qvel,0.005248419474810362,0.39933645725250244,False,False,2.504154033118231
mbpo_pushcube_500k_20261007T094728_f9d45348,PushCube-v1,mbpo,step_350016_model.pt,target,17,agent.qvel,-0.0010731829097494483,0.35654416680336,False,False,2.804701613731677
mbpo_pushcube_500k_20261007T094728_f9d45348,PushCube-v1,mbpo,step_350016_model.pt,target,18,extra.tcp_pose,-0.0017011292511597276,0.023149460554122925,False,False,43.19755087432911
mbpo_pushcube_500k_20261007T094728_f9d45348,PushCube-v1,mbpo,step_350016_model.pt,target,19,extra.tcp_pose,0.0002386864071013406,0.015472536906599998,False,False,64.63064241090534
mbpo_pushcube_500k_20261007T094728_f9d45348,PushCube-v1,mbpo,step_350016_model.pt,target,20,extra.tcp_pose,0.0001292714150622487,0.01620550826191902,False,False,61.707413543447984
mbpo_pushcube_500k_20261007T094728_f9d45348,PushCube-v1,mbpo,step_350016_model.pt,target,21,extra.tcp_pose,3.846726758638397e-05,0.004640260245651007,False,False,215.50515425018037
mbpo_pushcube_500k_20261007T094728_f9d45348,PushCube-v1,mbpo,step_350016_model.pt,target,22,extra.tcp_pose,-0.00010169992310693488,0.0019302532309666276,False,False,518.0667406520658
mbpo_pushcube_500k_20261007T094728_f9d45348,PushCube-v1,mbpo,step_350016_model.pt,target,23,extra.tcp_pose,1.4592810657632072e-05,0.012765258550643921,False,False,78.33762207264942
mbpo_pushcube_500k_20261007T094728_f9d45348,PushCube-v1,mbpo,step_350016_model.pt,target,24,extra.tcp_pose,-8.730465197004378e-05,0.01741766557097435,False,False,57.41297511570373
mbpo_pushcube_500k_20261007T094728_f9d45348,PushCube-v1,mbpo,step_350016_model.pt,target,25,extra.goal_pos,0.0,9.999999974752427e-07,True,True,1000000.0025247573
mbpo_pushcube_500k_20261007T094728_f9d45348,PushCube-v1,mbpo,step_350016_model.pt,target,26,extra.goal_pos,0.0,9.999999974752427e-07,True,True,1000000.0025247573
mbpo_pushcube_500k_20261007T094728_f9d45348,PushCube-v1,mbpo,step_350016_model.pt,target,27,extra.goal_pos,0.0,9.999999974752427e-07,True,True,1000000.0025247573
mbpo_pushcube_500k_20261007T094728_f9d45348,PushCube-v1,mbpo,step_350016_model.pt,target,28,extra.obj_pose,-0.0002800946240313351,0.005676843225955963,False,False,176.15423928350654
mbpo_pushcube_500k_20261007T094728_f9d45348,PushCube-v1,mbpo,step_350016_model.pt,target,29,extra.obj_pose,-0.00010608560114633292,0.00394055899232626,False,False,253.77110251296162
mbpo_pushcube_500k_20261007T094728_f9d45348,PushCube-v1,mbpo,step_350016_model.pt,target,30,extra.obj_pose,-5.11588150402531e-05,0.0018053004750981927,False,False,553.9244097000576
mbpo_pushcube_500k_20261007T094728_f9d45348,PushCube-v1,mbpo,step_350016_model.pt,target,31,extra.obj_pose,-0.00026127346791327,0.013272848911583424,False,False,75.34177527834919
mbpo_pushcube_500k_20261007T094728_f9d45348,PushCube-v1,mbpo,step_350016_model.pt,target,32,extra.obj_pose,-0.000410523236496374,0.012673591263592243,False,False,78.90423315707886
mbpo_pushcube_500k_20261007T094728_f9d45348,PushCube-v1,mbpo,step_350016_model.pt,target,33,extra.obj_pose,-0.0001929705758811906,0.01014646515250206,False,False,98.55649085370443
mbpo_pushcube_500k_20261007T094728_f9d45348,PushCube-v1,mbpo,step_350016_model.pt,target,34,extra.obj_pose,0.0005425747949630022,0.017825806513428688,False,False,56.098443526057096
mbpo_pushcube_500k_20261007T094728_f9d45348,PushCube-v1,mbpo,step_350016_model.pt,target,35,reward,0.06119774654507637,0.05290508270263672,False,False,18.901775574583144
mbpo_pushcube_500k_20261007T094728_f9d45348,PushCube-v1,mbpo,step_400000_model.pt,input,0,agent.qpos,-0.007847854867577553,0.14383399486541748,False,False,6.952459332967004
mbpo_pushcube_500k_20261007T094728_f9d45348,PushCube-v1,mbpo,step_400000_model.pt,input,1,agent.qpos,0.35849642753601074,0.3387164771556854,False,False,2.952321683306734
mbpo_pushcube_500k_20261007T094728_f9d45348,PushCube-v1,mbpo,step_400000_model.pt,input,2,agent.qpos,-0.0004806999349966645,0.10472307354211807,False,False,9.548993991260339
mbpo_pushcube_500k_20261007T094728_f9d45348,PushCube-v1,mbpo,step_400000_model.pt,input,3,agent.qpos,-1.991417646408081,0.44057464599609375,False,False,2.2697629314076924
mbpo_pushcube_500k_20261007T094728_f9d45348,PushCube-v1,mbpo,step_400000_model.pt,input,4,agent.qpos,-0.002998033771291375,0.09493246674537659,False,False,10.53380402178059
mbpo_pushcube_500k_20261007T094728_f9d45348,PushCube-v1,mbpo,step_400000_model.pt,input,5,agent.qpos,2.334968328475952,0.285708487033844,False,False,3.500071035277099
mbpo_pushcube_500k_20261007T094728_f9d45348,PushCube-v1,mbpo,step_400000_model.pt,input,6,agent.qpos,0.778683066368103,0.19553500413894653,False,False,5.11417382480225
mbpo_pushcube_500k_20261007T094728_f9d45348,PushCube-v1,mbpo,step_400000_model.pt,input,7,agent.qpos,0.01679919846355915,0.008588875643908978,False,False,116.42967501912497
mbpo_pushcube_500k_20261007T094728_f9d45348,PushCube-v1,mbpo,step_400000_model.pt,input,8,agent.qpos,0.016789263114333153,0.008575796149671078,False,False,116.60724935006235
mbpo_pushcube_500k_20261007T094728_f9d45348,PushCube-v1,mbpo,step_400000_model.pt,input,9,agent.qvel,-0.002894294448196888,0.5820465087890625,False,False,1.718075763533884
mbpo_pushcube_500k_20261007T094728_f9d45348,PushCube-v1,mbpo,step_400000_model.pt,input,10,agent.qvel,-0.050098203122615814,1.4071797132492065,False,False,0.710641285249188
mbpo_pushcube_500k_20261007T094728_f9d45348,PushCube-v1,mbpo,step_400000_model.pt,input,11,agent.qvel,0.005967097356915474,0.42777442932128906,False,False,2.337680635999233
mbpo_pushcube_500k_20261007T094728_f9d45348,PushCube-v1,mbpo,step_400000_model.pt,input,12,agent.qvel,-0.03331262990832329,1.9564958810806274,False,False,0.5111178662168571
mbpo_pushcube_500k_20261007T094728_f9d45348,PushCube-v1,mbpo,step_400000_model.pt,input,13,agent.qvel,0.005575250368565321,0.3415597677230835,False,False,2.9277452864727938
mbpo_pushcube_500k_20261007T094728_f9d45348,PushCube-v1,mbpo,step_400000_model.pt,input,14,agent.qvel,-0.018170010298490524,1.115289330482483,False,False,0.8966283211616417
mbpo_pushcube_500k_20261007T094728_f9d45348,PushCube-v1,mbpo,step_400000_model.pt,input,15,agent.qvel,-0.004494315944612026,0.6856944561004639,False,False,1.458375506908701
mbpo_pushcube_500k_20261007T094728_f9d45348,PushCube-v1,mbpo,step_400000_model.pt,input,16,agent.qvel,-0.0040485127829015255,0.3104965388774872,False,False,3.220647816607613
mbpo_pushcube_500k_20261007T094728_f9d45348,PushCube-v1,mbpo,step_400000_model.pt,input,17,agent.qvel,-0.008996554650366306,0.22818265855312347,False,False,4.382453979372796
mbpo_pushcube_500k_20261007T094728_f9d45348,PushCube-v1,mbpo,step_400000_model.pt,input,18,extra.tcp_pose,-0.04010510817170143,0.10668863356113434,False,False,9.373069713438438
mbpo_pushcube_500k_20261007T094728_f9d45348,PushCube-v1,mbpo,step_400000_model.pt,input,19,extra.tcp_pose,-0.002706591971218586,0.09553026407957077,False,False,10.467886900920343
mbpo_pushcube_500k_20261007T094728_f9d45348,PushCube-v1,mbpo,step_400000_model.pt,input,20,extra.tcp_pose,0.16959893703460693,0.08874502778053284,False,False,11.268236936868261
mbpo_pushcube_500k_20261007T094728_f9d45348,PushCube-v1,mbpo,step_400000_model.pt,input,21,extra.tcp_pose,0.002246004296466708,0.014103810302913189,False,False,70.90282544380554
mbpo_pushcube_500k_20261007T094728_f9d45348,PushCube-v1,mbpo,step_400000_model.pt,input,22,extra.tcp_pose,0.9978712201118469,0.010662514716386795,False,False,93.78650596028156
mbpo_pushcube_500k_20261007T094728_f9d45348,PushCube-v1,mbpo,step_400000_model.pt,input,23,extra.tcp_pose,-0.0006493765395134687,0.022767512127757072,False,False,43.92223420761232
mbpo_pushcube_500k_20261007T094728_f9d45348,PushCube-v1,mbpo,step_400000_model.pt,input,24,extra.tcp_pose,-0.007391924969851971,0.05800111964344978,False,False,17.24104648577991
mbpo_pushcube_500k_20261007T094728_f9d45348,PushCube-v1,mbpo,step_400000_model.pt,input,25,extra.goal_pos,0.18688558042049408,0.05871589481830597,False,False,17.031163419964233
mbpo_pushcube_500k_20261007T094728_f9d45348,PushCube-v1,mbpo,step_400000_model.pt,input,26,extra.goal_pos,0.0018444149754941463,0.054489925503730774,False,False,18.352016281092784
mbpo_pushcube_500k_20261007T094728_f9d45348,PushCube-v1,mbpo,step_400000_model.pt,input,27,extra.goal_pos,0.0009999845642596483,9.999999974752427e-07,True,True,1000000.0025247573
mbpo_pushcube_500k_20261007T094728_f9d45348,PushCube-v1,mbpo,step_400000_model.pt,input,28,extra.obj_pose,-0.015421225689351559,0.0690082460641861,False,False,14.491021827592574
mbpo_pushcube_500k_20261007T094728_f9d45348,PushCube-v1,mbpo,step_400000_model.pt,input,29,extra.obj_pose,0.002717846306040883,0.06186244264245033,False,False,16.164896782038717
mbpo_pushcube_500k_20261007T094728_f9d45348,PushCube-v1,mbpo,step_400000_model.pt,input,30,extra.obj_pose,0.019986538216471672,0.0017414095345884562,False,False,574.2474588186564
mbpo_pushcube_500k_20261007T094728_f9d45348,PushCube-v1,mbpo,step_400000_model.pt,input,31,extra.obj_pose,0.9884514808654785,0.0960598960518837,False,False,10.410171581487885
mbpo_pushcube_500k_20261007T094728_f9d45348,PushCube-v1,mbpo,step_400000_model.pt,input,32,extra.obj_pose,0.0027387943118810654,0.03995766490697861,False,False,25.02648746687272
mbpo_pushcube_500k_20261007T094728_f9d45348,PushCube-v1,mbpo,step_400000_model.pt,input,33,extra.obj_pose,0.004085983149707317,0.0605013407766819,False,False,16.528559320546737
mbpo_pushcube_500k_20261007T094728_f9d45348,PushCube-v1,mbpo,step_400000_model.pt,input,34,extra.obj_pose,0.012358760461211205,0.09112267941236496,False,False,10.97421636906239
mbpo_pushcube_500k_20261007T094728_f9d45348,PushCube-v1,mbpo,step_400000_model.pt,input,35,action,0.0005261533660814166,0.5760304927825928,False,False,1.7360192082356014
mbpo_pushcube_500k_20261007T094728_f9d45348,PushCube-v1,mbpo,step_400000_model.pt,input,36,action,0.006873928476125002,0.573354959487915,False,False,1.7441202582308484
mbpo_pushcube_500k_20261007T094728_f9d45348,PushCube-v1,mbpo,step_400000_model.pt,input,37,action,0.003548708278685808,0.5718120336532593,False,False,1.74882643446848
mbpo_pushcube_500k_20261007T094728_f9d45348,PushCube-v1,mbpo,step_400000_model.pt,input,38,action,0.01366855762898922,0.5759720802307129,False,False,1.736195267658525
mbpo_pushcube_500k_20261007T094728_f9d45348,PushCube-v1,mbpo,step_400000_model.pt,target,0,agent.qpos,5.7683471823111176e-05,0.028777411207556725,False,False,34.74947738653461
mbpo_pushcube_500k_20261007T094728_f9d45348,PushCube-v1,mbpo,step_400000_model.pt,target,1,agent.qpos,-0.0024747061543166637,0.07093438506126404,False,False,14.097535336865585
mbpo_pushcube_500k_20261007T094728_f9d45348,PushCube-v1,mbpo,step_400000_model.pt,target,2,agent.qpos,0.00016763379971962422,0.025312181562185287,False,False,39.50666984365873
mbpo_pushcube_500k_20261007T094728_f9d45348,PushCube-v1,mbpo,step_400000_model.pt,target,3,agent.qpos,-0.002147896448150277,0.11131690442562103,False,False,8.98336155824539
mbpo_pushcube_500k_20261007T094728_f9d45348,PushCube-v1,mbpo,step_400000_model.pt,target,4,agent.qpos,0.0005001333192922175,0.021749675273895264,False,False,45.97769793833362
mbpo_pushcube_500k_20261007T094728_f9d45348,PushCube-v1,mbpo,step_400000_model.pt,target,5,agent.qpos,-0.0004863249196205288,0.07349445670843124,False,False,13.606468362195274
mbpo_pushcube_500k_20261007T094728_f9d45348,PushCube-v1,mbpo,step_400000_model.pt,target,6,agent.qpos,-0.0004463384975679219,0.04415141046047211,False,False,22.649333046682177
mbpo_pushcube_500k_20261007T094728_f9d45348,PushCube-v1,mbpo,step_400000_model.pt,target,7,agent.qpos,-0.0005137587431818247,0.006672624498605728,False,False,149.86606847260086
mbpo_pushcube_500k_20261007T094728_f9d45348,PushCube-v1,mbpo,step_400000_model.pt,target,8,agent.qpos,-0.0005129253258928657,0.006596163846552372,False,False,151.60326869725526
mbpo_pushcube_500k_20261007T094728_f9d45348,PushCube-v1,mbpo,step_400000_model.pt,target,9,agent.qvel,0.004316552076488733,0.7889513969421387,False,False,1.2675052023177285
mbpo_pushcube_500k_20261007T094728_f9d45348,PushCube-v1,mbpo,step_400000_model.pt,target,10,agent.qvel,0.00015306632849387825,1.971665620803833,False,False,0.5071853916042355
mbpo_pushcube_500k_20261007T094728_f9d45348,PushCube-v1,mbpo,step_400000_model.pt,target,11,agent.qvel,-0.0038186495658010244,0.580298662185669,False,False,1.72325056934225
mbpo_pushcube_500k_20261007T094728_f9d45348,PushCube-v1,mbpo,step_400000_model.pt,target,12,agent.qvel,-0.010321630164980888,2.807530403137207,False,False,0.3561849228355904
mbpo_pushcube_500k_20261007T094728_f9d45348,PushCube-v1,mbpo,step_400000_model.pt,target,13,agent.qvel,0.0026934512425214052,0.4468606412410736,False,False,2.2378341427042736
mbpo_pushcube_500k_20261007T094728_f9d45348,PushCube-v1,mbpo,step_400000_model.pt,target,14,agent.qvel,0.00287339324131608,1.593991994857788,False,False,0.6273557227551932
mbpo_pushcube_500k_20261007T094728_f9d45348,PushCube-v1,mbpo,step_400000_model.pt,target,15,agent.qvel,-0.003581424243748188,0.9725621342658997,False,False,1.0282119411885295
mbpo_pushcube_500k_20261007T094728_f9d45348,PushCube-v1,mbpo,step_400000_model.pt,target,16,agent.qvel,0.005248419474810362,0.39933645725250244,False,False,2.504154033118231
mbpo_pushcube_500k_20261007T094728_f9d45348,PushCube-v1,mbpo,step_400000_model.pt,target,17,agent.qvel,-0.0010731829097494483,0.35654416680336,False,False,2.804701613731677
mbpo_pushcube_500k_20261007T094728_f9d45348,PushCube-v1,mbpo,step_400000_model.pt,target,18,extra.tcp_pose,-0.0017011292511597276,0.023149460554122925,False,False,43.19755087432911
mbpo_pushcube_500k_20261007T094728_f9d45348,PushCube-v1,mbpo,step_400000_model.pt,target,19,extra.tcp_pose,0.0002386864071013406,0.015472536906599998,False,False,64.63064241090534
mbpo_pushcube_500k_20261007T094728_f9d45348,PushCube-v1,mbpo,step_400000_model.pt,target,20,extra.tcp_pose,0.0001292714150622487,0.01620550826191902,False,False,61.707413543447984
mbpo_pushcube_500k_20261007T094728_f9d45348,PushCube-v1,mbpo,step_400000_model.pt,target,21,extra.tcp_pose,3.846726758638397e-05,0.004640260245651007,False,False,215.50515425018037
mbpo_pushcube_500k_20261007T094728_f9d45348,PushCube-v1,mbpo,step_400000_model.pt,target,22,extra.tcp_pose,-0.00010169992310693488,0.0019302532309666276,False,False,518.0667406520658
mbpo_pushcube_500k_20261007T094728_f9d45348,PushCube-v1,mbpo,step_400000_model.pt,target,23,extra.tcp_pose,1.4592810657632072e-05,0.012765258550643921,False,False,78.33762207264942
mbpo_pushcube_500k_20261007T094728_f9d45348,PushCube-v1,mbpo,step_400000_model.pt,target,24,extra.tcp_pose,-8.730465197004378e-05,0.01741766557097435,False,False,57.41297511570373
mbpo_pushcube_500k_20261007T094728_f9d45348,PushCube-v1,mbpo,step_400000_model.pt,target,25,extra.goal_pos,0.0,9.999999974752427e-07,True,True,1000000.0025247573
mbpo_pushcube_500k_20261007T094728_f9d45348,PushCube-v1,mbpo,step_400000_model.pt,target,26,extra.goal_pos,0.0,9.999999974752427e-07,True,True,1000000.0025247573
mbpo_pushcube_500k_20261007T094728_f9d45348,PushCube-v1,mbpo,step_400000_model.pt,target,27,extra.goal_pos,0.0,9.999999974752427e-07,True,True,1000000.0025247573
mbpo_pushcube_500k_20261007T094728_f9d45348,PushCube-v1,mbpo,step_400000_model.pt,target,28,extra.obj_pose,-0.0002800946240313351,0.005676843225955963,False,False,176.15423928350654
mbpo_pushcube_500k_20261007T094728_f9d45348,PushCube-v1,mbpo,step_400000_model.pt,target,29,extra.obj_pose,-0.00010608560114633292,0.00394055899232626,False,False,253.77110251296162
mbpo_pushcube_500k_20261007T094728_f9d45348,PushCube-v1,mbpo,step_400000_model.pt,target,30,extra.obj_pose,-5.11588150402531e-05,0.0018053004750981927,False,False,553.9244097000576
mbpo_pushcube_500k_20261007T094728_f9d45348,PushCube-v1,mbpo,step_400000_model.pt,target,31,extra.obj_pose,-0.00026127346791327,0.013272848911583424,False,False,75.34177527834919
mbpo_pushcube_500k_20261007T094728_f9d45348,PushCube-v1,mbpo,step_400000_model.pt,target,32,extra.obj_pose,-0.000410523236496374,0.012673591263592243,False,False,78.90423315707886
mbpo_pushcube_500k_20261007T094728_f9d45348,PushCube-v1,mbpo,step_400000_model.pt,target,33,extra.obj_pose,-0.0001929705758811906,0.01014646515250206,False,False,98.55649085370443
mbpo_pushcube_500k_20261007T094728_f9d45348,PushCube-v1,mbpo,step_400000_model.pt,target,34,extra.obj_pose,0.0005425747949630022,0.017825806513428688,False,False,56.098443526057096
mbpo_pushcube_500k_20261007T094728_f9d45348,PushCube-v1,mbpo,step_400000_model.pt,target,35,reward,0.06119774654507637,0.05290508270263672,False,False,18.901775574583144
mbpo_pushcube_500k_20261007T094728_f9d45348,PushCube-v1,mbpo,step_450016_model.pt,input,0,agent.qpos,-0.007847854867577553,0.14383399486541748,False,False,6.952459332967004
mbpo_pushcube_500k_20261007T094728_f9d45348,PushCube-v1,mbpo,step_450016_model.pt,input,1,agent.qpos,0.35849642753601074,0.3387164771556854,False,False,2.952321683306734
mbpo_pushcube_500k_20261007T094728_f9d45348,PushCube-v1,mbpo,step_450016_model.pt,input,2,agent.qpos,-0.0004806999349966645,0.10472307354211807,False,False,9.548993991260339
mbpo_pushcube_500k_20261007T094728_f9d45348,PushCube-v1,mbpo,step_450016_model.pt,input,3,agent.qpos,-1.991417646408081,0.44057464599609375,False,False,2.2697629314076924
mbpo_pushcube_500k_20261007T094728_f9d45348,PushCube-v1,mbpo,step_450016_model.pt,input,4,agent.qpos,-0.002998033771291375,0.09493246674537659,False,False,10.53380402178059
mbpo_pushcube_500k_20261007T094728_f9d45348,PushCube-v1,mbpo,step_450016_model.pt,input,5,agent.qpos,2.334968328475952,0.285708487033844,False,False,3.500071035277099
mbpo_pushcube_500k_20261007T094728_f9d45348,PushCube-v1,mbpo,step_450016_model.pt,input,6,agent.qpos,0.778683066368103,0.19553500413894653,False,False,5.11417382480225
mbpo_pushcube_500k_20261007T094728_f9d45348,PushCube-v1,mbpo,step_450016_model.pt,input,7,agent.qpos,0.01679919846355915,0.008588875643908978,False,False,116.42967501912497
mbpo_pushcube_500k_20261007T094728_f9d45348,PushCube-v1,mbpo,step_450016_model.pt,input,8,agent.qpos,0.016789263114333153,0.008575796149671078,False,False,116.60724935006235
mbpo_pushcube_500k_20261007T094728_f9d45348,PushCube-v1,mbpo,step_450016_model.pt,input,9,agent.qvel,-0.002894294448196888,0.5820465087890625,False,False,1.718075763533884
mbpo_pushcube_500k_20261007T094728_f9d45348,PushCube-v1,mbpo,step_450016_model.pt,input,10,agent.qvel,-0.050098203122615814,1.4071797132492065,False,False,0.710641285249188
mbpo_pushcube_500k_20261007T094728_f9d45348,PushCube-v1,mbpo,step_450016_model.pt,input,11,agent.qvel,0.005967097356915474,0.42777442932128906,False,False,2.337680635999233
mbpo_pushcube_500k_20261007T094728_f9d45348,PushCube-v1,mbpo,step_450016_model.pt,input,12,agent.qvel,-0.03331262990832329,1.9564958810806274,False,False,0.5111178662168571
mbpo_pushcube_500k_20261007T094728_f9d45348,PushCube-v1,mbpo,step_450016_model.pt,input,13,agent.qvel,0.005575250368565321,0.3415597677230835,False,False,2.9277452864727938
mbpo_pushcube_500k_20261007T094728_f9d45348,PushCube-v1,mbpo,step_450016_model.pt,input,14,agent.qvel,-0.018170010298490524,1.115289330482483,False,False,0.8966283211616417
mbpo_pushcube_500k_20261007T094728_f9d45348,PushCube-v1,mbpo,step_450016_model.pt,input,15,agent.qvel,-0.004494315944612026,0.6856944561004639,False,False,1.458375506908701
mbpo_pushcube_500k_20261007T094728_f9d45348,PushCube-v1,mbpo,step_450016_model.pt,input,16,agent.qvel,-0.0040485127829015255,0.3104965388774872,False,False,3.220647816607613
mbpo_pushcube_500k_20261007T094728_f9d45348,PushCube-v1,mbpo,step_450016_model.pt,input,17,agent.qvel,-0.008996554650366306,0.22818265855312347,False,False,4.382453979372796
mbpo_pushcube_500k_20261007T094728_f9d45348,PushCube-v1,mbpo,step_450016_model.pt,input,18,extra.tcp_pose,-0.04010510817170143,0.10668863356113434,False,False,9.373069713438438
mbpo_pushcube_500k_20261007T094728_f9d45348,PushCube-v1,mbpo,step_450016_model.pt,input,19,extra.tcp_pose,-0.002706591971218586,0.09553026407957077,False,False,10.467886900920343
mbpo_pushcube_500k_20261007T094728_f9d45348,PushCube-v1,mbpo,step_450016_model.pt,input,20,extra.tcp_pose,0.16959893703460693,0.08874502778053284,False,False,11.268236936868261
mbpo_pushcube_500k_20261007T094728_f9d45348,PushCube-v1,mbpo,step_450016_model.pt,input,21,extra.tcp_pose,0.002246004296466708,0.014103810302913189,False,False,70.90282544380554
mbpo_pushcube_500k_20261007T094728_f9d45348,PushCube-v1,mbpo,step_450016_model.pt,input,22,extra.tcp_pose,0.9978712201118469,0.010662514716386795,False,False,93.78650596028156
mbpo_pushcube_500k_20261007T094728_f9d45348,PushCube-v1,mbpo,step_450016_model.pt,input,23,extra.tcp_pose,-0.0006493765395134687,0.022767512127757072,False,False,43.92223420761232
mbpo_pushcube_500k_20261007T094728_f9d45348,PushCube-v1,mbpo,step_450016_model.pt,input,24,extra.tcp_pose,-0.007391924969851971,0.05800111964344978,False,False,17.24104648577991
mbpo_pushcube_500k_20261007T094728_f9d45348,PushCube-v1,mbpo,step_450016_model.pt,input,25,extra.goal_pos,0.18688558042049408,0.05871589481830597,False,False,17.031163419964233
mbpo_pushcube_500k_20261007T094728_f9d45348,PushCube-v1,mbpo,step_450016_model.pt,input,26,extra.goal_pos,0.0018444149754941463,0.054489925503730774,False,False,18.352016281092784
mbpo_pushcube_500k_20261007T094728_f9d45348,PushCube-v1,mbpo,step_450016_model.pt,input,27,extra.goal_pos,0.0009999845642596483,9.999999974752427e-07,True,True,1000000.0025247573
mbpo_pushcube_500k_20261007T094728_f9d45348,PushCube-v1,mbpo,step_450016_model.pt,input,28,extra.obj_pose,-0.015421225689351559,0.0690082460641861,False,False,14.491021827592574
mbpo_pushcube_500k_20261007T094728_f9d45348,PushCube-v1,mbpo,step_450016_model.pt,input,29,extra.obj_pose,0.002717846306040883,0.06186244264245033,False,False,16.164896782038717
mbpo_pushcube_500k_20261007T094728_f9d45348,PushCube-v1,mbpo,step_450016_model.pt,input,30,extra.obj_pose,0.019986538216471672,0.0017414095345884562,False,False,574.2474588186564
mbpo_pushcube_500k_20261007T094728_f9d45348,PushCube-v1,mbpo,step_450016_model.pt,input,31,extra.obj_pose,0.9884514808654785,0.0960598960518837,False,False,10.410171581487885
mbpo_pushcube_500k_20261007T094728_f9d45348,PushCube-v1,mbpo,step_450016_model.pt,input,32,extra.obj_pose,0.0027387943118810654,0.03995766490697861,False,False,25.02648746687272
mbpo_pushcube_500k_20261007T094728_f9d45348,PushCube-v1,mbpo,step_450016_model.pt,input,33,extra.obj_pose,0.004085983149707317,0.0605013407766819,False,False,16.528559320546737
mbpo_pushcube_500k_20261007T094728_f9d45348,PushCube-v1,mbpo,step_450016_model.pt,input,34,extra.obj_pose,0.012358760461211205,0.09112267941236496,False,False,10.97421636906239
mbpo_pushcube_500k_20261007T094728_f9d45348,PushCube-v1,mbpo,step_450016_model.pt,input,35,action,0.0005261533660814166,0.5760304927825928,False,False,1.7360192082356014
mbpo_pushcube_500k_20261007T094728_f9d45348,PushCube-v1,mbpo,step_450016_model.pt,input,36,action,0.006873928476125002,0.573354959487915,False,False,1.7441202582308484
mbpo_pushcube_500k_20261007T094728_f9d45348,PushCube-v1,mbpo,step_450016_model.pt,input,37,action,0.003548708278685808,0.5718120336532593,False,False,1.74882643446848
mbpo_pushcube_500k_20261007T094728_f9d45348,PushCube-v1,mbpo,step_450016_model.pt,input,38,action,0.01366855762898922,0.5759720802307129,False,False,1.736195267658525
mbpo_pushcube_500k_20261007T094728_f9d45348,PushCube-v1,mbpo,step_450016_model.pt,target,0,agent.qpos,5.7683471823111176e-05,0.028777411207556725,False,False,34.74947738653461
mbpo_pushcube_500k_20261007T094728_f9d45348,PushCube-v1,mbpo,step_450016_model.pt,target,1,agent.qpos,-0.0024747061543166637,0.07093438506126404,False,False,14.097535336865585
mbpo_pushcube_500k_20261007T094728_f9d45348,PushCube-v1,mbpo,step_450016_model.pt,target,2,agent.qpos,0.00016763379971962422,0.025312181562185287,False,False,39.50666984365873
mbpo_pushcube_500k_20261007T094728_f9d45348,PushCube-v1,mbpo,step_450016_model.pt,target,3,agent.qpos,-0.002147896448150277,0.11131690442562103,False,False,8.98336155824539
mbpo_pushcube_500k_20261007T094728_f9d45348,PushCube-v1,mbpo,step_450016_model.pt,target,4,agent.qpos,0.0005001333192922175,0.021749675273895264,False,False,45.97769793833362
mbpo_pushcube_500k_20261007T094728_f9d45348,PushCube-v1,mbpo,step_450016_model.pt,target,5,agent.qpos,-0.0004863249196205288,0.07349445670843124,False,False,13.606468362195274
mbpo_pushcube_500k_20261007T094728_f9d45348,PushCube-v1,mbpo,step_450016_model.pt,target,6,agent.qpos,-0.0004463384975679219,0.04415141046047211,False,False,22.649333046682177
mbpo_pushcube_500k_20261007T094728_f9d45348,PushCube-v1,mbpo,step_450016_model.pt,target,7,agent.qpos,-0.0005137587431818247,0.006672624498605728,False,False,149.86606847260086
mbpo_pushcube_500k_20261007T094728_f9d45348,PushCube-v1,mbpo,step_450016_model.pt,target,8,agent.qpos,-0.0005129253258928657,0.006596163846552372,False,False,151.60326869725526
mbpo_pushcube_500k_20261007T094728_f9d45348,PushCube-v1,mbpo,step_450016_model.pt,target,9,agent.qvel,0.004316552076488733,0.7889513969421387,False,False,1.2675052023177285
mbpo_pushcube_500k_20261007T094728_f9d45348,PushCube-v1,mbpo,step_450016_model.pt,target,10,agent.qvel,0.00015306632849387825,1.971665620803833,False,False,0.5071853916042355
mbpo_pushcube_500k_20261007T094728_f9d45348,PushCube-v1,mbpo,step_450016_model.pt,target,11,agent.qvel,-0.0038186495658010244,0.580298662185669,False,False,1.72325056934225
mbpo_pushcube_500k_20261007T094728_f9d45348,PushCube-v1,mbpo,step_450016_model.pt,target,12,agent.qvel,-0.010321630164980888,2.807530403137207,False,False,0.3561849228355904
mbpo_pushcube_500k_20261007T094728_f9d45348,PushCube-v1,mbpo,step_450016_model.pt,target,13,agent.qvel,0.0026934512425214052,0.4468606412410736,False,False,2.2378341427042736
mbpo_pushcube_500k_20261007T094728_f9d45348,PushCube-v1,mbpo,step_450016_model.pt,target,14,agent.qvel,0.00287339324131608,1.593991994857788,False,False,0.6273557227551932
mbpo_pushcube_500k_20261007T094728_f9d45348,PushCube-v1,mbpo,step_450016_model.pt,target,15,agent.qvel,-0.003581424243748188,0.9725621342658997,False,False,1.0282119411885295
mbpo_pushcube_500k_20261007T094728_f9d45348,PushCube-v1,mbpo,step_450016_model.pt,target,16,agent.qvel,0.005248419474810362,0.39933645725250244,False,False,2.504154033118231
mbpo_pushcube_500k_20261007T094728_f9d45348,PushCube-v1,mbpo,step_450016_model.pt,target,17,agent.qvel,-0.0010731829097494483,0.35654416680336,False,False,2.804701613731677
mbpo_pushcube_500k_20261007T094728_f9d45348,PushCube-v1,mbpo,step_450016_model.pt,target,18,extra.tcp_pose,-0.0017011292511597276,0.023149460554122925,False,False,43.19755087432911
mbpo_pushcube_500k_20261007T094728_f9d45348,PushCube-v1,mbpo,step_450016_model.pt,target,19,extra.tcp_pose,0.0002386864071013406,0.015472536906599998,False,False,64.63064241090534
mbpo_pushcube_500k_20261007T094728_f9d45348,PushCube-v1,mbpo,step_450016_model.pt,target,20,extra.tcp_pose,0.0001292714150622487,0.01620550826191902,False,False,61.707413543447984
mbpo_pushcube_500k_20261007T094728_f9d45348,PushCube-v1,mbpo,step_450016_model.pt,target,21,extra.tcp_pose,3.846726758638397e-05,0.004640260245651007,False,False,215.50515425018037
mbpo_pushcube_500k_20261007T094728_f9d45348,PushCube-v1,mbpo,step_450016_model.pt,target,22,extra.tcp_pose,-0.00010169992310693488,0.0019302532309666276,False,False,518.0667406520658
mbpo_pushcube_500k_20261007T094728_f9d45348,PushCube-v1,mbpo,step_450016_model.pt,target,23,extra.tcp_pose,1.4592810657632072e-05,0.012765258550643921,False,False,78.33762207264942
mbpo_pushcube_500k_20261007T094728_f9d45348,PushCube-v1,mbpo,step_450016_model.pt,target,24,extra.tcp_pose,-8.730465197004378e-05,0.01741766557097435,False,False,57.41297511570373
mbpo_pushcube_500k_20261007T094728_f9d45348,PushCube-v1,mbpo,step_450016_model.pt,target,25,extra.goal_pos,0.0,9.999999974752427e-07,True,True,1000000.0025247573
mbpo_pushcube_500k_20261007T094728_f9d45348,PushCube-v1,mbpo,step_450016_model.pt,target,26,extra.goal_pos,0.0,9.999999974752427e-07,True,True,1000000.0025247573
mbpo_pushcube_500k_20261007T094728_f9d45348,PushCube-v1,mbpo,step_450016_model.pt,target,27,extra.goal_pos,0.0,9.999999974752427e-07,True,True,1000000.0025247573
mbpo_pushcube_500k_20261007T094728_f9d45348,PushCube-v1,mbpo,step_450016_model.pt,target,28,extra.obj_pose,-0.0002800946240313351,0.005676843225955963,False,False,176.15423928350654
mbpo_pushcube_500k_20261007T094728_f9d45348,PushCube-v1,mbpo,step_450016_model.pt,target,29,extra.obj_pose,-0.00010608560114633292,0.00394055899232626,False,False,253.77110251296162
mbpo_pushcube_500k_20261007T094728_f9d45348,PushCube-v1,mbpo,step_450016_model.pt,target,30,extra.obj_pose,-5.11588150402531e-05,0.0018053004750981927,False,False,553.9244097000576
mbpo_pushcube_500k_20261007T094728_f9d45348,PushCube-v1,mbpo,step_450016_model.pt,target,31,extra.obj_pose,-0.00026127346791327,0.013272848911583424,False,False,75.34177527834919
mbpo_pushcube_500k_20261007T094728_f9d45348,PushCube-v1,mbpo,step_450016_model.pt,target,32,extra.obj_pose,-0.000410523236496374,0.012673591263592243,False,False,78.90423315707886
mbpo_pushcube_500k_20261007T094728_f9d45348,PushCube-v1,mbpo,step_450016_model.pt,target,33,extra.obj_pose,-0.0001929705758811906,0.01014646515250206,False,False,98.55649085370443
mbpo_pushcube_500k_20261007T094728_f9d45348,PushCube-v1,mbpo,step_450016_model.pt,target,34,extra.obj_pose,0.0005425747949630022,0.017825806513428688,False,False,56.098443526057096
mbpo_pushcube_500k_20261007T094728_f9d45348,PushCube-v1,mbpo,step_450016_model.pt,target,35,reward,0.06119774654507637,0.05290508270263672,False,False,18.901775574583144
mbpo_pushcube_500k_20261007T094728_f9d45348,PushCube-v1,mbpo,step_500000_model.pt,input,0,agent.qpos,-0.007847854867577553,0.14383399486541748,False,False,6.952459332967004
mbpo_pushcube_500k_20261007T094728_f9d45348,PushCube-v1,mbpo,step_500000_model.pt,input,1,agent.qpos,0.35849642753601074,0.3387164771556854,False,False,2.952321683306734
mbpo_pushcube_500k_20261007T094728_f9d45348,PushCube-v1,mbpo,step_500000_model.pt,input,2,agent.qpos,-0.0004806999349966645,0.10472307354211807,False,False,9.548993991260339
mbpo_pushcube_500k_20261007T094728_f9d45348,PushCube-v1,mbpo,step_500000_model.pt,input,3,agent.qpos,-1.991417646408081,0.44057464599609375,False,False,2.2697629314076924
mbpo_pushcube_500k_20261007T094728_f9d45348,PushCube-v1,mbpo,step_500000_model.pt,input,4,agent.qpos,-0.002998033771291375,0.09493246674537659,False,False,10.53380402178059
mbpo_pushcube_500k_20261007T094728_f9d45348,PushCube-v1,mbpo,step_500000_model.pt,input,5,agent.qpos,2.334968328475952,0.285708487033844,False,False,3.500071035277099
mbpo_pushcube_500k_20261007T094728_f9d45348,PushCube-v1,mbpo,step_500000_model.pt,input,6,agent.qpos,0.778683066368103,0.19553500413894653,False,False,5.11417382480225
mbpo_pushcube_500k_20261007T094728_f9d45348,PushCube-v1,mbpo,step_500000_model.pt,input,7,agent.qpos,0.01679919846355915,0.008588875643908978,False,False,116.42967501912497
mbpo_pushcube_500k_20261007T094728_f9d45348,PushCube-v1,mbpo,step_500000_model.pt,input,8,agent.qpos,0.016789263114333153,0.008575796149671078,False,False,116.60724935006235
mbpo_pushcube_500k_20261007T094728_f9d45348,PushCube-v1,mbpo,step_500000_model.pt,input,9,agent.qvel,-0.002894294448196888,0.5820465087890625,False,False,1.718075763533884
mbpo_pushcube_500k_20261007T094728_f9d45348,PushCube-v1,mbpo,step_500000_model.pt,input,10,agent.qvel,-0.050098203122615814,1.4071797132492065,False,False,0.710641285249188
mbpo_pushcube_500k_20261007T094728_f9d45348,PushCube-v1,mbpo,step_500000_model.pt,input,11,agent.qvel,0.005967097356915474,0.42777442932128906,False,False,2.337680635999233
mbpo_pushcube_500k_20261007T094728_f9d45348,PushCube-v1,mbpo,step_500000_model.pt,input,12,agent.qvel,-0.03331262990832329,1.9564958810806274,False,False,0.5111178662168571
mbpo_pushcube_500k_20261007T094728_f9d45348,PushCube-v1,mbpo,step_500000_model.pt,input,13,agent.qvel,0.005575250368565321,0.3415597677230835,False,False,2.9277452864727938
mbpo_pushcube_500k_20261007T094728_f9d45348,PushCube-v1,mbpo,step_500000_model.pt,input,14,agent.qvel,-0.018170010298490524,1.115289330482483,False,False,0.8966283211616417
mbpo_pushcube_500k_20261007T094728_f9d45348,PushCube-v1,mbpo,step_500000_model.pt,input,15,agent.qvel,-0.004494315944612026,0.6856944561004639,False,False,1.458375506908701
mbpo_pushcube_500k_20261007T094728_f9d45348,PushCube-v1,mbpo,step_500000_model.pt,input,16,agent.qvel,-0.0040485127829015255,0.3104965388774872,False,False,3.220647816607613
mbpo_pushcube_500k_20261007T094728_f9d45348,PushCube-v1,mbpo,step_500000_model.pt,input,17,agent.qvel,-0.008996554650366306,0.22818265855312347,False,False,4.382453979372796
mbpo_pushcube_500k_20261007T094728_f9d45348,PushCube-v1,mbpo,step_500000_model.pt,input,18,extra.tcp_pose,-0.04010510817170143,0.10668863356113434,False,False,9.373069713438438
mbpo_pushcube_500k_20261007T094728_f9d45348,PushCube-v1,mbpo,step_500000_model.pt,input,19,extra.tcp_pose,-0.002706591971218586,0.09553026407957077,False,False,10.467886900920343
mbpo_pushcube_500k_20261007T094728_f9d45348,PushCube-v1,mbpo,step_500000_model.pt,input,20,extra.tcp_pose,0.16959893703460693,0.08874502778053284,False,False,11.268236936868261
mbpo_pushcube_500k_20261007T094728_f9d45348,PushCube-v1,mbpo,step_500000_model.pt,input,21,extra.tcp_pose,0.002246004296466708,0.014103810302913189,False,False,70.90282544380554
mbpo_pushcube_500k_20261007T094728_f9d45348,PushCube-v1,mbpo,step_500000_model.pt,input,22,extra.tcp_pose,0.9978712201118469,0.010662514716386795,False,False,93.78650596028156
mbpo_pushcube_500k_20261007T094728_f9d45348,PushCube-v1,mbpo,step_500000_model.pt,input,23,extra.tcp_pose,-0.0006493765395134687,0.022767512127757072,False,False,43.92223420761232
mbpo_pushcube_500k_20261007T094728_f9d45348,PushCube-v1,mbpo,step_500000_model.pt,input,24,extra.tcp_pose,-0.007391924969851971,0.05800111964344978,False,False,17.24104648577991
mbpo_pushcube_500k_20261007T094728_f9d45348,PushCube-v1,mbpo,step_500000_model.pt,input,25,extra.goal_pos,0.18688558042049408,0.05871589481830597,False,False,17.031163419964233
mbpo_pushcube_500k_20261007T094728_f9d45348,PushCube-v1,mbpo,step_500000_model.pt,input,26,extra.goal_pos,0.0018444149754941463,0.054489925503730774,False,False,18.352016281092784
mbpo_pushcube_500k_20261007T094728_f9d45348,PushCube-v1,mbpo,step_500000_model.pt,input,27,extra.goal_pos,0.0009999845642596483,9.999999974752427e-07,True,True,1000000.0025247573
mbpo_pushcube_500k_20261007T094728_f9d45348,PushCube-v1,mbpo,step_500000_model.pt,input,28,extra.obj_pose,-0.015421225689351559,0.0690082460641861,False,False,14.491021827592574
mbpo_pushcube_500k_20261007T094728_f9d45348,PushCube-v1,mbpo,step_500000_model.pt,input,29,extra.obj_pose,0.002717846306040883,0.06186244264245033,False,False,16.164896782038717
mbpo_pushcube_500k_20261007T094728_f9d45348,PushCube-v1,mbpo,step_500000_model.pt,input,30,extra.obj_pose,0.019986538216471672,0.0017414095345884562,False,False,574.2474588186564
mbpo_pushcube_500k_20261007T094728_f9d45348,PushCube-v1,mbpo,step_500000_model.pt,input,31,extra.obj_pose,0.9884514808654785,0.0960598960518837,False,False,10.410171581487885
mbpo_pushcube_500k_20261007T094728_f9d45348,PushCube-v1,mbpo,step_500000_model.pt,input,32,extra.obj_pose,0.0027387943118810654,0.03995766490697861,False,False,25.02648746687272
mbpo_pushcube_500k_20261007T094728_f9d45348,PushCube-v1,mbpo,step_500000_model.pt,input,33,extra.obj_pose,0.004085983149707317,0.0605013407766819,False,False,16.528559320546737
mbpo_pushcube_500k_20261007T094728_f9d45348,PushCube-v1,mbpo,step_500000_model.pt,input,34,extra.obj_pose,0.012358760461211205,0.09112267941236496,False,False,10.97421636906239
mbpo_pushcube_500k_20261007T094728_f9d45348,PushCube-v1,mbpo,step_500000_model.pt,input,35,action,0.0005261533660814166,0.5760304927825928,False,False,1.7360192082356014
mbpo_pushcube_500k_20261007T094728_f9d45348,PushCube-v1,mbpo,step_500000_model.pt,input,36,action,0.006873928476125002,0.573354959487915,False,False,1.7441202582308484
mbpo_pushcube_500k_20261007T094728_f9d45348,PushCube-v1,mbpo,step_500000_model.pt,input,37,action,0.003548708278685808,0.5718120336532593,False,False,1.74882643446848
mbpo_pushcube_500k_20261007T094728_f9d45348,PushCube-v1,mbpo,step_500000_model.pt,input,38,action,0.01366855762898922,0.5759720802307129,False,False,1.736195267658525
mbpo_pushcube_500k_20261007T094728_f9d45348,PushCube-v1,mbpo,step_500000_model.pt,target,0,agent.qpos,5.7683471823111176e-05,0.028777411207556725,False,False,34.74947738653461
mbpo_pushcube_500k_20261007T094728_f9d45348,PushCube-v1,mbpo,step_500000_model.pt,target,1,agent.qpos,-0.0024747061543166637,0.07093438506126404,False,False,14.097535336865585
mbpo_pushcube_500k_20261007T094728_f9d45348,PushCube-v1,mbpo,step_500000_model.pt,target,2,agent.qpos,0.00016763379971962422,0.025312181562185287,False,False,39.50666984365873
mbpo_pushcube_500k_20261007T094728_f9d45348,PushCube-v1,mbpo,step_500000_model.pt,target,3,agent.qpos,-0.002147896448150277,0.11131690442562103,False,False,8.98336155824539
mbpo_pushcube_500k_20261007T094728_f9d45348,PushCube-v1,mbpo,step_500000_model.pt,target,4,agent.qpos,0.0005001333192922175,0.021749675273895264,False,False,45.97769793833362
mbpo_pushcube_500k_20261007T094728_f9d45348,PushCube-v1,mbpo,step_500000_model.pt,target,5,agent.qpos,-0.0004863249196205288,0.07349445670843124,False,False,13.606468362195274
mbpo_pushcube_500k_20261007T094728_f9d45348,PushCube-v1,mbpo,step_500000_model.pt,target,6,agent.qpos,-0.0004463384975679219,0.04415141046047211,False,False,22.649333046682177
mbpo_pushcube_500k_20261007T094728_f9d45348,PushCube-v1,mbpo,step_500000_model.pt,target,7,agent.qpos,-0.0005137587431818247,0.006672624498605728,False,False,149.86606847260086
mbpo_pushcube_500k_20261007T094728_f9d45348,PushCube-v1,mbpo,step_500000_model.pt,target,8,agent.qpos,-0.0005129253258928657,0.006596163846552372,False,False,151.60326869725526
mbpo_pushcube_500k_20261007T094728_f9d45348,PushCube-v1,mbpo,step_500000_model.pt,target,9,agent.qvel,0.004316552076488733,0.7889513969421387,False,False,1.2675052023177285
mbpo_pushcube_500k_20261007T094728_f9d45348,PushCube-v1,mbpo,step_500000_model.pt,target,10,agent.qvel,0.00015306632849387825,1.971665620803833,False,False,0.5071853916042355
mbpo_pushcube_500k_20261007T094728_f9d45348,PushCube-v1,mbpo,step_500000_model.pt,target,11,agent.qvel,-0.0038186495658010244,0.580298662185669,False,False,1.72325056934225
mbpo_pushcube_500k_20261007T094728_f9d45348,PushCube-v1,mbpo,step_500000_model.pt,target,12,agent.qvel,-0.010321630164980888,2.807530403137207,False,False,0.3561849228355904
mbpo_pushcube_500k_20261007T094728_f9d45348,PushCube-v1,mbpo,step_500000_model.pt,target,13,agent.qvel,0.0026934512425214052,0.4468606412410736,False,False,2.2378341427042736
mbpo_pushcube_500k_20261007T094728_f9d45348,PushCube-v1,mbpo,step_500000_model.pt,target,14,agent.qvel,0.00287339324131608,1.593991994857788,False,False,0.6273557227551932
mbpo_pushcube_500k_20261007T094728_f9d45348,PushCube-v1,mbpo,step_500000_model.pt,target,15,agent.qvel,-0.003581424243748188,0.9725621342658997,False,False,1.0282119411885295
mbpo_pushcube_500k_20261007T094728_f9d45348,PushCube-v1,mbpo,step_500000_model.pt,target,16,agent.qvel,0.005248419474810362,0.39933645725250244,False,False,2.504154033118231
mbpo_pushcube_500k_20261007T094728_f9d45348,PushCube-v1,mbpo,step_500000_model.pt,target,17,agent.qvel,-0.0010731829097494483,0.35654416680336,False,False,2.804701613731677
mbpo_pushcube_500k_20261007T094728_f9d45348,PushCube-v1,mbpo,step_500000_model.pt,target,18,extra.tcp_pose,-0.0017011292511597276,0.023149460554122925,False,False,43.19755087432911
mbpo_pushcube_500k_20261007T094728_f9d45348,PushCube-v1,mbpo,step_500000_model.pt,target,19,extra.tcp_pose,0.0002386864071013406,0.015472536906599998,False,False,64.63064241090534
mbpo_pushcube_500k_20261007T094728_f9d45348,PushCube-v1,mbpo,step_500000_model.pt,target,20,extra.tcp_pose,0.0001292714150622487,0.01620550826191902,False,False,61.707413543447984
mbpo_pushcube_500k_20261007T094728_f9d45348,PushCube-v1,mbpo,step_500000_model.pt,target,21,extra.tcp_pose,3.846726758638397e-05,0.004640260245651007,False,False,215.50515425018037
mbpo_pushcube_500k_20261007T094728_f9d45348,PushCube-v1,mbpo,step_500000_model.pt,target,22,extra.tcp_pose,-0.00010169992310693488,0.0019302532309666276,False,False,518.0667406520658
mbpo_pushcube_500k_20261007T094728_f9d45348,PushCube-v1,mbpo,step_500000_model.pt,target,23,extra.tcp_pose,1.4592810657632072e-05,0.012765258550643921,False,False,78.33762207264942
mbpo_pushcube_500k_20261007T094728_f9d45348,PushCube-v1,mbpo,step_500000_model.pt,target,24,extra.tcp_pose,-8.730465197004378e-05,0.01741766557097435,False,False,57.41297511570373
mbpo_pushcube_500k_20261007T094728_f9d45348,PushCube-v1,mbpo,step_500000_model.pt,target,25,extra.goal_pos,0.0,9.999999974752427e-07,True,True,1000000.0025247573
mbpo_pushcube_500k_20261007T094728_f9d45348,PushCube-v1,mbpo,step_500000_model.pt,target,26,extra.goal_pos,0.0,9.999999974752427e-07,True,True,1000000.0025247573
mbpo_pushcube_500k_20261007T094728_f9d45348,PushCube-v1,mbpo,step_500000_model.pt,target,27,extra.goal_pos,0.0,9.999999974752427e-07,True,True,1000000.0025247573
mbpo_pushcube_500k_20261007T094728_f9d45348,PushCube-v1,mbpo,step_500000_model.pt,target,28,extra.obj_pose,-0.0002800946240313351,0.005676843225955963,False,False,176.15423928350654
mbpo_pushcube_500k_20261007T094728_f9d45348,PushCube-v1,mbpo,step_500000_model.pt,target,29,extra.obj_pose,-0.00010608560114633292,0.00394055899232626,False,False,253.77110251296162
mbpo_pushcube_500k_20261007T094728_f9d45348,PushCube-v1,mbpo,step_500000_model.pt,target,30,extra.obj_pose,-5.11588150402531e-05,0.0018053004750981927,False,False,553.9244097000576
mbpo_pushcube_500k_20261007T094728_f9d45348,PushCube-v1,mbpo,step_500000_model.pt,target,31,extra.obj_pose,-0.00026127346791327,0.013272848911583424,False,False,75.34177527834919
mbpo_pushcube_500k_20261007T094728_f9d45348,PushCube-v1,mbpo,step_500000_model.pt,target,32,extra.obj_pose,-0.000410523236496374,0.012673591263592243,False,False,78.90423315707886
mbpo_pushcube_500k_20261007T094728_f9d45348,PushCube-v1,mbpo,step_500000_model.pt,target,33,extra.obj_pose,-0.0001929705758811906,0.01014646515250206,False,False,98.55649085370443
mbpo_pushcube_500k_20261007T094728_f9d45348,PushCube-v1,mbpo,step_500000_model.pt,target,34,extra.obj_pose,0.0005425747949630022,0.017825806513428688,False,False,56.098443526057096
mbpo_pushcube_500k_20261007T094728_f9d45348,PushCube-v1,mbpo,step_500000_model.pt,target,35,reward,0.06119774654507637,0.05290508270263672,False,False,18.901775574583144
mbpo_pushcube_500k_20261007T094728_f9d45348,PushCube-v1,mbpo,step_50016_model.pt,input,0,agent.qpos,-0.007847854867577553,0.14383399486541748,False,False,6.952459332967004
mbpo_pushcube_500k_20261007T094728_f9d45348,PushCube-v1,mbpo,step_50016_model.pt,input,1,agent.qpos,0.35849642753601074,0.3387164771556854,False,False,2.952321683306734
mbpo_pushcube_500k_20261007T094728_f9d45348,PushCube-v1,mbpo,step_50016_model.pt,input,2,agent.qpos,-0.0004806999349966645,0.10472307354211807,False,False,9.548993991260339
mbpo_pushcube_500k_20261007T094728_f9d45348,PushCube-v1,mbpo,step_50016_model.pt,input,3,agent.qpos,-1.991417646408081,0.44057464599609375,False,False,2.2697629314076924
mbpo_pushcube_500k_20261007T094728_f9d45348,PushCube-v1,mbpo,step_50016_model.pt,input,4,agent.qpos,-0.002998033771291375,0.09493246674537659,False,False,10.53380402178059
mbpo_pushcube_500k_20261007T094728_f9d45348,PushCube-v1,mbpo,step_50016_model.pt,input,5,agent.qpos,2.334968328475952,0.285708487033844,False,False,3.500071035277099
mbpo_pushcube_500k_20261007T094728_f9d45348,PushCube-v1,mbpo,step_50016_model.pt,input,6,agent.qpos,0.778683066368103,0.19553500413894653,False,False,5.11417382480225
mbpo_pushcube_500k_20261007T094728_f9d45348,PushCube-v1,mbpo,step_50016_model.pt,input,7,agent.qpos,0.01679919846355915,0.008588875643908978,False,False,116.42967501912497
mbpo_pushcube_500k_20261007T094728_f9d45348,PushCube-v1,mbpo,step_50016_model.pt,input,8,agent.qpos,0.016789263114333153,0.008575796149671078,False,False,116.60724935006235
mbpo_pushcube_500k_20261007T094728_f9d45348,PushCube-v1,mbpo,step_50016_model.pt,input,9,agent.qvel,-0.002894294448196888,0.5820465087890625,False,False,1.718075763533884
mbpo_pushcube_500k_20261007T094728_f9d45348,PushCube-v1,mbpo,step_50016_model.pt,input,10,agent.qvel,-0.050098203122615814,1.4071797132492065,False,False,0.710641285249188
mbpo_pushcube_500k_20261007T094728_f9d45348,PushCube-v1,mbpo,step_50016_model.pt,input,11,agent.qvel,0.005967097356915474,0.42777442932128906,False,False,2.337680635999233
mbpo_pushcube_500k_20261007T094728_f9d45348,PushCube-v1,mbpo,step_50016_model.pt,input,12,agent.qvel,-0.03331262990832329,1.9564958810806274,False,False,0.5111178662168571
mbpo_pushcube_500k_20261007T094728_f9d45348,PushCube-v1,mbpo,step_50016_model.pt,input,13,agent.qvel,0.005575250368565321,0.3415597677230835,False,False,2.9277452864727938
mbpo_pushcube_500k_20261007T094728_f9d45348,PushCube-v1,mbpo,step_50016_model.pt,input,14,agent.qvel,-0.018170010298490524,1.115289330482483,False,False,0.8966283211616417
mbpo_pushcube_500k_20261007T094728_f9d45348,PushCube-v1,mbpo,step_50016_model.pt,input,15,agent.qvel,-0.004494315944612026,0.6856944561004639,False,False,1.458375506908701
mbpo_pushcube_500k_20261007T094728_f9d45348,PushCube-v1,mbpo,step_50016_model.pt,input,16,agent.qvel,-0.0040485127829015255,0.3104965388774872,False,False,3.220647816607613
mbpo_pushcube_500k_20261007T094728_f9d45348,PushCube-v1,mbpo,step_50016_model.pt,input,17,agent.qvel,-0.008996554650366306,0.22818265855312347,False,False,4.382453979372796
mbpo_pushcube_500k_20261007T094728_f9d45348,PushCube-v1,mbpo,step_50016_model.pt,input,18,extra.tcp_pose,-0.04010510817170143,0.10668863356113434,False,False,9.373069713438438
mbpo_pushcube_500k_20261007T094728_f9d45348,PushCube-v1,mbpo,step_50016_model.pt,input,19,extra.tcp_pose,-0.002706591971218586,0.09553026407957077,False,False,10.467886900920343
mbpo_pushcube_500k_20261007T094728_f9d45348,PushCube-v1,mbpo,step_50016_model.pt,input,20,extra.tcp_pose,0.16959893703460693,0.08874502778053284,False,False,11.268236936868261
mbpo_pushcube_500k_20261007T094728_f9d45348,PushCube-v1,mbpo,step_50016_model.pt,input,21,extra.tcp_pose,0.002246004296466708,0.014103810302913189,False,False,70.90282544380554
mbpo_pushcube_500k_20261007T094728_f9d45348,PushCube-v1,mbpo,step_50016_model.pt,input,22,extra.tcp_pose,0.9978712201118469,0.010662514716386795,False,False,93.78650596028156
mbpo_pushcube_500k_20261007T094728_f9d45348,PushCube-v1,mbpo,step_50016_model.pt,input,23,extra.tcp_pose,-0.0006493765395134687,0.022767512127757072,False,False,43.92223420761232
mbpo_pushcube_500k_20261007T094728_f9d45348,PushCube-v1,mbpo,step_50016_model.pt,input,24,extra.tcp_pose,-0.007391924969851971,0.05800111964344978,False,False,17.24104648577991
mbpo_pushcube_500k_20261007T094728_f9d45348,PushCube-v1,mbpo,step_50016_model.pt,input,25,extra.goal_pos,0.18688558042049408,0.05871589481830597,False,False,17.031163419964233
mbpo_pushcube_500k_20261007T094728_f9d45348,PushCube-v1,mbpo,step_50016_model.pt,input,26,extra.goal_pos,0.0018444149754941463,0.054489925503730774,False,False,18.352016281092784
mbpo_pushcube_500k_20261007T094728_f9d45348,PushCube-v1,mbpo,step_50016_model.pt,input,27,extra.goal_pos,0.0009999845642596483,9.999999974752427e-07,True,True,1000000.0025247573
mbpo_pushcube_500k_20261007T094728_f9d45348,PushCube-v1,mbpo,step_50016_model.pt,input,28,extra.obj_pose,-0.015421225689351559,0.0690082460641861,False,False,14.491021827592574
mbpo_pushcube_500k_20261007T094728_f9d45348,PushCube-v1,mbpo,step_50016_model.pt,input,29,extra.obj_pose,0.002717846306040883,0.06186244264245033,False,False,16.164896782038717
mbpo_pushcube_500k_20261007T094728_f9d45348,PushCube-v1,mbpo,step_50016_model.pt,input,30,extra.obj_pose,0.019986538216471672,0.0017414095345884562,False,False,574.2474588186564
mbpo_pushcube_500k_20261007T094728_f9d45348,PushCube-v1,mbpo,step_50016_model.pt,input,31,extra.obj_pose,0.9884514808654785,0.0960598960518837,False,False,10.410171581487885
mbpo_pushcube_500k_20261007T094728_f9d45348,PushCube-v1,mbpo,step_50016_model.pt,input,32,extra.obj_pose,0.0027387943118810654,0.03995766490697861,False,False,25.02648746687272
mbpo_pushcube_500k_20261007T094728_f9d45348,PushCube-v1,mbpo,step_50016_model.pt,input,33,extra.obj_pose,0.004085983149707317,0.0605013407766819,False,False,16.528559320546737
mbpo_pushcube_500k_20261007T094728_f9d45348,PushCube-v1,mbpo,step_50016_model.pt,input,34,extra.obj_pose,0.012358760461211205,0.09112267941236496,False,False,10.97421636906239
mbpo_pushcube_500k_20261007T094728_f9d45348,PushCube-v1,mbpo,step_50016_model.pt,input,35,action,0.0005261533660814166,0.5760304927825928,False,False,1.7360192082356014
mbpo_pushcube_500k_20261007T094728_f9d45348,PushCube-v1,mbpo,step_50016_model.pt,input,36,action,0.006873928476125002,0.573354959487915,False,False,1.7441202582308484
mbpo_pushcube_500k_20261007T094728_f9d45348,PushCube-v1,mbpo,step_50016_model.pt,input,37,action,0.003548708278685808,0.5718120336532593,False,False,1.74882643446848
mbpo_pushcube_500k_20261007T094728_f9d45348,PushCube-v1,mbpo,step_50016_model.pt,input,38,action,0.01366855762898922,0.5759720802307129,False,False,1.736195267658525
mbpo_pushcube_500k_20261007T094728_f9d45348,PushCube-v1,mbpo,step_50016_model.pt,target,0,agent.qpos,5.7683471823111176e-05,0.028777411207556725,False,False,34.74947738653461
mbpo_pushcube_500k_20261007T094728_f9d45348,PushCube-v1,mbpo,step_50016_model.pt,target,1,agent.qpos,-0.0024747061543166637,0.07093438506126404,False,False,14.097535336865585
mbpo_pushcube_500k_20261007T094728_f9d45348,PushCube-v1,mbpo,step_50016_model.pt,target,2,agent.qpos,0.00016763379971962422,0.025312181562185287,False,False,39.50666984365873
mbpo_pushcube_500k_20261007T094728_f9d45348,PushCube-v1,mbpo,step_50016_model.pt,target,3,agent.qpos,-0.002147896448150277,0.11131690442562103,False,False,8.98336155824539
mbpo_pushcube_500k_20261007T094728_f9d45348,PushCube-v1,mbpo,step_50016_model.pt,target,4,agent.qpos,0.0005001333192922175,0.021749675273895264,False,False,45.97769793833362
mbpo_pushcube_500k_20261007T094728_f9d45348,PushCube-v1,mbpo,step_50016_model.pt,target,5,agent.qpos,-0.0004863249196205288,0.07349445670843124,False,False,13.606468362195274
mbpo_pushcube_500k_20261007T094728_f9d45348,PushCube-v1,mbpo,step_50016_model.pt,target,6,agent.qpos,-0.0004463384975679219,0.04415141046047211,False,False,22.649333046682177
mbpo_pushcube_500k_20261007T094728_f9d45348,PushCube-v1,mbpo,step_50016_model.pt,target,7,agent.qpos,-0.0005137587431818247,0.006672624498605728,False,False,149.86606847260086
mbpo_pushcube_500k_20261007T094728_f9d45348,PushCube-v1,mbpo,step_50016_model.pt,target,8,agent.qpos,-0.0005129253258928657,0.006596163846552372,False,False,151.60326869725526
mbpo_pushcube_500k_20261007T094728_f9d45348,PushCube-v1,mbpo,step_50016_model.pt,target,9,agent.qvel,0.004316552076488733,0.7889513969421387,False,False,1.2675052023177285
mbpo_pushcube_500k_20261007T094728_f9d45348,PushCube-v1,mbpo,step_50016_model.pt,target,10,agent.qvel,0.00015306632849387825,1.971665620803833,False,False,0.5071853916042355
mbpo_pushcube_500k_20261007T094728_f9d45348,PushCube-v1,mbpo,step_50016_model.pt,target,11,agent.qvel,-0.0038186495658010244,0.580298662185669,False,False,1.72325056934225
mbpo_pushcube_500k_20261007T094728_f9d45348,PushCube-v1,mbpo,step_50016_model.pt,target,12,agent.qvel,-0.010321630164980888,2.807530403137207,False,False,0.3561849228355904
mbpo_pushcube_500k_20261007T094728_f9d45348,PushCube-v1,mbpo,step_50016_model.pt,target,13,agent.qvel,0.0026934512425214052,0.4468606412410736,False,False,2.2378341427042736
mbpo_pushcube_500k_20261007T094728_f9d45348,PushCube-v1,mbpo,step_50016_model.pt,target,14,agent.qvel,0.00287339324131608,1.593991994857788,False,False,0.6273557227551932
mbpo_pushcube_500k_20261007T094728_f9d45348,PushCube-v1,mbpo,step_50016_model.pt,target,15,agent.qvel,-0.003581424243748188,0.9725621342658997,False,False,1.0282119411885295
mbpo_pushcube_500k_20261007T094728_f9d45348,PushCube-v1,mbpo,step_50016_model.pt,target,16,agent.qvel,0.005248419474810362,0.39933645725250244,False,False,2.504154033118231
mbpo_pushcube_500k_20261007T094728_f9d45348,PushCube-v1,mbpo,step_50016_model.pt,target,17,agent.qvel,-0.0010731829097494483,0.35654416680336,False,False,2.804701613731677
mbpo_pushcube_500k_20261007T094728_f9d45348,PushCube-v1,mbpo,step_50016_model.pt,target,18,extra.tcp_pose,-0.0017011292511597276,0.023149460554122925,False,False,43.19755087432911
mbpo_pushcube_500k_20261007T094728_f9d45348,PushCube-v1,mbpo,step_50016_model.pt,target,19,extra.tcp_pose,0.0002386864071013406,0.015472536906599998,False,False,64.63064241090534
mbpo_pushcube_500k_20261007T094728_f9d45348,PushCube-v1,mbpo,step_50016_model.pt,target,20,extra.tcp_pose,0.0001292714150622487,0.01620550826191902,False,False,61.707413543447984
mbpo_pushcube_500k_20261007T094728_f9d45348,PushCube-v1,mbpo,step_50016_model.pt,target,21,extra.tcp_pose,3.846726758638397e-05,0.004640260245651007,False,False,215.50515425018037
mbpo_pushcube_500k_20261007T094728_f9d45348,PushCube-v1,mbpo,step_50016_model.pt,target,22,extra.tcp_pose,-0.00010169992310693488,0.0019302532309666276,False,False,518.0667406520658
mbpo_pushcube_500k_20261007T094728_f9d45348,PushCube-v1,mbpo,step_50016_model.pt,target,23,extra.tcp_pose,1.4592810657632072e-05,0.012765258550643921,False,False,78.33762207264942
mbpo_pushcube_500k_20261007T094728_f9d45348,PushCube-v1,mbpo,step_50016_model.pt,target,24,extra.tcp_pose,-8.730465197004378e-05,0.01741766557097435,False,False,57.41297511570373
mbpo_pushcube_500k_20261007T094728_f9d45348,PushCube-v1,mbpo,step_50016_model.pt,target,25,extra.goal_pos,0.0,9.999999974752427e-07,True,True,1000000.0025247573
mbpo_pushcube_500k_20261007T094728_f9d45348,PushCube-v1,mbpo,step_50016_model.pt,target,26,extra.goal_pos,0.0,9.999999974752427e-07,True,True,1000000.0025247573
mbpo_pushcube_500k_20261007T094728_f9d45348,PushCube-v1,mbpo,step_50016_model.pt,target,27,extra.goal_pos,0.0,9.999999974752427e-07,True,True,1000000.0025247573
mbpo_pushcube_500k_20261007T094728_f9d45348,PushCube-v1,mbpo,step_50016_model.pt,target,28,extra.obj_pose,-0.0002800946240313351,0.005676843225955963,False,False,176.15423928350654
mbpo_pushcube_500k_20261007T094728_f9d45348,PushCube-v1,mbpo,step_50016_model.pt,target,29,extra.obj_pose,-0.00010608560114633292,0.00394055899232626,False,False,253.77110251296162
mbpo_pushcube_500k_20261007T094728_f9d45348,PushCube-v1,mbpo,step_50016_model.pt,target,30,extra.obj_pose,-5.11588150402531e-05,0.0018053004750981927,False,False,553.9244097000576
mbpo_pushcube_500k_20261007T094728_f9d45348,PushCube-v1,mbpo,step_50016_model.pt,target,31,extra.obj_pose,-0.00026127346791327,0.013272848911583424,False,False,75.34177527834919
mbpo_pushcube_500k_20261007T094728_f9d45348,PushCube-v1,mbpo,step_50016_model.pt,target,32,extra.obj_pose,-0.000410523236496374,0.012673591263592243,False,False,78.90423315707886
mbpo_pushcube_500k_20261007T094728_f9d45348,PushCube-v1,mbpo,step_50016_model.pt,target,33,extra.obj_pose,-0.0001929705758811906,0.01014646515250206,False,False,98.55649085370443
mbpo_pushcube_500k_20261007T094728_f9d45348,PushCube-v1,mbpo,step_50016_model.pt,target,34,extra.obj_pose,0.0005425747949630022,0.017825806513428688,False,False,56.098443526057096
mbpo_pushcube_500k_20261007T094728_f9d45348,PushCube-v1,mbpo,step_50016_model.pt,target,35,reward,0.06119774654507637,0.05290508270263672,False,False,18.901775574583144
mbpo_stackcube_20261007T182651_ab48dfc3,StackCube-v1,mbpo,final_model.pt,input,0,agent.qpos,-0.019540732726454735,0.16902954876422882,False,False,5.916125359802337
mbpo_stackcube_20261007T182651_ab48dfc3,StackCube-v1,mbpo,final_model.pt,input,1,agent.qpos,0.3783961534500122,0.3434378504753113,False,False,2.9117349721820687
mbpo_stackcube_20261007T182651_ab48dfc3,StackCube-v1,mbpo,final_model.pt,input,2,agent.qpos,-0.0004825546930078417,0.13104532659053802,False,False,7.630947444044173
mbpo_stackcube_20261007T182651_ab48dfc3,StackCube-v1,mbpo,final_model.pt,input,3,agent.qpos,-1.9716469049453735,0.45157158374786377,False,False,2.214488324753297
mbpo_stackcube_20261007T182651_ab48dfc3,StackCube-v1,mbpo,final_model.pt,input,4,agent.qpos,-0.00992517452687025,0.09468480944633484,False,False,10.561356207478845
mbpo_stackcube_20261007T182651_ab48dfc3,StackCube-v1,mbpo,final_model.pt,input,5,agent.qpos,2.336343288421631,0.3203156888484955,False,False,3.1219201394565004
mbpo_stackcube_20261007T182651_ab48dfc3,StackCube-v1,mbpo,final_model.pt,input,6,agent.qpos,0.7747233510017395,0.2023160606622696,False,False,4.942761324664782
mbpo_stackcube_20261007T182651_ab48dfc3,StackCube-v1,mbpo,final_model.pt,input,7,agent.qpos,0.016805293038487434,0.008597228676080704,False,False,116.31655242371417
mbpo_stackcube_20261007T182651_ab48dfc3,StackCube-v1,mbpo,final_model.pt,input,8,agent.qpos,0.01677125133574009,0.008598142303526402,False,False,116.30419277776605
mbpo_stackcube_20261007T182651_ab48dfc3,StackCube-v1,mbpo,final_model.pt,input,9,agent.qvel,-0.020586760714650154,0.7728261947631836,False,False,1.2939519995261406
mbpo_stackcube_20261007T182651_ab48dfc3,StackCube-v1,mbpo,final_model.pt,input,10,agent.qvel,-0.04214974865317345,1.371767520904541,False,False,0.7289864971730792
mbpo_stackcube_20261007T182651_ab48dfc3,StackCube-v1,mbpo,final_model.pt,input,11,agent.qvel,0.018351396545767784,0.668300449848175,False,False,1.4963329745284186
mbpo_stackcube_20261007T182651_ab48dfc3,StackCube-v1,mbpo,final_model.pt,input,12,agent.qvel,-0.04208004102110863,1.8836827278137207,False,False,0.5308749638324927
mbpo_stackcube_20261007T182651_ab48dfc3,StackCube-v1,mbpo,final_model.pt,input,13,agent.qvel,-0.009714579209685326,0.5588910579681396,False,False,1.789257469309889
mbpo_stackcube_20261007T182651_ab48dfc3,StackCube-v1,mbpo,final_model.pt,input,14,agent.qvel,-0.00919759925454855,1.116197109222412,False,False,0.8958991129233799
mbpo_stackcube_20261007T182651_ab48dfc3,StackCube-v1,mbpo,final_model.pt,input,15,agent.qvel,0.007858901284635067,0.757148802280426,False,False,1.32074434640607
mbpo_stackcube_20261007T182651_ab48dfc3,StackCube-v1,mbpo,final_model.pt,input,16,agent.qvel,-0.011166626587510109,0.3469489812850952,False,False,2.8822681545165834
mbpo_stackcube_20261007T182651_ab48dfc3,StackCube-v1,mbpo,final_model.pt,input,17,agent.qvel,-0.005182358436286449,0.22762593626976013,False,False,4.393172484592868
mbpo_stackcube_20261007T182651_ab48dfc3,StackCube-v1,mbpo,final_model.pt,input,18,extra.tcp_pose,-0.03677099198102951,0.10416115820407867,False,False,9.600507686759215
mbpo_stackcube_20261007T182651_ab48dfc3,StackCube-v1,mbpo,final_model.pt,input,19,extra.tcp_pose,-0.00788130983710289,0.09898614883422852,False,False,10.102423538819494
mbpo_stackcube_20261007T182651_ab48dfc3,StackCube-v1,mbpo,final_model.pt,input,20,extra.tcp_pose,0.16710473597049713,0.0904071256518364,False,False,11.061075029097417
mbpo_stackcube_20261007T182651_ab48dfc3,StackCube-v1,mbpo,final_model.pt,input,21,extra.tcp_pose,0.0022435064893215895,0.014331469312310219,False,False,69.7765161553279
mbpo_stackcube_20261007T182651_ab48dfc3,StackCube-v1,mbpo,final_model.pt,input,22,extra.tcp_pose,0.9968980550765991,0.017194900661706924,False,False,58.15677680691706
mbpo_stackcube_20261007T182651_ab48dfc3,StackCube-v1,mbpo,final_model.pt,input,23,extra.tcp_pose,-0.0005040022660978138,0.024631930515170097,False,False,40.59771114505738
mbpo_stackcube_20261007T182651_ab48dfc3,StackCube-v1,mbpo,final_model.pt,input,24,extra.tcp_pose,-0.00722450902685523,0.07094006985425949,False,False,14.096405628785217
mbpo_stackcube_20261007T182651_ab48dfc3,StackCube-v1,mbpo,final_model.pt,input,25,extra.cubeA_pose,-0.014001344330608845,0.0949285626411438,False,False,10.534237243012688
mbpo_stackcube_20261007T182651_ab48dfc3,StackCube-v1,mbpo,final_model.pt,input,26,extra.cubeA_pose,0.02290496602654457,0.11960909515619278,False,False,8.360568221790656
mbpo_stackcube_20261007T182651_ab48dfc3,StackCube-v1,mbpo,final_model.pt,input,27,extra.cubeA_pose,0.020041432231664658,0.00077417166903615,False,True,1291.7031712682126
mbpo_stackcube_20261007T182651_ab48dfc3,StackCube-v1,mbpo,final_model.pt,input,28,extra.cubeA_pose,0.4464734196662903,0.5894718170166016,False,False,1.6964339449867822
mbpo_stackcube_20261007T182651_ab48dfc3,StackCube-v1,mbpo,final_model.pt,input,29,extra.cubeA_pose,-0.00026202559820376337,0.02295960672199726,False,False,43.554753010726216
mbpo_stackcube_20261007T182651_ab48dfc3,StackCube-v1,mbpo,final_model.pt,input,30,extra.cubeA_pose,-0.003067974466830492,0.06761637330055237,False,False,14.789317308620438
mbpo_stackcube_20261007T182651_ab48dfc3,StackCube-v1,mbpo,final_model.pt,input,31,extra.cubeA_pose,0.4034881889820099,0.5341110229492188,False,False,1.8722699158655562
mbpo_stackcube_20261007T182651_ab48dfc3,StackCube-v1,mbpo,final_model.pt,input,32,extra.cubeB_pose,-0.013619022443890572,0.08291676640510559,False,False,12.06028700051218
mbpo_stackcube_20261007T182651_ab48dfc3,StackCube-v1,mbpo,final_model.pt,input,33,extra.cubeB_pose,0.007897462695837021,0.11616162955760956,False,False,8.608694659401769
mbpo_stackcube_20261007T182651_ab48dfc3,StackCube-v1,mbpo,final_model.pt,input,34,extra.cubeB_pose,0.02001987211406231,0.0004434152797330171,False,True,2255.222239075987
mbpo_stackcube_20261007T182651_ab48dfc3,StackCube-v1,mbpo,final_model.pt,input,35,extra.cubeB_pose,0.37685221433639526,0.525024950504303,False,False,1.904671385692182
mbpo_stackcube_20261007T182651_ab48dfc3,StackCube-v1,mbpo,final_model.pt,input,36,extra.cubeB_pose,0.0017758271424099803,0.032747671008110046,False,False,30.536522727138287
mbpo_stackcube_20261007T182651_ab48dfc3,StackCube-v1,mbpo,final_model.pt,input,37,extra.cubeB_pose,0.0038212917279452085,0.05419579893350601,False,False,18.451614694838643
mbpo_stackcube_20261007T182651_ab48dfc3,StackCube-v1,mbpo,final_model.pt,input,38,extra.cubeB_pose,0.5787856578826904,0.4932639002799988,False,False,2.027312356392501
mbpo_stackcube_20261007T182651_ab48dfc3,StackCube-v1,mbpo,final_model.pt,input,39,extra.tcp_to_cubeA_pos,0.022769607603549957,0.1381980925798416,False,False,7.235989884753778
mbpo_stackcube_20261007T182651_ab48dfc3,StackCube-v1,mbpo,final_model.pt,input,40,extra.tcp_to_cubeA_pos,0.03078622557222843,0.15560093522071838,False,False,6.42669659138944
mbpo_stackcube_20261007T182651_ab48dfc3,StackCube-v1,mbpo,final_model.pt,input,41,extra.tcp_to_cubeA_pos,-0.14706401526927948,0.09046759456396103,False,False,11.053681761075179
mbpo_stackcube_20261007T182651_ab48dfc3,StackCube-v1,mbpo,final_model.pt,input,42,extra.tcp_to_cubeB_pos,0.02315191738307476,0.1336592137813568,False,False,7.481713917873449
mbpo_stackcube_20261007T182651_ab48dfc3,StackCube-v1,mbpo,final_model.pt,input,43,extra.tcp_to_cubeB_pos,0.01577875204384327,0.15784718096256256,False,False,6.335241427195176
mbpo_stackcube_20261007T182651_ab48dfc3,StackCube-v1,mbpo,final_model.pt,input,44,extra.tcp_to_cubeB_pos,-0.14708559215068817,0.09043009579181671,False,False,11.058265406487527
mbpo_stackcube_20261007T182651_ab48dfc3,StackCube-v1,mbpo,final_model.pt,input,45,extra.cubeA_to_cubeB_pos,0.00038236245745792985,0.09863603860139847,False,False,10.138282256459375
mbpo_stackcube_20261007T182651_ab48dfc3,StackCube-v1,mbpo,final_model.pt,input,46,extra.cubeA_to_cubeB_pos,-0.01500751730054617,0.16330982744693756,False,False,6.123330210026208
mbpo_stackcube_20261007T182651_ab48dfc3,StackCube-v1,mbpo,final_model.pt,input,47,extra.cubeA_to_cubeB_pos,-2.1547306459979154e-05,0.0008907196461223066,False,True,1122.6877102727426
mbpo_stackcube_20261007T182651_ab48dfc3,StackCube-v1,mbpo,final_model.pt,input,48,action,0.0019305322784930468,0.5759273171424866,False,False,1.7363302108356085
mbpo_stackcube_20261007T182651_ab48dfc3,StackCube-v1,mbpo,final_model.pt,input,49,action,0.002302297158166766,0.5757090449333191,False,False,1.7369885166834993
mbpo_stackcube_20261007T182651_ab48dfc3,StackCube-v1,mbpo,final_model.pt,input,50,action,-0.004806290380656719,0.5761167407035828,False,False,1.7357593163822138
mbpo_stackcube_20261007T182651_ab48dfc3,StackCube-v1,mbpo,final_model.pt,input,51,action,0.008851010352373123,0.5756466388702393,False,False,1.7371768242451553
mbpo_stackcube_20261007T182651_ab48dfc3,StackCube-v1,mbpo,final_model.pt,target,0,agent.qpos,-0.001026684301905334,0.043356724083423615,False,False,23.0644731847332
mbpo_stackcube_20261007T182651_ab48dfc3,StackCube-v1,mbpo,final_model.pt,target,1,agent.qpos,-0.0017880653031170368,0.07081261277198792,False,False,14.12177804002143
mbpo_stackcube_20261007T182651_ab48dfc3,StackCube-v1,mbpo,final_model.pt,target,2,agent.qpos,0.0006390808266587555,0.040644321590662,False,False,24.603682897483743
mbpo_stackcube_20261007T182651_ab48dfc3,StackCube-v1,mbpo,final_model.pt,target,3,agent.qpos,-0.0016575951594859362,0.1114334836602211,False,False,8.973963364989677
mbpo_stackcube_20261007T182651_ab48dfc3,StackCube-v1,mbpo,final_model.pt,target,4,agent.qpos,-0.0002792774175759405,0.04009156674146652,False,False,24.94290149468528
mbpo_stackcube_20261007T182651_ab48dfc3,StackCube-v1,mbpo,final_model.pt,target,5,agent.qpos,-0.00024066929472610354,0.0753043070435524,False,False,13.27945291922875
mbpo_stackcube_20261007T182651_ab48dfc3,StackCube-v1,mbpo,final_model.pt,target,6,agent.qpos,-0.00020420842338353395,0.054533589631319046,False,False,18.33732213046347
mbpo_stackcube_20261007T182651_ab48dfc3,StackCube-v1,mbpo,final_model.pt,target,7,agent.qpos,-0.0005361346411518753,0.006672529503703117,False,False,149.8682020731449
mbpo_stackcube_20261007T182651_ab48dfc3,StackCube-v1,mbpo,final_model.pt,target,8,agent.qpos,-0.0005445013521239161,0.0066558243706822395,False,False,150.24434905536688
mbpo_stackcube_20261007T182651_ab48dfc3,StackCube-v1,mbpo,final_model.pt,target,9,agent.qvel,0.002377796918153763,1.1236528158187866,False,False,0.8899546069052628
mbpo_stackcube_20261007T182651_ab48dfc3,StackCube-v1,mbpo,final_model.pt,target,10,agent.qvel,0.0006593649159185588,1.9260934591293335,False,False,0.5191856061086659
mbpo_stackcube_20261007T182651_ab48dfc3,StackCube-v1,mbpo,final_model.pt,target,11,agent.qvel,-0.006528229918330908,0.9854931831359863,False,False,1.014720362466487
mbpo_stackcube_20261007T182651_ab48dfc3,StackCube-v1,mbpo,final_model.pt,target,12,agent.qvel,-0.005815503653138876,2.699260950088501,False,False,0.3704717767162204
mbpo_stackcube_20261007T182651_ab48dfc3,StackCube-v1,mbpo,final_model.pt,target,13,agent.qvel,0.007051756605505943,0.8973961472511292,False,False,1.1143350715992744
mbpo_stackcube_20261007T182651_ab48dfc3,StackCube-v1,mbpo,final_model.pt,target,14,agent.qvel,-0.0007484254892915487,1.5897636413574219,False,False,0.6290243241103115
mbpo_stackcube_20261007T182651_ab48dfc3,StackCube-v1,mbpo,final_model.pt,target,15,agent.qvel,-0.00923957023769617,1.1965543031692505,False,False,0.8357330689893075
mbpo_stackcube_20261007T182651_ab48dfc3,StackCube-v1,mbpo,final_model.pt,target,16,agent.qvel,-0.01011236198246479,0.7331957221031189,False,False,1.3638923003145358
mbpo_stackcube_20261007T182651_ab48dfc3,StackCube-v1,mbpo,final_model.pt,target,17,agent.qvel,0.014972900040447712,0.7049592733383179,False,False,1.4185216619174663
mbpo_stackcube_20261007T182651_ab48dfc3,StackCube-v1,mbpo,final_model.pt,target,18,extra.tcp_pose,-0.0017349636182188988,0.023074544966220856,False,False,43.33779935699334
mbpo_stackcube_20261007T182651_ab48dfc3,StackCube-v1,mbpo,final_model.pt,target,19,extra.tcp_pose,3.445224865572527e-05,0.01569664105772972,False,False,63.70789752547445
mbpo_stackcube_20261007T182651_ab48dfc3,StackCube-v1,mbpo,final_model.pt,target,20,extra.tcp_pose,9.153989958576858e-05,0.016336621716618538,False,False,61.21216597570741
mbpo_stackcube_20261007T182651_ab48dfc3,StackCube-v1,mbpo,final_model.pt,target,21,extra.tcp_pose,2.7848265744978562e-05,0.0042983777821063995,False,False,232.64590752419969
mbpo_stackcube_20261007T182651_ab48dfc3,StackCube-v1,mbpo,final_model.pt,target,22,extra.tcp_pose,-0.0002031206531682983,0.003064472461119294,False,False,326.3204393864096
mbpo_stackcube_20261007T182651_ab48dfc3,StackCube-v1,mbpo,final_model.pt,target,23,extra.tcp_pose,1.198624522658065e-05,0.012897927314043045,False,False,77.53183714341581
mbpo_stackcube_20261007T182651_ab48dfc3,StackCube-v1,mbpo,final_model.pt,target,24,extra.tcp_pose,-0.00020737784507218748,0.01825067587196827,False,False,54.792491358412015
mbpo_stackcube_20261007T182651_ab48dfc3,StackCube-v1,mbpo,final_model.pt,target,25,extra.cubeA_pose,-0.00021267708507366478,0.002884333021938801,False,False,346.70060370761786
mbpo_stackcube_20261007T182651_ab48dfc3,StackCube-v1,mbpo,final_model.pt,target,26,extra.cubeA_pose,1.0045774843092659e-06,0.0013297931291162968,False,False,751.9966663269962
mbpo_stackcube_20261007T182651_ab48dfc3,StackCube-v1,mbpo,final_model.pt,target,27,extra.cubeA_pose,3.2826467304403195e-06,0.0005623965407721698,False,True,1778.1048201807946
mbpo_stackcube_20261007T182651_ab48dfc3,StackCube-v1,mbpo,final_model.pt,target,28,extra.cubeA_pose,-0.0005693409475497901,0.01502741128206253,False,False,66.54506097092384
mbpo_stackcube_20261007T182651_ab48dfc3,StackCube-v1,mbpo,final_model.pt,target,29,extra.cubeA_pose,0.0001870975102065131,0.008903109468519688,False,False,112.32030826262199
mbpo_stackcube_20261007T182651_ab48dfc3,StackCube-v1,mbpo,final_model.pt,target,30,extra.cubeA_pose,-0.0004962453385815024,0.016836456954479218,False,False,59.394919174723235
mbpo_stackcube_20261007T182651_ab48dfc3,StackCube-v1,mbpo,final_model.pt,target,31,extra.cubeA_pose,-0.00022852595429867506,0.014184964820742607,False,False,70.49717871261159
mbpo_stackcube_20261007T182651_ab48dfc3,StackCube-v1,mbpo,final_model.pt,target,32,extra.cubeB_pose,-0.00010427604138385504,0.0015440594870597124,False,False,647.6434414481388
mbpo_stackcube_20261007T182651_ab48dfc3,StackCube-v1,mbpo,final_model.pt,target,33,extra.cubeB_pose,5.3940977522870526e-05,0.0012322325492277741,False,False,811.5351283543747
mbpo_stackcube_20261007T182651_ab48dfc3,StackCube-v1,mbpo,final_model.pt,target,34,extra.cubeB_pose,-2.3671937015024014e-06,0.0003119346802122891,False,True,3205.7993658141627
mbpo_stackcube_20261007T182651_ab48dfc3,StackCube-v1,mbpo,final_model.pt,target,35,extra.cubeB_pose,-0.00020570808555930853,0.011737369932234287,False,False,85.1979622158542
mbpo_stackcube_20261007T182651_ab48dfc3,StackCube-v1,mbpo,final_model.pt,target,36,extra.cubeB_pose,-1.83376014319947e-05,0.007104993797838688,False,False,140.74607641518227
mbpo_stackcube_20261007T182651_ab48dfc3,StackCube-v1,mbpo,final_model.pt,target,37,extra.cubeB_pose,0.00030537412385456264,0.007479480933398008,False,False,133.6991174794919
mbpo_stackcube_20261007T182651_ab48dfc3,StackCube-v1,mbpo,final_model.pt,target,38,extra.cubeB_pose,-0.0003552782873157412,0.012189347296953201,False,False,82.03884717026283
mbpo_stackcube_20261007T182651_ab48dfc3,StackCube-v1,mbpo,final_model.pt,target,39,extra.tcp_to_cubeA_pos,0.001522286213003099,0.023181268945336342,False,False,43.138276957922194
mbpo_stackcube_20261007T182651_ab48dfc3,StackCube-v1,mbpo,final_model.pt,target,40,extra.tcp_to_cubeA_pos,-3.344756623846479e-05,0.015704184770584106,False,False,63.6772945943125
mbpo_stackcube_20261007T182651_ab48dfc3,StackCube-v1,mbpo,final_model.pt,target,41,extra.tcp_to_cubeA_pos,-8.82569293025881e-05,0.016333406791090965,False,False,61.22421444529556
mbpo_stackcube_20261007T182651_ab48dfc3,StackCube-v1,mbpo,final_model.pt,target,42,extra.tcp_to_cubeB_pos,0.0016306877369061112,0.02311793714761734,False,False,43.25645465746348
mbpo_stackcube_20261007T182651_ab48dfc3,StackCube-v1,mbpo,final_model.pt,target,43,extra.tcp_to_cubeB_pos,1.948876706592273e-05,0.015743272379040718,False,False,63.519195750644364
mbpo_stackcube_20261007T182651_ab48dfc3,StackCube-v1,mbpo,final_model.pt,target,44,extra.tcp_to_cubeB_pos,-9.390657942276448e-05,0.016340212896466255,False,False,61.19871303612333
mbpo_stackcube_20261007T182651_ab48dfc3,StackCube-v1,mbpo,final_model.pt,target,45,extra.cubeA_to_cubeB_pos,0.00010840103641385213,0.003215116448700428,False,False,311.0307250003983
mbpo_stackcube_20261007T182651_ab48dfc3,StackCube-v1,mbpo,final_model.pt,target,46,extra.cubeA_to_cubeB_pos,5.29363751411438e-05,0.0016829344676807523,False,False,594.2002016145628
mbpo_stackcube_20261007T182651_ab48dfc3,StackCube-v1,mbpo,final_model.pt,target,47,extra.cubeA_to_cubeB_pos,-5.64983747608494e-06,0.0006395475356839597,False,True,1563.605430721513
mbpo_stackcube_20261007T182651_ab48dfc3,StackCube-v1,mbpo,final_model.pt,target,48,reward,0.050959471613168716,0.03702375292778015,False,False,27.009687590305486
mbpo_stackcube_20261007T182651_ab48dfc3,StackCube-v1,mbpo,step_100000_model.pt,input,0,agent.qpos,-0.019540732726454735,0.16902954876422882,False,False,5.916125359802337
mbpo_stackcube_20261007T182651_ab48dfc3,StackCube-v1,mbpo,step_100000_model.pt,input,1,agent.qpos,0.3783961534500122,0.3434378504753113,False,False,2.9117349721820687
mbpo_stackcube_20261007T182651_ab48dfc3,StackCube-v1,mbpo,step_100000_model.pt,input,2,agent.qpos,-0.0004825546930078417,0.13104532659053802,False,False,7.630947444044173
mbpo_stackcube_20261007T182651_ab48dfc3,StackCube-v1,mbpo,step_100000_model.pt,input,3,agent.qpos,-1.9716469049453735,0.45157158374786377,False,False,2.214488324753297
mbpo_stackcube_20261007T182651_ab48dfc3,StackCube-v1,mbpo,step_100000_model.pt,input,4,agent.qpos,-0.00992517452687025,0.09468480944633484,False,False,10.561356207478845
mbpo_stackcube_20261007T182651_ab48dfc3,StackCube-v1,mbpo,step_100000_model.pt,input,5,agent.qpos,2.336343288421631,0.3203156888484955,False,False,3.1219201394565004
mbpo_stackcube_20261007T182651_ab48dfc3,StackCube-v1,mbpo,step_100000_model.pt,input,6,agent.qpos,0.7747233510017395,0.2023160606622696,False,False,4.942761324664782
mbpo_stackcube_20261007T182651_ab48dfc3,StackCube-v1,mbpo,step_100000_model.pt,input,7,agent.qpos,0.016805293038487434,0.008597228676080704,False,False,116.31655242371417
mbpo_stackcube_20261007T182651_ab48dfc3,StackCube-v1,mbpo,step_100000_model.pt,input,8,agent.qpos,0.01677125133574009,0.008598142303526402,False,False,116.30419277776605
mbpo_stackcube_20261007T182651_ab48dfc3,StackCube-v1,mbpo,step_100000_model.pt,input,9,agent.qvel,-0.020586760714650154,0.7728261947631836,False,False,1.2939519995261406
mbpo_stackcube_20261007T182651_ab48dfc3,StackCube-v1,mbpo,step_100000_model.pt,input,10,agent.qvel,-0.04214974865317345,1.371767520904541,False,False,0.7289864971730792
mbpo_stackcube_20261007T182651_ab48dfc3,StackCube-v1,mbpo,step_100000_model.pt,input,11,agent.qvel,0.018351396545767784,0.668300449848175,False,False,1.4963329745284186
mbpo_stackcube_20261007T182651_ab48dfc3,StackCube-v1,mbpo,step_100000_model.pt,input,12,agent.qvel,-0.04208004102110863,1.8836827278137207,False,False,0.5308749638324927
mbpo_stackcube_20261007T182651_ab48dfc3,StackCube-v1,mbpo,step_100000_model.pt,input,13,agent.qvel,-0.009714579209685326,0.5588910579681396,False,False,1.789257469309889
mbpo_stackcube_20261007T182651_ab48dfc3,StackCube-v1,mbpo,step_100000_model.pt,input,14,agent.qvel,-0.00919759925454855,1.116197109222412,False,False,0.8958991129233799
mbpo_stackcube_20261007T182651_ab48dfc3,StackCube-v1,mbpo,step_100000_model.pt,input,15,agent.qvel,0.007858901284635067,0.757148802280426,False,False,1.32074434640607
mbpo_stackcube_20261007T182651_ab48dfc3,StackCube-v1,mbpo,step_100000_model.pt,input,16,agent.qvel,-0.011166626587510109,0.3469489812850952,False,False,2.8822681545165834
mbpo_stackcube_20261007T182651_ab48dfc3,StackCube-v1,mbpo,step_100000_model.pt,input,17,agent.qvel,-0.005182358436286449,0.22762593626976013,False,False,4.393172484592868
mbpo_stackcube_20261007T182651_ab48dfc3,StackCube-v1,mbpo,step_100000_model.pt,input,18,extra.tcp_pose,-0.03677099198102951,0.10416115820407867,False,False,9.600507686759215
mbpo_stackcube_20261007T182651_ab48dfc3,StackCube-v1,mbpo,step_100000_model.pt,input,19,extra.tcp_pose,-0.00788130983710289,0.09898614883422852,False,False,10.102423538819494
mbpo_stackcube_20261007T182651_ab48dfc3,StackCube-v1,mbpo,step_100000_model.pt,input,20,extra.tcp_pose,0.16710473597049713,0.0904071256518364,False,False,11.061075029097417
mbpo_stackcube_20261007T182651_ab48dfc3,StackCube-v1,mbpo,step_100000_model.pt,input,21,extra.tcp_pose,0.0022435064893215895,0.014331469312310219,False,False,69.7765161553279
mbpo_stackcube_20261007T182651_ab48dfc3,StackCube-v1,mbpo,step_100000_model.pt,input,22,extra.tcp_pose,0.9968980550765991,0.017194900661706924,False,False,58.15677680691706
mbpo_stackcube_20261007T182651_ab48dfc3,StackCube-v1,mbpo,step_100000_model.pt,input,23,extra.tcp_pose,-0.0005040022660978138,0.024631930515170097,False,False,40.59771114505738
mbpo_stackcube_20261007T182651_ab48dfc3,StackCube-v1,mbpo,step_100000_model.pt,input,24,extra.tcp_pose,-0.00722450902685523,0.07094006985425949,False,False,14.096405628785217
mbpo_stackcube_20261007T182651_ab48dfc3,StackCube-v1,mbpo,step_100000_model.pt,input,25,extra.cubeA_pose,-0.014001344330608845,0.0949285626411438,False,False,10.534237243012688
mbpo_stackcube_20261007T182651_ab48dfc3,StackCube-v1,mbpo,step_100000_model.pt,input,26,extra.cubeA_pose,0.02290496602654457,0.11960909515619278,False,False,8.360568221790656
mbpo_stackcube_20261007T182651_ab48dfc3,StackCube-v1,mbpo,step_100000_model.pt,input,27,extra.cubeA_pose,0.020041432231664658,0.00077417166903615,False,True,1291.7031712682126
mbpo_stackcube_20261007T182651_ab48dfc3,StackCube-v1,mbpo,step_100000_model.pt,input,28,extra.cubeA_pose,0.4464734196662903,0.5894718170166016,False,False,1.6964339449867822
mbpo_stackcube_20261007T182651_ab48dfc3,StackCube-v1,mbpo,step_100000_model.pt,input,29,extra.cubeA_pose,-0.00026202559820376337,0.02295960672199726,False,False,43.554753010726216
mbpo_stackcube_20261007T182651_ab48dfc3,StackCube-v1,mbpo,step_100000_model.pt,input,30,extra.cubeA_pose,-0.003067974466830492,0.06761637330055237,False,False,14.789317308620438
mbpo_stackcube_20261007T182651_ab48dfc3,StackCube-v1,mbpo,step_100000_model.pt,input,31,extra.cubeA_pose,0.4034881889820099,0.5341110229492188,False,False,1.8722699158655562
mbpo_stackcube_20261007T182651_ab48dfc3,StackCube-v1,mbpo,step_100000_model.pt,input,32,extra.cubeB_pose,-0.013619022443890572,0.08291676640510559,False,False,12.06028700051218
mbpo_stackcube_20261007T182651_ab48dfc3,StackCube-v1,mbpo,step_100000_model.pt,input,33,extra.cubeB_pose,0.007897462695837021,0.11616162955760956,False,False,8.608694659401769
mbpo_stackcube_20261007T182651_ab48dfc3,StackCube-v1,mbpo,step_100000_model.pt,input,34,extra.cubeB_pose,0.02001987211406231,0.0004434152797330171,False,True,2255.222239075987
mbpo_stackcube_20261007T182651_ab48dfc3,StackCube-v1,mbpo,step_100000_model.pt,input,35,extra.cubeB_pose,0.37685221433639526,0.525024950504303,False,False,1.904671385692182
mbpo_stackcube_20261007T182651_ab48dfc3,StackCube-v1,mbpo,step_100000_model.pt,input,36,extra.cubeB_pose,0.0017758271424099803,0.032747671008110046,False,False,30.536522727138287
mbpo_stackcube_20261007T182651_ab48dfc3,StackCube-v1,mbpo,step_100000_model.pt,input,37,extra.cubeB_pose,0.0038212917279452085,0.05419579893350601,False,False,18.451614694838643
mbpo_stackcube_20261007T182651_ab48dfc3,StackCube-v1,mbpo,step_100000_model.pt,input,38,extra.cubeB_pose,0.5787856578826904,0.4932639002799988,False,False,2.027312356392501
mbpo_stackcube_20261007T182651_ab48dfc3,StackCube-v1,mbpo,step_100000_model.pt,input,39,extra.tcp_to_cubeA_pos,0.022769607603549957,0.1381980925798416,False,False,7.235989884753778
mbpo_stackcube_20261007T182651_ab48dfc3,StackCube-v1,mbpo,step_100000_model.pt,input,40,extra.tcp_to_cubeA_pos,0.03078622557222843,0.15560093522071838,False,False,6.42669659138944
mbpo_stackcube_20261007T182651_ab48dfc3,StackCube-v1,mbpo,step_100000_model.pt,input,41,extra.tcp_to_cubeA_pos,-0.14706401526927948,0.09046759456396103,False,False,11.053681761075179
mbpo_stackcube_20261007T182651_ab48dfc3,StackCube-v1,mbpo,step_100000_model.pt,input,42,extra.tcp_to_cubeB_pos,0.02315191738307476,0.1336592137813568,False,False,7.481713917873449
mbpo_stackcube_20261007T182651_ab48dfc3,StackCube-v1,mbpo,step_100000_model.pt,input,43,extra.tcp_to_cubeB_pos,0.01577875204384327,0.15784718096256256,False,False,6.335241427195176
mbpo_stackcube_20261007T182651_ab48dfc3,StackCube-v1,mbpo,step_100000_model.pt,input,44,extra.tcp_to_cubeB_pos,-0.14708559215068817,0.09043009579181671,False,False,11.058265406487527
mbpo_stackcube_20261007T182651_ab48dfc3,StackCube-v1,mbpo,step_100000_model.pt,input,45,extra.cubeA_to_cubeB_pos,0.00038236245745792985,0.09863603860139847,False,False,10.138282256459375
mbpo_stackcube_20261007T182651_ab48dfc3,StackCube-v1,mbpo,step_100000_model.pt,input,46,extra.cubeA_to_cubeB_pos,-0.01500751730054617,0.16330982744693756,False,False,6.123330210026208
mbpo_stackcube_20261007T182651_ab48dfc3,StackCube-v1,mbpo,step_100000_model.pt,input,47,extra.cubeA_to_cubeB_pos,-2.1547306459979154e-05,0.0008907196461223066,False,True,1122.6877102727426
mbpo_stackcube_20261007T182651_ab48dfc3,StackCube-v1,mbpo,step_100000_model.pt,input,48,action,0.0019305322784930468,0.5759273171424866,False,False,1.7363302108356085
mbpo_stackcube_20261007T182651_ab48dfc3,StackCube-v1,mbpo,step_100000_model.pt,input,49,action,0.002302297158166766,0.5757090449333191,False,False,1.7369885166834993
mbpo_stackcube_20261007T182651_ab48dfc3,StackCube-v1,mbpo,step_100000_model.pt,input,50,action,-0.004806290380656719,0.5761167407035828,False,False,1.7357593163822138
mbpo_stackcube_20261007T182651_ab48dfc3,StackCube-v1,mbpo,step_100000_model.pt,input,51,action,0.008851010352373123,0.5756466388702393,False,False,1.7371768242451553
mbpo_stackcube_20261007T182651_ab48dfc3,StackCube-v1,mbpo,step_100000_model.pt,target,0,agent.qpos,-0.001026684301905334,0.043356724083423615,False,False,23.0644731847332
mbpo_stackcube_20261007T182651_ab48dfc3,StackCube-v1,mbpo,step_100000_model.pt,target,1,agent.qpos,-0.0017880653031170368,0.07081261277198792,False,False,14.12177804002143
mbpo_stackcube_20261007T182651_ab48dfc3,StackCube-v1,mbpo,step_100000_model.pt,target,2,agent.qpos,0.0006390808266587555,0.040644321590662,False,False,24.603682897483743
mbpo_stackcube_20261007T182651_ab48dfc3,StackCube-v1,mbpo,step_100000_model.pt,target,3,agent.qpos,-0.0016575951594859362,0.1114334836602211,False,False,8.973963364989677
mbpo_stackcube_20261007T182651_ab48dfc3,StackCube-v1,mbpo,step_100000_model.pt,target,4,agent.qpos,-0.0002792774175759405,0.04009156674146652,False,False,24.94290149468528
mbpo_stackcube_20261007T182651_ab48dfc3,StackCube-v1,mbpo,step_100000_model.pt,target,5,agent.qpos,-0.00024066929472610354,0.0753043070435524,False,False,13.27945291922875
mbpo_stackcube_20261007T182651_ab48dfc3,StackCube-v1,mbpo,step_100000_model.pt,target,6,agent.qpos,-0.00020420842338353395,0.054533589631319046,False,False,18.33732213046347
mbpo_stackcube_20261007T182651_ab48dfc3,StackCube-v1,mbpo,step_100000_model.pt,target,7,agent.qpos,-0.0005361346411518753,0.006672529503703117,False,False,149.8682020731449
mbpo_stackcube_20261007T182651_ab48dfc3,StackCube-v1,mbpo,step_100000_model.pt,target,8,agent.qpos,-0.0005445013521239161,0.0066558243706822395,False,False,150.24434905536688
mbpo_stackcube_20261007T182651_ab48dfc3,StackCube-v1,mbpo,step_100000_model.pt,target,9,agent.qvel,0.002377796918153763,1.1236528158187866,False,False,0.8899546069052628
mbpo_stackcube_20261007T182651_ab48dfc3,StackCube-v1,mbpo,step_100000_model.pt,target,10,agent.qvel,0.0006593649159185588,1.9260934591293335,False,False,0.5191856061086659
mbpo_stackcube_20261007T182651_ab48dfc3,StackCube-v1,mbpo,step_100000_model.pt,target,11,agent.qvel,-0.006528229918330908,0.9854931831359863,False,False,1.014720362466487
mbpo_stackcube_20261007T182651_ab48dfc3,StackCube-v1,mbpo,step_100000_model.pt,target,12,agent.qvel,-0.005815503653138876,2.699260950088501,False,False,0.3704717767162204
mbpo_stackcube_20261007T182651_ab48dfc3,StackCube-v1,mbpo,step_100000_model.pt,target,13,agent.qvel,0.007051756605505943,0.8973961472511292,False,False,1.1143350715992744
mbpo_stackcube_20261007T182651_ab48dfc3,StackCube-v1,mbpo,step_100000_model.pt,target,14,agent.qvel,-0.0007484254892915487,1.5897636413574219,False,False,0.6290243241103115
mbpo_stackcube_20261007T182651_ab48dfc3,StackCube-v1,mbpo,step_100000_model.pt,target,15,agent.qvel,-0.00923957023769617,1.1965543031692505,False,False,0.8357330689893075
mbpo_stackcube_20261007T182651_ab48dfc3,StackCube-v1,mbpo,step_100000_model.pt,target,16,agent.qvel,-0.01011236198246479,0.7331957221031189,False,False,1.3638923003145358
mbpo_stackcube_20261007T182651_ab48dfc3,StackCube-v1,mbpo,step_100000_model.pt,target,17,agent.qvel,0.014972900040447712,0.7049592733383179,False,False,1.4185216619174663
mbpo_stackcube_20261007T182651_ab48dfc3,StackCube-v1,mbpo,step_100000_model.pt,target,18,extra.tcp_pose,-0.0017349636182188988,0.023074544966220856,False,False,43.33779935699334
mbpo_stackcube_20261007T182651_ab48dfc3,StackCube-v1,mbpo,step_100000_model.pt,target,19,extra.tcp_pose,3.445224865572527e-05,0.01569664105772972,False,False,63.70789752547445
mbpo_stackcube_20261007T182651_ab48dfc3,StackCube-v1,mbpo,step_100000_model.pt,target,20,extra.tcp_pose,9.153989958576858e-05,0.016336621716618538,False,False,61.21216597570741
mbpo_stackcube_20261007T182651_ab48dfc3,StackCube-v1,mbpo,step_100000_model.pt,target,21,extra.tcp_pose,2.7848265744978562e-05,0.0042983777821063995,False,False,232.64590752419969
mbpo_stackcube_20261007T182651_ab48dfc3,StackCube-v1,mbpo,step_100000_model.pt,target,22,extra.tcp_pose,-0.0002031206531682983,0.003064472461119294,False,False,326.3204393864096
mbpo_stackcube_20261007T182651_ab48dfc3,StackCube-v1,mbpo,step_100000_model.pt,target,23,extra.tcp_pose,1.198624522658065e-05,0.012897927314043045,False,False,77.53183714341581
mbpo_stackcube_20261007T182651_ab48dfc3,StackCube-v1,mbpo,step_100000_model.pt,target,24,extra.tcp_pose,-0.00020737784507218748,0.01825067587196827,False,False,54.792491358412015
mbpo_stackcube_20261007T182651_ab48dfc3,StackCube-v1,mbpo,step_100000_model.pt,target,25,extra.cubeA_pose,-0.00021267708507366478,0.002884333021938801,False,False,346.70060370761786
mbpo_stackcube_20261007T182651_ab48dfc3,StackCube-v1,mbpo,step_100000_model.pt,target,26,extra.cubeA_pose,1.0045774843092659e-06,0.0013297931291162968,False,False,751.9966663269962
mbpo_stackcube_20261007T182651_ab48dfc3,StackCube-v1,mbpo,step_100000_model.pt,target,27,extra.cubeA_pose,3.2826467304403195e-06,0.0005623965407721698,False,True,1778.1048201807946
mbpo_stackcube_20261007T182651_ab48dfc3,StackCube-v1,mbpo,step_100000_model.pt,target,28,extra.cubeA_pose,-0.0005693409475497901,0.01502741128206253,False,False,66.54506097092384
mbpo_stackcube_20261007T182651_ab48dfc3,StackCube-v1,mbpo,step_100000_model.pt,target,29,extra.cubeA_pose,0.0001870975102065131,0.008903109468519688,False,False,112.32030826262199
mbpo_stackcube_20261007T182651_ab48dfc3,StackCube-v1,mbpo,step_100000_model.pt,target,30,extra.cubeA_pose,-0.0004962453385815024,0.016836456954479218,False,False,59.394919174723235
mbpo_stackcube_20261007T182651_ab48dfc3,StackCube-v1,mbpo,step_100000_model.pt,target,31,extra.cubeA_pose,-0.00022852595429867506,0.014184964820742607,False,False,70.49717871261159
mbpo_stackcube_20261007T182651_ab48dfc3,StackCube-v1,mbpo,step_100000_model.pt,target,32,extra.cubeB_pose,-0.00010427604138385504,0.0015440594870597124,False,False,647.6434414481388
mbpo_stackcube_20261007T182651_ab48dfc3,StackCube-v1,mbpo,step_100000_model.pt,target,33,extra.cubeB_pose,5.3940977522870526e-05,0.0012322325492277741,False,False,811.5351283543747
mbpo_stackcube_20261007T182651_ab48dfc3,StackCube-v1,mbpo,step_100000_model.pt,target,34,extra.cubeB_pose,-2.3671937015024014e-06,0.0003119346802122891,False,True,3205.7993658141627
mbpo_stackcube_20261007T182651_ab48dfc3,StackCube-v1,mbpo,step_100000_model.pt,target,35,extra.cubeB_pose,-0.00020570808555930853,0.011737369932234287,False,False,85.1979622158542
mbpo_stackcube_20261007T182651_ab48dfc3,StackCube-v1,mbpo,step_100000_model.pt,target,36,extra.cubeB_pose,-1.83376014319947e-05,0.007104993797838688,False,False,140.74607641518227
mbpo_stackcube_20261007T182651_ab48dfc3,StackCube-v1,mbpo,step_100000_model.pt,target,37,extra.cubeB_pose,0.00030537412385456264,0.007479480933398008,False,False,133.6991174794919
mbpo_stackcube_20261007T182651_ab48dfc3,StackCube-v1,mbpo,step_100000_model.pt,target,38,extra.cubeB_pose,-0.0003552782873157412,0.012189347296953201,False,False,82.03884717026283
mbpo_stackcube_20261007T182651_ab48dfc3,StackCube-v1,mbpo,step_100000_model.pt,target,39,extra.tcp_to_cubeA_pos,0.001522286213003099,0.023181268945336342,False,False,43.138276957922194
mbpo_stackcube_20261007T182651_ab48dfc3,StackCube-v1,mbpo,step_100000_model.pt,target,40,extra.tcp_to_cubeA_pos,-3.344756623846479e-05,0.015704184770584106,False,False,63.6772945943125
mbpo_stackcube_20261007T182651_ab48dfc3,StackCube-v1,mbpo,step_100000_model.pt,target,41,extra.tcp_to_cubeA_pos,-8.82569293025881e-05,0.016333406791090965,False,False,61.22421444529556
mbpo_stackcube_20261007T182651_ab48dfc3,StackCube-v1,mbpo,step_100000_model.pt,target,42,extra.tcp_to_cubeB_pos,0.0016306877369061112,0.02311793714761734,False,False,43.25645465746348
mbpo_stackcube_20261007T182651_ab48dfc3,StackCube-v1,mbpo,step_100000_model.pt,target,43,extra.tcp_to_cubeB_pos,1.948876706592273e-05,0.015743272379040718,False,False,63.519195750644364
mbpo_stackcube_20261007T182651_ab48dfc3,StackCube-v1,mbpo,step_100000_model.pt,target,44,extra.tcp_to_cubeB_pos,-9.390657942276448e-05,0.016340212896466255,False,False,61.19871303612333
mbpo_stackcube_20261007T182651_ab48dfc3,StackCube-v1,mbpo,step_100000_model.pt,target,45,extra.cubeA_to_cubeB_pos,0.00010840103641385213,0.003215116448700428,False,False,311.0307250003983
mbpo_stackcube_20261007T182651_ab48dfc3,StackCube-v1,mbpo,step_100000_model.pt,target,46,extra.cubeA_to_cubeB_pos,5.29363751411438e-05,0.0016829344676807523,False,False,594.2002016145628
mbpo_stackcube_20261007T182651_ab48dfc3,StackCube-v1,mbpo,step_100000_model.pt,target,47,extra.cubeA_to_cubeB_pos,-5.64983747608494e-06,0.0006395475356839597,False,True,1563.605430721513
mbpo_stackcube_20261007T182651_ab48dfc3,StackCube-v1,mbpo,step_100000_model.pt,target,48,reward,0.050959471613168716,0.03702375292778015,False,False,27.009687590305486
mbpo_stackcube_20261007T182651_ab48dfc3,StackCube-v1,mbpo,step_150016_model.pt,input,0,agent.qpos,-0.019540732726454735,0.16902954876422882,False,False,5.916125359802337
mbpo_stackcube_20261007T182651_ab48dfc3,StackCube-v1,mbpo,step_150016_model.pt,input,1,agent.qpos,0.3783961534500122,0.3434378504753113,False,False,2.9117349721820687
mbpo_stackcube_20261007T182651_ab48dfc3,StackCube-v1,mbpo,step_150016_model.pt,input,2,agent.qpos,-0.0004825546930078417,0.13104532659053802,False,False,7.630947444044173
mbpo_stackcube_20261007T182651_ab48dfc3,StackCube-v1,mbpo,step_150016_model.pt,input,3,agent.qpos,-1.9716469049453735,0.45157158374786377,False,False,2.214488324753297
mbpo_stackcube_20261007T182651_ab48dfc3,StackCube-v1,mbpo,step_150016_model.pt,input,4,agent.qpos,-0.00992517452687025,0.09468480944633484,False,False,10.561356207478845
mbpo_stackcube_20261007T182651_ab48dfc3,StackCube-v1,mbpo,step_150016_model.pt,input,5,agent.qpos,2.336343288421631,0.3203156888484955,False,False,3.1219201394565004
mbpo_stackcube_20261007T182651_ab48dfc3,StackCube-v1,mbpo,step_150016_model.pt,input,6,agent.qpos,0.7747233510017395,0.2023160606622696,False,False,4.942761324664782
mbpo_stackcube_20261007T182651_ab48dfc3,StackCube-v1,mbpo,step_150016_model.pt,input,7,agent.qpos,0.016805293038487434,0.008597228676080704,False,False,116.31655242371417
mbpo_stackcube_20261007T182651_ab48dfc3,StackCube-v1,mbpo,step_150016_model.pt,input,8,agent.qpos,0.01677125133574009,0.008598142303526402,False,False,116.30419277776605
mbpo_stackcube_20261007T182651_ab48dfc3,StackCube-v1,mbpo,step_150016_model.pt,input,9,agent.qvel,-0.020586760714650154,0.7728261947631836,False,False,1.2939519995261406
mbpo_stackcube_20261007T182651_ab48dfc3,StackCube-v1,mbpo,step_150016_model.pt,input,10,agent.qvel,-0.04214974865317345,1.371767520904541,False,False,0.7289864971730792
mbpo_stackcube_20261007T182651_ab48dfc3,StackCube-v1,mbpo,step_150016_model.pt,input,11,agent.qvel,0.018351396545767784,0.668300449848175,False,False,1.4963329745284186
mbpo_stackcube_20261007T182651_ab48dfc3,StackCube-v1,mbpo,step_150016_model.pt,input,12,agent.qvel,-0.04208004102110863,1.8836827278137207,False,False,0.5308749638324927
mbpo_stackcube_20261007T182651_ab48dfc3,StackCube-v1,mbpo,step_150016_model.pt,input,13,agent.qvel,-0.009714579209685326,0.5588910579681396,False,False,1.789257469309889
mbpo_stackcube_20261007T182651_ab48dfc3,StackCube-v1,mbpo,step_150016_model.pt,input,14,agent.qvel,-0.00919759925454855,1.116197109222412,False,False,0.8958991129233799
mbpo_stackcube_20261007T182651_ab48dfc3,StackCube-v1,mbpo,step_150016_model.pt,input,15,agent.qvel,0.007858901284635067,0.757148802280426,False,False,1.32074434640607
mbpo_stackcube_20261007T182651_ab48dfc3,StackCube-v1,mbpo,step_150016_model.pt,input,16,agent.qvel,-0.011166626587510109,0.3469489812850952,False,False,2.8822681545165834
mbpo_stackcube_20261007T182651_ab48dfc3,StackCube-v1,mbpo,step_150016_model.pt,input,17,agent.qvel,-0.005182358436286449,0.22762593626976013,False,False,4.393172484592868
mbpo_stackcube_20261007T182651_ab48dfc3,StackCube-v1,mbpo,step_150016_model.pt,input,18,extra.tcp_pose,-0.03677099198102951,0.10416115820407867,False,False,9.600507686759215
mbpo_stackcube_20261007T182651_ab48dfc3,StackCube-v1,mbpo,step_150016_model.pt,input,19,extra.tcp_pose,-0.00788130983710289,0.09898614883422852,False,False,10.102423538819494
mbpo_stackcube_20261007T182651_ab48dfc3,StackCube-v1,mbpo,step_150016_model.pt,input,20,extra.tcp_pose,0.16710473597049713,0.0904071256518364,False,False,11.061075029097417
mbpo_stackcube_20261007T182651_ab48dfc3,StackCube-v1,mbpo,step_150016_model.pt,input,21,extra.tcp_pose,0.0022435064893215895,0.014331469312310219,False,False,69.7765161553279
mbpo_stackcube_20261007T182651_ab48dfc3,StackCube-v1,mbpo,step_150016_model.pt,input,22,extra.tcp_pose,0.9968980550765991,0.017194900661706924,False,False,58.15677680691706
mbpo_stackcube_20261007T182651_ab48dfc3,StackCube-v1,mbpo,step_150016_model.pt,input,23,extra.tcp_pose,-0.0005040022660978138,0.024631930515170097,False,False,40.59771114505738
mbpo_stackcube_20261007T182651_ab48dfc3,StackCube-v1,mbpo,step_150016_model.pt,input,24,extra.tcp_pose,-0.00722450902685523,0.07094006985425949,False,False,14.096405628785217
mbpo_stackcube_20261007T182651_ab48dfc3,StackCube-v1,mbpo,step_150016_model.pt,input,25,extra.cubeA_pose,-0.014001344330608845,0.0949285626411438,False,False,10.534237243012688
mbpo_stackcube_20261007T182651_ab48dfc3,StackCube-v1,mbpo,step_150016_model.pt,input,26,extra.cubeA_pose,0.02290496602654457,0.11960909515619278,False,False,8.360568221790656
mbpo_stackcube_20261007T182651_ab48dfc3,StackCube-v1,mbpo,step_150016_model.pt,input,27,extra.cubeA_pose,0.020041432231664658,0.00077417166903615,False,True,1291.7031712682126
mbpo_stackcube_20261007T182651_ab48dfc3,StackCube-v1,mbpo,step_150016_model.pt,input,28,extra.cubeA_pose,0.4464734196662903,0.5894718170166016,False,False,1.6964339449867822
mbpo_stackcube_20261007T182651_ab48dfc3,StackCube-v1,mbpo,step_150016_model.pt,input,29,extra.cubeA_pose,-0.00026202559820376337,0.02295960672199726,False,False,43.554753010726216
mbpo_stackcube_20261007T182651_ab48dfc3,StackCube-v1,mbpo,step_150016_model.pt,input,30,extra.cubeA_pose,-0.003067974466830492,0.06761637330055237,False,False,14.789317308620438
mbpo_stackcube_20261007T182651_ab48dfc3,StackCube-v1,mbpo,step_150016_model.pt,input,31,extra.cubeA_pose,0.4034881889820099,0.5341110229492188,False,False,1.8722699158655562
mbpo_stackcube_20261007T182651_ab48dfc3,StackCube-v1,mbpo,step_150016_model.pt,input,32,extra.cubeB_pose,-0.013619022443890572,0.08291676640510559,False,False,12.06028700051218
mbpo_stackcube_20261007T182651_ab48dfc3,StackCube-v1,mbpo,step_150016_model.pt,input,33,extra.cubeB_pose,0.007897462695837021,0.11616162955760956,False,False,8.608694659401769
mbpo_stackcube_20261007T182651_ab48dfc3,StackCube-v1,mbpo,step_150016_model.pt,input,34,extra.cubeB_pose,0.02001987211406231,0.0004434152797330171,False,True,2255.222239075987
mbpo_stackcube_20261007T182651_ab48dfc3,StackCube-v1,mbpo,step_150016_model.pt,input,35,extra.cubeB_pose,0.37685221433639526,0.525024950504303,False,False,1.904671385692182
mbpo_stackcube_20261007T182651_ab48dfc3,StackCube-v1,mbpo,step_150016_model.pt,input,36,extra.cubeB_pose,0.0017758271424099803,0.032747671008110046,False,False,30.536522727138287
mbpo_stackcube_20261007T182651_ab48dfc3,StackCube-v1,mbpo,step_150016_model.pt,input,37,extra.cubeB_pose,0.0038212917279452085,0.05419579893350601,False,False,18.451614694838643
mbpo_stackcube_20261007T182651_ab48dfc3,StackCube-v1,mbpo,step_150016_model.pt,input,38,extra.cubeB_pose,0.5787856578826904,0.4932639002799988,False,False,2.027312356392501
mbpo_stackcube_20261007T182651_ab48dfc3,StackCube-v1,mbpo,step_150016_model.pt,input,39,extra.tcp_to_cubeA_pos,0.022769607603549957,0.1381980925798416,False,False,7.235989884753778
mbpo_stackcube_20261007T182651_ab48dfc3,StackCube-v1,mbpo,step_150016_model.pt,input,40,extra.tcp_to_cubeA_pos,0.03078622557222843,0.15560093522071838,False,False,6.42669659138944
mbpo_stackcube_20261007T182651_ab48dfc3,StackCube-v1,mbpo,step_150016_model.pt,input,41,extra.tcp_to_cubeA_pos,-0.14706401526927948,0.09046759456396103,False,False,11.053681761075179
mbpo_stackcube_20261007T182651_ab48dfc3,StackCube-v1,mbpo,step_150016_model.pt,input,42,extra.tcp_to_cubeB_pos,0.02315191738307476,0.1336592137813568,False,False,7.481713917873449
mbpo_stackcube_20261007T182651_ab48dfc3,StackCube-v1,mbpo,step_150016_model.pt,input,43,extra.tcp_to_cubeB_pos,0.01577875204384327,0.15784718096256256,False,False,6.335241427195176
mbpo_stackcube_20261007T182651_ab48dfc3,StackCube-v1,mbpo,step_150016_model.pt,input,44,extra.tcp_to_cubeB_pos,-0.14708559215068817,0.09043009579181671,False,False,11.058265406487527
mbpo_stackcube_20261007T182651_ab48dfc3,StackCube-v1,mbpo,step_150016_model.pt,input,45,extra.cubeA_to_cubeB_pos,0.00038236245745792985,0.09863603860139847,False,False,10.138282256459375
mbpo_stackcube_20261007T182651_ab48dfc3,StackCube-v1,mbpo,step_150016_model.pt,input,46,extra.cubeA_to_cubeB_pos,-0.01500751730054617,0.16330982744693756,False,False,6.123330210026208
mbpo_stackcube_20261007T182651_ab48dfc3,StackCube-v1,mbpo,step_150016_model.pt,input,47,extra.cubeA_to_cubeB_pos,-2.1547306459979154e-05,0.0008907196461223066,False,True,1122.6877102727426
mbpo_stackcube_20261007T182651_ab48dfc3,StackCube-v1,mbpo,step_150016_model.pt,input,48,action,0.0019305322784930468,0.5759273171424866,False,False,1.7363302108356085
mbpo_stackcube_20261007T182651_ab48dfc3,StackCube-v1,mbpo,step_150016_model.pt,input,49,action,0.002302297158166766,0.5757090449333191,False,False,1.7369885166834993
mbpo_stackcube_20261007T182651_ab48dfc3,StackCube-v1,mbpo,step_150016_model.pt,input,50,action,-0.004806290380656719,0.5761167407035828,False,False,1.7357593163822138
mbpo_stackcube_20261007T182651_ab48dfc3,StackCube-v1,mbpo,step_150016_model.pt,input,51,action,0.008851010352373123,0.5756466388702393,False,False,1.7371768242451553
mbpo_stackcube_20261007T182651_ab48dfc3,StackCube-v1,mbpo,step_150016_model.pt,target,0,agent.qpos,-0.001026684301905334,0.043356724083423615,False,False,23.0644731847332
mbpo_stackcube_20261007T182651_ab48dfc3,StackCube-v1,mbpo,step_150016_model.pt,target,1,agent.qpos,-0.0017880653031170368,0.07081261277198792,False,False,14.12177804002143
mbpo_stackcube_20261007T182651_ab48dfc3,StackCube-v1,mbpo,step_150016_model.pt,target,2,agent.qpos,0.0006390808266587555,0.040644321590662,False,False,24.603682897483743
mbpo_stackcube_20261007T182651_ab48dfc3,StackCube-v1,mbpo,step_150016_model.pt,target,3,agent.qpos,-0.0016575951594859362,0.1114334836602211,False,False,8.973963364989677
mbpo_stackcube_20261007T182651_ab48dfc3,StackCube-v1,mbpo,step_150016_model.pt,target,4,agent.qpos,-0.0002792774175759405,0.04009156674146652,False,False,24.94290149468528
mbpo_stackcube_20261007T182651_ab48dfc3,StackCube-v1,mbpo,step_150016_model.pt,target,5,agent.qpos,-0.00024066929472610354,0.0753043070435524,False,False,13.27945291922875
mbpo_stackcube_20261007T182651_ab48dfc3,StackCube-v1,mbpo,step_150016_model.pt,target,6,agent.qpos,-0.00020420842338353395,0.054533589631319046,False,False,18.33732213046347
mbpo_stackcube_20261007T182651_ab48dfc3,StackCube-v1,mbpo,step_150016_model.pt,target,7,agent.qpos,-0.0005361346411518753,0.006672529503703117,False,False,149.8682020731449
mbpo_stackcube_20261007T182651_ab48dfc3,StackCube-v1,mbpo,step_150016_model.pt,target,8,agent.qpos,-0.0005445013521239161,0.0066558243706822395,False,False,150.24434905536688
mbpo_stackcube_20261007T182651_ab48dfc3,StackCube-v1,mbpo,step_150016_model.pt,target,9,agent.qvel,0.002377796918153763,1.1236528158187866,False,False,0.8899546069052628
mbpo_stackcube_20261007T182651_ab48dfc3,StackCube-v1,mbpo,step_150016_model.pt,target,10,agent.qvel,0.0006593649159185588,1.9260934591293335,False,False,0.5191856061086659
mbpo_stackcube_20261007T182651_ab48dfc3,StackCube-v1,mbpo,step_150016_model.pt,target,11,agent.qvel,-0.006528229918330908,0.9854931831359863,False,False,1.014720362466487
mbpo_stackcube_20261007T182651_ab48dfc3,StackCube-v1,mbpo,step_150016_model.pt,target,12,agent.qvel,-0.005815503653138876,2.699260950088501,False,False,0.3704717767162204
mbpo_stackcube_20261007T182651_ab48dfc3,StackCube-v1,mbpo,step_150016_model.pt,target,13,agent.qvel,0.007051756605505943,0.8973961472511292,False,False,1.1143350715992744
mbpo_stackcube_20261007T182651_ab48dfc3,StackCube-v1,mbpo,step_150016_model.pt,target,14,agent.qvel,-0.0007484254892915487,1.5897636413574219,False,False,0.6290243241103115
mbpo_stackcube_20261007T182651_ab48dfc3,StackCube-v1,mbpo,step_150016_model.pt,target,15,agent.qvel,-0.00923957023769617,1.1965543031692505,False,False,0.8357330689893075
mbpo_stackcube_20261007T182651_ab48dfc3,StackCube-v1,mbpo,step_150016_model.pt,target,16,agent.qvel,-0.01011236198246479,0.7331957221031189,False,False,1.3638923003145358
mbpo_stackcube_20261007T182651_ab48dfc3,StackCube-v1,mbpo,step_150016_model.pt,target,17,agent.qvel,0.014972900040447712,0.7049592733383179,False,False,1.4185216619174663
mbpo_stackcube_20261007T182651_ab48dfc3,StackCube-v1,mbpo,step_150016_model.pt,target,18,extra.tcp_pose,-0.0017349636182188988,0.023074544966220856,False,False,43.33779935699334
mbpo_stackcube_20261007T182651_ab48dfc3,StackCube-v1,mbpo,step_150016_model.pt,target,19,extra.tcp_pose,3.445224865572527e-05,0.01569664105772972,False,False,63.70789752547445
mbpo_stackcube_20261007T182651_ab48dfc3,StackCube-v1,mbpo,step_150016_model.pt,target,20,extra.tcp_pose,9.153989958576858e-05,0.016336621716618538,False,False,61.21216597570741
mbpo_stackcube_20261007T182651_ab48dfc3,StackCube-v1,mbpo,step_150016_model.pt,target,21,extra.tcp_pose,2.7848265744978562e-05,0.0042983777821063995,False,False,232.64590752419969
mbpo_stackcube_20261007T182651_ab48dfc3,StackCube-v1,mbpo,step_150016_model.pt,target,22,extra.tcp_pose,-0.0002031206531682983,0.003064472461119294,False,False,326.3204393864096
mbpo_stackcube_20261007T182651_ab48dfc3,StackCube-v1,mbpo,step_150016_model.pt,target,23,extra.tcp_pose,1.198624522658065e-05,0.012897927314043045,False,False,77.53183714341581
mbpo_stackcube_20261007T182651_ab48dfc3,StackCube-v1,mbpo,step_150016_model.pt,target,24,extra.tcp_pose,-0.00020737784507218748,0.01825067587196827,False,False,54.792491358412015
mbpo_stackcube_20261007T182651_ab48dfc3,StackCube-v1,mbpo,step_150016_model.pt,target,25,extra.cubeA_pose,-0.00021267708507366478,0.002884333021938801,False,False,346.70060370761786
mbpo_stackcube_20261007T182651_ab48dfc3,StackCube-v1,mbpo,step_150016_model.pt,target,26,extra.cubeA_pose,1.0045774843092659e-06,0.0013297931291162968,False,False,751.9966663269962
mbpo_stackcube_20261007T182651_ab48dfc3,StackCube-v1,mbpo,step_150016_model.pt,target,27,extra.cubeA_pose,3.2826467304403195e-06,0.0005623965407721698,False,True,1778.1048201807946
mbpo_stackcube_20261007T182651_ab48dfc3,StackCube-v1,mbpo,step_150016_model.pt,target,28,extra.cubeA_pose,-0.0005693409475497901,0.01502741128206253,False,False,66.54506097092384
mbpo_stackcube_20261007T182651_ab48dfc3,StackCube-v1,mbpo,step_150016_model.pt,target,29,extra.cubeA_pose,0.0001870975102065131,0.008903109468519688,False,False,112.32030826262199
mbpo_stackcube_20261007T182651_ab48dfc3,StackCube-v1,mbpo,step_150016_model.pt,target,30,extra.cubeA_pose,-0.0004962453385815024,0.016836456954479218,False,False,59.394919174723235
mbpo_stackcube_20261007T182651_ab48dfc3,StackCube-v1,mbpo,step_150016_model.pt,target,31,extra.cubeA_pose,-0.00022852595429867506,0.014184964820742607,False,False,70.49717871261159
mbpo_stackcube_20261007T182651_ab48dfc3,StackCube-v1,mbpo,step_150016_model.pt,target,32,extra.cubeB_pose,-0.00010427604138385504,0.0015440594870597124,False,False,647.6434414481388
mbpo_stackcube_20261007T182651_ab48dfc3,StackCube-v1,mbpo,step_150016_model.pt,target,33,extra.cubeB_pose,5.3940977522870526e-05,0.0012322325492277741,False,False,811.5351283543747
mbpo_stackcube_20261007T182651_ab48dfc3,StackCube-v1,mbpo,step_150016_model.pt,target,34,extra.cubeB_pose,-2.3671937015024014e-06,0.0003119346802122891,False,True,3205.7993658141627
mbpo_stackcube_20261007T182651_ab48dfc3,StackCube-v1,mbpo,step_150016_model.pt,target,35,extra.cubeB_pose,-0.00020570808555930853,0.011737369932234287,False,False,85.1979622158542
mbpo_stackcube_20261007T182651_ab48dfc3,StackCube-v1,mbpo,step_150016_model.pt,target,36,extra.cubeB_pose,-1.83376014319947e-05,0.007104993797838688,False,False,140.74607641518227
mbpo_stackcube_20261007T182651_ab48dfc3,StackCube-v1,mbpo,step_150016_model.pt,target,37,extra.cubeB_pose,0.00030537412385456264,0.007479480933398008,False,False,133.6991174794919
mbpo_stackcube_20261007T182651_ab48dfc3,StackCube-v1,mbpo,step_150016_model.pt,target,38,extra.cubeB_pose,-0.0003552782873157412,0.012189347296953201,False,False,82.03884717026283
mbpo_stackcube_20261007T182651_ab48dfc3,StackCube-v1,mbpo,step_150016_model.pt,target,39,extra.tcp_to_cubeA_pos,0.001522286213003099,0.023181268945336342,False,False,43.138276957922194
mbpo_stackcube_20261007T182651_ab48dfc3,StackCube-v1,mbpo,step_150016_model.pt,target,40,extra.tcp_to_cubeA_pos,-3.344756623846479e-05,0.015704184770584106,False,False,63.6772945943125
mbpo_stackcube_20261007T182651_ab48dfc3,StackCube-v1,mbpo,step_150016_model.pt,target,41,extra.tcp_to_cubeA_pos,-8.82569293025881e-05,0.016333406791090965,False,False,61.22421444529556
mbpo_stackcube_20261007T182651_ab48dfc3,StackCube-v1,mbpo,step_150016_model.pt,target,42,extra.tcp_to_cubeB_pos,0.0016306877369061112,0.02311793714761734,False,False,43.25645465746348
mbpo_stackcube_20261007T182651_ab48dfc3,StackCube-v1,mbpo,step_150016_model.pt,target,43,extra.tcp_to_cubeB_pos,1.948876706592273e-05,0.015743272379040718,False,False,63.519195750644364
mbpo_stackcube_20261007T182651_ab48dfc3,StackCube-v1,mbpo,step_150016_model.pt,target,44,extra.tcp_to_cubeB_pos,-9.390657942276448e-05,0.016340212896466255,False,False,61.19871303612333
mbpo_stackcube_20261007T182651_ab48dfc3,StackCube-v1,mbpo,step_150016_model.pt,target,45,extra.cubeA_to_cubeB_pos,0.00010840103641385213,0.003215116448700428,False,False,311.0307250003983
mbpo_stackcube_20261007T182651_ab48dfc3,StackCube-v1,mbpo,step_150016_model.pt,target,46,extra.cubeA_to_cubeB_pos,5.29363751411438e-05,0.0016829344676807523,False,False,594.2002016145628
mbpo_stackcube_20261007T182651_ab48dfc3,StackCube-v1,mbpo,step_150016_model.pt,target,47,extra.cubeA_to_cubeB_pos,-5.64983747608494e-06,0.0006395475356839597,False,True,1563.605430721513
mbpo_stackcube_20261007T182651_ab48dfc3,StackCube-v1,mbpo,step_150016_model.pt,target,48,reward,0.050959471613168716,0.03702375292778015,False,False,27.009687590305486
mbpo_stackcube_20261007T182651_ab48dfc3,StackCube-v1,mbpo,step_200000_model.pt,input,0,agent.qpos,-0.019540732726454735,0.16902954876422882,False,False,5.916125359802337
mbpo_stackcube_20261007T182651_ab48dfc3,StackCube-v1,mbpo,step_200000_model.pt,input,1,agent.qpos,0.3783961534500122,0.3434378504753113,False,False,2.9117349721820687
mbpo_stackcube_20261007T182651_ab48dfc3,StackCube-v1,mbpo,step_200000_model.pt,input,2,agent.qpos,-0.0004825546930078417,0.13104532659053802,False,False,7.630947444044173
mbpo_stackcube_20261007T182651_ab48dfc3,StackCube-v1,mbpo,step_200000_model.pt,input,3,agent.qpos,-1.9716469049453735,0.45157158374786377,False,False,2.214488324753297
mbpo_stackcube_20261007T182651_ab48dfc3,StackCube-v1,mbpo,step_200000_model.pt,input,4,agent.qpos,-0.00992517452687025,0.09468480944633484,False,False,10.561356207478845
mbpo_stackcube_20261007T182651_ab48dfc3,StackCube-v1,mbpo,step_200000_model.pt,input,5,agent.qpos,2.336343288421631,0.3203156888484955,False,False,3.1219201394565004
mbpo_stackcube_20261007T182651_ab48dfc3,StackCube-v1,mbpo,step_200000_model.pt,input,6,agent.qpos,0.7747233510017395,0.2023160606622696,False,False,4.942761324664782
mbpo_stackcube_20261007T182651_ab48dfc3,StackCube-v1,mbpo,step_200000_model.pt,input,7,agent.qpos,0.016805293038487434,0.008597228676080704,False,False,116.31655242371417
mbpo_stackcube_20261007T182651_ab48dfc3,StackCube-v1,mbpo,step_200000_model.pt,input,8,agent.qpos,0.01677125133574009,0.008598142303526402,False,False,116.30419277776605
mbpo_stackcube_20261007T182651_ab48dfc3,StackCube-v1,mbpo,step_200000_model.pt,input,9,agent.qvel,-0.020586760714650154,0.7728261947631836,False,False,1.2939519995261406
mbpo_stackcube_20261007T182651_ab48dfc3,StackCube-v1,mbpo,step_200000_model.pt,input,10,agent.qvel,-0.04214974865317345,1.371767520904541,False,False,0.7289864971730792
mbpo_stackcube_20261007T182651_ab48dfc3,StackCube-v1,mbpo,step_200000_model.pt,input,11,agent.qvel,0.018351396545767784,0.668300449848175,False,False,1.4963329745284186
mbpo_stackcube_20261007T182651_ab48dfc3,StackCube-v1,mbpo,step_200000_model.pt,input,12,agent.qvel,-0.04208004102110863,1.8836827278137207,False,False,0.5308749638324927
mbpo_stackcube_20261007T182651_ab48dfc3,StackCube-v1,mbpo,step_200000_model.pt,input,13,agent.qvel,-0.009714579209685326,0.5588910579681396,False,False,1.789257469309889
mbpo_stackcube_20261007T182651_ab48dfc3,StackCube-v1,mbpo,step_200000_model.pt,input,14,agent.qvel,-0.00919759925454855,1.116197109222412,False,False,0.8958991129233799
mbpo_stackcube_20261007T182651_ab48dfc3,StackCube-v1,mbpo,step_200000_model.pt,input,15,agent.qvel,0.007858901284635067,0.757148802280426,False,False,1.32074434640607
mbpo_stackcube_20261007T182651_ab48dfc3,StackCube-v1,mbpo,step_200000_model.pt,input,16,agent.qvel,-0.011166626587510109,0.3469489812850952,False,False,2.8822681545165834
mbpo_stackcube_20261007T182651_ab48dfc3,StackCube-v1,mbpo,step_200000_model.pt,input,17,agent.qvel,-0.005182358436286449,0.22762593626976013,False,False,4.393172484592868
mbpo_stackcube_20261007T182651_ab48dfc3,StackCube-v1,mbpo,step_200000_model.pt,input,18,extra.tcp_pose,-0.03677099198102951,0.10416115820407867,False,False,9.600507686759215
mbpo_stackcube_20261007T182651_ab48dfc3,StackCube-v1,mbpo,step_200000_model.pt,input,19,extra.tcp_pose,-0.00788130983710289,0.09898614883422852,False,False,10.102423538819494
mbpo_stackcube_20261007T182651_ab48dfc3,StackCube-v1,mbpo,step_200000_model.pt,input,20,extra.tcp_pose,0.16710473597049713,0.0904071256518364,False,False,11.061075029097417
mbpo_stackcube_20261007T182651_ab48dfc3,StackCube-v1,mbpo,step_200000_model.pt,input,21,extra.tcp_pose,0.0022435064893215895,0.014331469312310219,False,False,69.7765161553279
mbpo_stackcube_20261007T182651_ab48dfc3,StackCube-v1,mbpo,step_200000_model.pt,input,22,extra.tcp_pose,0.9968980550765991,0.017194900661706924,False,False,58.15677680691706
mbpo_stackcube_20261007T182651_ab48dfc3,StackCube-v1,mbpo,step_200000_model.pt,input,23,extra.tcp_pose,-0.0005040022660978138,0.024631930515170097,False,False,40.59771114505738
mbpo_stackcube_20261007T182651_ab48dfc3,StackCube-v1,mbpo,step_200000_model.pt,input,24,extra.tcp_pose,-0.00722450902685523,0.07094006985425949,False,False,14.096405628785217
mbpo_stackcube_20261007T182651_ab48dfc3,StackCube-v1,mbpo,step_200000_model.pt,input,25,extra.cubeA_pose,-0.014001344330608845,0.0949285626411438,False,False,10.534237243012688
mbpo_stackcube_20261007T182651_ab48dfc3,StackCube-v1,mbpo,step_200000_model.pt,input,26,extra.cubeA_pose,0.02290496602654457,0.11960909515619278,False,False,8.360568221790656
mbpo_stackcube_20261007T182651_ab48dfc3,StackCube-v1,mbpo,step_200000_model.pt,input,27,extra.cubeA_pose,0.020041432231664658,0.00077417166903615,False,True,1291.7031712682126
mbpo_stackcube_20261007T182651_ab48dfc3,StackCube-v1,mbpo,step_200000_model.pt,input,28,extra.cubeA_pose,0.4464734196662903,0.5894718170166016,False,False,1.6964339449867822
mbpo_stackcube_20261007T182651_ab48dfc3,StackCube-v1,mbpo,step_200000_model.pt,input,29,extra.cubeA_pose,-0.00026202559820376337,0.02295960672199726,False,False,43.554753010726216
mbpo_stackcube_20261007T182651_ab48dfc3,StackCube-v1,mbpo,step_200000_model.pt,input,30,extra.cubeA_pose,-0.003067974466830492,0.06761637330055237,False,False,14.789317308620438
mbpo_stackcube_20261007T182651_ab48dfc3,StackCube-v1,mbpo,step_200000_model.pt,input,31,extra.cubeA_pose,0.4034881889820099,0.5341110229492188,False,False,1.8722699158655562
mbpo_stackcube_20261007T182651_ab48dfc3,StackCube-v1,mbpo,step_200000_model.pt,input,32,extra.cubeB_pose,-0.013619022443890572,0.08291676640510559,False,False,12.06028700051218
mbpo_stackcube_20261007T182651_ab48dfc3,StackCube-v1,mbpo,step_200000_model.pt,input,33,extra.cubeB_pose,0.007897462695837021,0.11616162955760956,False,False,8.608694659401769
mbpo_stackcube_20261007T182651_ab48dfc3,StackCube-v1,mbpo,step_200000_model.pt,input,34,extra.cubeB_pose,0.02001987211406231,0.0004434152797330171,False,True,2255.222239075987
mbpo_stackcube_20261007T182651_ab48dfc3,StackCube-v1,mbpo,step_200000_model.pt,input,35,extra.cubeB_pose,0.37685221433639526,0.525024950504303,False,False,1.904671385692182
mbpo_stackcube_20261007T182651_ab48dfc3,StackCube-v1,mbpo,step_200000_model.pt,input,36,extra.cubeB_pose,0.0017758271424099803,0.032747671008110046,False,False,30.536522727138287
mbpo_stackcube_20261007T182651_ab48dfc3,StackCube-v1,mbpo,step_200000_model.pt,input,37,extra.cubeB_pose,0.0038212917279452085,0.05419579893350601,False,False,18.451614694838643
mbpo_stackcube_20261007T182651_ab48dfc3,StackCube-v1,mbpo,step_200000_model.pt,input,38,extra.cubeB_pose,0.5787856578826904,0.4932639002799988,False,False,2.027312356392501
mbpo_stackcube_20261007T182651_ab48dfc3,StackCube-v1,mbpo,step_200000_model.pt,input,39,extra.tcp_to_cubeA_pos,0.022769607603549957,0.1381980925798416,False,False,7.235989884753778
mbpo_stackcube_20261007T182651_ab48dfc3,StackCube-v1,mbpo,step_200000_model.pt,input,40,extra.tcp_to_cubeA_pos,0.03078622557222843,0.15560093522071838,False,False,6.42669659138944
mbpo_stackcube_20261007T182651_ab48dfc3,StackCube-v1,mbpo,step_200000_model.pt,input,41,extra.tcp_to_cubeA_pos,-0.14706401526927948,0.09046759456396103,False,False,11.053681761075179
mbpo_stackcube_20261007T182651_ab48dfc3,StackCube-v1,mbpo,step_200000_model.pt,input,42,extra.tcp_to_cubeB_pos,0.02315191738307476,0.1336592137813568,False,False,7.481713917873449
mbpo_stackcube_20261007T182651_ab48dfc3,StackCube-v1,mbpo,step_200000_model.pt,input,43,extra.tcp_to_cubeB_pos,0.01577875204384327,0.15784718096256256,False,False,6.335241427195176
mbpo_stackcube_20261007T182651_ab48dfc3,StackCube-v1,mbpo,step_200000_model.pt,input,44,extra.tcp_to_cubeB_pos,-0.14708559215068817,0.09043009579181671,False,False,11.058265406487527
mbpo_stackcube_20261007T182651_ab48dfc3,StackCube-v1,mbpo,step_200000_model.pt,input,45,extra.cubeA_to_cubeB_pos,0.00038236245745792985,0.09863603860139847,False,False,10.138282256459375
mbpo_stackcube_20261007T182651_ab48dfc3,StackCube-v1,mbpo,step_200000_model.pt,input,46,extra.cubeA_to_cubeB_pos,-0.01500751730054617,0.16330982744693756,False,False,6.123330210026208
mbpo_stackcube_20261007T182651_ab48dfc3,StackCube-v1,mbpo,step_200000_model.pt,input,47,extra.cubeA_to_cubeB_pos,-2.1547306459979154e-05,0.0008907196461223066,False,True,1122.6877102727426
mbpo_stackcube_20261007T182651_ab48dfc3,StackCube-v1,mbpo,step_200000_model.pt,input,48,action,0.0019305322784930468,0.5759273171424866,False,False,1.7363302108356085
mbpo_stackcube_20261007T182651_ab48dfc3,StackCube-v1,mbpo,step_200000_model.pt,input,49,action,0.002302297158166766,0.5757090449333191,False,False,1.7369885166834993
mbpo_stackcube_20261007T182651_ab48dfc3,StackCube-v1,mbpo,step_200000_model.pt,input,50,action,-0.004806290380656719,0.5761167407035828,False,False,1.7357593163822138
mbpo_stackcube_20261007T182651_ab48dfc3,StackCube-v1,mbpo,step_200000_model.pt,input,51,action,0.008851010352373123,0.5756466388702393,False,False,1.7371768242451553
mbpo_stackcube_20261007T182651_ab48dfc3,StackCube-v1,mbpo,step_200000_model.pt,target,0,agent.qpos,-0.001026684301905334,0.043356724083423615,False,False,23.0644731847332
mbpo_stackcube_20261007T182651_ab48dfc3,StackCube-v1,mbpo,step_200000_model.pt,target,1,agent.qpos,-0.0017880653031170368,0.07081261277198792,False,False,14.12177804002143
mbpo_stackcube_20261007T182651_ab48dfc3,StackCube-v1,mbpo,step_200000_model.pt,target,2,agent.qpos,0.0006390808266587555,0.040644321590662,False,False,24.603682897483743
mbpo_stackcube_20261007T182651_ab48dfc3,StackCube-v1,mbpo,step_200000_model.pt,target,3,agent.qpos,-0.0016575951594859362,0.1114334836602211,False,False,8.973963364989677
mbpo_stackcube_20261007T182651_ab48dfc3,StackCube-v1,mbpo,step_200000_model.pt,target,4,agent.qpos,-0.0002792774175759405,0.04009156674146652,False,False,24.94290149468528
mbpo_stackcube_20261007T182651_ab48dfc3,StackCube-v1,mbpo,step_200000_model.pt,target,5,agent.qpos,-0.00024066929472610354,0.0753043070435524,False,False,13.27945291922875
mbpo_stackcube_20261007T182651_ab48dfc3,StackCube-v1,mbpo,step_200000_model.pt,target,6,agent.qpos,-0.00020420842338353395,0.054533589631319046,False,False,18.33732213046347
mbpo_stackcube_20261007T182651_ab48dfc3,StackCube-v1,mbpo,step_200000_model.pt,target,7,agent.qpos,-0.0005361346411518753,0.006672529503703117,False,False,149.8682020731449
mbpo_stackcube_20261007T182651_ab48dfc3,StackCube-v1,mbpo,step_200000_model.pt,target,8,agent.qpos,-0.0005445013521239161,0.0066558243706822395,False,False,150.24434905536688
mbpo_stackcube_20261007T182651_ab48dfc3,StackCube-v1,mbpo,step_200000_model.pt,target,9,agent.qvel,0.002377796918153763,1.1236528158187866,False,False,0.8899546069052628
mbpo_stackcube_20261007T182651_ab48dfc3,StackCube-v1,mbpo,step_200000_model.pt,target,10,agent.qvel,0.0006593649159185588,1.9260934591293335,False,False,0.5191856061086659
mbpo_stackcube_20261007T182651_ab48dfc3,StackCube-v1,mbpo,step_200000_model.pt,target,11,agent.qvel,-0.006528229918330908,0.9854931831359863,False,False,1.014720362466487
mbpo_stackcube_20261007T182651_ab48dfc3,StackCube-v1,mbpo,step_200000_model.pt,target,12,agent.qvel,-0.005815503653138876,2.699260950088501,False,False,0.3704717767162204
mbpo_stackcube_20261007T182651_ab48dfc3,StackCube-v1,mbpo,step_200000_model.pt,target,13,agent.qvel,0.007051756605505943,0.8973961472511292,False,False,1.1143350715992744
mbpo_stackcube_20261007T182651_ab48dfc3,StackCube-v1,mbpo,step_200000_model.pt,target,14,agent.qvel,-0.0007484254892915487,1.5897636413574219,False,False,0.6290243241103115
mbpo_stackcube_20261007T182651_ab48dfc3,StackCube-v1,mbpo,step_200000_model.pt,target,15,agent.qvel,-0.00923957023769617,1.1965543031692505,False,False,0.8357330689893075
mbpo_stackcube_20261007T182651_ab48dfc3,StackCube-v1,mbpo,step_200000_model.pt,target,16,agent.qvel,-0.01011236198246479,0.7331957221031189,False,False,1.3638923003145358
mbpo_stackcube_20261007T182651_ab48dfc3,StackCube-v1,mbpo,step_200000_model.pt,target,17,agent.qvel,0.014972900040447712,0.7049592733383179,False,False,1.4185216619174663
mbpo_stackcube_20261007T182651_ab48dfc3,StackCube-v1,mbpo,step_200000_model.pt,target,18,extra.tcp_pose,-0.0017349636182188988,0.023074544966220856,False,False,43.33779935699334
mbpo_stackcube_20261007T182651_ab48dfc3,StackCube-v1,mbpo,step_200000_model.pt,target,19,extra.tcp_pose,3.445224865572527e-05,0.01569664105772972,False,False,63.70789752547445
mbpo_stackcube_20261007T182651_ab48dfc3,StackCube-v1,mbpo,step_200000_model.pt,target,20,extra.tcp_pose,9.153989958576858e-05,0.016336621716618538,False,False,61.21216597570741
mbpo_stackcube_20261007T182651_ab48dfc3,StackCube-v1,mbpo,step_200000_model.pt,target,21,extra.tcp_pose,2.7848265744978562e-05,0.0042983777821063995,False,False,232.64590752419969
mbpo_stackcube_20261007T182651_ab48dfc3,StackCube-v1,mbpo,step_200000_model.pt,target,22,extra.tcp_pose,-0.0002031206531682983,0.003064472461119294,False,False,326.3204393864096
mbpo_stackcube_20261007T182651_ab48dfc3,StackCube-v1,mbpo,step_200000_model.pt,target,23,extra.tcp_pose,1.198624522658065e-05,0.012897927314043045,False,False,77.53183714341581
mbpo_stackcube_20261007T182651_ab48dfc3,StackCube-v1,mbpo,step_200000_model.pt,target,24,extra.tcp_pose,-0.00020737784507218748,0.01825067587196827,False,False,54.792491358412015
mbpo_stackcube_20261007T182651_ab48dfc3,StackCube-v1,mbpo,step_200000_model.pt,target,25,extra.cubeA_pose,-0.00021267708507366478,0.002884333021938801,False,False,346.70060370761786
mbpo_stackcube_20261007T182651_ab48dfc3,StackCube-v1,mbpo,step_200000_model.pt,target,26,extra.cubeA_pose,1.0045774843092659e-06,0.0013297931291162968,False,False,751.9966663269962
mbpo_stackcube_20261007T182651_ab48dfc3,StackCube-v1,mbpo,step_200000_model.pt,target,27,extra.cubeA_pose,3.2826467304403195e-06,0.0005623965407721698,False,True,1778.1048201807946
mbpo_stackcube_20261007T182651_ab48dfc3,StackCube-v1,mbpo,step_200000_model.pt,target,28,extra.cubeA_pose,-0.0005693409475497901,0.01502741128206253,False,False,66.54506097092384
mbpo_stackcube_20261007T182651_ab48dfc3,StackCube-v1,mbpo,step_200000_model.pt,target,29,extra.cubeA_pose,0.0001870975102065131,0.008903109468519688,False,False,112.32030826262199
mbpo_stackcube_20261007T182651_ab48dfc3,StackCube-v1,mbpo,step_200000_model.pt,target,30,extra.cubeA_pose,-0.0004962453385815024,0.016836456954479218,False,False,59.394919174723235
mbpo_stackcube_20261007T182651_ab48dfc3,StackCube-v1,mbpo,step_200000_model.pt,target,31,extra.cubeA_pose,-0.00022852595429867506,0.014184964820742607,False,False,70.49717871261159
mbpo_stackcube_20261007T182651_ab48dfc3,StackCube-v1,mbpo,step_200000_model.pt,target,32,extra.cubeB_pose,-0.00010427604138385504,0.0015440594870597124,False,False,647.6434414481388
mbpo_stackcube_20261007T182651_ab48dfc3,StackCube-v1,mbpo,step_200000_model.pt,target,33,extra.cubeB_pose,5.3940977522870526e-05,0.0012322325492277741,False,False,811.5351283543747
mbpo_stackcube_20261007T182651_ab48dfc3,StackCube-v1,mbpo,step_200000_model.pt,target,34,extra.cubeB_pose,-2.3671937015024014e-06,0.0003119346802122891,False,True,3205.7993658141627
mbpo_stackcube_20261007T182651_ab48dfc3,StackCube-v1,mbpo,step_200000_model.pt,target,35,extra.cubeB_pose,-0.00020570808555930853,0.011737369932234287,False,False,85.1979622158542
mbpo_stackcube_20261007T182651_ab48dfc3,StackCube-v1,mbpo,step_200000_model.pt,target,36,extra.cubeB_pose,-1.83376014319947e-05,0.007104993797838688,False,False,140.74607641518227
mbpo_stackcube_20261007T182651_ab48dfc3,StackCube-v1,mbpo,step_200000_model.pt,target,37,extra.cubeB_pose,0.00030537412385456264,0.007479480933398008,False,False,133.6991174794919
mbpo_stackcube_20261007T182651_ab48dfc3,StackCube-v1,mbpo,step_200000_model.pt,target,38,extra.cubeB_pose,-0.0003552782873157412,0.012189347296953201,False,False,82.03884717026283
mbpo_stackcube_20261007T182651_ab48dfc3,StackCube-v1,mbpo,step_200000_model.pt,target,39,extra.tcp_to_cubeA_pos,0.001522286213003099,0.023181268945336342,False,False,43.138276957922194
mbpo_stackcube_20261007T182651_ab48dfc3,StackCube-v1,mbpo,step_200000_model.pt,target,40,extra.tcp_to_cubeA_pos,-3.344756623846479e-05,0.015704184770584106,False,False,63.6772945943125
mbpo_stackcube_20261007T182651_ab48dfc3,StackCube-v1,mbpo,step_200000_model.pt,target,41,extra.tcp_to_cubeA_pos,-8.82569293025881e-05,0.016333406791090965,False,False,61.22421444529556
mbpo_stackcube_20261007T182651_ab48dfc3,StackCube-v1,mbpo,step_200000_model.pt,target,42,extra.tcp_to_cubeB_pos,0.0016306877369061112,0.02311793714761734,False,False,43.25645465746348
mbpo_stackcube_20261007T182651_ab48dfc3,StackCube-v1,mbpo,step_200000_model.pt,target,43,extra.tcp_to_cubeB_pos,1.948876706592273e-05,0.015743272379040718,False,False,63.519195750644364
mbpo_stackcube_20261007T182651_ab48dfc3,StackCube-v1,mbpo,step_200000_model.pt,target,44,extra.tcp_to_cubeB_pos,-9.390657942276448e-05,0.016340212896466255,False,False,61.19871303612333
mbpo_stackcube_20261007T182651_ab48dfc3,StackCube-v1,mbpo,step_200000_model.pt,target,45,extra.cubeA_to_cubeB_pos,0.00010840103641385213,0.003215116448700428,False,False,311.0307250003983
mbpo_stackcube_20261007T182651_ab48dfc3,StackCube-v1,mbpo,step_200000_model.pt,target,46,extra.cubeA_to_cubeB_pos,5.29363751411438e-05,0.0016829344676807523,False,False,594.2002016145628
mbpo_stackcube_20261007T182651_ab48dfc3,StackCube-v1,mbpo,step_200000_model.pt,target,47,extra.cubeA_to_cubeB_pos,-5.64983747608494e-06,0.0006395475356839597,False,True,1563.605430721513
mbpo_stackcube_20261007T182651_ab48dfc3,StackCube-v1,mbpo,step_200000_model.pt,target,48,reward,0.050959471613168716,0.03702375292778015,False,False,27.009687590305486
mbpo_stackcube_20261007T182651_ab48dfc3,StackCube-v1,mbpo,step_250016_model.pt,input,0,agent.qpos,-0.019540732726454735,0.16902954876422882,False,False,5.916125359802337
mbpo_stackcube_20261007T182651_ab48dfc3,StackCube-v1,mbpo,step_250016_model.pt,input,1,agent.qpos,0.3783961534500122,0.3434378504753113,False,False,2.9117349721820687
mbpo_stackcube_20261007T182651_ab48dfc3,StackCube-v1,mbpo,step_250016_model.pt,input,2,agent.qpos,-0.0004825546930078417,0.13104532659053802,False,False,7.630947444044173
mbpo_stackcube_20261007T182651_ab48dfc3,StackCube-v1,mbpo,step_250016_model.pt,input,3,agent.qpos,-1.9716469049453735,0.45157158374786377,False,False,2.214488324753297
mbpo_stackcube_20261007T182651_ab48dfc3,StackCube-v1,mbpo,step_250016_model.pt,input,4,agent.qpos,-0.00992517452687025,0.09468480944633484,False,False,10.561356207478845
mbpo_stackcube_20261007T182651_ab48dfc3,StackCube-v1,mbpo,step_250016_model.pt,input,5,agent.qpos,2.336343288421631,0.3203156888484955,False,False,3.1219201394565004
mbpo_stackcube_20261007T182651_ab48dfc3,StackCube-v1,mbpo,step_250016_model.pt,input,6,agent.qpos,0.7747233510017395,0.2023160606622696,False,False,4.942761324664782
mbpo_stackcube_20261007T182651_ab48dfc3,StackCube-v1,mbpo,step_250016_model.pt,input,7,agent.qpos,0.016805293038487434,0.008597228676080704,False,False,116.31655242371417
mbpo_stackcube_20261007T182651_ab48dfc3,StackCube-v1,mbpo,step_250016_model.pt,input,8,agent.qpos,0.01677125133574009,0.008598142303526402,False,False,116.30419277776605
mbpo_stackcube_20261007T182651_ab48dfc3,StackCube-v1,mbpo,step_250016_model.pt,input,9,agent.qvel,-0.020586760714650154,0.7728261947631836,False,False,1.2939519995261406
mbpo_stackcube_20261007T182651_ab48dfc3,StackCube-v1,mbpo,step_250016_model.pt,input,10,agent.qvel,-0.04214974865317345,1.371767520904541,False,False,0.7289864971730792
mbpo_stackcube_20261007T182651_ab48dfc3,StackCube-v1,mbpo,step_250016_model.pt,input,11,agent.qvel,0.018351396545767784,0.668300449848175,False,False,1.4963329745284186
mbpo_stackcube_20261007T182651_ab48dfc3,StackCube-v1,mbpo,step_250016_model.pt,input,12,agent.qvel,-0.04208004102110863,1.8836827278137207,False,False,0.5308749638324927
mbpo_stackcube_20261007T182651_ab48dfc3,StackCube-v1,mbpo,step_250016_model.pt,input,13,agent.qvel,-0.009714579209685326,0.5588910579681396,False,False,1.789257469309889
mbpo_stackcube_20261007T182651_ab48dfc3,StackCube-v1,mbpo,step_250016_model.pt,input,14,agent.qvel,-0.00919759925454855,1.116197109222412,False,False,0.8958991129233799
mbpo_stackcube_20261007T182651_ab48dfc3,StackCube-v1,mbpo,step_250016_model.pt,input,15,agent.qvel,0.007858901284635067,0.757148802280426,False,False,1.32074434640607
mbpo_stackcube_20261007T182651_ab48dfc3,StackCube-v1,mbpo,step_250016_model.pt,input,16,agent.qvel,-0.011166626587510109,0.3469489812850952,False,False,2.8822681545165834
mbpo_stackcube_20261007T182651_ab48dfc3,StackCube-v1,mbpo,step_250016_model.pt,input,17,agent.qvel,-0.005182358436286449,0.22762593626976013,False,False,4.393172484592868
mbpo_stackcube_20261007T182651_ab48dfc3,StackCube-v1,mbpo,step_250016_model.pt,input,18,extra.tcp_pose,-0.03677099198102951,0.10416115820407867,False,False,9.600507686759215
mbpo_stackcube_20261007T182651_ab48dfc3,StackCube-v1,mbpo,step_250016_model.pt,input,19,extra.tcp_pose,-0.00788130983710289,0.09898614883422852,False,False,10.102423538819494
mbpo_stackcube_20261007T182651_ab48dfc3,StackCube-v1,mbpo,step_250016_model.pt,input,20,extra.tcp_pose,0.16710473597049713,0.0904071256518364,False,False,11.061075029097417
mbpo_stackcube_20261007T182651_ab48dfc3,StackCube-v1,mbpo,step_250016_model.pt,input,21,extra.tcp_pose,0.0022435064893215895,0.014331469312310219,False,False,69.7765161553279
mbpo_stackcube_20261007T182651_ab48dfc3,StackCube-v1,mbpo,step_250016_model.pt,input,22,extra.tcp_pose,0.9968980550765991,0.017194900661706924,False,False,58.15677680691706
mbpo_stackcube_20261007T182651_ab48dfc3,StackCube-v1,mbpo,step_250016_model.pt,input,23,extra.tcp_pose,-0.0005040022660978138,0.024631930515170097,False,False,40.59771114505738
mbpo_stackcube_20261007T182651_ab48dfc3,StackCube-v1,mbpo,step_250016_model.pt,input,24,extra.tcp_pose,-0.00722450902685523,0.07094006985425949,False,False,14.096405628785217
mbpo_stackcube_20261007T182651_ab48dfc3,StackCube-v1,mbpo,step_250016_model.pt,input,25,extra.cubeA_pose,-0.014001344330608845,0.0949285626411438,False,False,10.534237243012688
mbpo_stackcube_20261007T182651_ab48dfc3,StackCube-v1,mbpo,step_250016_model.pt,input,26,extra.cubeA_pose,0.02290496602654457,0.11960909515619278,False,False,8.360568221790656
mbpo_stackcube_20261007T182651_ab48dfc3,StackCube-v1,mbpo,step_250016_model.pt,input,27,extra.cubeA_pose,0.020041432231664658,0.00077417166903615,False,True,1291.7031712682126
mbpo_stackcube_20261007T182651_ab48dfc3,StackCube-v1,mbpo,step_250016_model.pt,input,28,extra.cubeA_pose,0.4464734196662903,0.5894718170166016,False,False,1.6964339449867822
mbpo_stackcube_20261007T182651_ab48dfc3,StackCube-v1,mbpo,step_250016_model.pt,input,29,extra.cubeA_pose,-0.00026202559820376337,0.02295960672199726,False,False,43.554753010726216
mbpo_stackcube_20261007T182651_ab48dfc3,StackCube-v1,mbpo,step_250016_model.pt,input,30,extra.cubeA_pose,-0.003067974466830492,0.06761637330055237,False,False,14.789317308620438
mbpo_stackcube_20261007T182651_ab48dfc3,StackCube-v1,mbpo,step_250016_model.pt,input,31,extra.cubeA_pose,0.4034881889820099,0.5341110229492188,False,False,1.8722699158655562
mbpo_stackcube_20261007T182651_ab48dfc3,StackCube-v1,mbpo,step_250016_model.pt,input,32,extra.cubeB_pose,-0.013619022443890572,0.08291676640510559,False,False,12.06028700051218
mbpo_stackcube_20261007T182651_ab48dfc3,StackCube-v1,mbpo,step_250016_model.pt,input,33,extra.cubeB_pose,0.007897462695837021,0.11616162955760956,False,False,8.608694659401769
mbpo_stackcube_20261007T182651_ab48dfc3,StackCube-v1,mbpo,step_250016_model.pt,input,34,extra.cubeB_pose,0.02001987211406231,0.0004434152797330171,False,True,2255.222239075987
mbpo_stackcube_20261007T182651_ab48dfc3,StackCube-v1,mbpo,step_250016_model.pt,input,35,extra.cubeB_pose,0.37685221433639526,0.525024950504303,False,False,1.904671385692182
mbpo_stackcube_20261007T182651_ab48dfc3,StackCube-v1,mbpo,step_250016_model.pt,input,36,extra.cubeB_pose,0.0017758271424099803,0.032747671008110046,False,False,30.536522727138287
mbpo_stackcube_20261007T182651_ab48dfc3,StackCube-v1,mbpo,step_250016_model.pt,input,37,extra.cubeB_pose,0.0038212917279452085,0.05419579893350601,False,False,18.451614694838643
mbpo_stackcube_20261007T182651_ab48dfc3,StackCube-v1,mbpo,step_250016_model.pt,input,38,extra.cubeB_pose,0.5787856578826904,0.4932639002799988,False,False,2.027312356392501
mbpo_stackcube_20261007T182651_ab48dfc3,StackCube-v1,mbpo,step_250016_model.pt,input,39,extra.tcp_to_cubeA_pos,0.022769607603549957,0.1381980925798416,False,False,7.235989884753778
mbpo_stackcube_20261007T182651_ab48dfc3,StackCube-v1,mbpo,step_250016_model.pt,input,40,extra.tcp_to_cubeA_pos,0.03078622557222843,0.15560093522071838,False,False,6.42669659138944
mbpo_stackcube_20261007T182651_ab48dfc3,StackCube-v1,mbpo,step_250016_model.pt,input,41,extra.tcp_to_cubeA_pos,-0.14706401526927948,0.09046759456396103,False,False,11.053681761075179
mbpo_stackcube_20261007T182651_ab48dfc3,StackCube-v1,mbpo,step_250016_model.pt,input,42,extra.tcp_to_cubeB_pos,0.02315191738307476,0.1336592137813568,False,False,7.481713917873449
mbpo_stackcube_20261007T182651_ab48dfc3,StackCube-v1,mbpo,step_250016_model.pt,input,43,extra.tcp_to_cubeB_pos,0.01577875204384327,0.15784718096256256,False,False,6.335241427195176
mbpo_stackcube_20261007T182651_ab48dfc3,StackCube-v1,mbpo,step_250016_model.pt,input,44,extra.tcp_to_cubeB_pos,-0.14708559215068817,0.09043009579181671,False,False,11.058265406487527
mbpo_stackcube_20261007T182651_ab48dfc3,StackCube-v1,mbpo,step_250016_model.pt,input,45,extra.cubeA_to_cubeB_pos,0.00038236245745792985,0.09863603860139847,False,False,10.138282256459375
mbpo_stackcube_20261007T182651_ab48dfc3,StackCube-v1,mbpo,step_250016_model.pt,input,46,extra.cubeA_to_cubeB_pos,-0.01500751730054617,0.16330982744693756,False,False,6.123330210026208
mbpo_stackcube_20261007T182651_ab48dfc3,StackCube-v1,mbpo,step_250016_model.pt,input,47,extra.cubeA_to_cubeB_pos,-2.1547306459979154e-05,0.0008907196461223066,False,True,1122.6877102727426
mbpo_stackcube_20261007T182651_ab48dfc3,StackCube-v1,mbpo,step_250016_model.pt,input,48,action,0.0019305322784930468,0.5759273171424866,False,False,1.7363302108356085
mbpo_stackcube_20261007T182651_ab48dfc3,StackCube-v1,mbpo,step_250016_model.pt,input,49,action,0.002302297158166766,0.5757090449333191,False,False,1.7369885166834993
mbpo_stackcube_20261007T182651_ab48dfc3,StackCube-v1,mbpo,step_250016_model.pt,input,50,action,-0.004806290380656719,0.5761167407035828,False,False,1.7357593163822138
mbpo_stackcube_20261007T182651_ab48dfc3,StackCube-v1,mbpo,step_250016_model.pt,input,51,action,0.008851010352373123,0.5756466388702393,False,False,1.7371768242451553
mbpo_stackcube_20261007T182651_ab48dfc3,StackCube-v1,mbpo,step_250016_model.pt,target,0,agent.qpos,-0.001026684301905334,0.043356724083423615,False,False,23.0644731847332
mbpo_stackcube_20261007T182651_ab48dfc3,StackCube-v1,mbpo,step_250016_model.pt,target,1,agent.qpos,-0.0017880653031170368,0.07081261277198792,False,False,14.12177804002143
mbpo_stackcube_20261007T182651_ab48dfc3,StackCube-v1,mbpo,step_250016_model.pt,target,2,agent.qpos,0.0006390808266587555,0.040644321590662,False,False,24.603682897483743
mbpo_stackcube_20261007T182651_ab48dfc3,StackCube-v1,mbpo,step_250016_model.pt,target,3,agent.qpos,-0.0016575951594859362,0.1114334836602211,False,False,8.973963364989677
mbpo_stackcube_20261007T182651_ab48dfc3,StackCube-v1,mbpo,step_250016_model.pt,target,4,agent.qpos,-0.0002792774175759405,0.04009156674146652,False,False,24.94290149468528
mbpo_stackcube_20261007T182651_ab48dfc3,StackCube-v1,mbpo,step_250016_model.pt,target,5,agent.qpos,-0.00024066929472610354,0.0753043070435524,False,False,13.27945291922875
mbpo_stackcube_20261007T182651_ab48dfc3,StackCube-v1,mbpo,step_250016_model.pt,target,6,agent.qpos,-0.00020420842338353395,0.054533589631319046,False,False,18.33732213046347
mbpo_stackcube_20261007T182651_ab48dfc3,StackCube-v1,mbpo,step_250016_model.pt,target,7,agent.qpos,-0.0005361346411518753,0.006672529503703117,False,False,149.8682020731449
mbpo_stackcube_20261007T182651_ab48dfc3,StackCube-v1,mbpo,step_250016_model.pt,target,8,agent.qpos,-0.0005445013521239161,0.0066558243706822395,False,False,150.24434905536688
mbpo_stackcube_20261007T182651_ab48dfc3,StackCube-v1,mbpo,step_250016_model.pt,target,9,agent.qvel,0.002377796918153763,1.1236528158187866,False,False,0.8899546069052628
mbpo_stackcube_20261007T182651_ab48dfc3,StackCube-v1,mbpo,step_250016_model.pt,target,10,agent.qvel,0.0006593649159185588,1.9260934591293335,False,False,0.5191856061086659
mbpo_stackcube_20261007T182651_ab48dfc3,StackCube-v1,mbpo,step_250016_model.pt,target,11,agent.qvel,-0.006528229918330908,0.9854931831359863,False,False,1.014720362466487
mbpo_stackcube_20261007T182651_ab48dfc3,StackCube-v1,mbpo,step_250016_model.pt,target,12,agent.qvel,-0.005815503653138876,2.699260950088501,False,False,0.3704717767162204
mbpo_stackcube_20261007T182651_ab48dfc3,StackCube-v1,mbpo,step_250016_model.pt,target,13,agent.qvel,0.007051756605505943,0.8973961472511292,False,False,1.1143350715992744
mbpo_stackcube_20261007T182651_ab48dfc3,StackCube-v1,mbpo,step_250016_model.pt,target,14,agent.qvel,-0.0007484254892915487,1.5897636413574219,False,False,0.6290243241103115
mbpo_stackcube_20261007T182651_ab48dfc3,StackCube-v1,mbpo,step_250016_model.pt,target,15,agent.qvel,-0.00923957023769617,1.1965543031692505,False,False,0.8357330689893075
mbpo_stackcube_20261007T182651_ab48dfc3,StackCube-v1,mbpo,step_250016_model.pt,target,16,agent.qvel,-0.01011236198246479,0.7331957221031189,False,False,1.3638923003145358
mbpo_stackcube_20261007T182651_ab48dfc3,StackCube-v1,mbpo,step_250016_model.pt,target,17,agent.qvel,0.014972900040447712,0.7049592733383179,False,False,1.4185216619174663
mbpo_stackcube_20261007T182651_ab48dfc3,StackCube-v1,mbpo,step_250016_model.pt,target,18,extra.tcp_pose,-0.0017349636182188988,0.023074544966220856,False,False,43.33779935699334
mbpo_stackcube_20261007T182651_ab48dfc3,StackCube-v1,mbpo,step_250016_model.pt,target,19,extra.tcp_pose,3.445224865572527e-05,0.01569664105772972,False,False,63.70789752547445
mbpo_stackcube_20261007T182651_ab48dfc3,StackCube-v1,mbpo,step_250016_model.pt,target,20,extra.tcp_pose,9.153989958576858e-05,0.016336621716618538,False,False,61.21216597570741
mbpo_stackcube_20261007T182651_ab48dfc3,StackCube-v1,mbpo,step_250016_model.pt,target,21,extra.tcp_pose,2.7848265744978562e-05,0.0042983777821063995,False,False,232.64590752419969
mbpo_stackcube_20261007T182651_ab48dfc3,StackCube-v1,mbpo,step_250016_model.pt,target,22,extra.tcp_pose,-0.0002031206531682983,0.003064472461119294,False,False,326.3204393864096
mbpo_stackcube_20261007T182651_ab48dfc3,StackCube-v1,mbpo,step_250016_model.pt,target,23,extra.tcp_pose,1.198624522658065e-05,0.012897927314043045,False,False,77.53183714341581
mbpo_stackcube_20261007T182651_ab48dfc3,StackCube-v1,mbpo,step_250016_model.pt,target,24,extra.tcp_pose,-0.00020737784507218748,0.01825067587196827,False,False,54.792491358412015
mbpo_stackcube_20261007T182651_ab48dfc3,StackCube-v1,mbpo,step_250016_model.pt,target,25,extra.cubeA_pose,-0.00021267708507366478,0.002884333021938801,False,False,346.70060370761786
mbpo_stackcube_20261007T182651_ab48dfc3,StackCube-v1,mbpo,step_250016_model.pt,target,26,extra.cubeA_pose,1.0045774843092659e-06,0.0013297931291162968,False,False,751.9966663269962
mbpo_stackcube_20261007T182651_ab48dfc3,StackCube-v1,mbpo,step_250016_model.pt,target,27,extra.cubeA_pose,3.2826467304403195e-06,0.0005623965407721698,False,True,1778.1048201807946
mbpo_stackcube_20261007T182651_ab48dfc3,StackCube-v1,mbpo,step_250016_model.pt,target,28,extra.cubeA_pose,-0.0005693409475497901,0.01502741128206253,False,False,66.54506097092384
mbpo_stackcube_20261007T182651_ab48dfc3,StackCube-v1,mbpo,step_250016_model.pt,target,29,extra.cubeA_pose,0.0001870975102065131,0.008903109468519688,False,False,112.32030826262199
mbpo_stackcube_20261007T182651_ab48dfc3,StackCube-v1,mbpo,step_250016_model.pt,target,30,extra.cubeA_pose,-0.0004962453385815024,0.016836456954479218,False,False,59.394919174723235
mbpo_stackcube_20261007T182651_ab48dfc3,StackCube-v1,mbpo,step_250016_model.pt,target,31,extra.cubeA_pose,-0.00022852595429867506,0.014184964820742607,False,False,70.49717871261159
mbpo_stackcube_20261007T182651_ab48dfc3,StackCube-v1,mbpo,step_250016_model.pt,target,32,extra.cubeB_pose,-0.00010427604138385504,0.0015440594870597124,False,False,647.6434414481388
mbpo_stackcube_20261007T182651_ab48dfc3,StackCube-v1,mbpo,step_250016_model.pt,target,33,extra.cubeB_pose,5.3940977522870526e-05,0.0012322325492277741,False,False,811.5351283543747
mbpo_stackcube_20261007T182651_ab48dfc3,StackCube-v1,mbpo,step_250016_model.pt,target,34,extra.cubeB_pose,-2.3671937015024014e-06,0.0003119346802122891,False,True,3205.7993658141627
mbpo_stackcube_20261007T182651_ab48dfc3,StackCube-v1,mbpo,step_250016_model.pt,target,35,extra.cubeB_pose,-0.00020570808555930853,0.011737369932234287,False,False,85.1979622158542
mbpo_stackcube_20261007T182651_ab48dfc3,StackCube-v1,mbpo,step_250016_model.pt,target,36,extra.cubeB_pose,-1.83376014319947e-05,0.007104993797838688,False,False,140.74607641518227
mbpo_stackcube_20261007T182651_ab48dfc3,StackCube-v1,mbpo,step_250016_model.pt,target,37,extra.cubeB_pose,0.00030537412385456264,0.007479480933398008,False,False,133.6991174794919
mbpo_stackcube_20261007T182651_ab48dfc3,StackCube-v1,mbpo,step_250016_model.pt,target,38,extra.cubeB_pose,-0.0003552782873157412,0.012189347296953201,False,False,82.03884717026283
mbpo_stackcube_20261007T182651_ab48dfc3,StackCube-v1,mbpo,step_250016_model.pt,target,39,extra.tcp_to_cubeA_pos,0.001522286213003099,0.023181268945336342,False,False,43.138276957922194
mbpo_stackcube_20261007T182651_ab48dfc3,StackCube-v1,mbpo,step_250016_model.pt,target,40,extra.tcp_to_cubeA_pos,-3.344756623846479e-05,0.015704184770584106,False,False,63.6772945943125
mbpo_stackcube_20261007T182651_ab48dfc3,StackCube-v1,mbpo,step_250016_model.pt,target,41,extra.tcp_to_cubeA_pos,-8.82569293025881e-05,0.016333406791090965,False,False,61.22421444529556
mbpo_stackcube_20261007T182651_ab48dfc3,StackCube-v1,mbpo,step_250016_model.pt,target,42,extra.tcp_to_cubeB_pos,0.0016306877369061112,0.02311793714761734,False,False,43.25645465746348
mbpo_stackcube_20261007T182651_ab48dfc3,StackCube-v1,mbpo,step_250016_model.pt,target,43,extra.tcp_to_cubeB_pos,1.948876706592273e-05,0.015743272379040718,False,False,63.519195750644364
mbpo_stackcube_20261007T182651_ab48dfc3,StackCube-v1,mbpo,step_250016_model.pt,target,44,extra.tcp_to_cubeB_pos,-9.390657942276448e-05,0.016340212896466255,False,False,61.19871303612333
mbpo_stackcube_20261007T182651_ab48dfc3,StackCube-v1,mbpo,step_250016_model.pt,target,45,extra.cubeA_to_cubeB_pos,0.00010840103641385213,0.003215116448700428,False,False,311.0307250003983
mbpo_stackcube_20261007T182651_ab48dfc3,StackCube-v1,mbpo,step_250016_model.pt,target,46,extra.cubeA_to_cubeB_pos,5.29363751411438e-05,0.0016829344676807523,False,False,594.2002016145628
mbpo_stackcube_20261007T182651_ab48dfc3,StackCube-v1,mbpo,step_250016_model.pt,target,47,extra.cubeA_to_cubeB_pos,-5.64983747608494e-06,0.0006395475356839597,False,True,1563.605430721513
mbpo_stackcube_20261007T182651_ab48dfc3,StackCube-v1,mbpo,step_250016_model.pt,target,48,reward,0.050959471613168716,0.03702375292778015,False,False,27.009687590305486
mbpo_stackcube_20261007T182651_ab48dfc3,StackCube-v1,mbpo,step_300000_model.pt,input,0,agent.qpos,-0.019540732726454735,0.16902954876422882,False,False,5.916125359802337
mbpo_stackcube_20261007T182651_ab48dfc3,StackCube-v1,mbpo,step_300000_model.pt,input,1,agent.qpos,0.3783961534500122,0.3434378504753113,False,False,2.9117349721820687
mbpo_stackcube_20261007T182651_ab48dfc3,StackCube-v1,mbpo,step_300000_model.pt,input,2,agent.qpos,-0.0004825546930078417,0.13104532659053802,False,False,7.630947444044173
mbpo_stackcube_20261007T182651_ab48dfc3,StackCube-v1,mbpo,step_300000_model.pt,input,3,agent.qpos,-1.9716469049453735,0.45157158374786377,False,False,2.214488324753297
mbpo_stackcube_20261007T182651_ab48dfc3,StackCube-v1,mbpo,step_300000_model.pt,input,4,agent.qpos,-0.00992517452687025,0.09468480944633484,False,False,10.561356207478845
mbpo_stackcube_20261007T182651_ab48dfc3,StackCube-v1,mbpo,step_300000_model.pt,input,5,agent.qpos,2.336343288421631,0.3203156888484955,False,False,3.1219201394565004
mbpo_stackcube_20261007T182651_ab48dfc3,StackCube-v1,mbpo,step_300000_model.pt,input,6,agent.qpos,0.7747233510017395,0.2023160606622696,False,False,4.942761324664782
mbpo_stackcube_20261007T182651_ab48dfc3,StackCube-v1,mbpo,step_300000_model.pt,input,7,agent.qpos,0.016805293038487434,0.008597228676080704,False,False,116.31655242371417
mbpo_stackcube_20261007T182651_ab48dfc3,StackCube-v1,mbpo,step_300000_model.pt,input,8,agent.qpos,0.01677125133574009,0.008598142303526402,False,False,116.30419277776605
mbpo_stackcube_20261007T182651_ab48dfc3,StackCube-v1,mbpo,step_300000_model.pt,input,9,agent.qvel,-0.020586760714650154,0.7728261947631836,False,False,1.2939519995261406
mbpo_stackcube_20261007T182651_ab48dfc3,StackCube-v1,mbpo,step_300000_model.pt,input,10,agent.qvel,-0.04214974865317345,1.371767520904541,False,False,0.7289864971730792
mbpo_stackcube_20261007T182651_ab48dfc3,StackCube-v1,mbpo,step_300000_model.pt,input,11,agent.qvel,0.018351396545767784,0.668300449848175,False,False,1.4963329745284186
mbpo_stackcube_20261007T182651_ab48dfc3,StackCube-v1,mbpo,step_300000_model.pt,input,12,agent.qvel,-0.04208004102110863,1.8836827278137207,False,False,0.5308749638324927
mbpo_stackcube_20261007T182651_ab48dfc3,StackCube-v1,mbpo,step_300000_model.pt,input,13,agent.qvel,-0.009714579209685326,0.5588910579681396,False,False,1.789257469309889
mbpo_stackcube_20261007T182651_ab48dfc3,StackCube-v1,mbpo,step_300000_model.pt,input,14,agent.qvel,-0.00919759925454855,1.116197109222412,False,False,0.8958991129233799
mbpo_stackcube_20261007T182651_ab48dfc3,StackCube-v1,mbpo,step_300000_model.pt,input,15,agent.qvel,0.007858901284635067,0.757148802280426,False,False,1.32074434640607
mbpo_stackcube_20261007T182651_ab48dfc3,StackCube-v1,mbpo,step_300000_model.pt,input,16,agent.qvel,-0.011166626587510109,0.3469489812850952,False,False,2.8822681545165834
mbpo_stackcube_20261007T182651_ab48dfc3,StackCube-v1,mbpo,step_300000_model.pt,input,17,agent.qvel,-0.005182358436286449,0.22762593626976013,False,False,4.393172484592868
mbpo_stackcube_20261007T182651_ab48dfc3,StackCube-v1,mbpo,step_300000_model.pt,input,18,extra.tcp_pose,-0.03677099198102951,0.10416115820407867,False,False,9.600507686759215
mbpo_stackcube_20261007T182651_ab48dfc3,StackCube-v1,mbpo,step_300000_model.pt,input,19,extra.tcp_pose,-0.00788130983710289,0.09898614883422852,False,False,10.102423538819494
mbpo_stackcube_20261007T182651_ab48dfc3,StackCube-v1,mbpo,step_300000_model.pt,input,20,extra.tcp_pose,0.16710473597049713,0.0904071256518364,False,False,11.061075029097417
mbpo_stackcube_20261007T182651_ab48dfc3,StackCube-v1,mbpo,step_300000_model.pt,input,21,extra.tcp_pose,0.0022435064893215895,0.014331469312310219,False,False,69.7765161553279
mbpo_stackcube_20261007T182651_ab48dfc3,StackCube-v1,mbpo,step_300000_model.pt,input,22,extra.tcp_pose,0.9968980550765991,0.017194900661706924,False,False,58.15677680691706
mbpo_stackcube_20261007T182651_ab48dfc3,StackCube-v1,mbpo,step_300000_model.pt,input,23,extra.tcp_pose,-0.0005040022660978138,0.024631930515170097,False,False,40.59771114505738
mbpo_stackcube_20261007T182651_ab48dfc3,StackCube-v1,mbpo,step_300000_model.pt,input,24,extra.tcp_pose,-0.00722450902685523,0.07094006985425949,False,False,14.096405628785217
mbpo_stackcube_20261007T182651_ab48dfc3,StackCube-v1,mbpo,step_300000_model.pt,input,25,extra.cubeA_pose,-0.014001344330608845,0.0949285626411438,False,False,10.534237243012688
mbpo_stackcube_20261007T182651_ab48dfc3,StackCube-v1,mbpo,step_300000_model.pt,input,26,extra.cubeA_pose,0.02290496602654457,0.11960909515619278,False,False,8.360568221790656
mbpo_stackcube_20261007T182651_ab48dfc3,StackCube-v1,mbpo,step_300000_model.pt,input,27,extra.cubeA_pose,0.020041432231664658,0.00077417166903615,False,True,1291.7031712682126
mbpo_stackcube_20261007T182651_ab48dfc3,StackCube-v1,mbpo,step_300000_model.pt,input,28,extra.cubeA_pose,0.4464734196662903,0.5894718170166016,False,False,1.6964339449867822
mbpo_stackcube_20261007T182651_ab48dfc3,StackCube-v1,mbpo,step_300000_model.pt,input,29,extra.cubeA_pose,-0.00026202559820376337,0.02295960672199726,False,False,43.554753010726216
mbpo_stackcube_20261007T182651_ab48dfc3,StackCube-v1,mbpo,step_300000_model.pt,input,30,extra.cubeA_pose,-0.003067974466830492,0.06761637330055237,False,False,14.789317308620438
mbpo_stackcube_20261007T182651_ab48dfc3,StackCube-v1,mbpo,step_300000_model.pt,input,31,extra.cubeA_pose,0.4034881889820099,0.5341110229492188,False,False,1.8722699158655562
mbpo_stackcube_20261007T182651_ab48dfc3,StackCube-v1,mbpo,step_300000_model.pt,input,32,extra.cubeB_pose,-0.013619022443890572,0.08291676640510559,False,False,12.06028700051218
mbpo_stackcube_20261007T182651_ab48dfc3,StackCube-v1,mbpo,step_300000_model.pt,input,33,extra.cubeB_pose,0.007897462695837021,0.11616162955760956,False,False,8.608694659401769
mbpo_stackcube_20261007T182651_ab48dfc3,StackCube-v1,mbpo,step_300000_model.pt,input,34,extra.cubeB_pose,0.02001987211406231,0.0004434152797330171,False,True,2255.222239075987
mbpo_stackcube_20261007T182651_ab48dfc3,StackCube-v1,mbpo,step_300000_model.pt,input,35,extra.cubeB_pose,0.37685221433639526,0.525024950504303,False,False,1.904671385692182
mbpo_stackcube_20261007T182651_ab48dfc3,StackCube-v1,mbpo,step_300000_model.pt,input,36,extra.cubeB_pose,0.0017758271424099803,0.032747671008110046,False,False,30.536522727138287
mbpo_stackcube_20261007T182651_ab48dfc3,StackCube-v1,mbpo,step_300000_model.pt,input,37,extra.cubeB_pose,0.0038212917279452085,0.05419579893350601,False,False,18.451614694838643
mbpo_stackcube_20261007T182651_ab48dfc3,StackCube-v1,mbpo,step_300000_model.pt,input,38,extra.cubeB_pose,0.5787856578826904,0.4932639002799988,False,False,2.027312356392501
mbpo_stackcube_20261007T182651_ab48dfc3,StackCube-v1,mbpo,step_300000_model.pt,input,39,extra.tcp_to_cubeA_pos,0.022769607603549957,0.1381980925798416,False,False,7.235989884753778
mbpo_stackcube_20261007T182651_ab48dfc3,StackCube-v1,mbpo,step_300000_model.pt,input,40,extra.tcp_to_cubeA_pos,0.03078622557222843,0.15560093522071838,False,False,6.42669659138944
mbpo_stackcube_20261007T182651_ab48dfc3,StackCube-v1,mbpo,step_300000_model.pt,input,41,extra.tcp_to_cubeA_pos,-0.14706401526927948,0.09046759456396103,False,False,11.053681761075179
mbpo_stackcube_20261007T182651_ab48dfc3,StackCube-v1,mbpo,step_300000_model.pt,input,42,extra.tcp_to_cubeB_pos,0.02315191738307476,0.1336592137813568,False,False,7.481713917873449
mbpo_stackcube_20261007T182651_ab48dfc3,StackCube-v1,mbpo,step_300000_model.pt,input,43,extra.tcp_to_cubeB_pos,0.01577875204384327,0.15784718096256256,False,False,6.335241427195176
mbpo_stackcube_20261007T182651_ab48dfc3,StackCube-v1,mbpo,step_300000_model.pt,input,44,extra.tcp_to_cubeB_pos,-0.14708559215068817,0.09043009579181671,False,False,11.058265406487527
mbpo_stackcube_20261007T182651_ab48dfc3,StackCube-v1,mbpo,step_300000_model.pt,input,45,extra.cubeA_to_cubeB_pos,0.00038236245745792985,0.09863603860139847,False,False,10.138282256459375
mbpo_stackcube_20261007T182651_ab48dfc3,StackCube-v1,mbpo,step_300000_model.pt,input,46,extra.cubeA_to_cubeB_pos,-0.01500751730054617,0.16330982744693756,False,False,6.123330210026208
mbpo_stackcube_20261007T182651_ab48dfc3,StackCube-v1,mbpo,step_300000_model.pt,input,47,extra.cubeA_to_cubeB_pos,-2.1547306459979154e-05,0.0008907196461223066,False,True,1122.6877102727426
mbpo_stackcube_20261007T182651_ab48dfc3,StackCube-v1,mbpo,step_300000_model.pt,input,48,action,0.0019305322784930468,0.5759273171424866,False,False,1.7363302108356085
mbpo_stackcube_20261007T182651_ab48dfc3,StackCube-v1,mbpo,step_300000_model.pt,input,49,action,0.002302297158166766,0.5757090449333191,False,False,1.7369885166834993
mbpo_stackcube_20261007T182651_ab48dfc3,StackCube-v1,mbpo,step_300000_model.pt,input,50,action,-0.004806290380656719,0.5761167407035828,False,False,1.7357593163822138
mbpo_stackcube_20261007T182651_ab48dfc3,StackCube-v1,mbpo,step_300000_model.pt,input,51,action,0.008851010352373123,0.5756466388702393,False,False,1.7371768242451553
mbpo_stackcube_20261007T182651_ab48dfc3,StackCube-v1,mbpo,step_300000_model.pt,target,0,agent.qpos,-0.001026684301905334,0.043356724083423615,False,False,23.0644731847332
mbpo_stackcube_20261007T182651_ab48dfc3,StackCube-v1,mbpo,step_300000_model.pt,target,1,agent.qpos,-0.0017880653031170368,0.07081261277198792,False,False,14.12177804002143
mbpo_stackcube_20261007T182651_ab48dfc3,StackCube-v1,mbpo,step_300000_model.pt,target,2,agent.qpos,0.0006390808266587555,0.040644321590662,False,False,24.603682897483743
mbpo_stackcube_20261007T182651_ab48dfc3,StackCube-v1,mbpo,step_300000_model.pt,target,3,agent.qpos,-0.0016575951594859362,0.1114334836602211,False,False,8.973963364989677
mbpo_stackcube_20261007T182651_ab48dfc3,StackCube-v1,mbpo,step_300000_model.pt,target,4,agent.qpos,-0.0002792774175759405,0.04009156674146652,False,False,24.94290149468528
mbpo_stackcube_20261007T182651_ab48dfc3,StackCube-v1,mbpo,step_300000_model.pt,target,5,agent.qpos,-0.00024066929472610354,0.0753043070435524,False,False,13.27945291922875
mbpo_stackcube_20261007T182651_ab48dfc3,StackCube-v1,mbpo,step_300000_model.pt,target,6,agent.qpos,-0.00020420842338353395,0.054533589631319046,False,False,18.33732213046347
mbpo_stackcube_20261007T182651_ab48dfc3,StackCube-v1,mbpo,step_300000_model.pt,target,7,agent.qpos,-0.0005361346411518753,0.006672529503703117,False,False,149.8682020731449
mbpo_stackcube_20261007T182651_ab48dfc3,StackCube-v1,mbpo,step_300000_model.pt,target,8,agent.qpos,-0.0005445013521239161,0.0066558243706822395,False,False,150.24434905536688
mbpo_stackcube_20261007T182651_ab48dfc3,StackCube-v1,mbpo,step_300000_model.pt,target,9,agent.qvel,0.002377796918153763,1.1236528158187866,False,False,0.8899546069052628
mbpo_stackcube_20261007T182651_ab48dfc3,StackCube-v1,mbpo,step_300000_model.pt,target,10,agent.qvel,0.0006593649159185588,1.9260934591293335,False,False,0.5191856061086659
mbpo_stackcube_20261007T182651_ab48dfc3,StackCube-v1,mbpo,step_300000_model.pt,target,11,agent.qvel,-0.006528229918330908,0.9854931831359863,False,False,1.014720362466487
mbpo_stackcube_20261007T182651_ab48dfc3,StackCube-v1,mbpo,step_300000_model.pt,target,12,agent.qvel,-0.005815503653138876,2.699260950088501,False,False,0.3704717767162204
mbpo_stackcube_20261007T182651_ab48dfc3,StackCube-v1,mbpo,step_300000_model.pt,target,13,agent.qvel,0.007051756605505943,0.8973961472511292,False,False,1.1143350715992744
mbpo_stackcube_20261007T182651_ab48dfc3,StackCube-v1,mbpo,step_300000_model.pt,target,14,agent.qvel,-0.0007484254892915487,1.5897636413574219,False,False,0.6290243241103115
mbpo_stackcube_20261007T182651_ab48dfc3,StackCube-v1,mbpo,step_300000_model.pt,target,15,agent.qvel,-0.00923957023769617,1.1965543031692505,False,False,0.8357330689893075
mbpo_stackcube_20261007T182651_ab48dfc3,StackCube-v1,mbpo,step_300000_model.pt,target,16,agent.qvel,-0.01011236198246479,0.7331957221031189,False,False,1.3638923003145358
mbpo_stackcube_20261007T182651_ab48dfc3,StackCube-v1,mbpo,step_300000_model.pt,target,17,agent.qvel,0.014972900040447712,0.7049592733383179,False,False,1.4185216619174663
mbpo_stackcube_20261007T182651_ab48dfc3,StackCube-v1,mbpo,step_300000_model.pt,target,18,extra.tcp_pose,-0.0017349636182188988,0.023074544966220856,False,False,43.33779935699334
mbpo_stackcube_20261007T182651_ab48dfc3,StackCube-v1,mbpo,step_300000_model.pt,target,19,extra.tcp_pose,3.445224865572527e-05,0.01569664105772972,False,False,63.70789752547445
mbpo_stackcube_20261007T182651_ab48dfc3,StackCube-v1,mbpo,step_300000_model.pt,target,20,extra.tcp_pose,9.153989958576858e-05,0.016336621716618538,False,False,61.21216597570741
mbpo_stackcube_20261007T182651_ab48dfc3,StackCube-v1,mbpo,step_300000_model.pt,target,21,extra.tcp_pose,2.7848265744978562e-05,0.0042983777821063995,False,False,232.64590752419969
mbpo_stackcube_20261007T182651_ab48dfc3,StackCube-v1,mbpo,step_300000_model.pt,target,22,extra.tcp_pose,-0.0002031206531682983,0.003064472461119294,False,False,326.3204393864096
mbpo_stackcube_20261007T182651_ab48dfc3,StackCube-v1,mbpo,step_300000_model.pt,target,23,extra.tcp_pose,1.198624522658065e-05,0.012897927314043045,False,False,77.53183714341581
mbpo_stackcube_20261007T182651_ab48dfc3,StackCube-v1,mbpo,step_300000_model.pt,target,24,extra.tcp_pose,-0.00020737784507218748,0.01825067587196827,False,False,54.792491358412015
mbpo_stackcube_20261007T182651_ab48dfc3,StackCube-v1,mbpo,step_300000_model.pt,target,25,extra.cubeA_pose,-0.00021267708507366478,0.002884333021938801,False,False,346.70060370761786
mbpo_stackcube_20261007T182651_ab48dfc3,StackCube-v1,mbpo,step_300000_model.pt,target,26,extra.cubeA_pose,1.0045774843092659e-06,0.0013297931291162968,False,False,751.9966663269962
mbpo_stackcube_20261007T182651_ab48dfc3,StackCube-v1,mbpo,step_300000_model.pt,target,27,extra.cubeA_pose,3.2826467304403195e-06,0.0005623965407721698,False,True,1778.1048201807946
mbpo_stackcube_20261007T182651_ab48dfc3,StackCube-v1,mbpo,step_300000_model.pt,target,28,extra.cubeA_pose,-0.0005693409475497901,0.01502741128206253,False,False,66.54506097092384
mbpo_stackcube_20261007T182651_ab48dfc3,StackCube-v1,mbpo,step_300000_model.pt,target,29,extra.cubeA_pose,0.0001870975102065131,0.008903109468519688,False,False,112.32030826262199
mbpo_stackcube_20261007T182651_ab48dfc3,StackCube-v1,mbpo,step_300000_model.pt,target,30,extra.cubeA_pose,-0.0004962453385815024,0.016836456954479218,False,False,59.394919174723235
mbpo_stackcube_20261007T182651_ab48dfc3,StackCube-v1,mbpo,step_300000_model.pt,target,31,extra.cubeA_pose,-0.00022852595429867506,0.014184964820742607,False,False,70.49717871261159
mbpo_stackcube_20261007T182651_ab48dfc3,StackCube-v1,mbpo,step_300000_model.pt,target,32,extra.cubeB_pose,-0.00010427604138385504,0.0015440594870597124,False,False,647.6434414481388
mbpo_stackcube_20261007T182651_ab48dfc3,StackCube-v1,mbpo,step_300000_model.pt,target,33,extra.cubeB_pose,5.3940977522870526e-05,0.0012322325492277741,False,False,811.5351283543747
mbpo_stackcube_20261007T182651_ab48dfc3,StackCube-v1,mbpo,step_300000_model.pt,target,34,extra.cubeB_pose,-2.3671937015024014e-06,0.0003119346802122891,False,True,3205.7993658141627
mbpo_stackcube_20261007T182651_ab48dfc3,StackCube-v1,mbpo,step_300000_model.pt,target,35,extra.cubeB_pose,-0.00020570808555930853,0.011737369932234287,False,False,85.1979622158542
mbpo_stackcube_20261007T182651_ab48dfc3,StackCube-v1,mbpo,step_300000_model.pt,target,36,extra.cubeB_pose,-1.83376014319947e-05,0.007104993797838688,False,False,140.74607641518227
mbpo_stackcube_20261007T182651_ab48dfc3,StackCube-v1,mbpo,step_300000_model.pt,target,37,extra.cubeB_pose,0.00030537412385456264,0.007479480933398008,False,False,133.6991174794919
mbpo_stackcube_20261007T182651_ab48dfc3,StackCube-v1,mbpo,step_300000_model.pt,target,38,extra.cubeB_pose,-0.0003552782873157412,0.012189347296953201,False,False,82.03884717026283
mbpo_stackcube_20261007T182651_ab48dfc3,StackCube-v1,mbpo,step_300000_model.pt,target,39,extra.tcp_to_cubeA_pos,0.001522286213003099,0.023181268945336342,False,False,43.138276957922194
mbpo_stackcube_20261007T182651_ab48dfc3,StackCube-v1,mbpo,step_300000_model.pt,target,40,extra.tcp_to_cubeA_pos,-3.344756623846479e-05,0.015704184770584106,False,False,63.6772945943125
mbpo_stackcube_20261007T182651_ab48dfc3,StackCube-v1,mbpo,step_300000_model.pt,target,41,extra.tcp_to_cubeA_pos,-8.82569293025881e-05,0.016333406791090965,False,False,61.22421444529556
mbpo_stackcube_20261007T182651_ab48dfc3,StackCube-v1,mbpo,step_300000_model.pt,target,42,extra.tcp_to_cubeB_pos,0.0016306877369061112,0.02311793714761734,False,False,43.25645465746348
mbpo_stackcube_20261007T182651_ab48dfc3,StackCube-v1,mbpo,step_300000_model.pt,target,43,extra.tcp_to_cubeB_pos,1.948876706592273e-05,0.015743272379040718,False,False,63.519195750644364
mbpo_stackcube_20261007T182651_ab48dfc3,StackCube-v1,mbpo,step_300000_model.pt,target,44,extra.tcp_to_cubeB_pos,-9.390657942276448e-05,0.016340212896466255,False,False,61.19871303612333
mbpo_stackcube_20261007T182651_ab48dfc3,StackCube-v1,mbpo,step_300000_model.pt,target,45,extra.cubeA_to_cubeB_pos,0.00010840103641385213,0.003215116448700428,False,False,311.0307250003983
mbpo_stackcube_20261007T182651_ab48dfc3,StackCube-v1,mbpo,step_300000_model.pt,target,46,extra.cubeA_to_cubeB_pos,5.29363751411438e-05,0.0016829344676807523,False,False,594.2002016145628
mbpo_stackcube_20261007T182651_ab48dfc3,StackCube-v1,mbpo,step_300000_model.pt,target,47,extra.cubeA_to_cubeB_pos,-5.64983747608494e-06,0.0006395475356839597,False,True,1563.605430721513
mbpo_stackcube_20261007T182651_ab48dfc3,StackCube-v1,mbpo,step_300000_model.pt,target,48,reward,0.050959471613168716,0.03702375292778015,False,False,27.009687590305486
mbpo_stackcube_20261007T182651_ab48dfc3,StackCube-v1,mbpo,step_350016_model.pt,input,0,agent.qpos,-0.019540732726454735,0.16902954876422882,False,False,5.916125359802337
mbpo_stackcube_20261007T182651_ab48dfc3,StackCube-v1,mbpo,step_350016_model.pt,input,1,agent.qpos,0.3783961534500122,0.3434378504753113,False,False,2.9117349721820687
mbpo_stackcube_20261007T182651_ab48dfc3,StackCube-v1,mbpo,step_350016_model.pt,input,2,agent.qpos,-0.0004825546930078417,0.13104532659053802,False,False,7.630947444044173
mbpo_stackcube_20261007T182651_ab48dfc3,StackCube-v1,mbpo,step_350016_model.pt,input,3,agent.qpos,-1.9716469049453735,0.45157158374786377,False,False,2.214488324753297
mbpo_stackcube_20261007T182651_ab48dfc3,StackCube-v1,mbpo,step_350016_model.pt,input,4,agent.qpos,-0.00992517452687025,0.09468480944633484,False,False,10.561356207478845
mbpo_stackcube_20261007T182651_ab48dfc3,StackCube-v1,mbpo,step_350016_model.pt,input,5,agent.qpos,2.336343288421631,0.3203156888484955,False,False,3.1219201394565004
mbpo_stackcube_20261007T182651_ab48dfc3,StackCube-v1,mbpo,step_350016_model.pt,input,6,agent.qpos,0.7747233510017395,0.2023160606622696,False,False,4.942761324664782
mbpo_stackcube_20261007T182651_ab48dfc3,StackCube-v1,mbpo,step_350016_model.pt,input,7,agent.qpos,0.016805293038487434,0.008597228676080704,False,False,116.31655242371417
mbpo_stackcube_20261007T182651_ab48dfc3,StackCube-v1,mbpo,step_350016_model.pt,input,8,agent.qpos,0.01677125133574009,0.008598142303526402,False,False,116.30419277776605
mbpo_stackcube_20261007T182651_ab48dfc3,StackCube-v1,mbpo,step_350016_model.pt,input,9,agent.qvel,-0.020586760714650154,0.7728261947631836,False,False,1.2939519995261406
mbpo_stackcube_20261007T182651_ab48dfc3,StackCube-v1,mbpo,step_350016_model.pt,input,10,agent.qvel,-0.04214974865317345,1.371767520904541,False,False,0.7289864971730792
mbpo_stackcube_20261007T182651_ab48dfc3,StackCube-v1,mbpo,step_350016_model.pt,input,11,agent.qvel,0.018351396545767784,0.668300449848175,False,False,1.4963329745284186
mbpo_stackcube_20261007T182651_ab48dfc3,StackCube-v1,mbpo,step_350016_model.pt,input,12,agent.qvel,-0.04208004102110863,1.8836827278137207,False,False,0.5308749638324927
mbpo_stackcube_20261007T182651_ab48dfc3,StackCube-v1,mbpo,step_350016_model.pt,input,13,agent.qvel,-0.009714579209685326,0.5588910579681396,False,False,1.789257469309889
mbpo_stackcube_20261007T182651_ab48dfc3,StackCube-v1,mbpo,step_350016_model.pt,input,14,agent.qvel,-0.00919759925454855,1.116197109222412,False,False,0.8958991129233799
mbpo_stackcube_20261007T182651_ab48dfc3,StackCube-v1,mbpo,step_350016_model.pt,input,15,agent.qvel,0.007858901284635067,0.757148802280426,False,False,1.32074434640607
mbpo_stackcube_20261007T182651_ab48dfc3,StackCube-v1,mbpo,step_350016_model.pt,input,16,agent.qvel,-0.011166626587510109,0.3469489812850952,False,False,2.8822681545165834
mbpo_stackcube_20261007T182651_ab48dfc3,StackCube-v1,mbpo,step_350016_model.pt,input,17,agent.qvel,-0.005182358436286449,0.22762593626976013,False,False,4.393172484592868
mbpo_stackcube_20261007T182651_ab48dfc3,StackCube-v1,mbpo,step_350016_model.pt,input,18,extra.tcp_pose,-0.03677099198102951,0.10416115820407867,False,False,9.600507686759215
mbpo_stackcube_20261007T182651_ab48dfc3,StackCube-v1,mbpo,step_350016_model.pt,input,19,extra.tcp_pose,-0.00788130983710289,0.09898614883422852,False,False,10.102423538819494
mbpo_stackcube_20261007T182651_ab48dfc3,StackCube-v1,mbpo,step_350016_model.pt,input,20,extra.tcp_pose,0.16710473597049713,0.0904071256518364,False,False,11.061075029097417
mbpo_stackcube_20261007T182651_ab48dfc3,StackCube-v1,mbpo,step_350016_model.pt,input,21,extra.tcp_pose,0.0022435064893215895,0.014331469312310219,False,False,69.7765161553279
mbpo_stackcube_20261007T182651_ab48dfc3,StackCube-v1,mbpo,step_350016_model.pt,input,22,extra.tcp_pose,0.9968980550765991,0.017194900661706924,False,False,58.15677680691706
mbpo_stackcube_20261007T182651_ab48dfc3,StackCube-v1,mbpo,step_350016_model.pt,input,23,extra.tcp_pose,-0.0005040022660978138,0.024631930515170097,False,False,40.59771114505738
mbpo_stackcube_20261007T182651_ab48dfc3,StackCube-v1,mbpo,step_350016_model.pt,input,24,extra.tcp_pose,-0.00722450902685523,0.07094006985425949,False,False,14.096405628785217
mbpo_stackcube_20261007T182651_ab48dfc3,StackCube-v1,mbpo,step_350016_model.pt,input,25,extra.cubeA_pose,-0.014001344330608845,0.0949285626411438,False,False,10.534237243012688
mbpo_stackcube_20261007T182651_ab48dfc3,StackCube-v1,mbpo,step_350016_model.pt,input,26,extra.cubeA_pose,0.02290496602654457,0.11960909515619278,False,False,8.360568221790656
mbpo_stackcube_20261007T182651_ab48dfc3,StackCube-v1,mbpo,step_350016_model.pt,input,27,extra.cubeA_pose,0.020041432231664658,0.00077417166903615,False,True,1291.7031712682126
mbpo_stackcube_20261007T182651_ab48dfc3,StackCube-v1,mbpo,step_350016_model.pt,input,28,extra.cubeA_pose,0.4464734196662903,0.5894718170166016,False,False,1.6964339449867822
mbpo_stackcube_20261007T182651_ab48dfc3,StackCube-v1,mbpo,step_350016_model.pt,input,29,extra.cubeA_pose,-0.00026202559820376337,0.02295960672199726,False,False,43.554753010726216
mbpo_stackcube_20261007T182651_ab48dfc3,StackCube-v1,mbpo,step_350016_model.pt,input,30,extra.cubeA_pose,-0.003067974466830492,0.06761637330055237,False,False,14.789317308620438
mbpo_stackcube_20261007T182651_ab48dfc3,StackCube-v1,mbpo,step_350016_model.pt,input,31,extra.cubeA_pose,0.4034881889820099,0.5341110229492188,False,False,1.8722699158655562
mbpo_stackcube_20261007T182651_ab48dfc3,StackCube-v1,mbpo,step_350016_model.pt,input,32,extra.cubeB_pose,-0.013619022443890572,0.08291676640510559,False,False,12.06028700051218
mbpo_stackcube_20261007T182651_ab48dfc3,StackCube-v1,mbpo,step_350016_model.pt,input,33,extra.cubeB_pose,0.007897462695837021,0.11616162955760956,False,False,8.608694659401769
mbpo_stackcube_20261007T182651_ab48dfc3,StackCube-v1,mbpo,step_350016_model.pt,input,34,extra.cubeB_pose,0.02001987211406231,0.0004434152797330171,False,True,2255.222239075987
mbpo_stackcube_20261007T182651_ab48dfc3,StackCube-v1,mbpo,step_350016_model.pt,input,35,extra.cubeB_pose,0.37685221433639526,0.525024950504303,False,False,1.904671385692182
mbpo_stackcube_20261007T182651_ab48dfc3,StackCube-v1,mbpo,step_350016_model.pt,input,36,extra.cubeB_pose,0.0017758271424099803,0.032747671008110046,False,False,30.536522727138287
mbpo_stackcube_20261007T182651_ab48dfc3,StackCube-v1,mbpo,step_350016_model.pt,input,37,extra.cubeB_pose,0.0038212917279452085,0.05419579893350601,False,False,18.451614694838643
mbpo_stackcube_20261007T182651_ab48dfc3,StackCube-v1,mbpo,step_350016_model.pt,input,38,extra.cubeB_pose,0.5787856578826904,0.4932639002799988,False,False,2.027312356392501
mbpo_stackcube_20261007T182651_ab48dfc3,StackCube-v1,mbpo,step_350016_model.pt,input,39,extra.tcp_to_cubeA_pos,0.022769607603549957,0.1381980925798416,False,False,7.235989884753778
mbpo_stackcube_20261007T182651_ab48dfc3,StackCube-v1,mbpo,step_350016_model.pt,input,40,extra.tcp_to_cubeA_pos,0.03078622557222843,0.15560093522071838,False,False,6.42669659138944
mbpo_stackcube_20261007T182651_ab48dfc3,StackCube-v1,mbpo,step_350016_model.pt,input,41,extra.tcp_to_cubeA_pos,-0.14706401526927948,0.09046759456396103,False,False,11.053681761075179
mbpo_stackcube_20261007T182651_ab48dfc3,StackCube-v1,mbpo,step_350016_model.pt,input,42,extra.tcp_to_cubeB_pos,0.02315191738307476,0.1336592137813568,False,False,7.481713917873449
mbpo_stackcube_20261007T182651_ab48dfc3,StackCube-v1,mbpo,step_350016_model.pt,input,43,extra.tcp_to_cubeB_pos,0.01577875204384327,0.15784718096256256,False,False,6.335241427195176
mbpo_stackcube_20261007T182651_ab48dfc3,StackCube-v1,mbpo,step_350016_model.pt,input,44,extra.tcp_to_cubeB_pos,-0.14708559215068817,0.09043009579181671,False,False,11.058265406487527
mbpo_stackcube_20261007T182651_ab48dfc3,StackCube-v1,mbpo,step_350016_model.pt,input,45,extra.cubeA_to_cubeB_pos,0.00038236245745792985,0.09863603860139847,False,False,10.138282256459375
mbpo_stackcube_20261007T182651_ab48dfc3,StackCube-v1,mbpo,step_350016_model.pt,input,46,extra.cubeA_to_cubeB_pos,-0.01500751730054617,0.16330982744693756,False,False,6.123330210026208
mbpo_stackcube_20261007T182651_ab48dfc3,StackCube-v1,mbpo,step_350016_model.pt,input,47,extra.cubeA_to_cubeB_pos,-2.1547306459979154e-05,0.0008907196461223066,False,True,1122.6877102727426
mbpo_stackcube_20261007T182651_ab48dfc3,StackCube-v1,mbpo,step_350016_model.pt,input,48,action,0.0019305322784930468,0.5759273171424866,False,False,1.7363302108356085
mbpo_stackcube_20261007T182651_ab48dfc3,StackCube-v1,mbpo,step_350016_model.pt,input,49,action,0.002302297158166766,0.5757090449333191,False,False,1.7369885166834993
mbpo_stackcube_20261007T182651_ab48dfc3,StackCube-v1,mbpo,step_350016_model.pt,input,50,action,-0.004806290380656719,0.5761167407035828,False,False,1.7357593163822138
mbpo_stackcube_20261007T182651_ab48dfc3,StackCube-v1,mbpo,step_350016_model.pt,input,51,action,0.008851010352373123,0.5756466388702393,False,False,1.7371768242451553
mbpo_stackcube_20261007T182651_ab48dfc3,StackCube-v1,mbpo,step_350016_model.pt,target,0,agent.qpos,-0.001026684301905334,0.043356724083423615,False,False,23.0644731847332
mbpo_stackcube_20261007T182651_ab48dfc3,StackCube-v1,mbpo,step_350016_model.pt,target,1,agent.qpos,-0.0017880653031170368,0.07081261277198792,False,False,14.12177804002143
mbpo_stackcube_20261007T182651_ab48dfc3,StackCube-v1,mbpo,step_350016_model.pt,target,2,agent.qpos,0.0006390808266587555,0.040644321590662,False,False,24.603682897483743
mbpo_stackcube_20261007T182651_ab48dfc3,StackCube-v1,mbpo,step_350016_model.pt,target,3,agent.qpos,-0.0016575951594859362,0.1114334836602211,False,False,8.973963364989677
mbpo_stackcube_20261007T182651_ab48dfc3,StackCube-v1,mbpo,step_350016_model.pt,target,4,agent.qpos,-0.0002792774175759405,0.04009156674146652,False,False,24.94290149468528
mbpo_stackcube_20261007T182651_ab48dfc3,StackCube-v1,mbpo,step_350016_model.pt,target,5,agent.qpos,-0.00024066929472610354,0.0753043070435524,False,False,13.27945291922875
mbpo_stackcube_20261007T182651_ab48dfc3,StackCube-v1,mbpo,step_350016_model.pt,target,6,agent.qpos,-0.00020420842338353395,0.054533589631319046,False,False,18.33732213046347
mbpo_stackcube_20261007T182651_ab48dfc3,StackCube-v1,mbpo,step_350016_model.pt,target,7,agent.qpos,-0.0005361346411518753,0.006672529503703117,False,False,149.8682020731449
mbpo_stackcube_20261007T182651_ab48dfc3,StackCube-v1,mbpo,step_350016_model.pt,target,8,agent.qpos,-0.0005445013521239161,0.0066558243706822395,False,False,150.24434905536688
mbpo_stackcube_20261007T182651_ab48dfc3,StackCube-v1,mbpo,step_350016_model.pt,target,9,agent.qvel,0.002377796918153763,1.1236528158187866,False,False,0.8899546069052628
mbpo_stackcube_20261007T182651_ab48dfc3,StackCube-v1,mbpo,step_350016_model.pt,target,10,agent.qvel,0.0006593649159185588,1.9260934591293335,False,False,0.5191856061086659
mbpo_stackcube_20261007T182651_ab48dfc3,StackCube-v1,mbpo,step_350016_model.pt,target,11,agent.qvel,-0.006528229918330908,0.9854931831359863,False,False,1.014720362466487
mbpo_stackcube_20261007T182651_ab48dfc3,StackCube-v1,mbpo,step_350016_model.pt,target,12,agent.qvel,-0.005815503653138876,2.699260950088501,False,False,0.3704717767162204
mbpo_stackcube_20261007T182651_ab48dfc3,StackCube-v1,mbpo,step_350016_model.pt,target,13,agent.qvel,0.007051756605505943,0.8973961472511292,False,False,1.1143350715992744
mbpo_stackcube_20261007T182651_ab48dfc3,StackCube-v1,mbpo,step_350016_model.pt,target,14,agent.qvel,-0.0007484254892915487,1.5897636413574219,False,False,0.6290243241103115
mbpo_stackcube_20261007T182651_ab48dfc3,StackCube-v1,mbpo,step_350016_model.pt,target,15,agent.qvel,-0.00923957023769617,1.1965543031692505,False,False,0.8357330689893075
mbpo_stackcube_20261007T182651_ab48dfc3,StackCube-v1,mbpo,step_350016_model.pt,target,16,agent.qvel,-0.01011236198246479,0.7331957221031189,False,False,1.3638923003145358
mbpo_stackcube_20261007T182651_ab48dfc3,StackCube-v1,mbpo,step_350016_model.pt,target,17,agent.qvel,0.014972900040447712,0.7049592733383179,False,False,1.4185216619174663
mbpo_stackcube_20261007T182651_ab48dfc3,StackCube-v1,mbpo,step_350016_model.pt,target,18,extra.tcp_pose,-0.0017349636182188988,0.023074544966220856,False,False,43.33779935699334
mbpo_stackcube_20261007T182651_ab48dfc3,StackCube-v1,mbpo,step_350016_model.pt,target,19,extra.tcp_pose,3.445224865572527e-05,0.01569664105772972,False,False,63.70789752547445
mbpo_stackcube_20261007T182651_ab48dfc3,StackCube-v1,mbpo,step_350016_model.pt,target,20,extra.tcp_pose,9.153989958576858e-05,0.016336621716618538,False,False,61.21216597570741
mbpo_stackcube_20261007T182651_ab48dfc3,StackCube-v1,mbpo,step_350016_model.pt,target,21,extra.tcp_pose,2.7848265744978562e-05,0.0042983777821063995,False,False,232.64590752419969
mbpo_stackcube_20261007T182651_ab48dfc3,StackCube-v1,mbpo,step_350016_model.pt,target,22,extra.tcp_pose,-0.0002031206531682983,0.003064472461119294,False,False,326.3204393864096
mbpo_stackcube_20261007T182651_ab48dfc3,StackCube-v1,mbpo,step_350016_model.pt,target,23,extra.tcp_pose,1.198624522658065e-05,0.012897927314043045,False,False,77.53183714341581
mbpo_stackcube_20261007T182651_ab48dfc3,StackCube-v1,mbpo,step_350016_model.pt,target,24,extra.tcp_pose,-0.00020737784507218748,0.01825067587196827,False,False,54.792491358412015
mbpo_stackcube_20261007T182651_ab48dfc3,StackCube-v1,mbpo,step_350016_model.pt,target,25,extra.cubeA_pose,-0.00021267708507366478,0.002884333021938801,False,False,346.70060370761786
mbpo_stackcube_20261007T182651_ab48dfc3,StackCube-v1,mbpo,step_350016_model.pt,target,26,extra.cubeA_pose,1.0045774843092659e-06,0.0013297931291162968,False,False,751.9966663269962
mbpo_stackcube_20261007T182651_ab48dfc3,StackCube-v1,mbpo,step_350016_model.pt,target,27,extra.cubeA_pose,3.2826467304403195e-06,0.0005623965407721698,False,True,1778.1048201807946
mbpo_stackcube_20261007T182651_ab48dfc3,StackCube-v1,mbpo,step_350016_model.pt,target,28,extra.cubeA_pose,-0.0005693409475497901,0.01502741128206253,False,False,66.54506097092384
mbpo_stackcube_20261007T182651_ab48dfc3,StackCube-v1,mbpo,step_350016_model.pt,target,29,extra.cubeA_pose,0.0001870975102065131,0.008903109468519688,False,False,112.32030826262199
mbpo_stackcube_20261007T182651_ab48dfc3,StackCube-v1,mbpo,step_350016_model.pt,target,30,extra.cubeA_pose,-0.0004962453385815024,0.016836456954479218,False,False,59.394919174723235
mbpo_stackcube_20261007T182651_ab48dfc3,StackCube-v1,mbpo,step_350016_model.pt,target,31,extra.cubeA_pose,-0.00022852595429867506,0.014184964820742607,False,False,70.49717871261159
mbpo_stackcube_20261007T182651_ab48dfc3,StackCube-v1,mbpo,step_350016_model.pt,target,32,extra.cubeB_pose,-0.00010427604138385504,0.0015440594870597124,False,False,647.6434414481388
mbpo_stackcube_20261007T182651_ab48dfc3,StackCube-v1,mbpo,step_350016_model.pt,target,33,extra.cubeB_pose,5.3940977522870526e-05,0.0012322325492277741,False,False,811.5351283543747
mbpo_stackcube_20261007T182651_ab48dfc3,StackCube-v1,mbpo,step_350016_model.pt,target,34,extra.cubeB_pose,-2.3671937015024014e-06,0.0003119346802122891,False,True,3205.7993658141627
mbpo_stackcube_20261007T182651_ab48dfc3,StackCube-v1,mbpo,step_350016_model.pt,target,35,extra.cubeB_pose,-0.00020570808555930853,0.011737369932234287,False,False,85.1979622158542
mbpo_stackcube_20261007T182651_ab48dfc3,StackCube-v1,mbpo,step_350016_model.pt,target,36,extra.cubeB_pose,-1.83376014319947e-05,0.007104993797838688,False,False,140.74607641518227
mbpo_stackcube_20261007T182651_ab48dfc3,StackCube-v1,mbpo,step_350016_model.pt,target,37,extra.cubeB_pose,0.00030537412385456264,0.007479480933398008,False,False,133.6991174794919
mbpo_stackcube_20261007T182651_ab48dfc3,StackCube-v1,mbpo,step_350016_model.pt,target,38,extra.cubeB_pose,-0.0003552782873157412,0.012189347296953201,False,False,82.03884717026283
mbpo_stackcube_20261007T182651_ab48dfc3,StackCube-v1,mbpo,step_350016_model.pt,target,39,extra.tcp_to_cubeA_pos,0.001522286213003099,0.023181268945336342,False,False,43.138276957922194
mbpo_stackcube_20261007T182651_ab48dfc3,StackCube-v1,mbpo,step_350016_model.pt,target,40,extra.tcp_to_cubeA_pos,-3.344756623846479e-05,0.015704184770584106,False,False,63.6772945943125
mbpo_stackcube_20261007T182651_ab48dfc3,StackCube-v1,mbpo,step_350016_model.pt,target,41,extra.tcp_to_cubeA_pos,-8.82569293025881e-05,0.016333406791090965,False,False,61.22421444529556
mbpo_stackcube_20261007T182651_ab48dfc3,StackCube-v1,mbpo,step_350016_model.pt,target,42,extra.tcp_to_cubeB_pos,0.0016306877369061112,0.02311793714761734,False,False,43.25645465746348
mbpo_stackcube_20261007T182651_ab48dfc3,StackCube-v1,mbpo,step_350016_model.pt,target,43,extra.tcp_to_cubeB_pos,1.948876706592273e-05,0.015743272379040718,False,False,63.519195750644364
mbpo_stackcube_20261007T182651_ab48dfc3,StackCube-v1,mbpo,step_350016_model.pt,target,44,extra.tcp_to_cubeB_pos,-9.390657942276448e-05,0.016340212896466255,False,False,61.19871303612333
mbpo_stackcube_20261007T182651_ab48dfc3,StackCube-v1,mbpo,step_350016_model.pt,target,45,extra.cubeA_to_cubeB_pos,0.00010840103641385213,0.003215116448700428,False,False,311.0307250003983
mbpo_stackcube_20261007T182651_ab48dfc3,StackCube-v1,mbpo,step_350016_model.pt,target,46,extra.cubeA_to_cubeB_pos,5.29363751411438e-05,0.0016829344676807523,False,False,594.2002016145628
mbpo_stackcube_20261007T182651_ab48dfc3,StackCube-v1,mbpo,step_350016_model.pt,target,47,extra.cubeA_to_cubeB_pos,-5.64983747608494e-06,0.0006395475356839597,False,True,1563.605430721513
mbpo_stackcube_20261007T182651_ab48dfc3,StackCube-v1,mbpo,step_350016_model.pt,target,48,reward,0.050959471613168716,0.03702375292778015,False,False,27.009687590305486
mbpo_stackcube_20261007T182651_ab48dfc3,StackCube-v1,mbpo,step_400000_model.pt,input,0,agent.qpos,-0.019540732726454735,0.16902954876422882,False,False,5.916125359802337
mbpo_stackcube_20261007T182651_ab48dfc3,StackCube-v1,mbpo,step_400000_model.pt,input,1,agent.qpos,0.3783961534500122,0.3434378504753113,False,False,2.9117349721820687
mbpo_stackcube_20261007T182651_ab48dfc3,StackCube-v1,mbpo,step_400000_model.pt,input,2,agent.qpos,-0.0004825546930078417,0.13104532659053802,False,False,7.630947444044173
mbpo_stackcube_20261007T182651_ab48dfc3,StackCube-v1,mbpo,step_400000_model.pt,input,3,agent.qpos,-1.9716469049453735,0.45157158374786377,False,False,2.214488324753297
mbpo_stackcube_20261007T182651_ab48dfc3,StackCube-v1,mbpo,step_400000_model.pt,input,4,agent.qpos,-0.00992517452687025,0.09468480944633484,False,False,10.561356207478845
mbpo_stackcube_20261007T182651_ab48dfc3,StackCube-v1,mbpo,step_400000_model.pt,input,5,agent.qpos,2.336343288421631,0.3203156888484955,False,False,3.1219201394565004
mbpo_stackcube_20261007T182651_ab48dfc3,StackCube-v1,mbpo,step_400000_model.pt,input,6,agent.qpos,0.7747233510017395,0.2023160606622696,False,False,4.942761324664782
mbpo_stackcube_20261007T182651_ab48dfc3,StackCube-v1,mbpo,step_400000_model.pt,input,7,agent.qpos,0.016805293038487434,0.008597228676080704,False,False,116.31655242371417
mbpo_stackcube_20261007T182651_ab48dfc3,StackCube-v1,mbpo,step_400000_model.pt,input,8,agent.qpos,0.01677125133574009,0.008598142303526402,False,False,116.30419277776605
mbpo_stackcube_20261007T182651_ab48dfc3,StackCube-v1,mbpo,step_400000_model.pt,input,9,agent.qvel,-0.020586760714650154,0.7728261947631836,False,False,1.2939519995261406
mbpo_stackcube_20261007T182651_ab48dfc3,StackCube-v1,mbpo,step_400000_model.pt,input,10,agent.qvel,-0.04214974865317345,1.371767520904541,False,False,0.7289864971730792
mbpo_stackcube_20261007T182651_ab48dfc3,StackCube-v1,mbpo,step_400000_model.pt,input,11,agent.qvel,0.018351396545767784,0.668300449848175,False,False,1.4963329745284186
mbpo_stackcube_20261007T182651_ab48dfc3,StackCube-v1,mbpo,step_400000_model.pt,input,12,agent.qvel,-0.04208004102110863,1.8836827278137207,False,False,0.5308749638324927
mbpo_stackcube_20261007T182651_ab48dfc3,StackCube-v1,mbpo,step_400000_model.pt,input,13,agent.qvel,-0.009714579209685326,0.5588910579681396,False,False,1.789257469309889
mbpo_stackcube_20261007T182651_ab48dfc3,StackCube-v1,mbpo,step_400000_model.pt,input,14,agent.qvel,-0.00919759925454855,1.116197109222412,False,False,0.8958991129233799
mbpo_stackcube_20261007T182651_ab48dfc3,StackCube-v1,mbpo,step_400000_model.pt,input,15,agent.qvel,0.007858901284635067,0.757148802280426,False,False,1.32074434640607
mbpo_stackcube_20261007T182651_ab48dfc3,StackCube-v1,mbpo,step_400000_model.pt,input,16,agent.qvel,-0.011166626587510109,0.3469489812850952,False,False,2.8822681545165834
mbpo_stackcube_20261007T182651_ab48dfc3,StackCube-v1,mbpo,step_400000_model.pt,input,17,agent.qvel,-0.005182358436286449,0.22762593626976013,False,False,4.393172484592868
mbpo_stackcube_20261007T182651_ab48dfc3,StackCube-v1,mbpo,step_400000_model.pt,input,18,extra.tcp_pose,-0.03677099198102951,0.10416115820407867,False,False,9.600507686759215
mbpo_stackcube_20261007T182651_ab48dfc3,StackCube-v1,mbpo,step_400000_model.pt,input,19,extra.tcp_pose,-0.00788130983710289,0.09898614883422852,False,False,10.102423538819494
mbpo_stackcube_20261007T182651_ab48dfc3,StackCube-v1,mbpo,step_400000_model.pt,input,20,extra.tcp_pose,0.16710473597049713,0.0904071256518364,False,False,11.061075029097417
mbpo_stackcube_20261007T182651_ab48dfc3,StackCube-v1,mbpo,step_400000_model.pt,input,21,extra.tcp_pose,0.0022435064893215895,0.014331469312310219,False,False,69.7765161553279
mbpo_stackcube_20261007T182651_ab48dfc3,StackCube-v1,mbpo,step_400000_model.pt,input,22,extra.tcp_pose,0.9968980550765991,0.017194900661706924,False,False,58.15677680691706
mbpo_stackcube_20261007T182651_ab48dfc3,StackCube-v1,mbpo,step_400000_model.pt,input,23,extra.tcp_pose,-0.0005040022660978138,0.024631930515170097,False,False,40.59771114505738
mbpo_stackcube_20261007T182651_ab48dfc3,StackCube-v1,mbpo,step_400000_model.pt,input,24,extra.tcp_pose,-0.00722450902685523,0.07094006985425949,False,False,14.096405628785217
mbpo_stackcube_20261007T182651_ab48dfc3,StackCube-v1,mbpo,step_400000_model.pt,input,25,extra.cubeA_pose,-0.014001344330608845,0.0949285626411438,False,False,10.534237243012688
mbpo_stackcube_20261007T182651_ab48dfc3,StackCube-v1,mbpo,step_400000_model.pt,input,26,extra.cubeA_pose,0.02290496602654457,0.11960909515619278,False,False,8.360568221790656
mbpo_stackcube_20261007T182651_ab48dfc3,StackCube-v1,mbpo,step_400000_model.pt,input,27,extra.cubeA_pose,0.020041432231664658,0.00077417166903615,False,True,1291.7031712682126
mbpo_stackcube_20261007T182651_ab48dfc3,StackCube-v1,mbpo,step_400000_model.pt,input,28,extra.cubeA_pose,0.4464734196662903,0.5894718170166016,False,False,1.6964339449867822
mbpo_stackcube_20261007T182651_ab48dfc3,StackCube-v1,mbpo,step_400000_model.pt,input,29,extra.cubeA_pose,-0.00026202559820376337,0.02295960672199726,False,False,43.554753010726216
mbpo_stackcube_20261007T182651_ab48dfc3,StackCube-v1,mbpo,step_400000_model.pt,input,30,extra.cubeA_pose,-0.003067974466830492,0.06761637330055237,False,False,14.789317308620438
mbpo_stackcube_20261007T182651_ab48dfc3,StackCube-v1,mbpo,step_400000_model.pt,input,31,extra.cubeA_pose,0.4034881889820099,0.5341110229492188,False,False,1.8722699158655562
mbpo_stackcube_20261007T182651_ab48dfc3,StackCube-v1,mbpo,step_400000_model.pt,input,32,extra.cubeB_pose,-0.013619022443890572,0.08291676640510559,False,False,12.06028700051218
mbpo_stackcube_20261007T182651_ab48dfc3,StackCube-v1,mbpo,step_400000_model.pt,input,33,extra.cubeB_pose,0.007897462695837021,0.11616162955760956,False,False,8.608694659401769
mbpo_stackcube_20261007T182651_ab48dfc3,StackCube-v1,mbpo,step_400000_model.pt,input,34,extra.cubeB_pose,0.02001987211406231,0.0004434152797330171,False,True,2255.222239075987
mbpo_stackcube_20261007T182651_ab48dfc3,StackCube-v1,mbpo,step_400000_model.pt,input,35,extra.cubeB_pose,0.37685221433639526,0.525024950504303,False,False,1.904671385692182
mbpo_stackcube_20261007T182651_ab48dfc3,StackCube-v1,mbpo,step_400000_model.pt,input,36,extra.cubeB_pose,0.0017758271424099803,0.032747671008110046,False,False,30.536522727138287
mbpo_stackcube_20261007T182651_ab48dfc3,StackCube-v1,mbpo,step_400000_model.pt,input,37,extra.cubeB_pose,0.0038212917279452085,0.05419579893350601,False,False,18.451614694838643
mbpo_stackcube_20261007T182651_ab48dfc3,StackCube-v1,mbpo,step_400000_model.pt,input,38,extra.cubeB_pose,0.5787856578826904,0.4932639002799988,False,False,2.027312356392501
mbpo_stackcube_20261007T182651_ab48dfc3,StackCube-v1,mbpo,step_400000_model.pt,input,39,extra.tcp_to_cubeA_pos,0.022769607603549957,0.1381980925798416,False,False,7.235989884753778
mbpo_stackcube_20261007T182651_ab48dfc3,StackCube-v1,mbpo,step_400000_model.pt,input,40,extra.tcp_to_cubeA_pos,0.03078622557222843,0.15560093522071838,False,False,6.42669659138944
mbpo_stackcube_20261007T182651_ab48dfc3,StackCube-v1,mbpo,step_400000_model.pt,input,41,extra.tcp_to_cubeA_pos,-0.14706401526927948,0.09046759456396103,False,False,11.053681761075179
mbpo_stackcube_20261007T182651_ab48dfc3,StackCube-v1,mbpo,step_400000_model.pt,input,42,extra.tcp_to_cubeB_pos,0.02315191738307476,0.1336592137813568,False,False,7.481713917873449
mbpo_stackcube_20261007T182651_ab48dfc3,StackCube-v1,mbpo,step_400000_model.pt,input,43,extra.tcp_to_cubeB_pos,0.01577875204384327,0.15784718096256256,False,False,6.335241427195176
mbpo_stackcube_20261007T182651_ab48dfc3,StackCube-v1,mbpo,step_400000_model.pt,input,44,extra.tcp_to_cubeB_pos,-0.14708559215068817,0.09043009579181671,False,False,11.058265406487527
mbpo_stackcube_20261007T182651_ab48dfc3,StackCube-v1,mbpo,step_400000_model.pt,input,45,extra.cubeA_to_cubeB_pos,0.00038236245745792985,0.09863603860139847,False,False,10.138282256459375
mbpo_stackcube_20261007T182651_ab48dfc3,StackCube-v1,mbpo,step_400000_model.pt,input,46,extra.cubeA_to_cubeB_pos,-0.01500751730054617,0.16330982744693756,False,False,6.123330210026208
mbpo_stackcube_20261007T182651_ab48dfc3,StackCube-v1,mbpo,step_400000_model.pt,input,47,extra.cubeA_to_cubeB_pos,-2.1547306459979154e-05,0.0008907196461223066,False,True,1122.6877102727426
mbpo_stackcube_20261007T182651_ab48dfc3,StackCube-v1,mbpo,step_400000_model.pt,input,48,action,0.0019305322784930468,0.5759273171424866,False,False,1.7363302108356085
mbpo_stackcube_20261007T182651_ab48dfc3,StackCube-v1,mbpo,step_400000_model.pt,input,49,action,0.002302297158166766,0.5757090449333191,False,False,1.7369885166834993
mbpo_stackcube_20261007T182651_ab48dfc3,StackCube-v1,mbpo,step_400000_model.pt,input,50,action,-0.004806290380656719,0.5761167407035828,False,False,1.7357593163822138
mbpo_stackcube_20261007T182651_ab48dfc3,StackCube-v1,mbpo,step_400000_model.pt,input,51,action,0.008851010352373123,0.5756466388702393,False,False,1.7371768242451553
mbpo_stackcube_20261007T182651_ab48dfc3,StackCube-v1,mbpo,step_400000_model.pt,target,0,agent.qpos,-0.001026684301905334,0.043356724083423615,False,False,23.0644731847332
mbpo_stackcube_20261007T182651_ab48dfc3,StackCube-v1,mbpo,step_400000_model.pt,target,1,agent.qpos,-0.0017880653031170368,0.07081261277198792,False,False,14.12177804002143
mbpo_stackcube_20261007T182651_ab48dfc3,StackCube-v1,mbpo,step_400000_model.pt,target,2,agent.qpos,0.0006390808266587555,0.040644321590662,False,False,24.603682897483743
mbpo_stackcube_20261007T182651_ab48dfc3,StackCube-v1,mbpo,step_400000_model.pt,target,3,agent.qpos,-0.0016575951594859362,0.1114334836602211,False,False,8.973963364989677
mbpo_stackcube_20261007T182651_ab48dfc3,StackCube-v1,mbpo,step_400000_model.pt,target,4,agent.qpos,-0.0002792774175759405,0.04009156674146652,False,False,24.94290149468528
mbpo_stackcube_20261007T182651_ab48dfc3,StackCube-v1,mbpo,step_400000_model.pt,target,5,agent.qpos,-0.00024066929472610354,0.0753043070435524,False,False,13.27945291922875
mbpo_stackcube_20261007T182651_ab48dfc3,StackCube-v1,mbpo,step_400000_model.pt,target,6,agent.qpos,-0.00020420842338353395,0.054533589631319046,False,False,18.33732213046347
mbpo_stackcube_20261007T182651_ab48dfc3,StackCube-v1,mbpo,step_400000_model.pt,target,7,agent.qpos,-0.0005361346411518753,0.006672529503703117,False,False,149.8682020731449
mbpo_stackcube_20261007T182651_ab48dfc3,StackCube-v1,mbpo,step_400000_model.pt,target,8,agent.qpos,-0.0005445013521239161,0.0066558243706822395,False,False,150.24434905536688
mbpo_stackcube_20261007T182651_ab48dfc3,StackCube-v1,mbpo,step_400000_model.pt,target,9,agent.qvel,0.002377796918153763,1.1236528158187866,False,False,0.8899546069052628
mbpo_stackcube_20261007T182651_ab48dfc3,StackCube-v1,mbpo,step_400000_model.pt,target,10,agent.qvel,0.0006593649159185588,1.9260934591293335,False,False,0.5191856061086659
mbpo_stackcube_20261007T182651_ab48dfc3,StackCube-v1,mbpo,step_400000_model.pt,target,11,agent.qvel,-0.006528229918330908,0.9854931831359863,False,False,1.014720362466487
mbpo_stackcube_20261007T182651_ab48dfc3,StackCube-v1,mbpo,step_400000_model.pt,target,12,agent.qvel,-0.005815503653138876,2.699260950088501,False,False,0.3704717767162204
mbpo_stackcube_20261007T182651_ab48dfc3,StackCube-v1,mbpo,step_400000_model.pt,target,13,agent.qvel,0.007051756605505943,0.8973961472511292,False,False,1.1143350715992744
mbpo_stackcube_20261007T182651_ab48dfc3,StackCube-v1,mbpo,step_400000_model.pt,target,14,agent.qvel,-0.0007484254892915487,1.5897636413574219,False,False,0.6290243241103115
mbpo_stackcube_20261007T182651_ab48dfc3,StackCube-v1,mbpo,step_400000_model.pt,target,15,agent.qvel,-0.00923957023769617,1.1965543031692505,False,False,0.8357330689893075
mbpo_stackcube_20261007T182651_ab48dfc3,StackCube-v1,mbpo,step_400000_model.pt,target,16,agent.qvel,-0.01011236198246479,0.7331957221031189,False,False,1.3638923003145358
mbpo_stackcube_20261007T182651_ab48dfc3,StackCube-v1,mbpo,step_400000_model.pt,target,17,agent.qvel,0.014972900040447712,0.7049592733383179,False,False,1.4185216619174663
mbpo_stackcube_20261007T182651_ab48dfc3,StackCube-v1,mbpo,step_400000_model.pt,target,18,extra.tcp_pose,-0.0017349636182188988,0.023074544966220856,False,False,43.33779935699334
mbpo_stackcube_20261007T182651_ab48dfc3,StackCube-v1,mbpo,step_400000_model.pt,target,19,extra.tcp_pose,3.445224865572527e-05,0.01569664105772972,False,False,63.70789752547445
mbpo_stackcube_20261007T182651_ab48dfc3,StackCube-v1,mbpo,step_400000_model.pt,target,20,extra.tcp_pose,9.153989958576858e-05,0.016336621716618538,False,False,61.21216597570741
mbpo_stackcube_20261007T182651_ab48dfc3,StackCube-v1,mbpo,step_400000_model.pt,target,21,extra.tcp_pose,2.7848265744978562e-05,0.0042983777821063995,False,False,232.64590752419969
mbpo_stackcube_20261007T182651_ab48dfc3,StackCube-v1,mbpo,step_400000_model.pt,target,22,extra.tcp_pose,-0.0002031206531682983,0.003064472461119294,False,False,326.3204393864096
mbpo_stackcube_20261007T182651_ab48dfc3,StackCube-v1,mbpo,step_400000_model.pt,target,23,extra.tcp_pose,1.198624522658065e-05,0.012897927314043045,False,False,77.53183714341581
mbpo_stackcube_20261007T182651_ab48dfc3,StackCube-v1,mbpo,step_400000_model.pt,target,24,extra.tcp_pose,-0.00020737784507218748,0.01825067587196827,False,False,54.792491358412015
mbpo_stackcube_20261007T182651_ab48dfc3,StackCube-v1,mbpo,step_400000_model.pt,target,25,extra.cubeA_pose,-0.00021267708507366478,0.002884333021938801,False,False,346.70060370761786
mbpo_stackcube_20261007T182651_ab48dfc3,StackCube-v1,mbpo,step_400000_model.pt,target,26,extra.cubeA_pose,1.0045774843092659e-06,0.0013297931291162968,False,False,751.9966663269962
mbpo_stackcube_20261007T182651_ab48dfc3,StackCube-v1,mbpo,step_400000_model.pt,target,27,extra.cubeA_pose,3.2826467304403195e-06,0.0005623965407721698,False,True,1778.1048201807946
mbpo_stackcube_20261007T182651_ab48dfc3,StackCube-v1,mbpo,step_400000_model.pt,target,28,extra.cubeA_pose,-0.0005693409475497901,0.01502741128206253,False,False,66.54506097092384
mbpo_stackcube_20261007T182651_ab48dfc3,StackCube-v1,mbpo,step_400000_model.pt,target,29,extra.cubeA_pose,0.0001870975102065131,0.008903109468519688,False,False,112.32030826262199
mbpo_stackcube_20261007T182651_ab48dfc3,StackCube-v1,mbpo,step_400000_model.pt,target,30,extra.cubeA_pose,-0.0004962453385815024,0.016836456954479218,False,False,59.394919174723235
mbpo_stackcube_20261007T182651_ab48dfc3,StackCube-v1,mbpo,step_400000_model.pt,target,31,extra.cubeA_pose,-0.00022852595429867506,0.014184964820742607,False,False,70.49717871261159
mbpo_stackcube_20261007T182651_ab48dfc3,StackCube-v1,mbpo,step_400000_model.pt,target,32,extra.cubeB_pose,-0.00010427604138385504,0.0015440594870597124,False,False,647.6434414481388
mbpo_stackcube_20261007T182651_ab48dfc3,StackCube-v1,mbpo,step_400000_model.pt,target,33,extra.cubeB_pose,5.3940977522870526e-05,0.0012322325492277741,False,False,811.5351283543747
mbpo_stackcube_20261007T182651_ab48dfc3,StackCube-v1,mbpo,step_400000_model.pt,target,34,extra.cubeB_pose,-2.3671937015024014e-06,0.0003119346802122891,False,True,3205.7993658141627
mbpo_stackcube_20261007T182651_ab48dfc3,StackCube-v1,mbpo,step_400000_model.pt,target,35,extra.cubeB_pose,-0.00020570808555930853,0.011737369932234287,False,False,85.1979622158542
mbpo_stackcube_20261007T182651_ab48dfc3,StackCube-v1,mbpo,step_400000_model.pt,target,36,extra.cubeB_pose,-1.83376014319947e-05,0.007104993797838688,False,False,140.74607641518227
mbpo_stackcube_20261007T182651_ab48dfc3,StackCube-v1,mbpo,step_400000_model.pt,target,37,extra.cubeB_pose,0.00030537412385456264,0.007479480933398008,False,False,133.6991174794919
mbpo_stackcube_20261007T182651_ab48dfc3,StackCube-v1,mbpo,step_400000_model.pt,target,38,extra.cubeB_pose,-0.0003552782873157412,0.012189347296953201,False,False,82.03884717026283
mbpo_stackcube_20261007T182651_ab48dfc3,StackCube-v1,mbpo,step_400000_model.pt,target,39,extra.tcp_to_cubeA_pos,0.001522286213003099,0.023181268945336342,False,False,43.138276957922194
mbpo_stackcube_20261007T182651_ab48dfc3,StackCube-v1,mbpo,step_400000_model.pt,target,40,extra.tcp_to_cubeA_pos,-3.344756623846479e-05,0.015704184770584106,False,False,63.6772945943125
mbpo_stackcube_20261007T182651_ab48dfc3,StackCube-v1,mbpo,step_400000_model.pt,target,41,extra.tcp_to_cubeA_pos,-8.82569293025881e-05,0.016333406791090965,False,False,61.22421444529556
mbpo_stackcube_20261007T182651_ab48dfc3,StackCube-v1,mbpo,step_400000_model.pt,target,42,extra.tcp_to_cubeB_pos,0.0016306877369061112,0.02311793714761734,False,False,43.25645465746348
mbpo_stackcube_20261007T182651_ab48dfc3,StackCube-v1,mbpo,step_400000_model.pt,target,43,extra.tcp_to_cubeB_pos,1.948876706592273e-05,0.015743272379040718,False,False,63.519195750644364
mbpo_stackcube_20261007T182651_ab48dfc3,StackCube-v1,mbpo,step_400000_model.pt,target,44,extra.tcp_to_cubeB_pos,-9.390657942276448e-05,0.016340212896466255,False,False,61.19871303612333
mbpo_stackcube_20261007T182651_ab48dfc3,StackCube-v1,mbpo,step_400000_model.pt,target,45,extra.cubeA_to_cubeB_pos,0.00010840103641385213,0.003215116448700428,False,False,311.0307250003983
mbpo_stackcube_20261007T182651_ab48dfc3,StackCube-v1,mbpo,step_400000_model.pt,target,46,extra.cubeA_to_cubeB_pos,5.29363751411438e-05,0.0016829344676807523,False,False,594.2002016145628
mbpo_stackcube_20261007T182651_ab48dfc3,StackCube-v1,mbpo,step_400000_model.pt,target,47,extra.cubeA_to_cubeB_pos,-5.64983747608494e-06,0.0006395475356839597,False,True,1563.605430721513
mbpo_stackcube_20261007T182651_ab48dfc3,StackCube-v1,mbpo,step_400000_model.pt,target,48,reward,0.050959471613168716,0.03702375292778015,False,False,27.009687590305486
mbpo_stackcube_20261007T182651_ab48dfc3,StackCube-v1,mbpo,step_450016_model.pt,input,0,agent.qpos,-0.019540732726454735,0.16902954876422882,False,False,5.916125359802337
mbpo_stackcube_20261007T182651_ab48dfc3,StackCube-v1,mbpo,step_450016_model.pt,input,1,agent.qpos,0.3783961534500122,0.3434378504753113,False,False,2.9117349721820687
mbpo_stackcube_20261007T182651_ab48dfc3,StackCube-v1,mbpo,step_450016_model.pt,input,2,agent.qpos,-0.0004825546930078417,0.13104532659053802,False,False,7.630947444044173
mbpo_stackcube_20261007T182651_ab48dfc3,StackCube-v1,mbpo,step_450016_model.pt,input,3,agent.qpos,-1.9716469049453735,0.45157158374786377,False,False,2.214488324753297
mbpo_stackcube_20261007T182651_ab48dfc3,StackCube-v1,mbpo,step_450016_model.pt,input,4,agent.qpos,-0.00992517452687025,0.09468480944633484,False,False,10.561356207478845
mbpo_stackcube_20261007T182651_ab48dfc3,StackCube-v1,mbpo,step_450016_model.pt,input,5,agent.qpos,2.336343288421631,0.3203156888484955,False,False,3.1219201394565004
mbpo_stackcube_20261007T182651_ab48dfc3,StackCube-v1,mbpo,step_450016_model.pt,input,6,agent.qpos,0.7747233510017395,0.2023160606622696,False,False,4.942761324664782
mbpo_stackcube_20261007T182651_ab48dfc3,StackCube-v1,mbpo,step_450016_model.pt,input,7,agent.qpos,0.016805293038487434,0.008597228676080704,False,False,116.31655242371417
mbpo_stackcube_20261007T182651_ab48dfc3,StackCube-v1,mbpo,step_450016_model.pt,input,8,agent.qpos,0.01677125133574009,0.008598142303526402,False,False,116.30419277776605
mbpo_stackcube_20261007T182651_ab48dfc3,StackCube-v1,mbpo,step_450016_model.pt,input,9,agent.qvel,-0.020586760714650154,0.7728261947631836,False,False,1.2939519995261406
mbpo_stackcube_20261007T182651_ab48dfc3,StackCube-v1,mbpo,step_450016_model.pt,input,10,agent.qvel,-0.04214974865317345,1.371767520904541,False,False,0.7289864971730792
mbpo_stackcube_20261007T182651_ab48dfc3,StackCube-v1,mbpo,step_450016_model.pt,input,11,agent.qvel,0.018351396545767784,0.668300449848175,False,False,1.4963329745284186
mbpo_stackcube_20261007T182651_ab48dfc3,StackCube-v1,mbpo,step_450016_model.pt,input,12,agent.qvel,-0.04208004102110863,1.8836827278137207,False,False,0.5308749638324927
mbpo_stackcube_20261007T182651_ab48dfc3,StackCube-v1,mbpo,step_450016_model.pt,input,13,agent.qvel,-0.009714579209685326,0.5588910579681396,False,False,1.789257469309889
mbpo_stackcube_20261007T182651_ab48dfc3,StackCube-v1,mbpo,step_450016_model.pt,input,14,agent.qvel,-0.00919759925454855,1.116197109222412,False,False,0.8958991129233799
mbpo_stackcube_20261007T182651_ab48dfc3,StackCube-v1,mbpo,step_450016_model.pt,input,15,agent.qvel,0.007858901284635067,0.757148802280426,False,False,1.32074434640607
mbpo_stackcube_20261007T182651_ab48dfc3,StackCube-v1,mbpo,step_450016_model.pt,input,16,agent.qvel,-0.011166626587510109,0.3469489812850952,False,False,2.8822681545165834
mbpo_stackcube_20261007T182651_ab48dfc3,StackCube-v1,mbpo,step_450016_model.pt,input,17,agent.qvel,-0.005182358436286449,0.22762593626976013,False,False,4.393172484592868
mbpo_stackcube_20261007T182651_ab48dfc3,StackCube-v1,mbpo,step_450016_model.pt,input,18,extra.tcp_pose,-0.03677099198102951,0.10416115820407867,False,False,9.600507686759215
mbpo_stackcube_20261007T182651_ab48dfc3,StackCube-v1,mbpo,step_450016_model.pt,input,19,extra.tcp_pose,-0.00788130983710289,0.09898614883422852,False,False,10.102423538819494
mbpo_stackcube_20261007T182651_ab48dfc3,StackCube-v1,mbpo,step_450016_model.pt,input,20,extra.tcp_pose,0.16710473597049713,0.0904071256518364,False,False,11.061075029097417
mbpo_stackcube_20261007T182651_ab48dfc3,StackCube-v1,mbpo,step_450016_model.pt,input,21,extra.tcp_pose,0.0022435064893215895,0.014331469312310219,False,False,69.7765161553279
mbpo_stackcube_20261007T182651_ab48dfc3,StackCube-v1,mbpo,step_450016_model.pt,input,22,extra.tcp_pose,0.9968980550765991,0.017194900661706924,False,False,58.15677680691706
mbpo_stackcube_20261007T182651_ab48dfc3,StackCube-v1,mbpo,step_450016_model.pt,input,23,extra.tcp_pose,-0.0005040022660978138,0.024631930515170097,False,False,40.59771114505738
mbpo_stackcube_20261007T182651_ab48dfc3,StackCube-v1,mbpo,step_450016_model.pt,input,24,extra.tcp_pose,-0.00722450902685523,0.07094006985425949,False,False,14.096405628785217
mbpo_stackcube_20261007T182651_ab48dfc3,StackCube-v1,mbpo,step_450016_model.pt,input,25,extra.cubeA_pose,-0.014001344330608845,0.0949285626411438,False,False,10.534237243012688
mbpo_stackcube_20261007T182651_ab48dfc3,StackCube-v1,mbpo,step_450016_model.pt,input,26,extra.cubeA_pose,0.02290496602654457,0.11960909515619278,False,False,8.360568221790656
mbpo_stackcube_20261007T182651_ab48dfc3,StackCube-v1,mbpo,step_450016_model.pt,input,27,extra.cubeA_pose,0.020041432231664658,0.00077417166903615,False,True,1291.7031712682126
mbpo_stackcube_20261007T182651_ab48dfc3,StackCube-v1,mbpo,step_450016_model.pt,input,28,extra.cubeA_pose,0.4464734196662903,0.5894718170166016,False,False,1.6964339449867822
mbpo_stackcube_20261007T182651_ab48dfc3,StackCube-v1,mbpo,step_450016_model.pt,input,29,extra.cubeA_pose,-0.00026202559820376337,0.02295960672199726,False,False,43.554753010726216
mbpo_stackcube_20261007T182651_ab48dfc3,StackCube-v1,mbpo,step_450016_model.pt,input,30,extra.cubeA_pose,-0.003067974466830492,0.06761637330055237,False,False,14.789317308620438
mbpo_stackcube_20261007T182651_ab48dfc3,StackCube-v1,mbpo,step_450016_model.pt,input,31,extra.cubeA_pose,0.4034881889820099,0.5341110229492188,False,False,1.8722699158655562
mbpo_stackcube_20261007T182651_ab48dfc3,StackCube-v1,mbpo,step_450016_model.pt,input,32,extra.cubeB_pose,-0.013619022443890572,0.08291676640510559,False,False,12.06028700051218
mbpo_stackcube_20261007T182651_ab48dfc3,StackCube-v1,mbpo,step_450016_model.pt,input,33,extra.cubeB_pose,0.007897462695837021,0.11616162955760956,False,False,8.608694659401769
mbpo_stackcube_20261007T182651_ab48dfc3,StackCube-v1,mbpo,step_450016_model.pt,input,34,extra.cubeB_pose,0.02001987211406231,0.0004434152797330171,False,True,2255.222239075987
mbpo_stackcube_20261007T182651_ab48dfc3,StackCube-v1,mbpo,step_450016_model.pt,input,35,extra.cubeB_pose,0.37685221433639526,0.525024950504303,False,False,1.904671385692182
mbpo_stackcube_20261007T182651_ab48dfc3,StackCube-v1,mbpo,step_450016_model.pt,input,36,extra.cubeB_pose,0.0017758271424099803,0.032747671008110046,False,False,30.536522727138287
mbpo_stackcube_20261007T182651_ab48dfc3,StackCube-v1,mbpo,step_450016_model.pt,input,37,extra.cubeB_pose,0.0038212917279452085,0.05419579893350601,False,False,18.451614694838643
mbpo_stackcube_20261007T182651_ab48dfc3,StackCube-v1,mbpo,step_450016_model.pt,input,38,extra.cubeB_pose,0.5787856578826904,0.4932639002799988,False,False,2.027312356392501
mbpo_stackcube_20261007T182651_ab48dfc3,StackCube-v1,mbpo,step_450016_model.pt,input,39,extra.tcp_to_cubeA_pos,0.022769607603549957,0.1381980925798416,False,False,7.235989884753778
mbpo_stackcube_20261007T182651_ab48dfc3,StackCube-v1,mbpo,step_450016_model.pt,input,40,extra.tcp_to_cubeA_pos,0.03078622557222843,0.15560093522071838,False,False,6.42669659138944
mbpo_stackcube_20261007T182651_ab48dfc3,StackCube-v1,mbpo,step_450016_model.pt,input,41,extra.tcp_to_cubeA_pos,-0.14706401526927948,0.09046759456396103,False,False,11.053681761075179
mbpo_stackcube_20261007T182651_ab48dfc3,StackCube-v1,mbpo,step_450016_model.pt,input,42,extra.tcp_to_cubeB_pos,0.02315191738307476,0.1336592137813568,False,False,7.481713917873449
mbpo_stackcube_20261007T182651_ab48dfc3,StackCube-v1,mbpo,step_450016_model.pt,input,43,extra.tcp_to_cubeB_pos,0.01577875204384327,0.15784718096256256,False,False,6.335241427195176
mbpo_stackcube_20261007T182651_ab48dfc3,StackCube-v1,mbpo,step_450016_model.pt,input,44,extra.tcp_to_cubeB_pos,-0.14708559215068817,0.09043009579181671,False,False,11.058265406487527
mbpo_stackcube_20261007T182651_ab48dfc3,StackCube-v1,mbpo,step_450016_model.pt,input,45,extra.cubeA_to_cubeB_pos,0.00038236245745792985,0.09863603860139847,False,False,10.138282256459375
mbpo_stackcube_20261007T182651_ab48dfc3,StackCube-v1,mbpo,step_450016_model.pt,input,46,extra.cubeA_to_cubeB_pos,-0.01500751730054617,0.16330982744693756,False,False,6.123330210026208
mbpo_stackcube_20261007T182651_ab48dfc3,StackCube-v1,mbpo,step_450016_model.pt,input,47,extra.cubeA_to_cubeB_pos,-2.1547306459979154e-05,0.0008907196461223066,False,True,1122.6877102727426
mbpo_stackcube_20261007T182651_ab48dfc3,StackCube-v1,mbpo,step_450016_model.pt,input,48,action,0.0019305322784930468,0.5759273171424866,False,False,1.7363302108356085
mbpo_stackcube_20261007T182651_ab48dfc3,StackCube-v1,mbpo,step_450016_model.pt,input,49,action,0.002302297158166766,0.5757090449333191,False,False,1.7369885166834993
mbpo_stackcube_20261007T182651_ab48dfc3,StackCube-v1,mbpo,step_450016_model.pt,input,50,action,-0.004806290380656719,0.5761167407035828,False,False,1.7357593163822138
mbpo_stackcube_20261007T182651_ab48dfc3,StackCube-v1,mbpo,step_450016_model.pt,input,51,action,0.008851010352373123,0.5756466388702393,False,False,1.7371768242451553
mbpo_stackcube_20261007T182651_ab48dfc3,StackCube-v1,mbpo,step_450016_model.pt,target,0,agent.qpos,-0.001026684301905334,0.043356724083423615,False,False,23.0644731847332
mbpo_stackcube_20261007T182651_ab48dfc3,StackCube-v1,mbpo,step_450016_model.pt,target,1,agent.qpos,-0.0017880653031170368,0.07081261277198792,False,False,14.12177804002143
mbpo_stackcube_20261007T182651_ab48dfc3,StackCube-v1,mbpo,step_450016_model.pt,target,2,agent.qpos,0.0006390808266587555,0.040644321590662,False,False,24.603682897483743
mbpo_stackcube_20261007T182651_ab48dfc3,StackCube-v1,mbpo,step_450016_model.pt,target,3,agent.qpos,-0.0016575951594859362,0.1114334836602211,False,False,8.973963364989677
mbpo_stackcube_20261007T182651_ab48dfc3,StackCube-v1,mbpo,step_450016_model.pt,target,4,agent.qpos,-0.0002792774175759405,0.04009156674146652,False,False,24.94290149468528
mbpo_stackcube_20261007T182651_ab48dfc3,StackCube-v1,mbpo,step_450016_model.pt,target,5,agent.qpos,-0.00024066929472610354,0.0753043070435524,False,False,13.27945291922875
mbpo_stackcube_20261007T182651_ab48dfc3,StackCube-v1,mbpo,step_450016_model.pt,target,6,agent.qpos,-0.00020420842338353395,0.054533589631319046,False,False,18.33732213046347
mbpo_stackcube_20261007T182651_ab48dfc3,StackCube-v1,mbpo,step_450016_model.pt,target,7,agent.qpos,-0.0005361346411518753,0.006672529503703117,False,False,149.8682020731449
mbpo_stackcube_20261007T182651_ab48dfc3,StackCube-v1,mbpo,step_450016_model.pt,target,8,agent.qpos,-0.0005445013521239161,0.0066558243706822395,False,False,150.24434905536688
mbpo_stackcube_20261007T182651_ab48dfc3,StackCube-v1,mbpo,step_450016_model.pt,target,9,agent.qvel,0.002377796918153763,1.1236528158187866,False,False,0.8899546069052628
mbpo_stackcube_20261007T182651_ab48dfc3,StackCube-v1,mbpo,step_450016_model.pt,target,10,agent.qvel,0.0006593649159185588,1.9260934591293335,False,False,0.5191856061086659
mbpo_stackcube_20261007T182651_ab48dfc3,StackCube-v1,mbpo,step_450016_model.pt,target,11,agent.qvel,-0.006528229918330908,0.9854931831359863,False,False,1.014720362466487
mbpo_stackcube_20261007T182651_ab48dfc3,StackCube-v1,mbpo,step_450016_model.pt,target,12,agent.qvel,-0.005815503653138876,2.699260950088501,False,False,0.3704717767162204
mbpo_stackcube_20261007T182651_ab48dfc3,StackCube-v1,mbpo,step_450016_model.pt,target,13,agent.qvel,0.007051756605505943,0.8973961472511292,False,False,1.1143350715992744
mbpo_stackcube_20261007T182651_ab48dfc3,StackCube-v1,mbpo,step_450016_model.pt,target,14,agent.qvel,-0.0007484254892915487,1.5897636413574219,False,False,0.6290243241103115
mbpo_stackcube_20261007T182651_ab48dfc3,StackCube-v1,mbpo,step_450016_model.pt,target,15,agent.qvel,-0.00923957023769617,1.1965543031692505,False,False,0.8357330689893075
mbpo_stackcube_20261007T182651_ab48dfc3,StackCube-v1,mbpo,step_450016_model.pt,target,16,agent.qvel,-0.01011236198246479,0.7331957221031189,False,False,1.3638923003145358
mbpo_stackcube_20261007T182651_ab48dfc3,StackCube-v1,mbpo,step_450016_model.pt,target,17,agent.qvel,0.014972900040447712,0.7049592733383179,False,False,1.4185216619174663
mbpo_stackcube_20261007T182651_ab48dfc3,StackCube-v1,mbpo,step_450016_model.pt,target,18,extra.tcp_pose,-0.0017349636182188988,0.023074544966220856,False,False,43.33779935699334
mbpo_stackcube_20261007T182651_ab48dfc3,StackCube-v1,mbpo,step_450016_model.pt,target,19,extra.tcp_pose,3.445224865572527e-05,0.01569664105772972,False,False,63.70789752547445
mbpo_stackcube_20261007T182651_ab48dfc3,StackCube-v1,mbpo,step_450016_model.pt,target,20,extra.tcp_pose,9.153989958576858e-05,0.016336621716618538,False,False,61.21216597570741
mbpo_stackcube_20261007T182651_ab48dfc3,StackCube-v1,mbpo,step_450016_model.pt,target,21,extra.tcp_pose,2.7848265744978562e-05,0.0042983777821063995,False,False,232.64590752419969
mbpo_stackcube_20261007T182651_ab48dfc3,StackCube-v1,mbpo,step_450016_model.pt,target,22,extra.tcp_pose,-0.0002031206531682983,0.003064472461119294,False,False,326.3204393864096
mbpo_stackcube_20261007T182651_ab48dfc3,StackCube-v1,mbpo,step_450016_model.pt,target,23,extra.tcp_pose,1.198624522658065e-05,0.012897927314043045,False,False,77.53183714341581
mbpo_stackcube_20261007T182651_ab48dfc3,StackCube-v1,mbpo,step_450016_model.pt,target,24,extra.tcp_pose,-0.00020737784507218748,0.01825067587196827,False,False,54.792491358412015
mbpo_stackcube_20261007T182651_ab48dfc3,StackCube-v1,mbpo,step_450016_model.pt,target,25,extra.cubeA_pose,-0.00021267708507366478,0.002884333021938801,False,False,346.70060370761786
mbpo_stackcube_20261007T182651_ab48dfc3,StackCube-v1,mbpo,step_450016_model.pt,target,26,extra.cubeA_pose,1.0045774843092659e-06,0.0013297931291162968,False,False,751.9966663269962
mbpo_stackcube_20261007T182651_ab48dfc3,StackCube-v1,mbpo,step_450016_model.pt,target,27,extra.cubeA_pose,3.2826467304403195e-06,0.0005623965407721698,False,True,1778.1048201807946
mbpo_stackcube_20261007T182651_ab48dfc3,StackCube-v1,mbpo,step_450016_model.pt,target,28,extra.cubeA_pose,-0.0005693409475497901,0.01502741128206253,False,False,66.54506097092384
mbpo_stackcube_20261007T182651_ab48dfc3,StackCube-v1,mbpo,step_450016_model.pt,target,29,extra.cubeA_pose,0.0001870975102065131,0.008903109468519688,False,False,112.32030826262199
mbpo_stackcube_20261007T182651_ab48dfc3,StackCube-v1,mbpo,step_450016_model.pt,target,30,extra.cubeA_pose,-0.0004962453385815024,0.016836456954479218,False,False,59.394919174723235
mbpo_stackcube_20261007T182651_ab48dfc3,StackCube-v1,mbpo,step_450016_model.pt,target,31,extra.cubeA_pose,-0.00022852595429867506,0.014184964820742607,False,False,70.49717871261159
mbpo_stackcube_20261007T182651_ab48dfc3,StackCube-v1,mbpo,step_450016_model.pt,target,32,extra.cubeB_pose,-0.00010427604138385504,0.0015440594870597124,False,False,647.6434414481388
mbpo_stackcube_20261007T182651_ab48dfc3,StackCube-v1,mbpo,step_450016_model.pt,target,33,extra.cubeB_pose,5.3940977522870526e-05,0.0012322325492277741,False,False,811.5351283543747
mbpo_stackcube_20261007T182651_ab48dfc3,StackCube-v1,mbpo,step_450016_model.pt,target,34,extra.cubeB_pose,-2.3671937015024014e-06,0.0003119346802122891,False,True,3205.7993658141627
mbpo_stackcube_20261007T182651_ab48dfc3,StackCube-v1,mbpo,step_450016_model.pt,target,35,extra.cubeB_pose,-0.00020570808555930853,0.011737369932234287,False,False,85.1979622158542
mbpo_stackcube_20261007T182651_ab48dfc3,StackCube-v1,mbpo,step_450016_model.pt,target,36,extra.cubeB_pose,-1.83376014319947e-05,0.007104993797838688,False,False,140.74607641518227
mbpo_stackcube_20261007T182651_ab48dfc3,StackCube-v1,mbpo,step_450016_model.pt,target,37,extra.cubeB_pose,0.00030537412385456264,0.007479480933398008,False,False,133.6991174794919
mbpo_stackcube_20261007T182651_ab48dfc3,StackCube-v1,mbpo,step_450016_model.pt,target,38,extra.cubeB_pose,-0.0003552782873157412,0.012189347296953201,False,False,82.03884717026283
mbpo_stackcube_20261007T182651_ab48dfc3,StackCube-v1,mbpo,step_450016_model.pt,target,39,extra.tcp_to_cubeA_pos,0.001522286213003099,0.023181268945336342,False,False,43.138276957922194
mbpo_stackcube_20261007T182651_ab48dfc3,StackCube-v1,mbpo,step_450016_model.pt,target,40,extra.tcp_to_cubeA_pos,-3.344756623846479e-05,0.015704184770584106,False,False,63.6772945943125
mbpo_stackcube_20261007T182651_ab48dfc3,StackCube-v1,mbpo,step_450016_model.pt,target,41,extra.tcp_to_cubeA_pos,-8.82569293025881e-05,0.016333406791090965,False,False,61.22421444529556
mbpo_stackcube_20261007T182651_ab48dfc3,StackCube-v1,mbpo,step_450016_model.pt,target,42,extra.tcp_to_cubeB_pos,0.0016306877369061112,0.02311793714761734,False,False,43.25645465746348
mbpo_stackcube_20261007T182651_ab48dfc3,StackCube-v1,mbpo,step_450016_model.pt,target,43,extra.tcp_to_cubeB_pos,1.948876706592273e-05,0.015743272379040718,False,False,63.519195750644364
mbpo_stackcube_20261007T182651_ab48dfc3,StackCube-v1,mbpo,step_450016_model.pt,target,44,extra.tcp_to_cubeB_pos,-9.390657942276448e-05,0.016340212896466255,False,False,61.19871303612333
mbpo_stackcube_20261007T182651_ab48dfc3,StackCube-v1,mbpo,step_450016_model.pt,target,45,extra.cubeA_to_cubeB_pos,0.00010840103641385213,0.003215116448700428,False,False,311.0307250003983
mbpo_stackcube_20261007T182651_ab48dfc3,StackCube-v1,mbpo,step_450016_model.pt,target,46,extra.cubeA_to_cubeB_pos,5.29363751411438e-05,0.0016829344676807523,False,False,594.2002016145628
mbpo_stackcube_20261007T182651_ab48dfc3,StackCube-v1,mbpo,step_450016_model.pt,target,47,extra.cubeA_to_cubeB_pos,-5.64983747608494e-06,0.0006395475356839597,False,True,1563.605430721513
mbpo_stackcube_20261007T182651_ab48dfc3,StackCube-v1,mbpo,step_450016_model.pt,target,48,reward,0.050959471613168716,0.03702375292778015,False,False,27.009687590305486
mbpo_stackcube_20261007T182651_ab48dfc3,StackCube-v1,mbpo,step_500000_model.pt,input,0,agent.qpos,-0.019540732726454735,0.16902954876422882,False,False,5.916125359802337
mbpo_stackcube_20261007T182651_ab48dfc3,StackCube-v1,mbpo,step_500000_model.pt,input,1,agent.qpos,0.3783961534500122,0.3434378504753113,False,False,2.9117349721820687
mbpo_stackcube_20261007T182651_ab48dfc3,StackCube-v1,mbpo,step_500000_model.pt,input,2,agent.qpos,-0.0004825546930078417,0.13104532659053802,False,False,7.630947444044173
mbpo_stackcube_20261007T182651_ab48dfc3,StackCube-v1,mbpo,step_500000_model.pt,input,3,agent.qpos,-1.9716469049453735,0.45157158374786377,False,False,2.214488324753297
mbpo_stackcube_20261007T182651_ab48dfc3,StackCube-v1,mbpo,step_500000_model.pt,input,4,agent.qpos,-0.00992517452687025,0.09468480944633484,False,False,10.561356207478845
mbpo_stackcube_20261007T182651_ab48dfc3,StackCube-v1,mbpo,step_500000_model.pt,input,5,agent.qpos,2.336343288421631,0.3203156888484955,False,False,3.1219201394565004
mbpo_stackcube_20261007T182651_ab48dfc3,StackCube-v1,mbpo,step_500000_model.pt,input,6,agent.qpos,0.7747233510017395,0.2023160606622696,False,False,4.942761324664782
mbpo_stackcube_20261007T182651_ab48dfc3,StackCube-v1,mbpo,step_500000_model.pt,input,7,agent.qpos,0.016805293038487434,0.008597228676080704,False,False,116.31655242371417
mbpo_stackcube_20261007T182651_ab48dfc3,StackCube-v1,mbpo,step_500000_model.pt,input,8,agent.qpos,0.01677125133574009,0.008598142303526402,False,False,116.30419277776605
mbpo_stackcube_20261007T182651_ab48dfc3,StackCube-v1,mbpo,step_500000_model.pt,input,9,agent.qvel,-0.020586760714650154,0.7728261947631836,False,False,1.2939519995261406
mbpo_stackcube_20261007T182651_ab48dfc3,StackCube-v1,mbpo,step_500000_model.pt,input,10,agent.qvel,-0.04214974865317345,1.371767520904541,False,False,0.7289864971730792
mbpo_stackcube_20261007T182651_ab48dfc3,StackCube-v1,mbpo,step_500000_model.pt,input,11,agent.qvel,0.018351396545767784,0.668300449848175,False,False,1.4963329745284186
mbpo_stackcube_20261007T182651_ab48dfc3,StackCube-v1,mbpo,step_500000_model.pt,input,12,agent.qvel,-0.04208004102110863,1.8836827278137207,False,False,0.5308749638324927
mbpo_stackcube_20261007T182651_ab48dfc3,StackCube-v1,mbpo,step_500000_model.pt,input,13,agent.qvel,-0.009714579209685326,0.5588910579681396,False,False,1.789257469309889
mbpo_stackcube_20261007T182651_ab48dfc3,StackCube-v1,mbpo,step_500000_model.pt,input,14,agent.qvel,-0.00919759925454855,1.116197109222412,False,False,0.8958991129233799
mbpo_stackcube_20261007T182651_ab48dfc3,StackCube-v1,mbpo,step_500000_model.pt,input,15,agent.qvel,0.007858901284635067,0.757148802280426,False,False,1.32074434640607
mbpo_stackcube_20261007T182651_ab48dfc3,StackCube-v1,mbpo,step_500000_model.pt,input,16,agent.qvel,-0.011166626587510109,0.3469489812850952,False,False,2.8822681545165834
mbpo_stackcube_20261007T182651_ab48dfc3,StackCube-v1,mbpo,step_500000_model.pt,input,17,agent.qvel,-0.005182358436286449,0.22762593626976013,False,False,4.393172484592868
mbpo_stackcube_20261007T182651_ab48dfc3,StackCube-v1,mbpo,step_500000_model.pt,input,18,extra.tcp_pose,-0.03677099198102951,0.10416115820407867,False,False,9.600507686759215
mbpo_stackcube_20261007T182651_ab48dfc3,StackCube-v1,mbpo,step_500000_model.pt,input,19,extra.tcp_pose,-0.00788130983710289,0.09898614883422852,False,False,10.102423538819494
mbpo_stackcube_20261007T182651_ab48dfc3,StackCube-v1,mbpo,step_500000_model.pt,input,20,extra.tcp_pose,0.16710473597049713,0.0904071256518364,False,False,11.061075029097417
mbpo_stackcube_20261007T182651_ab48dfc3,StackCube-v1,mbpo,step_500000_model.pt,input,21,extra.tcp_pose,0.0022435064893215895,0.014331469312310219,False,False,69.7765161553279
mbpo_stackcube_20261007T182651_ab48dfc3,StackCube-v1,mbpo,step_500000_model.pt,input,22,extra.tcp_pose,0.9968980550765991,0.017194900661706924,False,False,58.15677680691706
mbpo_stackcube_20261007T182651_ab48dfc3,StackCube-v1,mbpo,step_500000_model.pt,input,23,extra.tcp_pose,-0.0005040022660978138,0.024631930515170097,False,False,40.59771114505738
mbpo_stackcube_20261007T182651_ab48dfc3,StackCube-v1,mbpo,step_500000_model.pt,input,24,extra.tcp_pose,-0.00722450902685523,0.07094006985425949,False,False,14.096405628785217
mbpo_stackcube_20261007T182651_ab48dfc3,StackCube-v1,mbpo,step_500000_model.pt,input,25,extra.cubeA_pose,-0.014001344330608845,0.0949285626411438,False,False,10.534237243012688
mbpo_stackcube_20261007T182651_ab48dfc3,StackCube-v1,mbpo,step_500000_model.pt,input,26,extra.cubeA_pose,0.02290496602654457,0.11960909515619278,False,False,8.360568221790656
mbpo_stackcube_20261007T182651_ab48dfc3,StackCube-v1,mbpo,step_500000_model.pt,input,27,extra.cubeA_pose,0.020041432231664658,0.00077417166903615,False,True,1291.7031712682126
mbpo_stackcube_20261007T182651_ab48dfc3,StackCube-v1,mbpo,step_500000_model.pt,input,28,extra.cubeA_pose,0.4464734196662903,0.5894718170166016,False,False,1.6964339449867822
mbpo_stackcube_20261007T182651_ab48dfc3,StackCube-v1,mbpo,step_500000_model.pt,input,29,extra.cubeA_pose,-0.00026202559820376337,0.02295960672199726,False,False,43.554753010726216
mbpo_stackcube_20261007T182651_ab48dfc3,StackCube-v1,mbpo,step_500000_model.pt,input,30,extra.cubeA_pose,-0.003067974466830492,0.06761637330055237,False,False,14.789317308620438
mbpo_stackcube_20261007T182651_ab48dfc3,StackCube-v1,mbpo,step_500000_model.pt,input,31,extra.cubeA_pose,0.4034881889820099,0.5341110229492188,False,False,1.8722699158655562
mbpo_stackcube_20261007T182651_ab48dfc3,StackCube-v1,mbpo,step_500000_model.pt,input,32,extra.cubeB_pose,-0.013619022443890572,0.08291676640510559,False,False,12.06028700051218
mbpo_stackcube_20261007T182651_ab48dfc3,StackCube-v1,mbpo,step_500000_model.pt,input,33,extra.cubeB_pose,0.007897462695837021,0.11616162955760956,False,False,8.608694659401769
mbpo_stackcube_20261007T182651_ab48dfc3,StackCube-v1,mbpo,step_500000_model.pt,input,34,extra.cubeB_pose,0.02001987211406231,0.0004434152797330171,False,True,2255.222239075987
mbpo_stackcube_20261007T182651_ab48dfc3,StackCube-v1,mbpo,step_500000_model.pt,input,35,extra.cubeB_pose,0.37685221433639526,0.525024950504303,False,False,1.904671385692182
mbpo_stackcube_20261007T182651_ab48dfc3,StackCube-v1,mbpo,step_500000_model.pt,input,36,extra.cubeB_pose,0.0017758271424099803,0.032747671008110046,False,False,30.536522727138287
mbpo_stackcube_20261007T182651_ab48dfc3,StackCube-v1,mbpo,step_500000_model.pt,input,37,extra.cubeB_pose,0.0038212917279452085,0.05419579893350601,False,False,18.451614694838643
mbpo_stackcube_20261007T182651_ab48dfc3,StackCube-v1,mbpo,step_500000_model.pt,input,38,extra.cubeB_pose,0.5787856578826904,0.4932639002799988,False,False,2.027312356392501
mbpo_stackcube_20261007T182651_ab48dfc3,StackCube-v1,mbpo,step_500000_model.pt,input,39,extra.tcp_to_cubeA_pos,0.022769607603549957,0.1381980925798416,False,False,7.235989884753778
mbpo_stackcube_20261007T182651_ab48dfc3,StackCube-v1,mbpo,step_500000_model.pt,input,40,extra.tcp_to_cubeA_pos,0.03078622557222843,0.15560093522071838,False,False,6.42669659138944
mbpo_stackcube_20261007T182651_ab48dfc3,StackCube-v1,mbpo,step_500000_model.pt,input,41,extra.tcp_to_cubeA_pos,-0.14706401526927948,0.09046759456396103,False,False,11.053681761075179
mbpo_stackcube_20261007T182651_ab48dfc3,StackCube-v1,mbpo,step_500000_model.pt,input,42,extra.tcp_to_cubeB_pos,0.02315191738307476,0.1336592137813568,False,False,7.481713917873449
mbpo_stackcube_20261007T182651_ab48dfc3,StackCube-v1,mbpo,step_500000_model.pt,input,43,extra.tcp_to_cubeB_pos,0.01577875204384327,0.15784718096256256,False,False,6.335241427195176
mbpo_stackcube_20261007T182651_ab48dfc3,StackCube-v1,mbpo,step_500000_model.pt,input,44,extra.tcp_to_cubeB_pos,-0.14708559215068817,0.09043009579181671,False,False,11.058265406487527
mbpo_stackcube_20261007T182651_ab48dfc3,StackCube-v1,mbpo,step_500000_model.pt,input,45,extra.cubeA_to_cubeB_pos,0.00038236245745792985,0.09863603860139847,False,False,10.138282256459375
mbpo_stackcube_20261007T182651_ab48dfc3,StackCube-v1,mbpo,step_500000_model.pt,input,46,extra.cubeA_to_cubeB_pos,-0.01500751730054617,0.16330982744693756,False,False,6.123330210026208
mbpo_stackcube_20261007T182651_ab48dfc3,StackCube-v1,mbpo,step_500000_model.pt,input,47,extra.cubeA_to_cubeB_pos,-2.1547306459979154e-05,0.0008907196461223066,False,True,1122.6877102727426
mbpo_stackcube_20261007T182651_ab48dfc3,StackCube-v1,mbpo,step_500000_model.pt,input,48,action,0.0019305322784930468,0.5759273171424866,False,False,1.7363302108356085
mbpo_stackcube_20261007T182651_ab48dfc3,StackCube-v1,mbpo,step_500000_model.pt,input,49,action,0.002302297158166766,0.5757090449333191,False,False,1.7369885166834993
mbpo_stackcube_20261007T182651_ab48dfc3,StackCube-v1,mbpo,step_500000_model.pt,input,50,action,-0.004806290380656719,0.5761167407035828,False,False,1.7357593163822138
mbpo_stackcube_20261007T182651_ab48dfc3,StackCube-v1,mbpo,step_500000_model.pt,input,51,action,0.008851010352373123,0.5756466388702393,False,False,1.7371768242451553
mbpo_stackcube_20261007T182651_ab48dfc3,StackCube-v1,mbpo,step_500000_model.pt,target,0,agent.qpos,-0.001026684301905334,0.043356724083423615,False,False,23.0644731847332
mbpo_stackcube_20261007T182651_ab48dfc3,StackCube-v1,mbpo,step_500000_model.pt,target,1,agent.qpos,-0.0017880653031170368,0.07081261277198792,False,False,14.12177804002143
mbpo_stackcube_20261007T182651_ab48dfc3,StackCube-v1,mbpo,step_500000_model.pt,target,2,agent.qpos,0.0006390808266587555,0.040644321590662,False,False,24.603682897483743
mbpo_stackcube_20261007T182651_ab48dfc3,StackCube-v1,mbpo,step_500000_model.pt,target,3,agent.qpos,-0.0016575951594859362,0.1114334836602211,False,False,8.973963364989677
mbpo_stackcube_20261007T182651_ab48dfc3,StackCube-v1,mbpo,step_500000_model.pt,target,4,agent.qpos,-0.0002792774175759405,0.04009156674146652,False,False,24.94290149468528
mbpo_stackcube_20261007T182651_ab48dfc3,StackCube-v1,mbpo,step_500000_model.pt,target,5,agent.qpos,-0.00024066929472610354,0.0753043070435524,False,False,13.27945291922875
mbpo_stackcube_20261007T182651_ab48dfc3,StackCube-v1,mbpo,step_500000_model.pt,target,6,agent.qpos,-0.00020420842338353395,0.054533589631319046,False,False,18.33732213046347
mbpo_stackcube_20261007T182651_ab48dfc3,StackCube-v1,mbpo,step_500000_model.pt,target,7,agent.qpos,-0.0005361346411518753,0.006672529503703117,False,False,149.8682020731449
mbpo_stackcube_20261007T182651_ab48dfc3,StackCube-v1,mbpo,step_500000_model.pt,target,8,agent.qpos,-0.0005445013521239161,0.0066558243706822395,False,False,150.24434905536688
mbpo_stackcube_20261007T182651_ab48dfc3,StackCube-v1,mbpo,step_500000_model.pt,target,9,agent.qvel,0.002377796918153763,1.1236528158187866,False,False,0.8899546069052628
mbpo_stackcube_20261007T182651_ab48dfc3,StackCube-v1,mbpo,step_500000_model.pt,target,10,agent.qvel,0.0006593649159185588,1.9260934591293335,False,False,0.5191856061086659
mbpo_stackcube_20261007T182651_ab48dfc3,StackCube-v1,mbpo,step_500000_model.pt,target,11,agent.qvel,-0.006528229918330908,0.9854931831359863,False,False,1.014720362466487
mbpo_stackcube_20261007T182651_ab48dfc3,StackCube-v1,mbpo,step_500000_model.pt,target,12,agent.qvel,-0.005815503653138876,2.699260950088501,False,False,0.3704717767162204
mbpo_stackcube_20261007T182651_ab48dfc3,StackCube-v1,mbpo,step_500000_model.pt,target,13,agent.qvel,0.007051756605505943,0.8973961472511292,False,False,1.1143350715992744
mbpo_stackcube_20261007T182651_ab48dfc3,StackCube-v1,mbpo,step_500000_model.pt,target,14,agent.qvel,-0.0007484254892915487,1.5897636413574219,False,False,0.6290243241103115
mbpo_stackcube_20261007T182651_ab48dfc3,StackCube-v1,mbpo,step_500000_model.pt,target,15,agent.qvel,-0.00923957023769617,1.1965543031692505,False,False,0.8357330689893075
mbpo_stackcube_20261007T182651_ab48dfc3,StackCube-v1,mbpo,step_500000_model.pt,target,16,agent.qvel,-0.01011236198246479,0.7331957221031189,False,False,1.3638923003145358
mbpo_stackcube_20261007T182651_ab48dfc3,StackCube-v1,mbpo,step_500000_model.pt,target,17,agent.qvel,0.014972900040447712,0.7049592733383179,False,False,1.4185216619174663
mbpo_stackcube_20261007T182651_ab48dfc3,StackCube-v1,mbpo,step_500000_model.pt,target,18,extra.tcp_pose,-0.0017349636182188988,0.023074544966220856,False,False,43.33779935699334
mbpo_stackcube_20261007T182651_ab48dfc3,StackCube-v1,mbpo,step_500000_model.pt,target,19,extra.tcp_pose,3.445224865572527e-05,0.01569664105772972,False,False,63.70789752547445
mbpo_stackcube_20261007T182651_ab48dfc3,StackCube-v1,mbpo,step_500000_model.pt,target,20,extra.tcp_pose,9.153989958576858e-05,0.016336621716618538,False,False,61.21216597570741
mbpo_stackcube_20261007T182651_ab48dfc3,StackCube-v1,mbpo,step_500000_model.pt,target,21,extra.tcp_pose,2.7848265744978562e-05,0.0042983777821063995,False,False,232.64590752419969
mbpo_stackcube_20261007T182651_ab48dfc3,StackCube-v1,mbpo,step_500000_model.pt,target,22,extra.tcp_pose,-0.0002031206531682983,0.003064472461119294,False,False,326.3204393864096
mbpo_stackcube_20261007T182651_ab48dfc3,StackCube-v1,mbpo,step_500000_model.pt,target,23,extra.tcp_pose,1.198624522658065e-05,0.012897927314043045,False,False,77.53183714341581
mbpo_stackcube_20261007T182651_ab48dfc3,StackCube-v1,mbpo,step_500000_model.pt,target,24,extra.tcp_pose,-0.00020737784507218748,0.01825067587196827,False,False,54.792491358412015
mbpo_stackcube_20261007T182651_ab48dfc3,StackCube-v1,mbpo,step_500000_model.pt,target,25,extra.cubeA_pose,-0.00021267708507366478,0.002884333021938801,False,False,346.70060370761786
mbpo_stackcube_20261007T182651_ab48dfc3,StackCube-v1,mbpo,step_500000_model.pt,target,26,extra.cubeA_pose,1.0045774843092659e-06,0.0013297931291162968,False,False,751.9966663269962
mbpo_stackcube_20261007T182651_ab48dfc3,StackCube-v1,mbpo,step_500000_model.pt,target,27,extra.cubeA_pose,3.2826467304403195e-06,0.0005623965407721698,False,True,1778.1048201807946
mbpo_stackcube_20261007T182651_ab48dfc3,StackCube-v1,mbpo,step_500000_model.pt,target,28,extra.cubeA_pose,-0.0005693409475497901,0.01502741128206253,False,False,66.54506097092384
mbpo_stackcube_20261007T182651_ab48dfc3,StackCube-v1,mbpo,step_500000_model.pt,target,29,extra.cubeA_pose,0.0001870975102065131,0.008903109468519688,False,False,112.32030826262199
mbpo_stackcube_20261007T182651_ab48dfc3,StackCube-v1,mbpo,step_500000_model.pt,target,30,extra.cubeA_pose,-0.0004962453385815024,0.016836456954479218,False,False,59.394919174723235
mbpo_stackcube_20261007T182651_ab48dfc3,StackCube-v1,mbpo,step_500000_model.pt,target,31,extra.cubeA_pose,-0.00022852595429867506,0.014184964820742607,False,False,70.49717871261159
mbpo_stackcube_20261007T182651_ab48dfc3,StackCube-v1,mbpo,step_500000_model.pt,target,32,extra.cubeB_pose,-0.00010427604138385504,0.0015440594870597124,False,False,647.6434414481388
mbpo_stackcube_20261007T182651_ab48dfc3,StackCube-v1,mbpo,step_500000_model.pt,target,33,extra.cubeB_pose,5.3940977522870526e-05,0.0012322325492277741,False,False,811.5351283543747
mbpo_stackcube_20261007T182651_ab48dfc3,StackCube-v1,mbpo,step_500000_model.pt,target,34,extra.cubeB_pose,-2.3671937015024014e-06,0.0003119346802122891,False,True,3205.7993658141627
mbpo_stackcube_20261007T182651_ab48dfc3,StackCube-v1,mbpo,step_500000_model.pt,target,35,extra.cubeB_pose,-0.00020570808555930853,0.011737369932234287,False,False,85.1979622158542
mbpo_stackcube_20261007T182651_ab48dfc3,StackCube-v1,mbpo,step_500000_model.pt,target,36,extra.cubeB_pose,-1.83376014319947e-05,0.007104993797838688,False,False,140.74607641518227
mbpo_stackcube_20261007T182651_ab48dfc3,StackCube-v1,mbpo,step_500000_model.pt,target,37,extra.cubeB_pose,0.00030537412385456264,0.007479480933398008,False,False,133.6991174794919
mbpo_stackcube_20261007T182651_ab48dfc3,StackCube-v1,mbpo,step_500000_model.pt,target,38,extra.cubeB_pose,-0.0003552782873157412,0.012189347296953201,False,False,82.03884717026283
mbpo_stackcube_20261007T182651_ab48dfc3,StackCube-v1,mbpo,step_500000_model.pt,target,39,extra.tcp_to_cubeA_pos,0.001522286213003099,0.023181268945336342,False,False,43.138276957922194
mbpo_stackcube_20261007T182651_ab48dfc3,StackCube-v1,mbpo,step_500000_model.pt,target,40,extra.tcp_to_cubeA_pos,-3.344756623846479e-05,0.015704184770584106,False,False,63.6772945943125
mbpo_stackcube_20261007T182651_ab48dfc3,StackCube-v1,mbpo,step_500000_model.pt,target,41,extra.tcp_to_cubeA_pos,-8.82569293025881e-05,0.016333406791090965,False,False,61.22421444529556
mbpo_stackcube_20261007T182651_ab48dfc3,StackCube-v1,mbpo,step_500000_model.pt,target,42,extra.tcp_to_cubeB_pos,0.0016306877369061112,0.02311793714761734,False,False,43.25645465746348
mbpo_stackcube_20261007T182651_ab48dfc3,StackCube-v1,mbpo,step_500000_model.pt,target,43,extra.tcp_to_cubeB_pos,1.948876706592273e-05,0.015743272379040718,False,False,63.519195750644364
mbpo_stackcube_20261007T182651_ab48dfc3,StackCube-v1,mbpo,step_500000_model.pt,target,44,extra.tcp_to_cubeB_pos,-9.390657942276448e-05,0.016340212896466255,False,False,61.19871303612333
mbpo_stackcube_20261007T182651_ab48dfc3,StackCube-v1,mbpo,step_500000_model.pt,target,45,extra.cubeA_to_cubeB_pos,0.00010840103641385213,0.003215116448700428,False,False,311.0307250003983
mbpo_stackcube_20261007T182651_ab48dfc3,StackCube-v1,mbpo,step_500000_model.pt,target,46,extra.cubeA_to_cubeB_pos,5.29363751411438e-05,0.0016829344676807523,False,False,594.2002016145628
mbpo_stackcube_20261007T182651_ab48dfc3,StackCube-v1,mbpo,step_500000_model.pt,target,47,extra.cubeA_to_cubeB_pos,-5.64983747608494e-06,0.0006395475356839597,False,True,1563.605430721513
mbpo_stackcube_20261007T182651_ab48dfc3,StackCube-v1,mbpo,step_500000_model.pt,target,48,reward,0.050959471613168716,0.03702375292778015,False,False,27.009687590305486
mbpo_stackcube_20261007T182651_ab48dfc3,StackCube-v1,mbpo,step_50016_model.pt,input,0,agent.qpos,-0.019540732726454735,0.16902954876422882,False,False,5.916125359802337
mbpo_stackcube_20261007T182651_ab48dfc3,StackCube-v1,mbpo,step_50016_model.pt,input,1,agent.qpos,0.3783961534500122,0.3434378504753113,False,False,2.9117349721820687
mbpo_stackcube_20261007T182651_ab48dfc3,StackCube-v1,mbpo,step_50016_model.pt,input,2,agent.qpos,-0.0004825546930078417,0.13104532659053802,False,False,7.630947444044173
mbpo_stackcube_20261007T182651_ab48dfc3,StackCube-v1,mbpo,step_50016_model.pt,input,3,agent.qpos,-1.9716469049453735,0.45157158374786377,False,False,2.214488324753297
mbpo_stackcube_20261007T182651_ab48dfc3,StackCube-v1,mbpo,step_50016_model.pt,input,4,agent.qpos,-0.00992517452687025,0.09468480944633484,False,False,10.561356207478845
mbpo_stackcube_20261007T182651_ab48dfc3,StackCube-v1,mbpo,step_50016_model.pt,input,5,agent.qpos,2.336343288421631,0.3203156888484955,False,False,3.1219201394565004
mbpo_stackcube_20261007T182651_ab48dfc3,StackCube-v1,mbpo,step_50016_model.pt,input,6,agent.qpos,0.7747233510017395,0.2023160606622696,False,False,4.942761324664782
mbpo_stackcube_20261007T182651_ab48dfc3,StackCube-v1,mbpo,step_50016_model.pt,input,7,agent.qpos,0.016805293038487434,0.008597228676080704,False,False,116.31655242371417
mbpo_stackcube_20261007T182651_ab48dfc3,StackCube-v1,mbpo,step_50016_model.pt,input,8,agent.qpos,0.01677125133574009,0.008598142303526402,False,False,116.30419277776605
mbpo_stackcube_20261007T182651_ab48dfc3,StackCube-v1,mbpo,step_50016_model.pt,input,9,agent.qvel,-0.020586760714650154,0.7728261947631836,False,False,1.2939519995261406
mbpo_stackcube_20261007T182651_ab48dfc3,StackCube-v1,mbpo,step_50016_model.pt,input,10,agent.qvel,-0.04214974865317345,1.371767520904541,False,False,0.7289864971730792
mbpo_stackcube_20261007T182651_ab48dfc3,StackCube-v1,mbpo,step_50016_model.pt,input,11,agent.qvel,0.018351396545767784,0.668300449848175,False,False,1.4963329745284186
mbpo_stackcube_20261007T182651_ab48dfc3,StackCube-v1,mbpo,step_50016_model.pt,input,12,agent.qvel,-0.04208004102110863,1.8836827278137207,False,False,0.5308749638324927
mbpo_stackcube_20261007T182651_ab48dfc3,StackCube-v1,mbpo,step_50016_model.pt,input,13,agent.qvel,-0.009714579209685326,0.5588910579681396,False,False,1.789257469309889
mbpo_stackcube_20261007T182651_ab48dfc3,StackCube-v1,mbpo,step_50016_model.pt,input,14,agent.qvel,-0.00919759925454855,1.116197109222412,False,False,0.8958991129233799
mbpo_stackcube_20261007T182651_ab48dfc3,StackCube-v1,mbpo,step_50016_model.pt,input,15,agent.qvel,0.007858901284635067,0.757148802280426,False,False,1.32074434640607
mbpo_stackcube_20261007T182651_ab48dfc3,StackCube-v1,mbpo,step_50016_model.pt,input,16,agent.qvel,-0.011166626587510109,0.3469489812850952,False,False,2.8822681545165834
mbpo_stackcube_20261007T182651_ab48dfc3,StackCube-v1,mbpo,step_50016_model.pt,input,17,agent.qvel,-0.005182358436286449,0.22762593626976013,False,False,4.393172484592868
mbpo_stackcube_20261007T182651_ab48dfc3,StackCube-v1,mbpo,step_50016_model.pt,input,18,extra.tcp_pose,-0.03677099198102951,0.10416115820407867,False,False,9.600507686759215
mbpo_stackcube_20261007T182651_ab48dfc3,StackCube-v1,mbpo,step_50016_model.pt,input,19,extra.tcp_pose,-0.00788130983710289,0.09898614883422852,False,False,10.102423538819494
mbpo_stackcube_20261007T182651_ab48dfc3,StackCube-v1,mbpo,step_50016_model.pt,input,20,extra.tcp_pose,0.16710473597049713,0.0904071256518364,False,False,11.061075029097417
mbpo_stackcube_20261007T182651_ab48dfc3,StackCube-v1,mbpo,step_50016_model.pt,input,21,extra.tcp_pose,0.0022435064893215895,0.014331469312310219,False,False,69.7765161553279
mbpo_stackcube_20261007T182651_ab48dfc3,StackCube-v1,mbpo,step_50016_model.pt,input,22,extra.tcp_pose,0.9968980550765991,0.017194900661706924,False,False,58.15677680691706
mbpo_stackcube_20261007T182651_ab48dfc3,StackCube-v1,mbpo,step_50016_model.pt,input,23,extra.tcp_pose,-0.0005040022660978138,0.024631930515170097,False,False,40.59771114505738
mbpo_stackcube_20261007T182651_ab48dfc3,StackCube-v1,mbpo,step_50016_model.pt,input,24,extra.tcp_pose,-0.00722450902685523,0.07094006985425949,False,False,14.096405628785217
mbpo_stackcube_20261007T182651_ab48dfc3,StackCube-v1,mbpo,step_50016_model.pt,input,25,extra.cubeA_pose,-0.014001344330608845,0.0949285626411438,False,False,10.534237243012688
mbpo_stackcube_20261007T182651_ab48dfc3,StackCube-v1,mbpo,step_50016_model.pt,input,26,extra.cubeA_pose,0.02290496602654457,0.11960909515619278,False,False,8.360568221790656
mbpo_stackcube_20261007T182651_ab48dfc3,StackCube-v1,mbpo,step_50016_model.pt,input,27,extra.cubeA_pose,0.020041432231664658,0.00077417166903615,False,True,1291.7031712682126
mbpo_stackcube_20261007T182651_ab48dfc3,StackCube-v1,mbpo,step_50016_model.pt,input,28,extra.cubeA_pose,0.4464734196662903,0.5894718170166016,False,False,1.6964339449867822
mbpo_stackcube_20261007T182651_ab48dfc3,StackCube-v1,mbpo,step_50016_model.pt,input,29,extra.cubeA_pose,-0.00026202559820376337,0.02295960672199726,False,False,43.554753010726216
mbpo_stackcube_20261007T182651_ab48dfc3,StackCube-v1,mbpo,step_50016_model.pt,input,30,extra.cubeA_pose,-0.003067974466830492,0.06761637330055237,False,False,14.789317308620438
mbpo_stackcube_20261007T182651_ab48dfc3,StackCube-v1,mbpo,step_50016_model.pt,input,31,extra.cubeA_pose,0.4034881889820099,0.5341110229492188,False,False,1.8722699158655562
mbpo_stackcube_20261007T182651_ab48dfc3,StackCube-v1,mbpo,step_50016_model.pt,input,32,extra.cubeB_pose,-0.013619022443890572,0.08291676640510559,False,False,12.06028700051218
mbpo_stackcube_20261007T182651_ab48dfc3,StackCube-v1,mbpo,step_50016_model.pt,input,33,extra.cubeB_pose,0.007897462695837021,0.11616162955760956,False,False,8.608694659401769
mbpo_stackcube_20261007T182651_ab48dfc3,StackCube-v1,mbpo,step_50016_model.pt,input,34,extra.cubeB_pose,0.02001987211406231,0.0004434152797330171,False,True,2255.222239075987
mbpo_stackcube_20261007T182651_ab48dfc3,StackCube-v1,mbpo,step_50016_model.pt,input,35,extra.cubeB_pose,0.37685221433639526,0.525024950504303,False,False,1.904671385692182
mbpo_stackcube_20261007T182651_ab48dfc3,StackCube-v1,mbpo,step_50016_model.pt,input,36,extra.cubeB_pose,0.0017758271424099803,0.032747671008110046,False,False,30.536522727138287
mbpo_stackcube_20261007T182651_ab48dfc3,StackCube-v1,mbpo,step_50016_model.pt,input,37,extra.cubeB_pose,0.0038212917279452085,0.05419579893350601,False,False,18.451614694838643
mbpo_stackcube_20261007T182651_ab48dfc3,StackCube-v1,mbpo,step_50016_model.pt,input,38,extra.cubeB_pose,0.5787856578826904,0.4932639002799988,False,False,2.027312356392501
mbpo_stackcube_20261007T182651_ab48dfc3,StackCube-v1,mbpo,step_50016_model.pt,input,39,extra.tcp_to_cubeA_pos,0.022769607603549957,0.1381980925798416,False,False,7.235989884753778
mbpo_stackcube_20261007T182651_ab48dfc3,StackCube-v1,mbpo,step_50016_model.pt,input,40,extra.tcp_to_cubeA_pos,0.03078622557222843,0.15560093522071838,False,False,6.42669659138944
mbpo_stackcube_20261007T182651_ab48dfc3,StackCube-v1,mbpo,step_50016_model.pt,input,41,extra.tcp_to_cubeA_pos,-0.14706401526927948,0.09046759456396103,False,False,11.053681761075179
mbpo_stackcube_20261007T182651_ab48dfc3,StackCube-v1,mbpo,step_50016_model.pt,input,42,extra.tcp_to_cubeB_pos,0.02315191738307476,0.1336592137813568,False,False,7.481713917873449
mbpo_stackcube_20261007T182651_ab48dfc3,StackCube-v1,mbpo,step_50016_model.pt,input,43,extra.tcp_to_cubeB_pos,0.01577875204384327,0.15784718096256256,False,False,6.335241427195176
mbpo_stackcube_20261007T182651_ab48dfc3,StackCube-v1,mbpo,step_50016_model.pt,input,44,extra.tcp_to_cubeB_pos,-0.14708559215068817,0.09043009579181671,False,False,11.058265406487527
mbpo_stackcube_20261007T182651_ab48dfc3,StackCube-v1,mbpo,step_50016_model.pt,input,45,extra.cubeA_to_cubeB_pos,0.00038236245745792985,0.09863603860139847,False,False,10.138282256459375
mbpo_stackcube_20261007T182651_ab48dfc3,StackCube-v1,mbpo,step_50016_model.pt,input,46,extra.cubeA_to_cubeB_pos,-0.01500751730054617,0.16330982744693756,False,False,6.123330210026208
mbpo_stackcube_20261007T182651_ab48dfc3,StackCube-v1,mbpo,step_50016_model.pt,input,47,extra.cubeA_to_cubeB_pos,-2.1547306459979154e-05,0.0008907196461223066,False,True,1122.6877102727426
mbpo_stackcube_20261007T182651_ab48dfc3,StackCube-v1,mbpo,step_50016_model.pt,input,48,action,0.0019305322784930468,0.5759273171424866,False,False,1.7363302108356085
mbpo_stackcube_20261007T182651_ab48dfc3,StackCube-v1,mbpo,step_50016_model.pt,input,49,action,0.002302297158166766,0.5757090449333191,False,False,1.7369885166834993
mbpo_stackcube_20261007T182651_ab48dfc3,StackCube-v1,mbpo,step_50016_model.pt,input,50,action,-0.004806290380656719,0.5761167407035828,False,False,1.7357593163822138
mbpo_stackcube_20261007T182651_ab48dfc3,StackCube-v1,mbpo,step_50016_model.pt,input,51,action,0.008851010352373123,0.5756466388702393,False,False,1.7371768242451553
mbpo_stackcube_20261007T182651_ab48dfc3,StackCube-v1,mbpo,step_50016_model.pt,target,0,agent.qpos,-0.001026684301905334,0.043356724083423615,False,False,23.0644731847332
mbpo_stackcube_20261007T182651_ab48dfc3,StackCube-v1,mbpo,step_50016_model.pt,target,1,agent.qpos,-0.0017880653031170368,0.07081261277198792,False,False,14.12177804002143
mbpo_stackcube_20261007T182651_ab48dfc3,StackCube-v1,mbpo,step_50016_model.pt,target,2,agent.qpos,0.0006390808266587555,0.040644321590662,False,False,24.603682897483743
mbpo_stackcube_20261007T182651_ab48dfc3,StackCube-v1,mbpo,step_50016_model.pt,target,3,agent.qpos,-0.0016575951594859362,0.1114334836602211,False,False,8.973963364989677
mbpo_stackcube_20261007T182651_ab48dfc3,StackCube-v1,mbpo,step_50016_model.pt,target,4,agent.qpos,-0.0002792774175759405,0.04009156674146652,False,False,24.94290149468528
mbpo_stackcube_20261007T182651_ab48dfc3,StackCube-v1,mbpo,step_50016_model.pt,target,5,agent.qpos,-0.00024066929472610354,0.0753043070435524,False,False,13.27945291922875
mbpo_stackcube_20261007T182651_ab48dfc3,StackCube-v1,mbpo,step_50016_model.pt,target,6,agent.qpos,-0.00020420842338353395,0.054533589631319046,False,False,18.33732213046347
mbpo_stackcube_20261007T182651_ab48dfc3,StackCube-v1,mbpo,step_50016_model.pt,target,7,agent.qpos,-0.0005361346411518753,0.006672529503703117,False,False,149.8682020731449
mbpo_stackcube_20261007T182651_ab48dfc3,StackCube-v1,mbpo,step_50016_model.pt,target,8,agent.qpos,-0.0005445013521239161,0.0066558243706822395,False,False,150.24434905536688
mbpo_stackcube_20261007T182651_ab48dfc3,StackCube-v1,mbpo,step_50016_model.pt,target,9,agent.qvel,0.002377796918153763,1.1236528158187866,False,False,0.8899546069052628
mbpo_stackcube_20261007T182651_ab48dfc3,StackCube-v1,mbpo,step_50016_model.pt,target,10,agent.qvel,0.0006593649159185588,1.9260934591293335,False,False,0.5191856061086659
mbpo_stackcube_20261007T182651_ab48dfc3,StackCube-v1,mbpo,step_50016_model.pt,target,11,agent.qvel,-0.006528229918330908,0.9854931831359863,False,False,1.014720362466487
mbpo_stackcube_20261007T182651_ab48dfc3,StackCube-v1,mbpo,step_50016_model.pt,target,12,agent.qvel,-0.005815503653138876,2.699260950088501,False,False,0.3704717767162204
mbpo_stackcube_20261007T182651_ab48dfc3,StackCube-v1,mbpo,step_50016_model.pt,target,13,agent.qvel,0.007051756605505943,0.8973961472511292,False,False,1.1143350715992744
mbpo_stackcube_20261007T182651_ab48dfc3,StackCube-v1,mbpo,step_50016_model.pt,target,14,agent.qvel,-0.0007484254892915487,1.5897636413574219,False,False,0.6290243241103115
mbpo_stackcube_20261007T182651_ab48dfc3,StackCube-v1,mbpo,step_50016_model.pt,target,15,agent.qvel,-0.00923957023769617,1.1965543031692505,False,False,0.8357330689893075
mbpo_stackcube_20261007T182651_ab48dfc3,StackCube-v1,mbpo,step_50016_model.pt,target,16,agent.qvel,-0.01011236198246479,0.7331957221031189,False,False,1.3638923003145358
mbpo_stackcube_20261007T182651_ab48dfc3,StackCube-v1,mbpo,step_50016_model.pt,target,17,agent.qvel,0.014972900040447712,0.7049592733383179,False,False,1.4185216619174663
mbpo_stackcube_20261007T182651_ab48dfc3,StackCube-v1,mbpo,step_50016_model.pt,target,18,extra.tcp_pose,-0.0017349636182188988,0.023074544966220856,False,False,43.33779935699334
mbpo_stackcube_20261007T182651_ab48dfc3,StackCube-v1,mbpo,step_50016_model.pt,target,19,extra.tcp_pose,3.445224865572527e-05,0.01569664105772972,False,False,63.70789752547445
mbpo_stackcube_20261007T182651_ab48dfc3,StackCube-v1,mbpo,step_50016_model.pt,target,20,extra.tcp_pose,9.153989958576858e-05,0.016336621716618538,False,False,61.21216597570741
mbpo_stackcube_20261007T182651_ab48dfc3,StackCube-v1,mbpo,step_50016_model.pt,target,21,extra.tcp_pose,2.7848265744978562e-05,0.0042983777821063995,False,False,232.64590752419969
mbpo_stackcube_20261007T182651_ab48dfc3,StackCube-v1,mbpo,step_50016_model.pt,target,22,extra.tcp_pose,-0.0002031206531682983,0.003064472461119294,False,False,326.3204393864096
mbpo_stackcube_20261007T182651_ab48dfc3,StackCube-v1,mbpo,step_50016_model.pt,target,23,extra.tcp_pose,1.198624522658065e-05,0.012897927314043045,False,False,77.53183714341581
mbpo_stackcube_20261007T182651_ab48dfc3,StackCube-v1,mbpo,step_50016_model.pt,target,24,extra.tcp_pose,-0.00020737784507218748,0.01825067587196827,False,False,54.792491358412015
mbpo_stackcube_20261007T182651_ab48dfc3,StackCube-v1,mbpo,step_50016_model.pt,target,25,extra.cubeA_pose,-0.00021267708507366478,0.002884333021938801,False,False,346.70060370761786
mbpo_stackcube_20261007T182651_ab48dfc3,StackCube-v1,mbpo,step_50016_model.pt,target,26,extra.cubeA_pose,1.0045774843092659e-06,0.0013297931291162968,False,False,751.9966663269962
mbpo_stackcube_20261007T182651_ab48dfc3,StackCube-v1,mbpo,step_50016_model.pt,target,27,extra.cubeA_pose,3.2826467304403195e-06,0.0005623965407721698,False,True,1778.1048201807946
mbpo_stackcube_20261007T182651_ab48dfc3,StackCube-v1,mbpo,step_50016_model.pt,target,28,extra.cubeA_pose,-0.0005693409475497901,0.01502741128206253,False,False,66.54506097092384
mbpo_stackcube_20261007T182651_ab48dfc3,StackCube-v1,mbpo,step_50016_model.pt,target,29,extra.cubeA_pose,0.0001870975102065131,0.008903109468519688,False,False,112.32030826262199
mbpo_stackcube_20261007T182651_ab48dfc3,StackCube-v1,mbpo,step_50016_model.pt,target,30,extra.cubeA_pose,-0.0004962453385815024,0.016836456954479218,False,False,59.394919174723235
mbpo_stackcube_20261007T182651_ab48dfc3,StackCube-v1,mbpo,step_50016_model.pt,target,31,extra.cubeA_pose,-0.00022852595429867506,0.014184964820742607,False,False,70.49717871261159
mbpo_stackcube_20261007T182651_ab48dfc3,StackCube-v1,mbpo,step_50016_model.pt,target,32,extra.cubeB_pose,-0.00010427604138385504,0.0015440594870597124,False,False,647.6434414481388
mbpo_stackcube_20261007T182651_ab48dfc3,StackCube-v1,mbpo,step_50016_model.pt,target,33,extra.cubeB_pose,5.3940977522870526e-05,0.0012322325492277741,False,False,811.5351283543747
mbpo_stackcube_20261007T182651_ab48dfc3,StackCube-v1,mbpo,step_50016_model.pt,target,34,extra.cubeB_pose,-2.3671937015024014e-06,0.0003119346802122891,False,True,3205.7993658141627
mbpo_stackcube_20261007T182651_ab48dfc3,StackCube-v1,mbpo,step_50016_model.pt,target,35,extra.cubeB_pose,-0.00020570808555930853,0.011737369932234287,False,False,85.1979622158542
mbpo_stackcube_20261007T182651_ab48dfc3,StackCube-v1,mbpo,step_50016_model.pt,target,36,extra.cubeB_pose,-1.83376014319947e-05,0.007104993797838688,False,False,140.74607641518227
mbpo_stackcube_20261007T182651_ab48dfc3,StackCube-v1,mbpo,step_50016_model.pt,target,37,extra.cubeB_pose,0.00030537412385456264,0.007479480933398008,False,False,133.6991174794919
mbpo_stackcube_20261007T182651_ab48dfc3,StackCube-v1,mbpo,step_50016_model.pt,target,38,extra.cubeB_pose,-0.0003552782873157412,0.012189347296953201,False,False,82.03884717026283
mbpo_stackcube_20261007T182651_ab48dfc3,StackCube-v1,mbpo,step_50016_model.pt,target,39,extra.tcp_to_cubeA_pos,0.001522286213003099,0.023181268945336342,False,False,43.138276957922194
mbpo_stackcube_20261007T182651_ab48dfc3,StackCube-v1,mbpo,step_50016_model.pt,target,40,extra.tcp_to_cubeA_pos,-3.344756623846479e-05,0.015704184770584106,False,False,63.6772945943125
mbpo_stackcube_20261007T182651_ab48dfc3,StackCube-v1,mbpo,step_50016_model.pt,target,41,extra.tcp_to_cubeA_pos,-8.82569293025881e-05,0.016333406791090965,False,False,61.22421444529556
mbpo_stackcube_20261007T182651_ab48dfc3,StackCube-v1,mbpo,step_50016_model.pt,target,42,extra.tcp_to_cubeB_pos,0.0016306877369061112,0.02311793714761734,False,False,43.25645465746348
mbpo_stackcube_20261007T182651_ab48dfc3,StackCube-v1,mbpo,step_50016_model.pt,target,43,extra.tcp_to_cubeB_pos,1.948876706592273e-05,0.015743272379040718,False,False,63.519195750644364
mbpo_stackcube_20261007T182651_ab48dfc3,StackCube-v1,mbpo,step_50016_model.pt,target,44,extra.tcp_to_cubeB_pos,-9.390657942276448e-05,0.016340212896466255,False,False,61.19871303612333
mbpo_stackcube_20261007T182651_ab48dfc3,StackCube-v1,mbpo,step_50016_model.pt,target,45,extra.cubeA_to_cubeB_pos,0.00010840103641385213,0.003215116448700428,False,False,311.0307250003983
mbpo_stackcube_20261007T182651_ab48dfc3,StackCube-v1,mbpo,step_50016_model.pt,target,46,extra.cubeA_to_cubeB_pos,5.29363751411438e-05,0.0016829344676807523,False,False,594.2002016145628
mbpo_stackcube_20261007T182651_ab48dfc3,StackCube-v1,mbpo,step_50016_model.pt,target,47,extra.cubeA_to_cubeB_pos,-5.64983747608494e-06,0.0006395475356839597,False,True,1563.605430721513
mbpo_stackcube_20261007T182651_ab48dfc3,StackCube-v1,mbpo,step_50016_model.pt,target,48,reward,0.050959471613168716,0.03702375292778015,False,False,27.009687590305486
