run,task,algorithm,kind,metric,step,update,event,refit,value,peak_step,peak_value,last_step,count,window_start,members,train_nll,holdout_nll,elites,maximum,elite_mean_min,elite_mean_max,last_retained_refit_step,fully_evicted_step
mbpo_pickcube_20261007T143410_ba2d6827,PickCube-v1,mbpo,policy_threshold_window,critic_loss,18176,7094,7711,8,121784.328125,18176,121784.328125,19968,8,10000,,,,,,,,,
mbpo_pickcube_20261007T143410_ba2d6827,PickCube-v1,mbpo,policy_threshold_window,critic_loss,20032,8022,8703,9,37835.44921875,28352,32283368.0,29984,152,20000,,,,,,,,,
mbpo_pickcube_20261007T143410_ba2d6827,PickCube-v1,mbpo,policy_threshold_window,critic_loss,30048,13029,14054,14,50489.953125,31712,20844452.0,39968,135,30000,,,,,,,,,
mbpo_pickcube_20261007T143410_ba2d6827,PickCube-v1,mbpo,policy_threshold_window,critic_loss,40096,18056,19427,19,4480218.0,44128,28208020.0,49952,64,40000,,,,,,,,,
mbpo_pickcube_20261007T143410_ba2d6827,PickCube-v1,mbpo,policy_threshold_window,critic_loss,50080,23051,24771,24,13305956.0,59616,54680504.0,59616,58,50000,,,,,,,,,
mbpo_pickcube_20261007T143410_ba2d6827,PickCube-v1,mbpo,policy_threshold_window,critic_loss,60544,28277,30355,29,36249.37890625,66816,80637040.0,69824,64,60000,,,,,,,,,
mbpo_pickcube_20261007T143410_ba2d6827,PickCube-v1,mbpo,policy_threshold_window,critic_loss,70752,33389,35818,34,62936.1484375,70752,62936.1484375,79456,19,70000,,,,,,,,,
mbpo_pickcube_20261007T143410_ba2d6827,PickCube-v1,mbpo,policy_threshold_window,critic_loss,80320,38164,40923,39,12796.265625,80416,13031.595703125,80672,4,80000,,,,,,,,,
mbpo_pickcube_20261007T143410_ba2d6827,PickCube-v1,mbpo,policy_threshold_window,critic_loss,252288,124157,132851,125,11364.376953125,259840,159832.71875,259968,78,250000,,,,,,,,,
mbpo_pickcube_20261007T143410_ba2d6827,PickCube-v1,mbpo,policy_threshold_window,critic_loss,260032,128019,136980,129,29836.19921875,269696,5473209.0,269984,1868,260000,,,,,,,,,
mbpo_pickcube_20261007T143410_ba2d6827,PickCube-v1,mbpo,policy_threshold_window,critic_loss,270016,133009,142313,134,11977.09765625,278720,28337800.0,280000,4934,270000,,,,,,,,,
mbpo_pickcube_20261007T143410_ba2d6827,PickCube-v1,mbpo,policy_threshold_window,policy_q_min_mean,270432,133219,142537,134,-105.30769348144531,279584,-288.848388671875,280000,2410,270000,,,,,,,,,
mbpo_pickcube_20261007T143410_ba2d6827,PickCube-v1,mbpo,policy_threshold_window,critic_loss,280032,138017,147666,139,150955.296875,285760,38494452.0,289984,4992,280000,,,,,,,,,
mbpo_pickcube_20261007T143410_ba2d6827,PickCube-v1,mbpo,policy_threshold_window,policy_q_min_mean,280032,138017,147666,139,-160.0731201171875,288192,-323.5321960449219,289984,4992,280000,,,,,,,,,
mbpo_pickcube_20261007T143410_ba2d6827,PickCube-v1,mbpo,policy_threshold_window,critic_loss,290016,143009,153001,144,500410.875,297472,142988304.0,300000,5008,290000,,,,,,,,,
mbpo_pickcube_20261007T143410_ba2d6827,PickCube-v1,mbpo,policy_threshold_window,policy_q_min_mean,290016,143009,153001,144,-198.64012145996094,299872,-569.1141357421875,300000,5008,290000,,,,,,,,,
mbpo_pickcube_20261007T143410_ba2d6827,PickCube-v1,mbpo,policy_threshold_window,critic_loss,300032,148017,158359,149,9236264.0,307424,158540352.0,309984,4992,300000,,,,,,,,,
mbpo_pickcube_20261007T143410_ba2d6827,PickCube-v1,mbpo,policy_threshold_window,policy_q_min_mean,300032,148017,158359,149,-319.3916015625,308320,-627.197021484375,309984,4992,300000,,,,,,,,,
mbpo_pickcube_20261007T143410_ba2d6827,PickCube-v1,mbpo,policy_threshold_window,critic_loss,310016,153009,163694,154,2513287.0,313920,293615104.0,320000,5008,310000,,,,,,,,,
mbpo_pickcube_20261007T143410_ba2d6827,PickCube-v1,mbpo,policy_threshold_window,policy_q_min_mean,310016,153009,163694,154,-474.33807373046875,316672,-750.0360107421875,320000,5008,310000,,,,,,,,,
mbpo_pickcube_20261007T143410_ba2d6827,PickCube-v1,mbpo,policy_threshold_window,critic_loss,320032,158017,169047,159,16540577.0,320768,206938576.0,329984,4992,320000,,,,,,,,,
mbpo_pickcube_20261007T143410_ba2d6827,PickCube-v1,mbpo,policy_threshold_window,policy_q_min_mean,320032,158017,169047,159,-453.5516052246094,320192,-523.8001098632812,329984,4992,320000,,,,,,,,,
mbpo_pickcube_20261007T143410_ba2d6827,PickCube-v1,mbpo,policy_threshold_window,critic_loss,330016,163009,174382,164,336901.28125,339264,405926656.0,340000,5008,330000,,,,,,,,,
mbpo_pickcube_20261007T143410_ba2d6827,PickCube-v1,mbpo,policy_threshold_window,policy_q_min_mean,330016,163009,174382,164,-301.0501403808594,338976,-877.0947265625,340000,5008,330000,,,,,,,,,
mbpo_pickcube_20261007T143410_ba2d6827,PickCube-v1,mbpo,policy_threshold_window,critic_loss,340032,168017,179734,169,2062924.375,340608,387295520.0,349984,4992,340000,,,,,,,,,
mbpo_pickcube_20261007T143410_ba2d6827,PickCube-v1,mbpo,policy_threshold_window,policy_q_min_mean,340032,168017,179734,169,-555.0726928710938,348128,-1002.3270263671875,349984,4992,340000,,,,,,,,,
mbpo_pickcube_20261007T143410_ba2d6827,PickCube-v1,mbpo,policy_threshold_window,critic_loss,350016,173009,185069,174,8390918.0,351232,170157728.0,360000,5008,350000,,,,,,,,,
mbpo_pickcube_20261007T143410_ba2d6827,PickCube-v1,mbpo,policy_threshold_window,policy_q_min_mean,350016,173009,185069,174,-447.2979431152344,356672,-916.5030517578125,360000,5008,350000,,,,,,,,,
mbpo_pickcube_20261007T143410_ba2d6827,PickCube-v1,mbpo,policy_threshold_window,critic_loss,360032,178017,190428,179,59387896.0,362336,162183808.0,369984,4992,360000,,,,,,,,,
mbpo_pickcube_20261007T143410_ba2d6827,PickCube-v1,mbpo,policy_threshold_window,policy_q_min_mean,360032,178017,190428,179,-609.588134765625,362560,-791.7788696289062,369984,4992,360000,,,,,,,,,
mbpo_pickcube_20261007T143410_ba2d6827,PickCube-v1,mbpo,policy_threshold_window,critic_loss,370016,183009,195763,184,6621074.0,377760,108857400.0,380000,5008,370000,,,,,,,,,
mbpo_pickcube_20261007T143410_ba2d6827,PickCube-v1,mbpo,policy_threshold_window,policy_q_min_mean,370016,183009,195763,184,-314.08984375,370304,-594.7705078125,380000,5000,370000,,,,,,,,,
mbpo_pickcube_20261007T143410_ba2d6827,PickCube-v1,mbpo,policy_threshold_window,critic_loss,380032,188017,201115,189,1058094.375,386144,163394272.0,389984,4992,380000,,,,,,,,,
mbpo_pickcube_20261007T143410_ba2d6827,PickCube-v1,mbpo,policy_threshold_window,policy_q_min_mean,380032,188017,201115,189,-279.75811767578125,389408,-664.2720947265625,389984,4988,380000,,,,,,,,,
mbpo_pickcube_20261007T143410_ba2d6827,PickCube-v1,mbpo,policy_threshold_window,critic_loss,390016,193009,206450,194,858319.4375,396480,153621776.0,400000,5008,390000,,,,,,,,,
mbpo_pickcube_20261007T143410_ba2d6827,PickCube-v1,mbpo,policy_threshold_window,policy_q_min_mean,390016,193009,206450,194,-366.04156494140625,390784,-619.0179443359375,400000,5008,390000,,,,,,,,,
mbpo_pickcube_20261007T143410_ba2d6827,PickCube-v1,mbpo,policy_threshold_window,critic_loss,400032,198017,211809,199,1378196.0,408000,75414848.0,409984,4992,400000,,,,,,,,,
mbpo_pickcube_20261007T143410_ba2d6827,PickCube-v1,mbpo,policy_threshold_window,policy_q_min_mean,400032,198017,211809,199,-349.9504699707031,400160,-516.857421875,409984,4985,400000,,,,,,,,,
mbpo_pickcube_20261007T143410_ba2d6827,PickCube-v1,mbpo,policy_threshold_window,critic_loss,410016,203009,217144,204,161060.03125,419904,179522384.0,420000,5008,410000,,,,,,,,,
mbpo_pickcube_20261007T143410_ba2d6827,PickCube-v1,mbpo,policy_threshold_window,policy_q_min_mean,410016,203009,217144,204,-218.7611541748047,410528,-453.69488525390625,420000,4902,410000,,,,,,,,,
mbpo_pickcube_20261007T143410_ba2d6827,PickCube-v1,mbpo,policy_threshold_window,critic_loss,420032,208017,222496,209,601684.8125,423424,309430816.0,429984,4992,420000,,,,,,,,,
mbpo_pickcube_20261007T143410_ba2d6827,PickCube-v1,mbpo,policy_threshold_window,policy_q_min_mean,420032,208017,222496,209,-174.145263671875,423296,-495.0802917480469,429984,4693,420000,,,,,,,,,
mbpo_pickcube_20261007T143410_ba2d6827,PickCube-v1,mbpo,policy_threshold_window,critic_loss,430016,213009,227831,214,76085.5390625,438688,1784750080.0,440000,5008,430000,,,,,,,,,
mbpo_pickcube_20261007T143410_ba2d6827,PickCube-v1,mbpo,policy_threshold_window,policy_q_min_mean,430016,213009,227831,214,-121.96356201171875,439136,-838.2763671875,440000,4720,430000,,,,,,,,,
mbpo_pickcube_20261007T143410_ba2d6827,PickCube-v1,mbpo,policy_threshold_window,critic_loss,440032,218017,233184,219,482412.28125,449216,2363163136.0,449984,4992,440000,,,,,,,,,
mbpo_pickcube_20261007T143410_ba2d6827,PickCube-v1,mbpo,policy_threshold_window,policy_q_min_mean,440032,218017,233184,219,-251.03933715820312,442496,-768.0369262695312,449984,4672,440000,,,,,,,,,
mbpo_pickcube_20261007T143410_ba2d6827,PickCube-v1,mbpo,policy_threshold_window,critic_loss,450016,223009,238519,224,1435152.0,457024,12019179520.0,460000,5008,450000,,,,,,,,,
mbpo_pickcube_20261007T143410_ba2d6827,PickCube-v1,mbpo,policy_threshold_window,policy_q_min_mean,450016,223009,238519,224,-249.23629760742188,458752,-1553.6920166015625,460000,4651,450000,,,,,,,,,
mbpo_pickcube_20261007T143410_ba2d6827,PickCube-v1,mbpo,policy_threshold_window,critic_loss,460032,228017,243877,229,4943194.0,468928,27640291328.0,469984,4992,460000,,,,,,,,,
mbpo_pickcube_20261007T143410_ba2d6827,PickCube-v1,mbpo,policy_threshold_window,policy_q_min_mean,460032,228017,243877,229,-856.7070922851562,469792,-6560.7529296875,469984,4992,460000,,,,,,,,,
mbpo_pickcube_20261007T143410_ba2d6827,PickCube-v1,mbpo,policy_threshold_window,alpha,467136,231582,247684,232,10.001142501831055,469984,13.160118103027344,469984,1427,460000,,,,,,,,,
mbpo_pickcube_20261007T143410_ba2d6827,PickCube-v1,mbpo,policy_threshold_window,critic_loss,470016,233009,249212,234,122230296.0,478144,85790162944.0,480000,5008,470000,,,,,,,,,
mbpo_pickcube_20261007T143410_ba2d6827,PickCube-v1,mbpo,policy_threshold_window,policy_q_min_mean,470016,233009,249212,234,-4178.6083984375,479744,-13945.58984375,480000,5008,470000,,,,,,,,,
mbpo_pickcube_20261007T143410_ba2d6827,PickCube-v1,mbpo,policy_threshold_window,alpha,470016,233009,249212,234,13.16096305847168,480000,29.713891983032227,480000,5008,470000,,,,,,,,,
mbpo_pickcube_20261007T143410_ba2d6827,PickCube-v1,mbpo,policy_threshold_window,critic_loss,480032,238017,254565,239,358025344.0,487776,97084784640.0,489984,4992,480000,,,,,,,,,
mbpo_pickcube_20261007T143410_ba2d6827,PickCube-v1,mbpo,policy_threshold_window,policy_q_min_mean,480032,238017,254565,239,-6660.865234375,485792,-20038.6015625,489984,4992,480000,,,,,,,,,
mbpo_pickcube_20261007T143410_ba2d6827,PickCube-v1,mbpo,policy_threshold_window,alpha,480032,238017,254565,239,29.72377586364746,489984,47.827880859375,489984,4992,480000,,,,,,,,,
mbpo_pickcube_20261007T143410_ba2d6827,PickCube-v1,mbpo,policy_threshold_window,critic_loss,490016,243009,259900,244,33365850112.0,494560,116379779072.0,500000,5008,490000,,,,,,,,,
mbpo_pickcube_20261007T143410_ba2d6827,PickCube-v1,mbpo,policy_threshold_window,policy_q_min_mean,490016,243009,259900,244,-12094.171875,493184,-18837.34375,500000,5008,490000,,,,,,,,,
mbpo_pickcube_20261007T143410_ba2d6827,PickCube-v1,mbpo,policy_threshold_window,alpha,490016,243009,259900,244,47.843563079833984,495712,70.37761688232422,500000,5008,490000,,,,,,,,,
mbpo_pickcube_20261007T143410_ba2d6827,PickCube-v1,mbpo,fit_start_restored,,16000,,,7,,,,,,,"[True, True, True]","[887174235.7627094, 634378298.979782, 2760766035.514204]","[-0.481771577835083, -0.6362723722457886, -0.4303978042602539]","[1, 0]",,,,,
mbpo_pickcube_20261007T143410_ba2d6827,PickCube-v1,mbpo,generation_reward_extreme,,18016,,,8,-326.5211486816406,,,,,,,,,"[1, 0]",0.18401925265789032,-326.6146240234375,0.12115098536014557,66016,68000
mbpo_pickcube_20261007T143410_ba2d6827,PickCube-v1,mbpo,fit_start_restored,,18016,,,8,,,,,,,"[True, True, True]","[32582037692.845432, 1065301.1062915195, 32388907654.641533]","[18125371.411910895, 287015.85087588785, 67678434.34635398]","[1, 0]",,,,,
mbpo_pickcube_20261007T143410_ba2d6827,PickCube-v1,mbpo,generation_reward_extreme,,20000,,,9,-3204.9658203125,,,,,,,,,"[2, 1]",0.20224863290786743,-3204.909423828125,0.147897869348526,68000,70016
mbpo_pickcube_20261007T143410_ba2d6827,PickCube-v1,mbpo,fit_start_restored,,24000,,,11,,,,,,,"[False, True, True]","[1041453441.0129138, 2273685762.070786, 2882043830.418592]","[-0.7324943413734436, -0.6474915208816528, -0.7054189758300782]","[0, 2]",,,,,
mbpo_pickcube_20261007T143410_ba2d6827,PickCube-v1,mbpo,fit_start_restored,,30016,,,14,,,,,,,"[False, False, True]","[31110543016.142544, 2022148.6376622592, 14341255826.31266]","[0.413394033908844, 1.2869514598846437, 0.5076730546951294]","[0, 2]",,,,,
mbpo_pickcube_20261007T143410_ba2d6827,PickCube-v1,mbpo,fit_start_restored,,32000,,,15,,,,,,,"[False, False, True]","[2732.6197098520993, 53.04682194763422, 82.03200141716003]","[3541072.956372096, 3520013.5631541107, 3520635.818320421]","[1, 2]",,,,,
mbpo_pickcube_20261007T143410_ba2d6827,PickCube-v1,mbpo,generation_reward_extreme,,34016,,,16,-0.15245939791202545,,,,,,,,,"[2, 1]",57.26387405395508,-0.11135957390069962,57.2780876159668,82016,84000
mbpo_pickcube_20261007T143410_ba2d6827,PickCube-v1,mbpo,fit_start_restored,,36000,,,17,,,,,,,"[True, False, False]","[1771239.2363035744, 1763355.9428473609, 3485993.5310311634]","[0.9311281838417054, 0.9494975876808166, 1.7043109130859375]","[0, 1]",,,,,
mbpo_pickcube_20261007T143410_ba2d6827,PickCube-v1,mbpo,fit_start_restored,,40000,,,19,,,,,,,"[False, True, False]","[4536591.626886695, 892295.638319194, 876004.1632718887]","[0.8339332387149334, 3419.9866615276337, 173.05711884880066]","[0, 2]",,,,,
mbpo_pickcube_20261007T143410_ba2d6827,PickCube-v1,mbpo,fit_start_restored,,42016,,,20,,,,,,,"[True, False, False]","[5418154.854872335, 1852356.065653932, 1758803.3785713178]","[1.2849713780879974, 1.4264312037825584, 2.024461400270462]","[0, 1]",,,,,
mbpo_pickcube_20261007T143410_ba2d6827,PickCube-v1,mbpo,fit_start_restored,,52000,,,25,,,,,,,"[False, True, False]","[2558851.7159261154, 877906.9451949258, 32015840543.33683]","[0.8300112924575805, 1.039338150024414, 1.0670887899398804]","[0, 1]",,,,,
mbpo_pickcube_20261007T143410_ba2d6827,PickCube-v1,mbpo,generation_reward_extreme,,54016,,,26,-5.194215297698975,,,,,,,,,"[0, 2]",0.17377066612243652,-5.194145202636719,0.12141413986682892,102016,104000
mbpo_pickcube_20261007T143410_ba2d6827,PickCube-v1,mbpo,fit_start_restored,,54016,,,26,,,,,,,"[True, False, False]","[1.1363764083385468, 1.1136044721603393, 1.4369200992584228]","[1.068305178642273, 1.2235114498138429, 1.2181553020477296]","[0, 2]",,,,,
mbpo_pickcube_20261007T143410_ba2d6827,PickCube-v1,mbpo,fit_start_restored,,56000,,,27,,,,,,,"[True, True, True]","[881796.4683337421, 882316.0779881873, 882556.2653078999]","[0.9463840438127518, 1.0892765600681305, 1.2007135751247406]","[0, 1]",,,,,
mbpo_pickcube_20261007T143410_ba2d6827,PickCube-v1,mbpo,fit_start_restored,,58016,,,28,,,,,,,"[False, True, True]","[881555.5097773283, 882312.0359137246, 882580.8006418591]","[1.9107573776245117, 2631.2536747210024, 4083.5726628130674]","[0, 1]",,,,,
mbpo_pickcube_20261007T143410_ba2d6827,PickCube-v1,mbpo,fit_start_restored,,60000,,,29,,,,,,,"[False, False, True]","[881558.39255912, 886883.3139503932, 883599.9365174619]","[0.943724491596222, 1.0849659309387207, 1.1240209307670592]","[0, 1]",,,,,
mbpo_pickcube_20261007T143410_ba2d6827,PickCube-v1,mbpo,fit_start_restored,,66016,,,32,,,,,,,"[True, False, False]","[2575718.551664278, 16610693.20428138, 938318.1189707784]","[1.1422407970428468, 1.257077335357666, 1.237946572303772]","[0, 2]",,,,,
mbpo_pickcube_20261007T143410_ba2d6827,PickCube-v1,mbpo,fit_start_restored,,70016,,,34,,,,,,,"[False, True, True]","[881992.4658772711, 888791.2957856385, 881571.566374137]","[1.0055725452899933, 1.1059987430572509, 1.1294140739440919]","[0, 1]",,,,,
mbpo_pickcube_20261007T143410_ba2d6827,PickCube-v1,mbpo,fit_start_restored,,72000,,,35,,,,,,,"[True, True, False]","[2611581.423284236, 16465952.814378679, 873978.990772296]","[0.7456797323226929, 0.8037820472717285, 0.8480644073486329]","[0, 1]",,,,,
mbpo_pickcube_20261007T143410_ba2d6827,PickCube-v1,mbpo,fit_start_restored,,74016,,,36,,,,,,,"[False, False, True]","[0.9543851712346076, 1.1586177268326283, 434.99430782926083]","[2.026118790626526, 1.9186295117139816, 1.992320580624044]","[1, 2]",,,,,
mbpo_pickcube_20261007T143410_ba2d6827,PickCube-v1,mbpo,fit_start_restored,,76000,,,37,,,,,,,"[True, True, True]","[881569.339727029, 10269573.306817956, 883156.0294707709]","[0.7382395417690277, 0.7890761886835098, 868.5638436473608]","[0, 1]",,,,,
mbpo_pickcube_20261007T143410_ba2d6827,PickCube-v1,mbpo,fit_start_restored,,78016,,,38,,,,,,,"[True, True, False]","[1.090997177734971, 1.3637343110386282, 2.422955216884613]","[0.5599664257764816, 0.7944122159481048, 6.48453999376297]","[0, 1]",,,,,
mbpo_pickcube_20261007T143410_ba2d6827,PickCube-v1,mbpo,fit_start_restored,,82016,,,40,,,,,,,"[False, True, True]","[0.5390082279443741, 1.676309137582779, 2351.149076626062]","[1.2460470352172852, 1.3411343425512314, 1.3609597778320313]","[0, 1]",,,,,
mbpo_pickcube_20261007T143410_ba2d6827,PickCube-v1,mbpo,fit_start_restored,,86016,,,42,,,,,,,"[True, True, True]","[882462.2706880128, 882611.9404747894, 881550.764949219]","[1.5808484196662902, 1.5461729106903077, 6.818767004013061]","[1, 0]",,,,,
mbpo_pickcube_20261007T143410_ba2d6827,PickCube-v1,mbpo,fit_start_restored,,94016,,,46,,,,,,,"[True, False, True]","[881601.5310736322, 934717.7570342047, 881552.6173919874]","[1.2285580816268922, 1.1690960853099823, 1.2278529357910157]","[1, 2]",,,,,
mbpo_pickcube_20261007T143410_ba2d6827,PickCube-v1,mbpo,fit_start_restored,,100000,,,49,,,,,,,"[True, False, False]","[936493.7478389697, 3758220.9002021756, 1055474.8062326552]","[0.5516950941085815, 0.5707379999160767, 0.7231275291442871]","[0, 1]",,,,,
mbpo_pickcube_20261007T143410_ba2d6827,PickCube-v1,mbpo,fit_start_restored,,102016,,,50,,,,,,,"[True, False, True]","[1818054.5150324488, 3415996.375435298, 1937028.03863243]","[0.5822014274001122, 0.5359490115344524, 0.6769958766698837]","[1, 0]",,,,,
mbpo_pickcube_20261007T143410_ba2d6827,PickCube-v1,mbpo,fit_start_restored,,104000,,,51,,,,,,,"[False, True, True]","[2699569.1807683073, 4535171.798921934, 2818624.6747149266]","[0.8301553845405578, 0.7787012989521027, 0.9160069916248321]","[1, 0]",,,,,
mbpo_pickcube_20261007T143410_ba2d6827,PickCube-v1,mbpo,fit_start_restored,,106016,,,52,,,,,,,"[False, True, False]","[0.882204859463498, 0.977949056148529, 0.9525317733287811]","[0.5421515347957611, 0.5228723335266113, 0.6220922031998635]","[1, 0]",,,,,
mbpo_pickcube_20261007T143410_ba2d6827,PickCube-v1,mbpo,fit_start_restored,,108000,,,53,,,,,,,"[True, False, False]","[1.1290698680877687, 1.2255887919664383, 1.0912827211618423]","[0.7013546085357666, 0.5133235740661621, 0.5632042966932058]","[1, 2]",,,,,
mbpo_pickcube_20261007T143410_ba2d6827,PickCube-v1,mbpo,fit_start_restored,,110016,,,54,,,,,,,"[True, False, True]","[1.2895797789096832, 1.0627309741973876, 1.2027655391693115]","[0.4840194706916809, 0.5172609643936157, 0.5263882784843444]","[0, 1]",,,,,
mbpo_pickcube_20261007T143410_ba2d6827,PickCube-v1,mbpo,fit_start_restored,,116000,,,57,,,,,,,"[True, True, False]","[3534258.6970532862, 3895471.8282170203, 3703901.8662139797]","[1.0362534354925155, 1.2449732270240783, 1.036299515724182]","[0, 2]",,,,,
mbpo_pickcube_20261007T143410_ba2d6827,PickCube-v1,mbpo,fit_start_restored,,118016,,,58,,,,,,,"[True, False, True]","[2647355.5220838394, 2751669.4773781546, 2703893.3531129975]","[1.3889264068603515, 1.6601113166809083, 1.4276317949295043]","[0, 2]",,,,,
mbpo_pickcube_20261007T143410_ba2d6827,PickCube-v1,mbpo,fit_start_restored,,120000,,,59,,,,,,,"[True, True, True]","[2650027.3782109977, 2858643.248766209, 2763120.326984119]","[0.9762439975738525, 1.0546556510925293, 0.9888620567321778]","[0, 2]",,,,,
mbpo_pickcube_20261007T143410_ba2d6827,PickCube-v1,mbpo,fit_start_restored,,122016,,,60,,,,,,,"[True, False, True]","[1768466.8780314694, 1904864.750650392, 1881561.9370209898]","[3526243.504757558, 3526234.9243067303, 3526237.4239909914]","[1, 2]",,,,,
mbpo_pickcube_20261007T143410_ba2d6827,PickCube-v1,mbpo,fit_start_restored,,126016,,,62,,,,,,,"[False, True, True]","[1763089.589501892, 1763093.0793963175, 1763107.238155238]","[1.7083871097564698, 1.970635654449463, 1.7397311782836915]","[0, 2]",,,,,
mbpo_pickcube_20261007T143410_ba2d6827,PickCube-v1,mbpo,fit_start_restored,,130016,,,64,,,,,,,"[True, False, True]","[882387.4515780429, 885606.4871065979, 937828.9138361702]","[3526075.522210266, 3525630.341288269, 3526000.18148259]","[1, 2]",,,,,
mbpo_pickcube_20261007T143410_ba2d6827,PickCube-v1,mbpo,fit_start_restored,,132000,,,65,,,,,,,"[False, False, True]","[1763029.5205802603, 1763004.5375242129, 1763078.082061596]","[2.3937023525238037, 3.0092199306488037, 2.388301073074341]","[2, 0]",,,,,
mbpo_pickcube_20261007T143410_ba2d6827,PickCube-v1,mbpo,fit_start_restored,,138016,,,68,,,,,,,"[False, True, True]","[3527584.1085214997, 3534307.199490692, 3531931.769808909]","[3.7808884620666503, 3.039244312286377, 2.4647768573760986]","[2, 1]",,,,,
mbpo_pickcube_20261007T143410_ba2d6827,PickCube-v1,mbpo,fit_start_restored,,144000,,,71,,,,,,,"[True, True, True]","[3526209.5394631373, 3539779.015165474, 3526212.1787667237]","[1.9871878447532654, 3.187301654815674, 2.256181743621826]","[0, 2]",,,,,
mbpo_pickcube_20261007T143410_ba2d6827,PickCube-v1,mbpo,fit_start_restored,,146016,,,72,,,,,,,"[True, True, True]","[881575.1043187947, 881767.9745763569, 881822.1340307045]","[3526226.9299877835, 3527635.721287247, 3526206.954353165]","[2, 0]",,,,,
mbpo_pickcube_20261007T143410_ba2d6827,PickCube-v1,mbpo,fit_start_restored,,148000,,,73,,,,,,,"[True, True, True]","[7052467.6325888755, 7096690.751031408, 7052673.5842719665]","[2.990044324874878, 4.043679582595825, 3.333914789199829]","[0, 2]",,,,,
mbpo_pickcube_20261007T143410_ba2d6827,PickCube-v1,mbpo,fit_start_restored,,156000,,,77,,,,,,,"[True, False, False]","[3526139.6576690674, 3525851.5971918334, 3525830.241107132]","[3526187.883858778, 3526147.48033522, 3526170.6426442107]","[1, 2]",,,,,
mbpo_pickcube_20261007T143410_ba2d6827,PickCube-v1,mbpo,fit_start_restored,,158016,,,78,,,,,,,"[False, True, True]","[3526133.0443569687, 3526068.749371052, 3526087.3893424263]","[3526208.2430401593, 3526227.8167400435, 3526254.607159096]","[0, 1]",,,,,
mbpo_pickcube_20261007T143410_ba2d6827,PickCube-v1,mbpo,fit_start_restored,,166016,,,82,,,,,,,"[True, True, False]","[11459501.963156166, 11459619.761236275, 11459530.993522331]","[14103693.188278198, 14103877.060177857, 14104009.252131714]","[0, 1]",,,,,
mbpo_pickcube_20261007T143410_ba2d6827,PickCube-v1,mbpo,fit_start_restored,,168000,,,83,,,,,,,"[True, False, False]","[10577543.745310295, 10576277.095645081, 10576722.785335999]","[10577673.974998292, 10577298.579804199, 10576925.327736327]","[2, 1]",,,,,
mbpo_pickcube_20261007T143410_ba2d6827,PickCube-v1,mbpo,fit_start_restored,,170016,,,84,,,,,,,"[True, True, True]","[8814987.865291625, 8814187.575567566, 8814905.226149414]","[7051034.346768539, 7051183.961873748, 7051620.17640567]","[0, 1]",,,,,
mbpo_pickcube_20261007T143410_ba2d6827,PickCube-v1,mbpo,fit_start_restored,,172000,,,85,,,,,,,"[False, True, True]","[13221313.827239983, 13221221.566499207, 13221453.33322383]","[21156480.9805531, 21155869.670422606, 21154985.800981935]","[2, 1]",,,,,
mbpo_pickcube_20261007T143410_ba2d6827,PickCube-v1,mbpo,fit_start_restored,,174016,,,86,,,,,,,"[False, True, True]","[7050370.010151383, 7051501.571573898, 7051475.841002808]","[7051052.311904037, 7051679.681845383, 7051300.417377137]","[0, 2]",,,,,
mbpo_pickcube_20261007T143410_ba2d6827,PickCube-v1,mbpo,fit_start_restored,,176000,,,87,,,,,,,"[False, True, False]","[14102456.778224029, 14102520.442964356, 14101715.907574523]","[17628927.990590576, 17629244.18260736, 17628102.73252397]","[2, 0]",,,,,
mbpo_pickcube_20261007T143410_ba2d6827,PickCube-v1,mbpo,fit_start_restored,,178016,,,88,,,,,,,"[False, True, False]","[15864042.253345413, 15865077.0613768, 15861860.11675241]","[28203171.64715625, 28205911.659960207, 28202259.446512695]","[2, 0]",,,,,
mbpo_pickcube_20261007T143410_ba2d6827,PickCube-v1,mbpo,fit_start_restored,,180000,,,89,,,,,,,"[True, False, True]","[22036288.5716315, 22037191.57967797, 22035273.045480195]","[3525103.845263016, 3525880.415744713, 3525317.318149475]","[0, 2]",,,,,
mbpo_pickcube_20261007T143410_ba2d6827,PickCube-v1,mbpo,fit_start_restored,,182016,,,90,,,,,,,"[True, True, True]","[11458823.850144897, 11459436.810876679, 11458289.056694213]","[28205105.05088608, 28206801.126608957, 28202813.550645858]","[2, 0]",,,,,
mbpo_pickcube_20261007T143410_ba2d6827,PickCube-v1,mbpo,fit_start_restored,,184000,,,91,,,,,,,"[False, False, True]","[23797901.1715094, 23799227.82745006, 23798922.420360826]","[17628245.609569944, 17629173.76100644, 17627837.77955792]","[2, 0]",,,,,
mbpo_pickcube_20261007T143410_ba2d6827,PickCube-v1,mbpo,fit_start_restored,,192000,,,95,,,,,,,"[False, False, True]","[30845432.455637205, 30844992.104203064, 30846100.67979849]","[35255555.68537384, 35254709.66681635, 35253811.75104038]","[2, 1]",,,,,
mbpo_pickcube_20261007T143410_ba2d6827,PickCube-v1,mbpo,fit_start_restored,,194016,,,96,,,,,,,"[True, True, True]","[20271109.717674408, 20270439.492585875, 20270278.23305899]","[38779001.23450244, 38776807.04558914, 38777110.548357025]","[1, 2]",,,,,
mbpo_pickcube_20261007T143410_ba2d6827,PickCube-v1,mbpo,fit_start_restored,,196000,,,97,,,,,,,"[False, False, True]","[29963905.99116359, 29964783.28072937, 29966237.66581946]","[49358952.83214014, 49359918.297760256, 49356315.43111963]","[2, 0]",,,,,
mbpo_pickcube_20261007T143410_ba2d6827,PickCube-v1,mbpo,fit_start_restored,,200000,,,99,,,,,,,"[True, False, True]","[38777285.80140344, 38771745.86113525, 38773935.5450332]","[52867239.648, 52861575.648, 52865011.392]","[1, 2]",,,,,
mbpo_pickcube_20261007T143410_ba2d6827,PickCube-v1,mbpo,fit_start_restored,,202016,,,100,,,,,,,"[False, True, False]","[44026741.215476565, 44060540.87729285, 44055183.08267163]","[49294286.906541996, 49342473.27198474, 49338234.131895386]","[0, 2]",,,,,
mbpo_pickcube_20261007T143410_ba2d6827,PickCube-v1,mbpo,fit_start_restored,,204000,,,101,,,,,,,"[True, True, True]","[42269133.2283877, 42299809.47409094, 42297080.981356815]","[38726531.56884375, 38762562.272288084, 38761408.154423825]","[0, 2]",,,,,
mbpo_pickcube_20261007T143410_ba2d6827,PickCube-v1,mbpo,fit_start_restored,,206016,,,102,,,,,,,"[True, False, False]","[44028673.76291113, 44051520.70996264, 44047395.03693945]","[45805568.34409375, 45822065.5078457, 45816005.442257814]","[0, 2]",,,,,
mbpo_pickcube_20261007T143410_ba2d6827,PickCube-v1,mbpo,fit_start_restored,,212000,,,105,,,,,,,"[False, True, False]","[46636696.13838867, 46667131.97888769, 46650885.57591699]","[35201354.50325, 35219819.73959375, 35211194.0505]","[0, 2]",,,,,
mbpo_pickcube_20261007T143410_ba2d6827,PickCube-v1,mbpo,fit_start_restored,,214016,,,106,,,,,,,"[True, False, False]","[43991801.43660547, 43993463.19702734, 44001972.60688574]","[38711246.7148125, 38719900.37321875, 38715274.6706875]","[0, 2]",,,,,
mbpo_pickcube_20261007T143410_ba2d6827,PickCube-v1,mbpo,fit_start_restored,,220000,,,109,,,,,,,"[True, False, False]","[48295422.45421875, 48274649.15803125, 48324092.38007812]","[42162965.12, 42160801.152, 42181216.064]","[1, 0]",,,,,
mbpo_pickcube_20261007T143410_ba2d6827,PickCube-v1,mbpo,fit_start_restored,,224000,,,111,,,,,,,"[True, True, False]","[41267124.79534375, 41253547.85509375, 41226702.10940625]","[56208333.7905, 56195367.51225, 56161351.52275]","[2, 1]",,,,,
mbpo_pickcube_20261007T143410_ba2d6827,PickCube-v1,mbpo,fit_start_restored,,226016,,,112,,,,,,,"[True, False, False]","[56184061.126125, 56150905.557125, 56109728.282875]","[52735892.096, 52713740.288, 52683990.4]","[2, 1]",,,,,
mbpo_pickcube_20261007T143410_ba2d6827,PickCube-v1,mbpo,generation_reward_extreme,,228000,,,113,-1.083182454109192,,,,,,,,,"[2, 1]",0.4430200159549713,-1.131017804145813,0.6518988609313965,276000,278016
mbpo_pickcube_20261007T143410_ba2d6827,PickCube-v1,mbpo,fit_start_restored,,228000,,,113,,,,,,,"[True, False, False]","[63243272.02175, 63182826.21625, 63169855.23325]","[59772307.302, 59724836.3335, 59720689.812]","[2, 1]",,,,,
mbpo_pickcube_20261007T143410_ba2d6827,PickCube-v1,mbpo,fit_start_restored,,238016,,,118,,,,,,,"[False, False, True]","[65709158.007, 65630364.06775, 65656972.609]","[84187319.04, 84106660.352, 84136958.08]","[1, 2]",,,,,
mbpo_pickcube_20261007T143410_ba2d6827,PickCube-v1,mbpo,generation_reward_extreme,,242016,,,120,-1.057218074798584,,,,,,,,,"[1, 2]",0.3720754384994507,-0.9883350729942322,0.46284833550453186,290016,292000
mbpo_pickcube_20261007T143410_ba2d6827,PickCube-v1,mbpo,fit_start_restored,,242016,,,120,,,,,,,"[True, True, True]","[61329968.5370625, 61256229.8496875, 61325775.6859375]","[63062433.056, 63019095.424, 63051044.416]","[1, 2]",,,,,
mbpo_pickcube_20261007T143410_ba2d6827,PickCube-v1,mbpo,fit_start_restored,,248000,,,123,,,,,,,"[True, False, False]","[68196889.899, 68072025.897375, 68179245.19175]","[52563689.568, 52625996.264, 52592214.695]","[0, 2]",,,,,
mbpo_pickcube_20261007T143410_ba2d6827,PickCube-v1,mbpo,fit_start_restored,,252000,,,125,,,,,,,"[True, False, True]","[59369649.20125, 59310171.6275, 59391722.317875]","[45501164.074, 45409896.712, 45476151.451]","[1, 2]",,,,,
mbpo_pickcube_20261007T143410_ba2d6827,PickCube-v1,mbpo,fit_start_restored,,254016,,,126,,,,,,,"[True, False, False]","[71787875.11, 71728330.6915, 71777096.094]","[76657564.416, 76633515.034, 76706110.589]","[1, 0]",,,,,
mbpo_pickcube_20261007T143410_ba2d6827,PickCube-v1,mbpo,fit_start_restored,,256000,,,127,,,,,,,"[True, True, True]","[52542046.1905, 52485674.1215, 52517773.17325]","[59468831.584, 59330276.409, 59438834.043]","[1, 2]",,,,,
mbpo_pickcube_20261007T143410_ba2d6827,PickCube-v1,mbpo,fit_start_restored,,258016,,,128,,,,,,,"[True, False, False]","[62077705.198375, 61918732.21375, 62041505.32]","[66397469.96575, 66316765.01275, 66415294.46775]","[1, 0]",,,,,
mbpo_pickcube_20261007T143410_ba2d6827,PickCube-v1,mbpo,fit_start_restored,,264000,,,131,,,,,,,"[True, False, False]","[57596553.2605, 57485691.256, 57625518.1955]","[38519975.104, 38462358.176, 38524372.448]","[1, 0]",,,,,
mbpo_pickcube_20261007T143410_ba2d6827,PickCube-v1,mbpo,fit_start_restored,,266016,,,132,,,,,,,"[False, True, False]","[58445123.857625, 58323807.421625, 58378386.460125]","[52401297.33, 52382953.398, 52406293.763]","[1, 0]",,,,,
mbpo_pickcube_20261007T143410_ba2d6827,PickCube-v1,mbpo,fit_start_restored,,270016,,,134,,,,,,,"[True, True, True]","[48962474.543, 48858698.3815, 48927785.0625]","[42033742.858, 42030177.112, 42071334.078]","[1, 0]",,,,,
mbpo_pickcube_20261007T143410_ba2d6827,PickCube-v1,mbpo,fit_start_restored,,272000,,,135,,,,,,,"[True, True, False]","[73425402.3555, 73277023.217, 73385293.9715]","[52345534.976, 52251927.808, 52367391.936]","[1, 0]",,,,,
mbpo_pickcube_20261007T143410_ba2d6827,PickCube-v1,mbpo,fit_start_restored,,274016,,,136,,,,,,,"[True, False, True]","[67338164.88775, 67221739.23225, 67334718.750375]","[76769226.016, 76510769.728, 76714188.832]","[1, 2]",,,,,
mbpo_pickcube_20261007T143410_ba2d6827,PickCube-v1,mbpo,fit_start_restored,,276000,,,137,,,,,,,"[True, True, True]","[56014174.351, 55874620.741, 55952354.361]","[62714042.272, 62535970.496, 62762577.696]","[1, 0]",,,,,
mbpo_pickcube_20261007T143410_ba2d6827,PickCube-v1,mbpo,fit_start_restored,,278016,,,138,,,,,,,"[False, False, True]","[73333553.404375, 73096496.32375, 73320448.8550625]","[52952303.666, 52983199.664, 52896463.124]","[2, 0]",,,,,
mbpo_pickcube_20261007T143410_ba2d6827,PickCube-v1,mbpo,fit_start_restored,,280000,,,139,,,,,,,"[False, True, True]","[59441613.1305, 59340580.1515, 59430922.4165]","[56004762.436, 55903761.204, 55901682.804]","[2, 1]",,,,,
mbpo_pickcube_20261007T143410_ba2d6827,PickCube-v1,mbpo,fit_start_restored,,282016,,,140,,,,,,,"[False, False, True]","[56663428.2735, 56521860.415, 56666331.876]","[35018522.001875, 34980204.67475, 34933990.5655]","[2, 1]",,,,,
mbpo_pickcube_20261007T143410_ba2d6827,PickCube-v1,mbpo,generation_reward_extreme,,286016,,,142,-1.1194623708724976,,,,,,,,,"[1, 2]",0.5200835466384888,-1.115322470664978,0.5275680422782898,334016,336000
mbpo_pickcube_20261007T143410_ba2d6827,PickCube-v1,mbpo,fit_start_restored,,286016,,,142,,,,,,,"[True, True, True]","[57850643.1019375, 57778006.7539375, 57806937.6290625]","[76532305.088, 76211576.384, 76301733.76]","[1, 2]",,,,,
mbpo_pickcube_20261007T143410_ba2d6827,PickCube-v1,mbpo,fit_start_restored,,288000,,,143,,,,,,,"[False, False, True]","[53210996.2965, 53020671.913, 53155287.3425]","[38229632.742375, 38193269.505, 38210031.31025]","[1, 2]",,,,,
mbpo_pickcube_20261007T143410_ba2d6827,PickCube-v1,mbpo,fit_start_restored,,290016,,,144,,,,,,,"[True, True, True]","[46381405.86225, 46201408.1305, 46226702.7785]","[66113425.392, 65926319.452, 65987097.596]","[1, 2]",,,,,
mbpo_pickcube_20261007T143410_ba2d6827,PickCube-v1,mbpo,fit_start_restored,,296000,,,147,,,,,,,"[False, True, True]","[55039192.63075, 54922588.7805, 54990051.6285]","[66542262.0, 66411630.368, 66425712.96]","[1, 2]",,,,,
mbpo_pickcube_20261007T143410_ba2d6827,PickCube-v1,mbpo,fit_start_restored,,298016,,,148,,,,,,,"[False, True, False]","[56698628.1039375, 56568899.6691875, 56655069.0186875]","[62852756.896, 62675640.512, 62770758.656]","[1, 2]",,,,,
mbpo_pickcube_20261007T143410_ba2d6827,PickCube-v1,mbpo,fit_start_restored,,300000,,,149,,,,,,,"[True, True, False]","[56746433.12075, 56636031.874375, 56680206.622875]","[38273206.45525, 38201763.79175, 38240687.434625]","[1, 2]",,,,,
mbpo_pickcube_20261007T143410_ba2d6827,PickCube-v1,mbpo,fit_start_restored,,302016,,,150,,,,,,,"[True, False, True]","[61085975.2245, 60950874.518, 60977259.91]","[20905541.425, 20805081.1675, 20829399.927875]","[1, 2]",,,,,
mbpo_pickcube_20261007T143410_ba2d6827,PickCube-v1,mbpo,fit_start_restored,,304000,,,151,,,,,,,"[True, False, True]","[53322857.803, 53187072.0635, 53248744.33]","[48750566.556, 48627125.606, 48680715.784]","[1, 2]",,,,,
mbpo_pickcube_20261007T143410_ba2d6827,PickCube-v1,mbpo,fit_start_restored,,308000,,,153,,,,,,,"[True, True, True]","[42804415.79475, 42718173.7665, 42741778.591]","[55828391.683, 55707202.152, 55693714.562]","[2, 1]",,,,,
mbpo_pickcube_20261007T143410_ba2d6827,PickCube-v1,mbpo,fit_start_restored,,310016,,,154,,,,,,,"[True, True, True]","[49908636.452, 49831726.78, 49828011.1105]","[42060544.554, 42028136.392, 42039070.308]","[1, 2]",,,,,
mbpo_pickcube_20261007T143410_ba2d6827,PickCube-v1,mbpo,fit_start_restored,,312000,,,155,,,,,,,"[False, True, True]","[42853011.17575, 42864833.961, 42820434.458]","[80035026.752, 79827058.144, 79884682.08]","[1, 2]",,,,,
mbpo_pickcube_20261007T143410_ba2d6827,PickCube-v1,mbpo,fit_start_restored,,314016,,,156,,,,,,,"[True, True, True]","[48176269.63775, 48094890.74, 48106400.8525]","[66069544.97, 65900180.726, 65900206.468]","[1, 2]",,,,,
mbpo_pickcube_20261007T143410_ba2d6827,PickCube-v1,mbpo,fit_start_restored,,316000,,,157,,,,,,,"[True, True, True]","[42833838.1485625, 42777733.5889375, 42788513.891375]","[49157011.326, 49118049.862, 49132034.114]","[1, 2]",,,,,
mbpo_pickcube_20261007T143410_ba2d6827,PickCube-v1,mbpo,fit_start_restored,,318016,,,158,,,,,,,"[False, False, True]","[60089687.3029375, 59891292.5885, 60005042.589]","[56048883.058, 55963915.548, 55974225.048]","[1, 2]",,,,,
mbpo_pickcube_20261007T143410_ba2d6827,PickCube-v1,mbpo,fit_start_restored,,320000,,,159,,,,,,,"[True, True, True]","[45560205.7561875, 45496703.35425, 45525637.020625]","[59642717.44, 59578098.24, 59639249.536]","[1, 2]",,,,,
mbpo_pickcube_20261007T143410_ba2d6827,PickCube-v1,mbpo,fit_start_restored,,322016,,,160,,,,,,,"[False, False, True]","[42869544.038, 42764223.546, 42727710.161]","[31698447.9505, 31692618.622, 31701974.506]","[1, 0]",,,,,
mbpo_pickcube_20261007T143410_ba2d6827,PickCube-v1,mbpo,generation_reward_extreme,,324000,,,161,-1.0794589519500732,,,,,,,,,"[1, 2]",0.3035605251789093,-1.113970398902893,0.3782236576080322,372000,374016
mbpo_pickcube_20261007T143410_ba2d6827,PickCube-v1,mbpo,fit_start_restored,,326016,,,162,,,,,,,"[False, True, False]","[56804351.62475, 56692907.873, 56721920.333]","[49225846.745, 49190357.472, 49191731.082]","[1, 2]",,,,,
mbpo_pickcube_20261007T143410_ba2d6827,PickCube-v1,mbpo,fit_start_restored,,328000,,,163,,,,,,,"[False, True, True]","[55771462.38125, 55735357.05, 55767930.888]","[35085047.795, 35094797.971, 35075378.608]","[2, 0]",,,,,
mbpo_pickcube_20261007T143410_ba2d6827,PickCube-v1,mbpo,fit_start_restored,,330016,,,164,,,,,,,"[True, False, True]","[49788117.95325, 49667527.328, 49740665.08775]","[20675685.91675, 20624963.17125, 20648399.0315]","[1, 2]",,,,,
mbpo_pickcube_20261007T143410_ba2d6827,PickCube-v1,mbpo,fit_start_restored,,332000,,,165,,,,,,,"[True, True, False]","[52576353.498, 52557785.805125, 52547502.395875]","[45617087.514, 45578699.919, 45584548.334]","[1, 2]",,,,,
mbpo_pickcube_20261007T143410_ba2d6827,PickCube-v1,mbpo,fit_start_restored,,334016,,,166,,,,,,,"[False, True, False]","[53955702.217, 53909360.513375, 54050043.1824375]","[83533198.864, 83503928.432, 83674920.528]","[1, 0]",,,,,
mbpo_pickcube_20261007T143410_ba2d6827,PickCube-v1,mbpo,fit_start_restored,,336000,,,167,,,,,,,"[True, True, True]","[48021560.2775, 47994031.8855, 48060892.60325]","[48784206.848, 48687995.904, 48825405.696]","[1, 0]",,,,,
mbpo_pickcube_20261007T143410_ba2d6827,PickCube-v1,mbpo,fit_start_restored,,338016,,,168,,,,,,,"[True, True, True]","[46196849.658, 46181575.882625, 46267659.6356875]","[55882541.834625, 55854947.83025, 55929819.4145]","[1, 0]",,,,,
mbpo_pickcube_20261007T143410_ba2d6827,PickCube-v1,mbpo,fit_start_restored,,340000,,,169,,,,,,,"[True, True, True]","[39445064.308125, 39414198.889125, 39454739.354]","[48543478.002, 48504396.913, 48623424.383]","[1, 0]",,,,,
mbpo_pickcube_20261007T143410_ba2d6827,PickCube-v1,mbpo,fit_start_restored,,342016,,,170,,,,,,,"[True, True, True]","[45429426.052875, 45422939.651, 45468066.9604375]","[56022473.398, 55988858.976, 56050470.509]","[1, 0]",,,,,
mbpo_pickcube_20261007T143410_ba2d6827,PickCube-v1,mbpo,fit_start_restored,,344000,,,171,,,,,,,"[False, True, False]","[44468670.868375, 44464612.915125, 44493862.3083125]","[27792717.959, 27721741.918, 27783102.216]","[1, 2]",,,,,
mbpo_pickcube_20261007T143410_ba2d6827,PickCube-v1,mbpo,fit_start_restored,,346016,,,172,,,,,,,"[True, True, True]","[37488534.78075, 37392870.0765, 37439538.983125]","[52413900.0, 52341367.68, 52394737.92]","[1, 2]",,,,,
mbpo_pickcube_20261007T143410_ba2d6827,PickCube-v1,mbpo,fit_start_restored,,350016,,,174,,,,,,,"[True, True, True]","[39420862.61975, 39359935.586625, 39390239.63775]","[55895886.58525, 55691976.6275, 55729525.759375]","[1, 2]",,,,,
mbpo_pickcube_20261007T143410_ba2d6827,PickCube-v1,mbpo,fit_start_restored,,352000,,,175,,,,,,,"[False, False, True]","[46109363.759125, 45939647.5265, 46040492.235]","[66211038.451, 65883536.476, 66031022.328]","[1, 2]",,,,,
mbpo_pickcube_20261007T143410_ba2d6827,PickCube-v1,mbpo,fit_start_restored,,354016,,,176,,,,,,,"[False, False, True]","[49680741.597625, 49568174.14275, 49630037.04775]","[52492622.134, 52474378.458, 52434623.406]","[2, 1]",,,,,
mbpo_pickcube_20261007T143410_ba2d6827,PickCube-v1,mbpo,fit_start_restored,,356000,,,177,,,,,,,"[True, True, True]","[43671301.078, 43599340.69675, 43614735.3965]","[38214137.14, 38079826.748, 38153780.116]","[1, 2]",,,,,
mbpo_pickcube_20261007T143410_ba2d6827,PickCube-v1,mbpo,fit_start_restored,,358016,,,178,,,,,,,"[True, True, True]","[49693077.32275, 49571759.7925, 49627343.193]","[35130372.369, 35103826.504, 35140677.202]","[1, 0]",,,,,
mbpo_pickcube_20261007T143410_ba2d6827,PickCube-v1,mbpo,fit_start_restored,,360000,,,179,,,,,,,"[True, True, True]","[40189469.734875, 40110887.2965, 40163848.827125]","[27991654.686375, 27967791.1285, 27971408.248]","[1, 2]",,,,,
mbpo_pickcube_20261007T143410_ba2d6827,PickCube-v1,mbpo,fit_start_restored,,362016,,,180,,,,,,,"[True, True, True]","[51542824.653375, 51462433.839875, 51458424.859625]","[27972622.694875, 27910925.6085, 27927316.694875]","[1, 2]",,,,,
mbpo_pickcube_20261007T143410_ba2d6827,PickCube-v1,mbpo,fit_start_restored,,364000,,,181,,,,,,,"[True, True, True]","[51503651.01675, 51347732.6415, 51389819.0045]","[55801301.6106875, 55655611.42425, 55703578.34825]","[1, 2]",,,,,
mbpo_pickcube_20261007T143410_ba2d6827,PickCube-v1,mbpo,fit_start_restored,,366016,,,182,,,,,,,"[False, True, True]","[41789877.2296875, 41781326.58775, 41780155.188]","[59492064.256, 59407661.312, 59465475.2]","[1, 2]",,,,,
mbpo_pickcube_20261007T143410_ba2d6827,PickCube-v1,mbpo,fit_start_restored,,368000,,,183,,,,,,,"[True, True, True]","[39325358.1275, 39290493.6615, 39328960.7425]","[45240252.106, 45146800.836, 45158128.502]","[1, 2]",,,,,
mbpo_pickcube_20261007T143410_ba2d6827,PickCube-v1,mbpo,fit_start_restored,,370016,,,184,,,,,,,"[True, True, True]","[34942346.18925, 34891983.346375, 34894696.97325]","[55451556.464, 55204942.336, 55247015.44]","[1, 2]",,,,,
mbpo_pickcube_20261007T143410_ba2d6827,PickCube-v1,mbpo,fit_start_restored,,372000,,,185,,,,,,,"[True, True, True]","[28782904.1333125, 28793841.7704375, 28759970.5853125]","[38348030.956, 38327597.158, 38309079.792]","[2, 1]",,,,,
mbpo_pickcube_20261007T143410_ba2d6827,PickCube-v1,mbpo,fit_start_restored,,374016,,,186,,,,,,,"[False, True, True]","[48905382.9645, 48856937.1725, 48856060.568]","[52358257.601, 52229127.194, 52296349.294]","[1, 2]",,,,,
mbpo_pickcube_20261007T143410_ba2d6827,PickCube-v1,mbpo,fit_start_restored,,376000,,,187,,,,,,,"[True, True, True]","[43613319.830125, 43531449.351875, 43582381.683]","[59595200.192, 59536976.448, 59521428.16]","[2, 1]",,,,,
mbpo_pickcube_20261007T143410_ba2d6827,PickCube-v1,mbpo,fit_start_restored,,378016,,,188,,,,,,,"[True, True, True]","[47155375.0385, 47077665.008, 47119991.1695]","[52557506.464, 52412107.84, 52477450.256]","[1, 2]",,,,,
mbpo_pickcube_20261007T143410_ba2d6827,PickCube-v1,mbpo,fit_start_restored,,380000,,,189,,,,,,,"[False, True, True]","[49691440.094, 49701697.0415, 49783619.71825]","[51791547.65, 51629909.37, 51803509.746]","[1, 0]",,,,,
mbpo_pickcube_20261007T143410_ba2d6827,PickCube-v1,mbpo,fit_start_restored,,382016,,,190,,,,,,,"[True, True, True]","[26217700.286875, 26189132.665375, 26226797.32425]","[38349783.06, 38196806.404, 38262581.752]","[1, 2]",,,,,
mbpo_pickcube_20261007T143410_ba2d6827,PickCube-v1,mbpo,generation_reward_extreme,,384000,,,191,-1.4286216497421265,,,,,,,,,"[1, 0]",0.5931075811386108,-1.420305609703064,0.5909098386764526,432000,434016
mbpo_pickcube_20261007T143410_ba2d6827,PickCube-v1,mbpo,fit_start_restored,,384000,,,191,,,,,,,"[True, True, True]","[52404719.482, 52385450.3975, 52422527.756375]","[38286602.485, 38240674.959, 38293523.285]","[1, 0]",,,,,
mbpo_pickcube_20261007T143410_ba2d6827,PickCube-v1,mbpo,fit_start_restored,,386016,,,192,,,,,,,"[True, True, True]","[42735066.967875, 42657503.6975, 42721335.096875]","[45523562.288, 45596826.586, 45510770.56]","[2, 0]",,,,,
mbpo_pickcube_20261007T143410_ba2d6827,PickCube-v1,mbpo,fit_start_restored,,388000,,,193,,,,,,,"[True, True, True]","[53286732.8975, 53175459.7295, 53251857.5015]","[44948937.344, 44799802.272, 44969103.552]","[1, 0]",,,,,
mbpo_pickcube_20261007T143410_ba2d6827,PickCube-v1,mbpo,fit_start_restored,,390016,,,194,,,,,,,"[False, True, True]","[50551011.6295, 50526584.608, 50560768.2945]","[38472042.836, 38501775.322, 38524630.612]","[0, 1]",,,,,
mbpo_pickcube_20261007T143410_ba2d6827,PickCube-v1,mbpo,fit_start_restored,,392000,,,195,,,,,,,"[True, True, True]","[34138858.985125, 34175714.528625, 34162284.19]","[59458996.48, 59388130.944, 59507376.0]","[1, 0]",,,,,
mbpo_pickcube_20261007T143410_ba2d6827,PickCube-v1,mbpo,fit_start_restored,,394016,,,196,,,,,,,"[True, True, True]","[40166690.5486875, 40101425.737125, 40158994.0183125]","[34705824.278, 34664600.75, 34690786.542]","[1, 2]",,,,,
mbpo_pickcube_20261007T143410_ba2d6827,PickCube-v1,mbpo,fit_start_restored,,396000,,,197,,,,,,,"[True, True, True]","[46120753.8185625, 46096142.025875, 46152241.922375]","[20997722.820125, 21035008.901, 21048748.098875]","[0, 1]",,,,,
mbpo_pickcube_20261007T143410_ba2d6827,PickCube-v1,mbpo,fit_start_restored,,398016,,,198,,,,,,,"[False, True, False]","[47793959.704875, 47681725.76325, 47783257.31]","[34751645.069, 34658139.016, 34713888.972]","[1, 2]",,,,,
mbpo_pickcube_20261007T143410_ba2d6827,PickCube-v1,mbpo,fit_start_restored,,400000,,,199,,,,,,,"[False, True, True]","[50328823.20475, 50315429.0185, 50414892.98525]","[45376659.424, 45350627.04, 45405005.92]","[1, 0]",,,,,
mbpo_pickcube_20261007T143410_ba2d6827,PickCube-v1,mbpo,fit_start_restored,,402016,,,200,,,,,,,"[True, True, True]","[35790248.141, 35768581.18425, 35794459.80075]","[24418535.466625, 24469041.615625, 24421334.7345625]","[0, 2]",,,,,
mbpo_pickcube_20261007T143410_ba2d6827,PickCube-v1,mbpo,fit_start_restored,,404000,,,201,,,,,,,"[True, False, True]","[40826947.3895, 40715735.20175, 40844937.92775]","[41687988.784, 41683856.66, 41731358.784]","[1, 0]",,,,,
mbpo_pickcube_20261007T143410_ba2d6827,PickCube-v1,mbpo,fit_start_restored,,408000,,,203,,,,,,,"[True, True, True]","[41826742.9084375, 41768841.89725, 41824432.276625]","[41782526.3591875, 41719481.1621875, 41785011.3494375]","[1, 0]",,,,,
mbpo_pickcube_20261007T143410_ba2d6827,PickCube-v1,mbpo,fit_start_restored,,410016,,,204,,,,,,,"[True, True, True]","[36740692.8695, 36789402.66, 36799513.109]","[45194980.1285625, 45080922.575625, 45164184.615875]","[1, 2]",,,,,
mbpo_pickcube_20261007T143410_ba2d6827,PickCube-v1,mbpo,fit_start_restored,,412000,,,205,,,,,,,"[False, True, False]","[42667949.8795, 42558716.5375, 42656195.88925]","[35042924.437, 35057355.034, 35083835.878]","[0, 1]",,,,,
mbpo_pickcube_20261007T143410_ba2d6827,PickCube-v1,mbpo,fit_start_restored,,414016,,,206,,,,,,,"[True, False, False]","[39006786.23234375, 38818403.4459375, 38973315.5135625]","[24543352.992, 24518493.876, 24529263.679]","[1, 2]",,,,,
mbpo_pickcube_20261007T143410_ba2d6827,PickCube-v1,mbpo,fit_start_restored,,416000,,,207,,,,,,,"[True, True, False]","[49706423.82975, 49609582.2905, 49623858.16525]","[52243517.38425, 52118554.1565, 52173872.023125]","[1, 2]",,,,,
mbpo_pickcube_20261007T143410_ba2d6827,PickCube-v1,mbpo,fit_start_restored,,418016,,,208,,,,,,,"[True, True, True]","[37523187.122, 37497141.8455, 37519580.752]","[55851085.0854375, 55712239.4525, 55766595.18075]","[1, 2]",,,,,
mbpo_pickcube_20261007T143410_ba2d6827,PickCube-v1,mbpo,fit_start_restored,,420000,,,209,,,,,,,"[True, True, False]","[39218472.5878125, 39142904.924875, 39148702.73825]","[31353665.204, 31321474.932, 31329805.113]","[1, 2]",,,,,
mbpo_pickcube_20261007T143410_ba2d6827,PickCube-v1,mbpo,fit_start_restored,,422016,,,210,,,,,,,"[False, True, True]","[35801001.4905, 35755055.5638125, 35767788.5653125]","[27677933.642, 27545878.677, 27637371.321]","[1, 2]",,,,,
mbpo_pickcube_20261007T143410_ba2d6827,PickCube-v1,mbpo,fit_start_restored,,424000,,,211,,,,,,,"[True, True, True]","[41083280.0625625, 40965569.979875, 41035877.800125]","[49122226.923, 49093841.614, 49115187.842]","[1, 2]",,,,,
mbpo_pickcube_20261007T143410_ba2d6827,PickCube-v1,mbpo,fit_start_restored,,426016,,,212,,,,,,,"[True, True, False]","[45477735.818625, 45412571.44525, 45400886.38975]","[27979504.034, 27979671.655, 27919618.987]","[2, 0]",,,,,
mbpo_pickcube_20261007T143410_ba2d6827,PickCube-v1,mbpo,fit_start_restored,,428000,,,213,,,,,,,"[True, True, True]","[41882426.7763125, 41770630.407375, 41852405.6944375]","[13892737.770375, 13928813.9574375, 13879284.8775]","[2, 0]",,,,,
mbpo_pickcube_20261007T143410_ba2d6827,PickCube-v1,mbpo,fit_start_restored,,430016,,,214,,,,,,,"[True, True, False]","[38247957.505, 38146912.435, 38131570.6145]","[38184682.844, 38154535.996, 38146191.616]","[2, 1]",,,,,
mbpo_pickcube_20261007T143410_ba2d6827,PickCube-v1,mbpo,fit_start_restored,,432000,,,215,,,,,,,"[True, True, True]","[38423812.64459375, 38373458.61009375, 38380458.5445625]","[45466293.264, 45382002.064, 45417167.936]","[1, 2]",,,,,
mbpo_pickcube_20261007T143410_ba2d6827,PickCube-v1,mbpo,fit_start_restored,,434016,,,216,,,,,,,"[False, True, True]","[33047560.26575, 33006452.6955, 33009768.43775]","[34767373.642375, 34702445.114, 34709523.686625]","[1, 2]",,,,,
mbpo_pickcube_20261007T143410_ba2d6827,PickCube-v1,mbpo,fit_start_restored,,436000,,,217,,,,,,,"[True, True, True]","[28837427.950375, 28783992.17375, 28810788.39675]","[38497669.587, 38449593.618, 38458748.533]","[1, 2]",,,,,
mbpo_pickcube_20261007T143410_ba2d6827,PickCube-v1,mbpo,generation_reward_extreme,,438016,,,218,-0.9268472194671631,,,,,,,,,"[1, 2]",2.1381542682647705,-0.9853193163871765,2.2065117359161377,486016,488000
mbpo_pickcube_20261007T143410_ba2d6827,PickCube-v1,mbpo,fit_start_restored,,438016,,,218,,,,,,,"[True, False, True]","[33929381.7660625, 33841035.3999375, 33835459.30425]","[31325959.32675, 31218938.54225, 31243417.358]","[1, 2]",,,,,
mbpo_pickcube_20261007T143410_ba2d6827,PickCube-v1,mbpo,fit_start_restored,,440000,,,219,,,,,,,"[True, True, True]","[36692281.67790625, 36654515.6570625, 36637063.698375]","[31290970.108, 31247950.54, 31201484.883]","[2, 1]",,,,,
mbpo_pickcube_20261007T143410_ba2d6827,PickCube-v1,mbpo,fit_start_restored,,442016,,,220,,,,,,,"[True, True, True]","[32302168.8599375, 32292187.4829375, 32299522.9535]","[45581075.88, 45674727.307, 45573897.8]","[2, 0]",,,,,
mbpo_pickcube_20261007T143410_ba2d6827,PickCube-v1,mbpo,fit_start_restored,,444000,,,221,,,,,,,"[True, True, True]","[43702784.68146875, 43677398.96371875, 43680736.19359375]","[38276529.075, 38201968.886, 38236308.59]","[1, 2]",,,,,
mbpo_pickcube_20261007T143410_ba2d6827,PickCube-v1,mbpo,fit_start_restored,,446016,,,222,,,,,,,"[True, True, True]","[39305633.93325, 39262955.73475, 39298112.5955]","[31372215.3021875, 31370297.0030625, 31310279.3010625]","[2, 1]",,,,,
mbpo_pickcube_20261007T143410_ba2d6827,PickCube-v1,mbpo,fit_start_restored,,448000,,,223,,,,,,,"[True, True, True]","[41881757.95989063, 41819729.708265625, 41771604.63590625]","[31352225.356, 31319704.376, 31321051.957]","[1, 2]",,,,,
mbpo_pickcube_20261007T143410_ba2d6827,PickCube-v1,mbpo,fit_start_restored,,450016,,,224,,,,,,,"[True, True, True]","[32347025.991625, 32369752.41425, 32316257.26965625]","[38723331.495, 38728173.386, 38711333.466]","[2, 0]",,,,,
mbpo_pickcube_20261007T143410_ba2d6827,PickCube-v1,mbpo,fit_start_restored,,452000,,,225,,,,,,,"[True, True, True]","[32394729.9841875, 32388165.06125, 32381574.586625]","[38486994.6011875, 38490816.4060625, 38506992.5758125]","[0, 1]",,,,,
mbpo_pickcube_20261007T143410_ba2d6827,PickCube-v1,mbpo,generation_reward_extreme,,454016,,,226,-0.8471373915672302,,,,,,,,,"[2, 1]",3.0062053203582764,-0.8522344827651978,2.9790701866149902,500000,not_observed
mbpo_pickcube_20261007T143410_ba2d6827,PickCube-v1,mbpo,fit_start_restored,,454016,,,226,,,,,,,"[True, True, True]","[33045160.854625, 33024816.865, 32989155.9855]","[52514610.352, 52499812.976, 52474281.744]","[2, 1]",,,,,
mbpo_pickcube_20261007T143410_ba2d6827,PickCube-v1,mbpo,generation_reward_extreme,,456000,,,227,-0.5196399092674255,,,,,,,,,"[1, 2]",2.1820409297943115,-0.5748172402381897,2.1937427520751953,500000,not_observed
mbpo_pickcube_20261007T143410_ba2d6827,PickCube-v1,mbpo,fit_start_restored,,456000,,,227,,,,,,,"[True, True, True]","[27059263.25575, 26994241.6055, 27029548.4525]","[31261788.082, 31194945.445375, 31217406.157375]","[1, 2]",,,,,
mbpo_pickcube_20261007T143410_ba2d6827,PickCube-v1,mbpo,generation_reward_extreme,,458016,,,228,-0.38369840383529663,,,,,,,,,"[2, 1]",2.399942636489868,-0.49957484006881714,2.428138494491577,500000,not_observed
mbpo_pickcube_20261007T143410_ba2d6827,PickCube-v1,mbpo,fit_start_restored,,458016,,,228,,,,,,,"[True, True, True]","[32327770.883453123, 32302839.84509375, 32291611.9646875]","[35015512.462, 35005043.846, 34982607.328]","[2, 1]",,,,,
mbpo_pickcube_20261007T143410_ba2d6827,PickCube-v1,mbpo,generation_reward_extreme,,460000,,,229,-0.6629410982131958,,,,,,,,,"[1, 2]",3.320509195327759,-0.9370223879814148,3.3070459365844727,500000,not_observed
mbpo_pickcube_20261007T143410_ba2d6827,PickCube-v1,mbpo,fit_start_restored,,460000,,,229,,,,,,,"[True, True, True]","[31467721.3116875, 31450357.8553125, 31426212.68875]","[27925211.995, 27885684.292, 27894156.437]","[1, 2]",,,,,
mbpo_pickcube_20261007T143410_ba2d6827,PickCube-v1,mbpo,fit_start_restored,,462016,,,230,,,,,,,"[True, True, True]","[34946687.6265625, 34907175.977125, 34904195.780375]","[45558349.623, 45546702.363, 45530353.024]","[2, 1]",,,,,
mbpo_pickcube_20261007T143410_ba2d6827,PickCube-v1,mbpo,generation_reward_extreme,,464000,,,231,-0.6512638926506042,,,,,,,,,"[1, 2]",3.293748140335083,-0.9300369620323181,3.314436912536621,500000,not_observed
mbpo_pickcube_20261007T143410_ba2d6827,PickCube-v1,mbpo,fit_start_restored,,464000,,,231,,,,,,,"[True, True, True]","[33109019.66775, 33065644.2505, 33030108.833]","[49010622.04925, 48956942.39075, 48959048.710375]","[1, 2]",,,,,
mbpo_pickcube_20261007T143410_ba2d6827,PickCube-v1,mbpo,fit_start_restored,,466016,,,232,,,,,,,"[True, True, True]","[34178966.8915, 34145336.6145, 34161911.40625]","[27793936.945, 27783600.388, 27820848.759]","[1, 0]",,,,,
mbpo_pickcube_20261007T143410_ba2d6827,PickCube-v1,mbpo,fit_start_restored,,468000,,,233,,,,,,,"[False, True, False]","[39199991.9585, 39182182.1705, 39176573.197]","[17459754.005125, 17477848.611625, 17468512.215]","[0, 2]",,,,,
mbpo_pickcube_20261007T143410_ba2d6827,PickCube-v1,mbpo,generation_reward_extreme,,470016,,,234,-1.0609915256500244,,,,,,,,,"[1, 2]",1.1473091840744019,-1.0672093629837036,1.119837999343872,500000,not_observed
mbpo_pickcube_20261007T143410_ba2d6827,PickCube-v1,mbpo,fit_start_restored,,470016,,,234,,,,,,,"[True, False, False]","[30441651.0360625, 30424612.2255625, 30438436.9559375]","[21045119.33803125, 21005984.55765625, 21008716.47525]","[1, 2]",,,,,
mbpo_pickcube_20261007T143410_ba2d6827,PickCube-v1,mbpo,fit_start_restored,,472000,,,235,,,,,,,"[True, True, True]","[33134763.07584375, 33142175.669625, 33137741.79715625]","[45469326.0369375, 45462880.522625, 45425615.6723125]","[2, 1]",,,,,
mbpo_pickcube_20261007T143410_ba2d6827,PickCube-v1,mbpo,fit_start_restored,,474016,,,236,,,,,,,"[True, True, True]","[34067096.7531875, 34081170.5341875, 34055605.64453125]","[28002701.737, 27956382.55, 27961447.586]","[1, 2]",,,,,
mbpo_pickcube_20261007T143410_ba2d6827,PickCube-v1,mbpo,fit_start_restored,,476000,,,237,,,,,,,"[True, True, True]","[31430815.22075, 31450710.67309375, 31401282.758375]","[48811659.048, 48884228.384, 48875168.502]","[0, 2]",,,,,
mbpo_pickcube_20261007T143410_ba2d6827,PickCube-v1,mbpo,generation_reward_extreme,,478016,,,238,-1.9738057851791382,,,,,,,,,"[2, 1]",0.815607488155365,-2.058072090148926,1.8217204809188843,500000,not_observed
mbpo_pickcube_20261007T143410_ba2d6827,PickCube-v1,mbpo,fit_start_restored,,478016,,,238,,,,,,,"[False, True, True]","[40155846.582546875, 40168364.17146875, 40166161.03625]","[28084465.2395, 28045288.882, 28033664.731]","[2, 1]",,,,,
mbpo_pickcube_20261007T143410_ba2d6827,PickCube-v1,mbpo,fit_start_restored,,480000,,,239,,,,,,,"[True, True, True]","[33156973.967015624, 33163596.112140626, 33132550.341984376]","[35139655.205, 35181215.321, 35135178.708]","[2, 0]",,,,,
mbpo_pickcube_20261007T143410_ba2d6827,PickCube-v1,mbpo,fit_start_restored,,482016,,,240,,,,,,,"[True, True, True]","[32372960.2756875, 32417553.093875, 32393135.2020625]","[28027443.382, 28008963.3065, 28038053.15]","[1, 0]",,,,,
mbpo_pickcube_20261007T143410_ba2d6827,PickCube-v1,mbpo,fit_start_restored,,484000,,,241,,,,,,,"[True, True, True]","[30611150.91025, 30601955.085625, 30589717.48175]","[45332507.176, 45345490.325, 45335175.874]","[0, 2]",,,,,
mbpo_pickcube_20261007T143410_ba2d6827,PickCube-v1,mbpo,generation_reward_extreme,,486016,,,242,-1.6406099796295166,,,,,,,,,"[1, 2]",0.8821569681167603,-1.9948222637176514,0.8794665336608887,500000,not_observed
mbpo_pickcube_20261007T143410_ba2d6827,PickCube-v1,mbpo,fit_start_restored,,486016,,,242,,,,,,,"[True, True, False]","[27939484.95028125, 27896415.2223125, 27925584.85484375]","[28100671.60853125, 28084291.350375, 28089153.5766875]","[1, 2]",,,,,
mbpo_pickcube_20261007T143410_ba2d6827,PickCube-v1,mbpo,fit_start_restored,,488000,,,243,,,,,,,"[True, True, True]","[26156217.475640625, 26139040.22403125, 26195411.386734374]","[24406923.53621875, 24460075.189625, 24510601.660125]","[0, 1]",,,,,
mbpo_pickcube_20261007T143410_ba2d6827,PickCube-v1,mbpo,fit_start_restored,,490016,,,244,,,,,,,"[False, True, True]","[35068144.40925, 35016489.428625, 35048069.070875]","[35203677.3165, 35239354.9565, 35210109.899]","[0, 2]",,,,,
mbpo_pickcube_20261007T143410_ba2d6827,PickCube-v1,mbpo,generation_reward_extreme,,492000,,,245,-1.0109984874725342,,,,,,,,,"[1, 2]",0.7866803407669067,-2.06374192237854,0.8088035583496094,500000,not_observed
mbpo_pickcube_20261007T143410_ba2d6827,PickCube-v1,mbpo,fit_start_restored,,492000,,,245,,,,,,,"[True, True, True]","[28910743.855125, 28889135.672, 28928857.942375]","[35047261.1860625, 35000499.6131875, 35016875.130875]","[1, 2]",,,,,
mbpo_pickcube_20261007T143410_ba2d6827,PickCube-v1,mbpo,fit_start_restored,,496000,,,247,,,,,,,"[True, True, True]","[45595834.29425, 45558311.416, 45610867.87771875]","[34979361.317859374, 34892174.801875, 34970439.45184375]","[1, 2]",,,,,
mbpo_pickcube_20261007T143410_ba2d6827,PickCube-v1,mbpo,fit_start_restored,,498016,,,248,,,,,,,"[False, True, True]","[41078068.00264063, 41020542.99575, 41110331.15220313]","[35136013.49325, 35086402.157, 35099135.75875]","[1, 2]",,,,,
mbpo_pickcube_20261007T143410_ba2d6827,PickCube-v1,mbpo,fit_start_restored,,500000,,,249,,,,,,,"[False, True, False]","[33217463.874226563, 33191045.50440625, 33253950.1068125]","[38734842.3105, 38741957.005, 38726014.144125]","[2, 0]",,,,,
mbpo_pushcube_500k_20261007T094728_f9d45348,PushCube-v1,mbpo,fit_start_restored,,6016,,,2,,,,,,,"[True, False, False]","[0.26265139010599986, 0.09679795172682379, 0.10113431789629578]","[0.3171837557407587, 0.15804746762809907, 0.22588846071972415]","[1, 2]",,,,,
mbpo_pushcube_500k_20261007T094728_f9d45348,PushCube-v1,mbpo,fit_start_restored,,18016,,,8,,,,,,,"[False, True, False]","[-1.655611629486084, -1.645335283279419, -1.748617073059082]","[-1.7157926921844482, -1.7098843183517456, -1.6913590574264525]","[0, 1]",,,,,
mbpo_pushcube_500k_20261007T094728_f9d45348,PushCube-v1,mbpo,fit_start_restored,,24000,,,11,,,,,,,"[False, False, True]","[-1.5726607351303101, -1.5778173742294312, -1.5184294118881225]","[-1.4649009923934937, -1.4899030055999756, -1.4538711795806885]","[1, 0]",,,,,
mbpo_pushcube_500k_20261007T094728_f9d45348,PushCube-v1,mbpo,fit_start_restored,,26016,,,12,,,,,,,"[True, False, False]","[-0.6770633590221405, -1.3741448745727538, -1.2876555709838866]","[-1.485960555076599, -1.5491092710494996, -1.3710451374053956]","[1, 0]",,,,,
mbpo_pushcube_500k_20261007T094728_f9d45348,PushCube-v1,mbpo,fit_start_restored,,32000,,,15,,,,,,,"[True, False, True]","[-1.0046200218200683, -1.1836617107391358, -1.027062002182007]","[-1.0001869831085206, -1.143765643119812, -1.0033962564468384]","[1, 2]",,,,,
mbpo_pushcube_500k_20261007T094728_f9d45348,PushCube-v1,mbpo,fit_start_restored,,36000,,,17,,,,,,,"[False, False, True]","[-0.9552305941581726, -1.123429060935974, -0.945688810825348]","[-0.8744526300430298, -0.9936874122619629, -0.8292825784683228]","[1, 0]",,,,,
mbpo_pushcube_500k_20261007T094728_f9d45348,PushCube-v1,mbpo,fit_start_restored,,46016,,,22,,,,,,,"[False, True, False]","[-0.5952931311130524, -0.6070268346071244, -0.5616850080490112]","[-0.6375100746154785, -0.7570236010551452, -0.6091307394504547]","[1, 0]",,,,,
mbpo_pushcube_500k_20261007T094728_f9d45348,PushCube-v1,mbpo,fit_start_restored,,52000,,,25,,,,,,,"[False, True, False]","[-0.6838034055493772, -0.7063674104809761, -0.6460475861430168]","[-0.5257519733905792, -0.10557548999786377, -0.5460371885299683]","[2, 0]",,,,,
mbpo_pushcube_500k_20261007T094728_f9d45348,PushCube-v1,mbpo,fit_start_restored,,58016,,,28,,,,,,,"[False, True, False]","[-0.6624762433767318, -0.6264951985925437, -0.6026721782684327]","[-0.5491076416969299, -0.44796211528778074, -0.5293568420410156]","[0, 2]",,,,,
mbpo_pushcube_500k_20261007T094728_f9d45348,PushCube-v1,mbpo,fit_start_restored,,60000,,,29,,,,,,,"[True, False, True]","[-0.554829603433609, -0.6245737459659576, -0.5304015550613403]","[-0.8320143432617187, -0.8457764210700989, -0.8083228294849396]","[1, 0]",,,,,
mbpo_pushcube_500k_20261007T094728_f9d45348,PushCube-v1,mbpo,fit_start_restored,,62016,,,30,,,,,,,"[True, True, False]","[-0.5580401381254196, 0.254442982673645, -0.6350809633731842]","[-0.5955705909729004, -0.6322902221679687, -0.5793397898674011]","[1, 0]",,,,,
mbpo_pushcube_500k_20261007T094728_f9d45348,PushCube-v1,mbpo,fit_start_restored,,64000,,,31,,,,,,,"[True, False, True]","[-0.5330220305919647, -0.6240692771673203, -0.5972485737800598]","[-0.4696647071838379, -0.43060427951812746, -0.3913264212608337]","[0, 1]",,,,,
mbpo_pushcube_500k_20261007T094728_f9d45348,PushCube-v1,mbpo,fit_start_restored,,66016,,,32,,,,,,,"[False, False, True]","[-0.4549824032783508, -0.3706372920870781, -0.2388811844587326]","[-0.5027422906160355, -0.5396109002232552, -0.44345828871428966]","[1, 0]",,,,,
mbpo_pushcube_500k_20261007T094728_f9d45348,PushCube-v1,mbpo,fit_start_restored,,68000,,,33,,,,,,,"[False, False, True]","[-0.3242882701158524, -0.4405628522634506, -0.30611647672206166]","[-0.38388036453723906, -0.38126887822151184, -0.2816246776580811]","[0, 1]",,,,,
mbpo_pushcube_500k_20261007T094728_f9d45348,PushCube-v1,mbpo,fit_start_restored,,70016,,,34,,,,,,,"[True, False, True]","[-0.0740497168675065, -0.40597227573394773, -0.23706659771339036]","[-0.16491155624389647, -0.27346704149246215, -0.23828644514083863]","[1, 2]",,,,,
mbpo_pushcube_500k_20261007T094728_f9d45348,PushCube-v1,mbpo,fit_start_restored,,72000,,,35,,,,,,,"[False, False, True]","[-0.6450942897796631, -0.6794454483985901, -0.5270029590725899]","[-0.1472922315597534, -0.23218864050507546, -0.005123560547828674]","[1, 0]",,,,,
mbpo_pushcube_500k_20261007T094728_f9d45348,PushCube-v1,mbpo,fit_start_restored,,74016,,,36,,,,,,,"[False, False, True]","[-0.5681790945529938, -0.6283178505897522, -0.37611044585332276]","[-0.5145913686752319, -0.5408956255912781, -0.340837571144104]","[1, 0]",,,,,
mbpo_pushcube_500k_20261007T094728_f9d45348,PushCube-v1,mbpo,fit_start_restored,,78016,,,38,,,,,,,"[False, False, True]","[-0.5458511771559715, -0.5893827998638153, -0.3558670403957367]","[-0.6023682243824006, -0.6501932075023651, -0.4985638163089752]","[1, 0]",,,,,
mbpo_pushcube_500k_20261007T094728_f9d45348,PushCube-v1,mbpo,fit_start_restored,,82016,,,40,,,,,,,"[False, False, True]","[-0.5982590444684028, -0.6354705075621605, -0.4624586284160614]","[-0.5377403359413147, -0.5683534240722656, -0.3432437706589699]","[1, 0]",,,,,
mbpo_pushcube_500k_20261007T094728_f9d45348,PushCube-v1,mbpo,fit_start_restored,,84000,,,41,,,,,,,"[True, True, True]","[-0.5964528548419475, -0.5967128339409828, -0.3633748272061348]","[-0.6349340238571167, -0.6916720361709595, -0.5487123746871948]","[1, 0]",,,,,
mbpo_pushcube_500k_20261007T094728_f9d45348,PushCube-v1,mbpo,fit_start_restored,,86016,,,42,,,,,,,"[True, True, True]","[-0.4637409211397171, -0.468290540933609, -0.3271314164400101]","[-0.4406783998012543, -0.47126608109474183, -0.33930240535736084]","[1, 0]",,,,,
mbpo_pushcube_500k_20261007T094728_f9d45348,PushCube-v1,mbpo,fit_start_restored,,88000,,,43,,,,,,,"[True, True, False]","[-0.5904578375816345, -0.6029241969585418, -0.5419018337726593]","[-0.35343537813425063, -0.3793125874400139, -0.28422121477127077]","[1, 0]",,,,,
mbpo_pushcube_500k_20261007T094728_f9d45348,PushCube-v1,mbpo,fit_start_restored,,90016,,,44,,,,,,,"[True, True, False]","[-0.37820548164844514, -0.4056994270319119, -0.30260571867227554]","[-0.08229780673980713, -0.13175968146324157, 0.04658010315895081]","[1, 0]",,,,,
mbpo_pushcube_500k_20261007T094728_f9d45348,PushCube-v1,mbpo,fit_start_restored,,92000,,,45,,,,,,,"[True, True, True]","[-0.45388664814829827, -0.3066955728530884, 0.008315542280673981]","[-0.7184498949050904, -0.7582650017738343, -0.6026130437850952]","[1, 0]",,,,,
mbpo_pushcube_500k_20261007T094728_f9d45348,PushCube-v1,mbpo,fit_start_restored,,100000,,,49,,,,,,,"[True, True, True]","[-0.651831704467535, -0.5840733608007431, -0.4696821954250336]","[-0.5598229427337647, -0.5627042641639709, -0.4874610939025879]","[1, 0]",,,,,
mbpo_pushcube_500k_20261007T094728_f9d45348,PushCube-v1,mbpo,fit_start_restored,,104000,,,51,,,,,,,"[True, True, True]","[-0.5058133687973022, -0.25251177644729617, -0.4429942205250263]","[-0.6255366048812866, -0.6532046484947205, -0.5727207207679749]","[1, 0]",,,,,
mbpo_pushcube_500k_20261007T094728_f9d45348,PushCube-v1,mbpo,fit_start_restored,,108000,,,53,,,,,,,"[True, False, False]","[-0.7700044612884521, -0.8181369681358337, -0.7230534138679504]","[-0.5938763675689698, -0.6290134119987488, -0.581076325416565]","[1, 0]",,,,,
mbpo_pushcube_500k_20261007T094728_f9d45348,PushCube-v1,mbpo,fit_start_restored,,112000,,,55,,,,,,,"[True, True, False]","[-0.5598705697208642, -0.6231898103952408, -0.5775400987565518]","[-0.6015493156909942, -0.5752159042358398, -0.5691435885429382]","[0, 1]",,,,,
mbpo_pushcube_500k_20261007T094728_f9d45348,PushCube-v1,mbpo,fit_start_restored,,114016,,,56,,,,,,,"[True, False, False]","[-0.7979102852344513, -0.858123231768608, -0.8087364573478699]","[-0.7601451759338379, -0.778375850200653, -0.7115092058181762]","[1, 0]",,,,,
mbpo_pushcube_500k_20261007T094728_f9d45348,PushCube-v1,mbpo,fit_start_restored,,116000,,,57,,,,,,,"[True, False, False]","[-0.7390032888650894, -0.7884794545173645, -0.5702155323028565]","[-0.376181449919939, -0.3915717961192131, -0.39292670498788357]","[2, 1]",,,,,
mbpo_pushcube_500k_20261007T094728_f9d45348,PushCube-v1,mbpo,fit_start_restored,,118016,,,58,,,,,,,"[True, False, False]","[-0.7439280069470405, -0.7945710698962212, -0.8069707212448121]","[-0.8709243669509887, -0.8845009136199952, -0.9449872512817383]","[2, 1]",,,,,
mbpo_pushcube_500k_20261007T094728_f9d45348,PushCube-v1,mbpo,fit_start_restored,,120000,,,59,,,,,,,"[True, False, True]","[-0.7074550874233246, -0.7848670949935913, -0.4989863220453262]","[-0.8509635868072509, -0.7834232535362243, -0.8107636365890503]","[0, 2]",,,,,
mbpo_pushcube_500k_20261007T094728_f9d45348,PushCube-v1,mbpo,fit_start_restored,,122016,,,60,,,,,,,"[True, False, False]","[-0.769070611000061, -0.855970184803009, -0.8202196776866912]","[-0.6889946060180664, -0.7589234895706177, -0.6511599607467652]","[1, 0]",,,,,
mbpo_pushcube_500k_20261007T094728_f9d45348,PushCube-v1,mbpo,fit_start_restored,,124000,,,61,,,,,,,"[True, True, False]","[-0.760024950504303, -0.8337171807289123, -0.7766753134727478]","[-0.6991302671432496, -0.6770092010498047, -0.5471076240539551]","[0, 1]",,,,,
mbpo_pushcube_500k_20261007T094728_f9d45348,PushCube-v1,mbpo,fit_start_restored,,126016,,,62,,,,,,,"[True, False, False]","[-0.7191472161412239, -0.8343012912273406, -0.7927102029919625]","[-0.8029247653484345, -0.869439742565155, -0.8203516898155212]","[1, 2]",,,,,
mbpo_pushcube_500k_20261007T094728_f9d45348,PushCube-v1,mbpo,fit_start_restored,,128000,,,63,,,,,,,"[True, False, False]","[-0.5349171625524759, -0.6038497359752655, -0.6594460524916649]","[-0.6691614909172058, -0.6749069762229919, -0.6861023592948914]","[2, 1]",,,,,
mbpo_pushcube_500k_20261007T094728_f9d45348,PushCube-v1,mbpo,fit_start_restored,,130016,,,64,,,,,,,"[False, True, False]","[-0.7558736579418183, -0.7639863777607679, -0.7994340636730194]","[-0.47266810035705564, -0.5436602926254273, -0.5120703430175781]","[1, 2]",,,,,
mbpo_pushcube_500k_20261007T094728_f9d45348,PushCube-v1,mbpo,fit_start_restored,,132000,,,65,,,,,,,"[True, False, True]","[-0.43843369710445407, -0.8141264375448227, -0.7494399650096893]","[-0.8255116786956788, -0.8459277801513672, -0.8501937503814697]","[2, 1]",,,,,
mbpo_pushcube_500k_20261007T094728_f9d45348,PushCube-v1,mbpo,fit_start_restored,,134016,,,66,,,,,,,"[True, False, False]","[-0.7742123675346374, -0.9076922492980957, -0.9093359251022339]","[-0.9043557405471802, -1.0022193665504455, -0.9537705698013306]","[1, 2]",,,,,
mbpo_pushcube_500k_20261007T094728_f9d45348,PushCube-v1,mbpo,fit_start_restored,,136000,,,67,,,,,,,"[False, False, True]","[-0.8983327584266663, -0.9329679232835769, -0.6094632835388184]","[-0.9645162563323975, -1.0097701473236085, -1.010968048095703]","[2, 1]",,,,,
mbpo_pushcube_500k_20261007T094728_f9d45348,PushCube-v1,mbpo,generation_reward_extreme,,138016,,,68,-1.2309998273849487,,,,,,,,,"[1, 2]",1.189435601234436,-1.2905678749084473,1.0857653617858887,,not_observed
mbpo_pushcube_500k_20261007T094728_f9d45348,PushCube-v1,mbpo,fit_start_restored,,138016,,,68,,,,,,,"[False, False, True]","[-0.8863618996143341, -0.9699073015451432, -0.8841802751421929]","[-0.7375206542015076, -0.8297311480045318, -0.7696720743179322]","[1, 2]",,,,,
mbpo_pushcube_500k_20261007T094728_f9d45348,PushCube-v1,mbpo,fit_start_restored,,140000,,,69,,,,,,,"[False, True, False]","[-0.8302354609072209, -0.8785600385665894, -0.7580730745196342]","[-0.8230442719459534, -0.898755693435669, -0.8448215956687928]","[1, 2]",,,,,
mbpo_pushcube_500k_20261007T094728_f9d45348,PushCube-v1,mbpo,fit_start_restored,,142016,,,70,,,,,,,"[False, False, True]","[-0.9959231665879488, -1.0826225032806396, -0.8867370857000351]","[-0.6832267465591431, -0.759620701789856, -0.6946502714157105]","[1, 2]",,,,,
mbpo_pushcube_500k_20261007T094728_f9d45348,PushCube-v1,mbpo,fit_start_restored,,144000,,,71,,,,,,,"[True, True, True]","[-0.7439390411376953, -0.8652593932151794, -0.7948438715934754]","[-0.9451897764205932, -1.0226384201049805, -0.9505078086853027]","[1, 2]",,,,,
mbpo_pushcube_500k_20261007T094728_f9d45348,PushCube-v1,mbpo,fit_start_restored,,146016,,,72,,,,,,,"[False, False, True]","[-0.5058282134532929, -0.8080680162906647, -0.2478800542652607]","[-0.7617697029113769, -0.7967298307418823, -0.7727524752616882]","[1, 2]",,,,,
mbpo_pushcube_500k_20261007T094728_f9d45348,PushCube-v1,mbpo,fit_start_restored,,148000,,,73,,,,,,,"[True, False, True]","[-0.5049118485450744, -0.9621601462364197, -0.4592985665798187]","[-0.8196954823434353, -0.8784394207000732, -0.8320893607139588]","[1, 2]",,,,,
mbpo_pushcube_500k_20261007T094728_f9d45348,PushCube-v1,mbpo,fit_start_restored,,150016,,,74,,,,,,,"[False, False, True]","[-0.8064238409996033, -0.8488363301493227, -0.5488711713552475]","[-0.6520891281366348, -0.7634918258190155, -0.6528960272073746]","[1, 2]",,,,,
mbpo_pushcube_500k_20261007T094728_f9d45348,PushCube-v1,mbpo,fit_start_restored,,152000,,,75,,,,,,,"[False, True, True]","[-0.9207328740358353, -0.8986088505983353, -0.7854512478113175]","[-0.6441502475738525, -0.7324555549621582, -0.6519522409439087]","[1, 2]",,,,,
mbpo_pushcube_500k_20261007T094728_f9d45348,PushCube-v1,mbpo,fit_start_restored,,154016,,,76,,,,,,,"[True, False, True]","[-0.8323688488975167, -0.9526143193244934, -0.8151117641031742]","[-0.9687668704986572, -1.027602560043335, -0.9643342599868775]","[1, 0]",,,,,
mbpo_pushcube_500k_20261007T094728_f9d45348,PushCube-v1,mbpo,fit_start_restored,,156000,,,77,,,,,,,"[False, True, True]","[-0.8784181871414185, -0.9461047573089599, -0.8107389719486237]","[-1.0804163570404053, -1.121052237510681, -0.8775492563247681]","[1, 0]",,,,,
mbpo_pushcube_500k_20261007T094728_f9d45348,PushCube-v1,mbpo,fit_start_restored,,158016,,,78,,,,,,,"[True, False, False]","[-0.9160795783996583, -1.071001657485962, -0.9692201366424561]","[-0.8649784326553345, -0.8824678640365601, -0.9240265741348267]","[2, 1]",,,,,
mbpo_pushcube_500k_20261007T094728_f9d45348,PushCube-v1,mbpo,fit_start_restored,,162016,,,80,,,,,,,"[True, True, True]","[-0.7935559248477221, -0.8735936460494995, -0.5819469798207283]","[-0.8785734739303589, -0.9440387687683105, -0.9227828168869019]","[1, 2]",,,,,
mbpo_pushcube_500k_20261007T094728_f9d45348,PushCube-v1,mbpo,generation_reward_extreme,,164000,,,81,-1.1150472164154053,,,,,,,,,"[1, 2]",1.1470602750778198,-1.24812650680542,1.0990352630615234,,not_observed
mbpo_pushcube_500k_20261007T094728_f9d45348,PushCube-v1,mbpo,fit_start_restored,,164000,,,81,,,,,,,"[False, True, True]","[-0.8736949902661145, -0.988148579955101, -0.8162083398699761]","[-0.7574279470443726, -0.9774775619506836, -0.8331800203323364]","[1, 2]",,,,,
mbpo_pushcube_500k_20261007T094728_f9d45348,PushCube-v1,mbpo,fit_start_restored,,166016,,,82,,,,,,,"[False, True, True]","[-1.1234579191207885, 1.8393060842752456, -0.022885506629943847]","[-0.9788118786811829, -1.0526779398918151, -0.9584198722839355]","[1, 0]",,,,,
mbpo_pushcube_500k_20261007T094728_f9d45348,PushCube-v1,mbpo,fit_start_restored,,168000,,,83,,,,,,,"[False, True, False]","[-1.0145190550088883, -0.8853900032043457, -1.0372858362197876]","[-1.1756862630844116, -1.257923011779785, -1.1893856697082519]","[1, 2]",,,,,
mbpo_pushcube_500k_20261007T094728_f9d45348,PushCube-v1,mbpo,fit_start_restored,,170016,,,84,,,,,,,"[False, True, False]","[-0.9252838876247406, -0.9852134085595607, -0.9517318373918533]","[-1.151649498939514, -1.2564431819915771, -1.1495285377502442]","[1, 0]",,,,,
mbpo_pushcube_500k_20261007T094728_f9d45348,PushCube-v1,mbpo,fit_start_restored,,172000,,,85,,,,,,,"[True, True, True]","[-1.025301091194153, -1.1221340680122376, -1.0240396108627319]","[-1.0230168581008912, -1.0119432113170623, -0.5684268627166748]","[0, 1]",,,,,
mbpo_pushcube_500k_20261007T094728_f9d45348,PushCube-v1,mbpo,fit_start_restored,,174016,,,86,,,,,,,"[False, True, True]","[-1.1050228652954102, -1.174968385696411, -1.0842838172912597]","[-1.2977249565124511, -1.3800426359176636, -1.305659436225891]","[1, 2]",,,,,
mbpo_pushcube_500k_20261007T094728_f9d45348,PushCube-v1,mbpo,fit_start_restored,,176000,,,87,,,,,,,"[False, True, True]","[-1.0306179904937744, -1.0639951691627503, -0.9825293350219727]","[-1.207983636856079, -1.3059679307937622, -1.2148683471679687]","[1, 2]",,,,,
mbpo_pushcube_500k_20261007T094728_f9d45348,PushCube-v1,mbpo,fit_start_restored,,178016,,,88,,,,,,,"[True, True, False]","[-0.9713770446777343, -0.3986775679588318, -1.083125180721283]","[-0.9931096992492676, -1.0317494640350342, -0.9508128094673157]","[1, 0]",,,,,
mbpo_pushcube_500k_20261007T094728_f9d45348,PushCube-v1,mbpo,fit_start_restored,,180000,,,89,,,,,,,"[True, True, False]","[-0.9218712586164475, -1.0077488197088242, -0.9687605084180831]","[-1.0830552101135253, -1.1645312643051147, -1.0948727436065673]","[1, 2]",,,,,
mbpo_pushcube_500k_20261007T094728_f9d45348,PushCube-v1,mbpo,generation_reward_extreme,,186016,,,92,-1.9074723720550537,,,,,,,,,"[1, 2]",1.2199045419692993,-1.8056524991989136,1.0908983945846558,,not_observed
mbpo_pushcube_500k_20261007T094728_f9d45348,PushCube-v1,mbpo,fit_start_restored,,186016,,,92,,,,,,,"[True, True, False]","[-1.1206684531122446, -1.131162064552307, -1.1873394837379456]","[-1.1426984720230102, -1.197990900039673, -1.1613356714248657]","[1, 2]",,,,,
mbpo_pushcube_500k_20261007T094728_f9d45348,PushCube-v1,mbpo,fit_start_restored,,188000,,,93,,,,,,,"[False, False, True]","[-1.2431706075668334, -1.2590890293121337, -1.021642261505127]","[-1.2150279350280762, -1.2753748655319215, -1.2296538095474243]","[1, 2]",,,,,
mbpo_pushcube_500k_20261007T094728_f9d45348,PushCube-v1,mbpo,generation_reward_extreme,,190016,,,94,-1.0652830600738525,,,,,,,,,"[1, 0]",1.1983565092086792,-1.0142608880996704,1.0983332395553589,,not_observed
mbpo_pushcube_500k_20261007T094728_f9d45348,PushCube-v1,mbpo,fit_start_restored,,192000,,,95,,,,,,,"[True, True, True]","[-1.1600019354224205, -1.2316689965724945, -1.1794004793167114]","[-1.1437127170562744, -1.1402389602661134, 1.305192003250122]","[0, 1]",,,,,
mbpo_pushcube_500k_20261007T094728_f9d45348,PushCube-v1,mbpo,fit_start_restored,,194016,,,96,,,,,,,"[True, False, True]","[-1.191922221660614, -1.2818037176132202, -1.2195917041301727]","[-1.3481164598464965, -1.4208128700256348, -1.3716651992797853]","[1, 2]",,,,,
mbpo_pushcube_500k_20261007T094728_f9d45348,PushCube-v1,mbpo,fit_start_restored,,196000,,,97,,,,,,,"[True, False, False]","[-1.0428018798828125, -1.1221920375823975, -1.151554144859314]","[-1.2734249858856201, -1.3002133665084838, -1.2596749782562255]","[1, 0]",,,,,
mbpo_pushcube_500k_20261007T094728_f9d45348,PushCube-v1,mbpo,fit_start_restored,,198016,,,98,,,,,,,"[True, False, True]","[-0.9160002183914184, -1.3816592445373534, -1.0362386426925658]","[-1.1068286542892456, -1.2030725479125977, -1.1045773935317993]","[1, 0]",,,,,
mbpo_pushcube_500k_20261007T094728_f9d45348,PushCube-v1,mbpo,fit_start_restored,,200000,,,99,,,,,,,"[True, True, False]","[-0.8373239402770996, -1.0084569911956787, -0.8946654033660889]","[-1.4546322622299195, -1.5420813369750976, -1.424645071029663]","[1, 0]",,,,,
mbpo_pushcube_500k_20261007T094728_f9d45348,PushCube-v1,mbpo,fit_start_restored,,202016,,,100,,,,,,,"[True, False, False]","[-1.1762769569158553, -1.3225673587322235, -1.2278635069727897]","[-1.2698984327316285, -1.4063767948150634, -1.324605341911316]","[1, 2]",,,,,
mbpo_pushcube_500k_20261007T094728_f9d45348,PushCube-v1,mbpo,fit_start_restored,,206016,,,102,,,,,,,"[True, True, False]","[-1.083866158246994, -1.333780605316162, -1.1586342997550965]","[-1.0910450439453125, -1.1932968187332154, -0.7733347272872925]","[1, 0]",,,,,
mbpo_pushcube_500k_20261007T094728_f9d45348,PushCube-v1,mbpo,fit_start_restored,,208000,,,103,,,,,,,"[True, False, False]","[-1.282860333442688, -1.4101475009918212, -1.3569996881484985]","[-1.245556336402893, -1.3718709001541138, -1.2926590023040772]","[1, 2]",,,,,
mbpo_pushcube_500k_20261007T094728_f9d45348,PushCube-v1,mbpo,fit_start_restored,,210016,,,104,,,,,,,"[True, True, False]","[-1.2911099548339844, -1.1455290822982789, -1.3854343338012696]","[-1.4264341220855712, -1.5732333421707154, -1.4921835823059082]","[1, 2]",,,,,
mbpo_pushcube_500k_20261007T094728_f9d45348,PushCube-v1,mbpo,fit_start_restored,,212000,,,105,,,,,,,"[False, True, False]","[-1.3450556025505065, -1.4126097135543823, -1.360169158935547]","[-1.3201971864700317, -1.4252988986968995, -1.3592348833084107]","[1, 2]",,,,,
mbpo_pushcube_500k_20261007T094728_f9d45348,PushCube-v1,mbpo,fit_start_restored,,220000,,,109,,,,,,,"[True, False, False]","[-1.3345986614227294, -1.4459602489471435, -1.3856633777618408]","[-1.468452844619751, -1.461197301864624, -1.502305238723755]","[2, 0]",,,,,
mbpo_pushcube_500k_20261007T094728_f9d45348,PushCube-v1,mbpo,fit_start_restored,,222016,,,110,,,,,,,"[True, True, False]","[-1.189779757499695, -1.2953662476539611, -1.2775738209486007]","[-1.581772686958313, -1.661661994934082, -1.634172266960144]","[1, 2]",,,,,
mbpo_pushcube_500k_20261007T094728_f9d45348,PushCube-v1,mbpo,fit_start_restored,,224000,,,111,,,,,,,"[True, True, True]","[-1.3408344593048096, -1.4332962760925292, -1.3799668130874634]","[-1.443772572517395, -1.43748233127594, -1.5294295473098756]","[2, 0]",,,,,
mbpo_pushcube_500k_20261007T094728_f9d45348,PushCube-v1,mbpo,fit_start_restored,,226016,,,112,,,,,,,"[True, True, False]","[-0.876179295539856, -1.323071223258972, -1.4020992259979248]","[-1.2972576169967651, -1.290426637172699, -1.3493028211593627]","[2, 0]",,,,,
mbpo_pushcube_500k_20261007T094728_f9d45348,PushCube-v1,mbpo,fit_start_restored,,228000,,,113,,,,,,,"[True, False, True]","[-1.155025064945221, -1.4138798849582672, -1.3798338668346406]","[-1.3812840156555175, -1.4709575481414794, -1.437660662651062]","[1, 2]",,,,,
mbpo_pushcube_500k_20261007T094728_f9d45348,PushCube-v1,mbpo,fit_start_restored,,230016,,,114,,,,,,,"[True, False, True]","[-1.3410243129730224, -1.4349585342407227, -1.3783480587005614]","[-1.4844942779541015, -1.5502357568740845, -1.5360619850158692]","[1, 2]",,,,,
mbpo_pushcube_500k_20261007T094728_f9d45348,PushCube-v1,mbpo,fit_start_restored,,232000,,,115,,,,,,,"[False, False, True]","[-1.3342099828720093, -1.4147712287902832, -1.3545723867416382]","[-1.3276049003601074, -1.4279807319641113, -1.4189055633544922]","[1, 2]",,,,,
mbpo_pushcube_500k_20261007T094728_f9d45348,PushCube-v1,mbpo,fit_start_restored,,236000,,,117,,,,,,,"[True, True, True]","[-1.3569495739936828, -1.4704414884448052, -1.415295825302601]","[-1.4503441801071166, -1.5442265071868897, -1.4864793910980225]","[1, 2]",,,,,
mbpo_pushcube_500k_20261007T094728_f9d45348,PushCube-v1,mbpo,fit_start_restored,,238016,,,118,,,,,,,"[True, False, False]","[-1.2950849504470825, -1.43166855686903, -1.3900115147829055]","[-1.3656211137771606, -1.4531485748291015, -1.4096779766082763]","[1, 2]",,,,,
mbpo_pushcube_500k_20261007T094728_f9d45348,PushCube-v1,mbpo,fit_start_restored,,240000,,,119,,,,,,,"[True, True, False]","[-1.1828766276240348, -1.1499052431583405, -1.296026827812195]","[-1.3703843669891358, -1.4523901052474975, -1.428873285293579]","[1, 2]",,,,,
mbpo_pushcube_500k_20261007T094728_f9d45348,PushCube-v1,mbpo,fit_start_restored,,242016,,,120,,,,,,,"[True, True, True]","[0.854208257675171, 2.7317733249664307, -0.7934190969467163]","[-1.4691845178604126, -1.6088397073745728, -1.5559425230026245]","[1, 2]",,,,,
mbpo_pushcube_500k_20261007T094728_f9d45348,PushCube-v1,mbpo,fit_start_restored,,246016,,,122,,,,,,,"[True, False, True]","[-1.3545855960845947, -1.4745735960006714, -1.461878791809082]","[-1.1826995868682861, -1.3275244064331055, -1.298154722213745]","[1, 2]",,,,,
mbpo_pushcube_500k_20261007T094728_f9d45348,PushCube-v1,mbpo,fit_start_restored,,250016,,,124,,,,,,,"[True, True, False]","[-1.5977675819396973, -1.6779688625335694, -1.6597758264541627]","[-1.6024927406311036, -1.7646614665985108, -1.7490925273895264]","[1, 2]",,,,,
mbpo_pushcube_500k_20261007T094728_f9d45348,PushCube-v1,mbpo,fit_start_restored,,252000,,,125,,,,,,,"[True, True, True]","[-1.5955169038772583, -1.6554651565551757, -1.6169746341705322]","[-1.5817822380065918, -1.6744285554885865, -1.6295239334106446]","[1, 2]",,,,,
mbpo_pushcube_500k_20261007T094728_f9d45348,PushCube-v1,mbpo,generation_reward_extreme,,254016,,,126,-1.1340751647949219,,,,,,,,,"[1, 2]",1.210145354270935,-1.1176866292953491,1.1160898208618164,,not_observed
mbpo_pushcube_500k_20261007T094728_f9d45348,PushCube-v1,mbpo,fit_start_restored,,254016,,,126,,,,,,,"[True, False, True]","[-1.4661884117126465, -1.6323059844970702, -1.4831923618316651]","[-1.490208807706833, -1.6005293922424317, -1.561783407688141]","[1, 2]",,,,,
mbpo_pushcube_500k_20261007T094728_f9d45348,PushCube-v1,mbpo,fit_start_restored,,256000,,,127,,,,,,,"[True, True, False]","[-1.4022833337783813, -1.5215495357513427, -1.5115075378417968]","[-1.2586641082763672, -1.3621178379058838, -1.3200762786865234]","[1, 2]",,,,,
mbpo_pushcube_500k_20261007T094728_f9d45348,PushCube-v1,mbpo,fit_start_restored,,258016,,,128,,,,,,,"[True, True, True]","[-1.5764904022216797, -1.5113490800857543, -1.514464879989624]","[-1.5356892585754394, -1.6391475591659546, -1.5955765027999878]","[1, 2]",,,,,
mbpo_pushcube_500k_20261007T094728_f9d45348,PushCube-v1,mbpo,fit_start_restored,,260000,,,129,,,,,,,"[True, True, False]","[-1.5628314876556397, -1.663259714126587, -1.6101058197021485]","[-1.7809174032211303, -1.8682775840759278, -1.8452530908584595]","[1, 2]",,,,,
mbpo_pushcube_500k_20261007T094728_f9d45348,PushCube-v1,mbpo,fit_start_restored,,262016,,,130,,,,,,,"[True, True, True]","[-1.4899686908721923, -1.5850412006378174, -1.4640193675756454]","[-1.6137397594451903, -1.7254211730957032, -1.6553823537826537]","[1, 2]",,,,,
mbpo_pushcube_500k_20261007T094728_f9d45348,PushCube-v1,mbpo,fit_start_restored,,264000,,,131,,,,,,,"[True, False, False]","[-1.5394411754608155, -1.5411860466003418, -1.5568329010009765]","[-0.29424080467224123, 61.83536479282379, 9.365572384834289]","[0, 2]",,,,,
mbpo_pushcube_500k_20261007T094728_f9d45348,PushCube-v1,mbpo,fit_start_restored,,266016,,,132,,,,,,,"[True, False, False]","[-1.4305355796813966, -1.623101170063019, -1.602211135864258]","[-1.5341997699737548, -1.6635777950286865, -1.5877162828445435]","[1, 2]",,,,,
mbpo_pushcube_500k_20261007T094728_f9d45348,PushCube-v1,mbpo,fit_start_restored,,268000,,,133,,,,,,,"[True, False, False]","[4.33869634437561, -1.527096939086914, -1.5518514041900635]","[-1.4199895524978638, -1.452699104309082, -1.477189022064209]","[2, 1]",,,,,
mbpo_pushcube_500k_20261007T094728_f9d45348,PushCube-v1,mbpo,fit_start_restored,,270016,,,134,,,,,,,"[True, False, False]","[-1.4211913471221924, -1.8230265769958496, -1.7299804229736329]","[-1.2913082370758056, -1.3846137866973878, -1.3341417493820191]","[1, 2]",,,,,
mbpo_pushcube_500k_20261007T094728_f9d45348,PushCube-v1,mbpo,fit_start_restored,,272000,,,135,,,,,,,"[True, False, False]","[-1.4755935649871825, -1.7045802040100098, -1.6665049629211426]","[-1.6062205572128296, -1.7046599140167236, -1.6451582288742066]","[1, 2]",,,,,
mbpo_pushcube_500k_20261007T094728_f9d45348,PushCube-v1,mbpo,fit_start_restored,,274016,,,136,,,,,,,"[True, False, False]","[-1.4062303962707519, -1.686096661567688, -1.6449762363433837]","[-1.1818803844451904, -1.3711508588790893, -1.2927104921340942]","[1, 2]",,,,,
mbpo_pushcube_500k_20261007T094728_f9d45348,PushCube-v1,mbpo,fit_start_restored,,276000,,,137,,,,,,,"[True, True, False]","[-1.499070261001587, -1.731456621170044, -1.7475962343215943]","[-1.5660665664672853, -1.753605770111084, -1.7171813888549805]","[1, 2]",,,,,
mbpo_pushcube_500k_20261007T094728_f9d45348,PushCube-v1,mbpo,fit_start_restored,,278016,,,138,,,,,,,"[True, True, True]","[-1.4224398803710938, -1.3361080627441406, -1.224684741973877]","[-1.6644792575836183, -1.920647361755371, -1.8884883937835693]","[1, 2]",,,,,
mbpo_pushcube_500k_20261007T094728_f9d45348,PushCube-v1,mbpo,fit_start_restored,,280000,,,139,,,,,,,"[True, True, True]","[-1.5252095732688904, -1.4129599742889405, -1.317136339187622]","[-1.5001184024810792, -1.6009680242538453, -1.5775106830596923]","[1, 2]",,,,,
mbpo_pushcube_500k_20261007T094728_f9d45348,PushCube-v1,mbpo,fit_start_restored,,282016,,,140,,,,,,,"[False, True, True]","[-1.5483178205490111, -1.65856782913208, -1.578517900466919]","[-1.501437216758728, -1.752275499343872, -1.7175912256240844]","[1, 2]",,,,,
mbpo_pushcube_500k_20261007T094728_f9d45348,PushCube-v1,mbpo,fit_start_restored,,286016,,,142,,,,,,,"[True, False, False]","[-1.6397623299360276, -1.8349004850387574, -1.8030666599273681]","[-1.6674792308807374, -1.8238612213134766, -1.7840483293533325]","[1, 2]",,,,,
mbpo_pushcube_500k_20261007T094728_f9d45348,PushCube-v1,mbpo,fit_start_restored,,288000,,,143,,,,,,,"[True, True, True]","[-1.5575165798664092, -1.7841201877593995, -1.7410410175323485]","[-1.6823783435821533, -1.8323140907287598, -1.779679244995117]","[1, 2]",,,,,
mbpo_pushcube_500k_20261007T094728_f9d45348,PushCube-v1,mbpo,fit_start_restored,,290016,,,144,,,,,,,"[False, True, True]","[-1.5916347427368165, -1.6093664627075195, -1.570004835128784]","[-1.516900936126709, -1.6899966917037963, -1.6505286421775818]","[1, 2]",,,,,
mbpo_pushcube_500k_20261007T094728_f9d45348,PushCube-v1,mbpo,generation_reward_extreme,,292000,,,145,-1.0823794603347778,,,,,,,,,"[1, 2]",1.219846248626709,-0.9520002603530884,1.1110788583755493,,not_observed
mbpo_pushcube_500k_20261007T094728_f9d45348,PushCube-v1,mbpo,fit_start_restored,,292000,,,145,,,,,,,"[False, True, True]","[-1.7796936187744141, -1.843935359954834, -1.729180814743042]","[-1.5298900299072267, -1.6367936630249023, -1.635695894241333]","[1, 2]",,,,,
mbpo_pushcube_500k_20261007T094728_f9d45348,PushCube-v1,mbpo,fit_start_restored,,294016,,,146,,,,,,,"[False, True, False]","[-1.5852529945373535, -1.6331886596679688, -1.6325796508789063]","[-1.679087579727173, -1.7879724712371827, -1.7149351358413696]","[1, 2]",,,,,
mbpo_pushcube_500k_20261007T094728_f9d45348,PushCube-v1,mbpo,fit_start_restored,,296000,,,147,,,,,,,"[False, True, False]","[-1.652957830429077, -1.706426694869995, -1.6988329391479493]","[-1.785458194732666, -1.9145225887298585, -1.8413452682495117]","[1, 2]",,,,,
mbpo_pushcube_500k_20261007T094728_f9d45348,PushCube-v1,mbpo,fit_start_restored,,300000,,,149,,,,,,,"[True, True, True]","[-1.677758855819702, -1.785407205581665, -1.7410176706314087]","[-1.402623116493225, -1.5002743682861328, -1.4810168647766113]","[1, 2]",,,,,
mbpo_pushcube_500k_20261007T094728_f9d45348,PushCube-v1,mbpo,generation_reward_extreme,,302016,,,150,-1.24802827835083,,,,,,,,,"[1, 2]",1.2026304006576538,-1.1746760606765747,1.1219377517700195,,not_observed
mbpo_pushcube_500k_20261007T094728_f9d45348,PushCube-v1,mbpo,fit_start_restored,,302016,,,150,,,,,,,"[True, True, True]","[-1.4981280832290649, -1.6016417165398598, -1.5676514139175415]","[-1.8552892265319825, -1.9852718181610107, -1.963822317123413]","[1, 2]",,,,,
mbpo_pushcube_500k_20261007T094728_f9d45348,PushCube-v1,mbpo,fit_start_restored,,304000,,,151,,,,,,,"[False, True, True]","[-1.6902844200134277, -1.7643730421066284, -1.7077778911590575]","[-1.824597949028015, -1.958479742050171, -1.915339855194092]","[1, 2]",,,,,
mbpo_pushcube_500k_20261007T094728_f9d45348,PushCube-v1,mbpo,fit_start_restored,,308000,,,153,,,,,,,"[False, True, True]","[-1.8101863794326782, -1.7290273723602294, -1.8302229223251343]","[-1.6724212646484375, -1.7728805561065675, -1.7194220042228698]","[1, 2]",,,,,
mbpo_pushcube_500k_20261007T094728_f9d45348,PushCube-v1,mbpo,fit_start_restored,,312000,,,155,,,,,,,"[True, True, True]","[-1.7646724109649659, -1.8485243015289308, -1.8293967952728272]","[-1.7058017234802245, -1.7999771614074707, -1.7742039661407472]","[1, 2]",,,,,
mbpo_pushcube_500k_20261007T094728_f9d45348,PushCube-v1,mbpo,fit_start_restored,,314016,,,156,,,,,,,"[True, False, False]","[-1.6941415824890136, -1.8327279357910156, -1.797375295639038]","[-1.8478319835662842, -1.9422779712677003, -1.9125620861053467]","[1, 2]",,,,,
mbpo_pushcube_500k_20261007T094728_f9d45348,PushCube-v1,mbpo,fit_start_restored,,316000,,,157,,,,,,,"[True, True, False]","[-0.5883994779586792, -1.6482510089874267, -1.8199338207244873]","[-1.7383479585647583, -1.8534674253463745, -1.8317656717300415]","[1, 2]",,,,,
mbpo_pushcube_500k_20261007T094728_f9d45348,PushCube-v1,mbpo,fit_start_restored,,318016,,,158,,,,,,,"[True, True, True]","[-1.878601354598999, -1.973442548751831, -1.9483789005279541]","[-1.8822772235870362, -1.9850645542144776, -1.9246193056106566]","[1, 2]",,,,,
mbpo_pushcube_500k_20261007T094728_f9d45348,PushCube-v1,mbpo,fit_start_restored,,320000,,,159,,,,,,,"[False, True, False]","[-1.8521759469509125, -1.8946471464633943, -1.9256066877841949]","[-1.7834717116355896, -1.9032742576599122, -1.86069083070755]","[1, 2]",,,,,
mbpo_pushcube_500k_20261007T094728_f9d45348,PushCube-v1,mbpo,fit_start_restored,,324000,,,161,,,,,,,"[False, True, True]","[-1.8437021617889404, -1.8933883304595946, -1.8436394023895264]","[-1.7912062015533448, -1.854273853302002, -1.8515991325378418]","[1, 2]",,,,,
mbpo_pushcube_500k_20261007T094728_f9d45348,PushCube-v1,mbpo,fit_start_restored,,326016,,,162,,,,,,,"[True, False, False]","[-1.77267063331604, -1.861964797973633, -1.8660293254852296]","[-1.8872409086227417, -1.9884928703308105, -1.9627768840789794]","[1, 2]",,,,,
mbpo_pushcube_500k_20261007T094728_f9d45348,PushCube-v1,mbpo,fit_start_restored,,328000,,,163,,,,,,,"[True, False, True]","[-1.8299393768310548, -1.9578662090301513, -1.8898558654785156]","[-1.7621464080810547, -1.86586847114563, -1.8476756496429443]","[1, 2]",,,,,
mbpo_pushcube_500k_20261007T094728_f9d45348,PushCube-v1,mbpo,generation_reward_extreme,,330016,,,164,-1.318628191947937,,,,,,,,,"[1, 2]",1.221986174583435,-1.3075183629989624,1.1055985689163208,,not_observed
mbpo_pushcube_500k_20261007T094728_f9d45348,PushCube-v1,mbpo,fit_start_restored,,330016,,,164,,,,,,,"[True, False, True]","[-1.4665104866027832, -1.751424238204956, -1.6780382499694824]","[-1.8210566291809083, -1.890948501586914, -1.8764252414703368]","[1, 2]",,,,,
mbpo_pushcube_500k_20261007T094728_f9d45348,PushCube-v1,mbpo,fit_start_restored,,332000,,,165,,,,,,,"[True, False, True]","[-1.6948015656471251, -1.9045289487838746, -1.7165770874023438]","[-1.7736410236358642, -1.916796612739563, -1.8531322031021118]","[1, 2]",,,,,
mbpo_pushcube_500k_20261007T094728_f9d45348,PushCube-v1,mbpo,fit_start_restored,,334016,,,166,,,,,,,"[True, False, True]","[-1.7300210990905762, -1.9214677982330322, -1.857105682373047]","[-1.8308516244888307, -1.8990008678436279, -1.87826632976532]","[1, 2]",,,,,
mbpo_pushcube_500k_20261007T094728_f9d45348,PushCube-v1,mbpo,fit_start_restored,,336000,,,167,,,,,,,"[True, False, True]","[-1.1997804884910583, -1.8022527465820313, -1.376946900844574]","[-1.8625286865234374, -1.9267887706756592, -1.8937436561584473]","[1, 2]",,,,,
mbpo_pushcube_500k_20261007T094728_f9d45348,PushCube-v1,mbpo,fit_start_restored,,338016,,,168,,,,,,,"[True, True, True]","[-1.7097405471801759, -1.7824592905044556, -1.7477807321548462]","[-1.97330375289917, -2.059858585357666, -2.0322242279052736]","[1, 2]",,,,,
mbpo_pushcube_500k_20261007T094728_f9d45348,PushCube-v1,mbpo,fit_start_restored,,340000,,,169,,,,,,,"[True, False, True]","[-1.7954946146011352, -1.975546012878418, -1.8787796926498412]","[-1.699598889350891, -1.8903212852478026, -1.791308590888977]","[1, 2]",,,,,
mbpo_pushcube_500k_20261007T094728_f9d45348,PushCube-v1,mbpo,fit_start_restored,,342016,,,170,,,,,,,"[True, False, False]","[-1.9159899110794067, -2.0017323105335234, -2.012065739631653]","[-1.5617837944030761, -1.5901809434890748, -1.531566499710083]","[1, 0]",,,,,
mbpo_pushcube_500k_20261007T094728_f9d45348,PushCube-v1,mbpo,fit_start_restored,,344000,,,171,,,,,,,"[False, True, True]","[-1.3873741455078126, -1.6996007108688354, -0.7892746391296387]","[-1.6493534536361694, -1.7120106897354126, -1.5906641306877136]","[1, 0]",,,,,
mbpo_pushcube_500k_20261007T094728_f9d45348,PushCube-v1,mbpo,fit_start_restored,,346016,,,172,,,,,,,"[True, False, False]","[-1.0737742567062378, -1.9327994995117188, -1.8892388286590576]","[-1.619128053665161, -1.730822120666504, -1.710816590309143]","[1, 2]",,,,,
mbpo_pushcube_500k_20261007T094728_f9d45348,PushCube-v1,mbpo,fit_start_restored,,348000,,,173,,,,,,,"[True, False, False]","[-1.830285750389099, -1.9569717979431152, -1.9237682523727417]","[-1.8208374824523925, -1.9046440505981446, -1.7779951400756835]","[1, 0]",,,,,
mbpo_pushcube_500k_20261007T094728_f9d45348,PushCube-v1,mbpo,fit_start_restored,,350016,,,174,,,,,,,"[False, False, True]","[-1.9673332042694092, -2.038543571472168, -1.9691015491485595]","[-1.911672691345215, -1.9785444774627685, -1.9258825302124023]","[1, 2]",,,,,
mbpo_pushcube_500k_20261007T094728_f9d45348,PushCube-v1,mbpo,fit_start_restored,,352000,,,175,,,,,,,"[True, True, True]","[-1.6594569835662842, -1.8547817687988282, -1.732272804260254]","[-1.8803942546844483, -2.0269966144561766, -2.003879209518433]","[1, 2]",,,,,
mbpo_pushcube_500k_20261007T094728_f9d45348,PushCube-v1,mbpo,fit_start_restored,,354016,,,176,,,,,,,"[True, False, False]","[-1.7856704216003418, -2.0063382930755616, -1.9824152851104737]","[-1.7104130153656005, -1.8054097728729248, -1.8073478469848632]","[2, 1]",,,,,
mbpo_pushcube_500k_20261007T094728_f9d45348,PushCube-v1,mbpo,fit_start_restored,,356000,,,177,,,,,,,"[False, True, False]","[-1.7689465417861938, -1.6503723554611207, -1.5462798957824706]","[-1.831476110458374, -1.9810286750793458, -1.959469020843506]","[1, 2]",,,,,
mbpo_pushcube_500k_20261007T094728_f9d45348,PushCube-v1,mbpo,fit_start_restored,,358016,,,178,,,,,,,"[True, False, True]","[-1.8791639394760131, -2.0214164514541624, -1.485984528541565]","[-1.7685541248321532, -1.7615883350372314, -1.8211888484954835]","[2, 0]",,,,,
mbpo_pushcube_500k_20261007T094728_f9d45348,PushCube-v1,mbpo,generation_reward_extreme,,360000,,,179,-1.1685689687728882,,,,,,,,,"[1, 2]",1.3350542783737183,-1.1708589792251587,1.1070860624313354,,not_observed
mbpo_pushcube_500k_20261007T094728_f9d45348,PushCube-v1,mbpo,fit_start_restored,,360000,,,179,,,,,,,"[False, False, True]","[-1.9747148170471192, -2.1275202922821044, -2.0372117195129396]","[-1.8302477264404298, -1.9373416957855225, -1.9105448484420777]","[1, 2]",,,,,
mbpo_pushcube_500k_20261007T094728_f9d45348,PushCube-v1,mbpo,generation_reward_extreme,,362016,,,180,-1.1704641580581665,,,,,,,,,"[1, 2]",1.223552942276001,-1.0376412868499756,1.1250337362289429,,not_observed
mbpo_pushcube_500k_20261007T094728_f9d45348,PushCube-v1,mbpo,fit_start_restored,,362016,,,180,,,,,,,"[False, False, True]","[-1.9109182386398316, -2.1022073650360107, -1.9518986139297485]","[-2.0658914432525637, -2.1891101398468016, -2.1321172828674317]","[1, 2]",,,,,
mbpo_pushcube_500k_20261007T094728_f9d45348,PushCube-v1,mbpo,fit_start_restored,,364000,,,181,,,,,,,"[False, False, True]","[-1.843630256652832, -1.9652274475097655, -1.8718728722333908]","[-1.9996704549789428, -2.0206021881103515, -1.9052954835891724]","[1, 0]",,,,,
mbpo_pushcube_500k_20261007T094728_f9d45348,PushCube-v1,mbpo,fit_start_restored,,366016,,,182,,,,,,,"[False, False, True]","[-1.8977822933197022, -2.026198522567749, -1.6599212579727174]","[-1.8120852518081665, -1.9082871913909911, -1.8732390680313111]","[1, 2]",,,,,
mbpo_pushcube_500k_20261007T094728_f9d45348,PushCube-v1,mbpo,fit_start_restored,,370016,,,184,,,,,,,"[False, True, True]","[-1.4536414127349853, -2.042939655303955, -1.938623342514038]","[-1.3117335166931152, -1.8986219882965087, -1.9165999660491944]","[2, 1]",,,,,
mbpo_pushcube_500k_20261007T094728_f9d45348,PushCube-v1,mbpo,fit_start_restored,,374016,,,186,,,,,,,"[False, True, True]","[-2.0948487663269044, -2.175997247695923, -2.1218512210845946]","[-2.0416741762161257, -2.133707950592041, -2.0982928152084352]","[1, 2]",,,,,
mbpo_pushcube_500k_20261007T094728_f9d45348,PushCube-v1,mbpo,fit_start_restored,,376000,,,187,,,,,,,"[True, True, False]","[-1.8325619792938233, -1.8560909445285798, -1.9190175018310547]","[-2.0126439456939695, -2.1148394355773927, -2.0702678604125975]","[1, 2]",,,,,
mbpo_pushcube_500k_20261007T094728_f9d45348,PushCube-v1,mbpo,fit_start_restored,,378016,,,188,,,,,,,"[True, True, False]","[-1.8904410400390625, -2.057000871658325, -1.9027758903503418]","[-1.7961929397583007, -1.8400217323303223, -1.8058346843719482]","[1, 2]",,,,,
mbpo_pushcube_500k_20261007T094728_f9d45348,PushCube-v1,mbpo,fit_start_restored,,382016,,,190,,,,,,,"[True, False, False]","[-1.8738199195861815, -2.0363819370269773, -1.9356010971069335]","[-1.6868276576995849, -1.8204815654754638, -1.6727075452804565]","[1, 0]",,,,,
mbpo_pushcube_500k_20261007T094728_f9d45348,PushCube-v1,mbpo,fit_start_restored,,384000,,,191,,,,,,,"[True, True, False]","[-1.4817949724197388, 5.041185020446777, -2.085965277671814]","[-2.0914386234283446, -2.2355189628601075, -2.166051031112671]","[1, 2]",,,,,
mbpo_pushcube_500k_20261007T094728_f9d45348,PushCube-v1,mbpo,fit_start_restored,,386016,,,192,,,,,,,"[True, True, True]","[-1.8068424377441406, -1.853037501335144, -2.0530349516868593]","[-1.7499854016304015, -1.9483660440444945, -1.9063255758285522]","[1, 2]",,,,,
mbpo_pushcube_500k_20261007T094728_f9d45348,PushCube-v1,mbpo,fit_start_restored,,388000,,,193,,,,,,,"[False, True, True]","[-2.0261524238586426, -2.100065111160278, -2.0726445598602297]","[-2.0868767948150633, -2.150984842300415, -2.104121802330017]","[1, 2]",,,,,
mbpo_pushcube_500k_20261007T094728_f9d45348,PushCube-v1,mbpo,fit_start_restored,,390016,,,194,,,,,,,"[True, True, True]","[-2.0151631832122803, -2.1481381587982176, -2.0997897491455078]","[-1.9621800994873047, -2.09510502243042, -2.015700984954834]","[1, 2]",,,,,
mbpo_pushcube_500k_20261007T094728_f9d45348,PushCube-v1,mbpo,fit_start_restored,,392000,,,195,,,,,,,"[True, True, False]","[-2.0209451484680176, -2.1190120391845704, -2.1218069667816164]","[-1.9301472549438476, -2.009965440750122, -1.9935432987213135]","[1, 2]",,,,,
mbpo_pushcube_500k_20261007T094728_f9d45348,PushCube-v1,mbpo,generation_reward_extreme,,394016,,,196,-1.318854808807373,,,,,,,,,"[1, 2]",1.2282705307006836,-1.211434245109558,1.1018946170806885,,not_observed
mbpo_pushcube_500k_20261007T094728_f9d45348,PushCube-v1,mbpo,fit_start_restored,,394016,,,196,,,,,,,"[False, False, True]","[-2.076242599487305, -2.1757398567199706, -1.6071638717651366]","[-1.5887380428314208, -1.6553619117736817, -1.6384483489990234]","[1, 2]",,,,,
mbpo_pushcube_500k_20261007T094728_f9d45348,PushCube-v1,mbpo,fit_start_restored,,396000,,,197,,,,,,,"[True, True, True]","[12.152352300643921, 4.11632829284668, -0.7401775722503662]","[-2.1253367824554443, -2.2242888565063477, -2.186750597000122]","[1, 2]",,,,,
mbpo_pushcube_500k_20261007T094728_f9d45348,PushCube-v1,mbpo,fit_start_restored,,400000,,,199,,,,,,,"[False, True, True]","[-1.9954893035888672, -2.034309009552002, -1.99702587890625]","[-2.187706784248352, -2.3041491947174073, -2.2371890630722047]","[1, 2]",,,,,
mbpo_pushcube_500k_20261007T094728_f9d45348,PushCube-v1,mbpo,generation_reward_extreme,,402016,,,200,-1.3816921710968018,,,,,,,,,"[1, 2]",1.2413197755813599,-1.3229957818984985,1.0981636047363281,,not_observed
mbpo_pushcube_500k_20261007T094728_f9d45348,PushCube-v1,mbpo,fit_start_restored,,402016,,,200,,,,,,,"[False, False, True]","[-1.9515115032196044, -1.9784417266845704, -2.003721717834473]","[-2.075242890357971, -2.1808989877700804, -2.1195169153213502]","[1, 2]",,,,,
mbpo_pushcube_500k_20261007T094728_f9d45348,PushCube-v1,mbpo,fit_start_restored,,404000,,,201,,,,,,,"[False, True, True]","[-1.9188660538196565, -1.8354528994560242, -1.9788210964202881]","[-2.0029160327911377, -2.1059446907043458, -2.0432516269683836]","[1, 2]",,,,,
mbpo_pushcube_500k_20261007T094728_f9d45348,PushCube-v1,mbpo,fit_start_restored,,406016,,,202,,,,,,,"[False, True, True]","[-2.0929367866516113, -2.0424863362312315, -2.069286653518677]","[-2.206341220855713, -2.253031705856323, -2.235211545944214]","[1, 2]",,,,,
mbpo_pushcube_500k_20261007T094728_f9d45348,PushCube-v1,mbpo,generation_reward_extreme,,408000,,,203,-1.0134965181350708,,,,,,,,,"[1, 2]",1.2282142639160156,-1.0095021724700928,1.4100619554519653,,not_observed
mbpo_pushcube_500k_20261007T094728_f9d45348,PushCube-v1,mbpo,fit_start_restored,,408000,,,203,,,,,,,"[True, True, True]","[-2.048730577468872, -2.0832478466033937, -2.0863776569366457]","[-1.9695661811828613, -2.053654712677002, -1.9888061542510986]","[1, 2]",,,,,
mbpo_pushcube_500k_20261007T094728_f9d45348,PushCube-v1,mbpo,fit_start_restored,,410016,,,204,,,,,,,"[True, True, True]","[-1.9550164458751678, -2.0267009525299073, -1.9865343627929688]","[-2.1350628089904786, -2.1844500732421874, -2.147791561126709]","[1, 2]",,,,,
mbpo_pushcube_500k_20261007T094728_f9d45348,PushCube-v1,mbpo,generation_reward_extreme,,412000,,,205,-1.2652322053909302,,,,,,,,,"[1, 2]",1.2484643459320068,-1.238368034362793,1.0999040603637695,,not_observed
mbpo_pushcube_500k_20261007T094728_f9d45348,PushCube-v1,mbpo,fit_start_restored,,412000,,,205,,,,,,,"[True, True, True]","[-1.9498152894973755, -1.955428671836853, -2.0095318894386294]","[-2.083481135368347, -2.16150471496582, -2.1061687965393068]","[1, 2]",,,,,
mbpo_pushcube_500k_20261007T094728_f9d45348,PushCube-v1,mbpo,fit_start_restored,,414016,,,206,,,,,,,"[True, False, True]","[-2.0396425800323486, -2.127330627441406, -2.0475783586502074]","[-1.9222982978820802, -1.9854109268188476, -1.947378002166748]","[1, 2]",,,,,
mbpo_pushcube_500k_20261007T094728_f9d45348,PushCube-v1,mbpo,fit_start_restored,,416000,,,207,,,,,,,"[True, True, True]","[-1.9824463939666748, -1.9328624591827392, -1.9895041275024414]","[-2.2354061431884764, -2.2950099411010743, -2.2649188385009764]","[1, 2]",,,,,
mbpo_pushcube_500k_20261007T094728_f9d45348,PushCube-v1,mbpo,fit_start_restored,,418016,,,208,,,,,,,"[True, True, True]","[-1.6579535350799561, 1.343285400390625, -1.9203463535308838]","[-2.020371212005615, -2.085825180053711, -2.043576360702515]","[1, 2]",,,,,
mbpo_pushcube_500k_20261007T094728_f9d45348,PushCube-v1,mbpo,fit_start_restored,,420000,,,209,,,,,,,"[False, True, True]","[-1.995847279548645, 17.913751770973207, -0.756721510887146]","[-2.0034462890625, -2.0482020835876464, -2.0669696025848387]","[2, 1]",,,,,
mbpo_pushcube_500k_20261007T094728_f9d45348,PushCube-v1,mbpo,fit_start_restored,,422016,,,210,,,,,,,"[True, True, True]","[-2.0384399127960204, -2.1949807319641113, -2.141350835800171]","[-1.6426946465075016, -1.0382466793060303, -1.8469115447998048]","[2, 0]",,,,,
mbpo_pushcube_500k_20261007T094728_f9d45348,PushCube-v1,mbpo,fit_start_restored,,424000,,,211,,,,,,,"[True, False, True]","[-2.074840518951416, -2.186119913101196, -2.1183349723815916]","[-1.8697127227783203, -1.9327353048324585, -1.9027570457458496]","[1, 2]",,,,,
mbpo_pushcube_500k_20261007T094728_f9d45348,PushCube-v1,mbpo,fit_start_restored,,426016,,,212,,,,,,,"[False, True, True]","[-2.1527184772491457, -2.1480862827301026, -2.1985696334838867]","[-1.9386116166114806, -2.0839397649765017, -2.0476325039863585]","[1, 2]",,,,,
mbpo_pushcube_500k_20261007T094728_f9d45348,PushCube-v1,mbpo,generation_reward_extreme,,428000,,,213,-1.538024663925171,,,,,,,,,"[1, 2]",1.2829725742340088,-1.583553433418274,1.1041561365127563,,not_observed
mbpo_pushcube_500k_20261007T094728_f9d45348,PushCube-v1,mbpo,fit_start_restored,,430016,,,214,,,,,,,"[True, True, True]","[-2.0175191478729246, -1.8309763832092285, -2.098400047302246]","[-2.097306038856506, -2.180172085762024, -2.1264516315460207]","[1, 2]",,,,,
mbpo_pushcube_500k_20261007T094728_f9d45348,PushCube-v1,mbpo,fit_start_restored,,432000,,,215,,,,,,,"[True, False, False]","[-2.0341481494903566, -2.1636638145446776, -2.098081813812256]","[-2.1350437145233156, -2.187163049697876, -2.1445789375305178]","[1, 2]",,,,,
mbpo_pushcube_500k_20261007T094728_f9d45348,PushCube-v1,mbpo,generation_reward_extreme,,434016,,,216,-1.0945966243743896,,,,,,,,,"[1, 2]",1.2065922021865845,-1.0914814472198486,1.1213593482971191,,not_observed
mbpo_pushcube_500k_20261007T094728_f9d45348,PushCube-v1,mbpo,fit_start_restored,,434016,,,216,,,,,,,"[True, True, True]","[-1.8717636547088623, -1.9646151037216186, -1.6805320825576782]","[-2.064552486419678, -2.130501916885376, -2.077070861816406]","[1, 2]",,,,,
mbpo_pushcube_500k_20261007T094728_f9d45348,PushCube-v1,mbpo,generation_reward_extreme,,436000,,,217,-1.6059571504592896,,,,,,,,,"[1, 2]",1.290198564529419,-1.6509195566177368,1.1100765466690063,,not_observed
mbpo_pushcube_500k_20261007T094728_f9d45348,PushCube-v1,mbpo,fit_start_restored,,436000,,,217,,,,,,,"[True, True, True]","[-2.0458349962234497, -2.1991013488769533, -1.9081881160736085]","[-2.242317729949951, -2.3277802734375, -2.2600362968444823]","[1, 2]",,,,,
mbpo_pushcube_500k_20261007T094728_f9d45348,PushCube-v1,mbpo,fit_start_restored,,438016,,,218,,,,,,,"[True, True, False]","[-2.004384600520134, -2.1927279376983644, -2.1690275592803956]","[-2.0941236057281496, -2.213346580505371, -2.1274042205810546]","[1, 2]",,,,,
mbpo_pushcube_500k_20261007T094728_f9d45348,PushCube-v1,mbpo,fit_start_restored,,440000,,,219,,,,,,,"[True, True, False]","[-2.004968490600586, -2.0340895195007325, -2.1495314922332764]","[-2.097194583892822, -2.2326142196655274, -2.1670638389587404]","[1, 2]",,,,,
mbpo_pushcube_500k_20261007T094728_f9d45348,PushCube-v1,mbpo,generation_reward_extreme,,442016,,,220,-1.5430079698562622,,,,,,,,,"[1, 2]",1.253216028213501,-1.4983545541763306,1.1011852025985718,,not_observed
mbpo_pushcube_500k_20261007T094728_f9d45348,PushCube-v1,mbpo,fit_start_restored,,442016,,,220,,,,,,,"[True, True, True]","[-1.8382176952362062, -1.946546808719635, -1.7377938809394837]","[-2.083995532989502, -2.2298617973327635, -2.107687822341919]","[1, 2]",,,,,
mbpo_pushcube_500k_20261007T094728_f9d45348,PushCube-v1,mbpo,fit_start_restored,,444000,,,221,,,,,,,"[False, True, False]","[-2.2072665681838988, -2.2500343980789186, -2.2533856592178343]","[-2.160883632659912, -2.272381031036377, -2.2209833984375]","[1, 2]",,,,,
mbpo_pushcube_500k_20261007T094728_f9d45348,PushCube-v1,mbpo,fit_start_restored,,446016,,,222,,,,,,,"[True, True, True]","[-2.1768012447357177, -2.2566401081085203, -2.2168904762268067]","[-2.1501009788513183, -2.329233112335205, -2.2799063682556153]","[1, 2]",,,,,
mbpo_pushcube_500k_20261007T094728_f9d45348,PushCube-v1,mbpo,fit_start_restored,,448000,,,223,,,,,,,"[False, True, False]","[-2.0643599338531495, -2.2181973242759705, -2.195538226604462]","[-2.0242623319625856, -2.1596840963363646, -2.095900131225586]","[1, 2]",,,,,
mbpo_pushcube_500k_20261007T094728_f9d45348,PushCube-v1,mbpo,fit_start_restored,,450016,,,224,,,,,,,"[True, True, False]","[-2.0507865982055664, -2.177213300704956, -2.1348595027923585]","[-2.133974500656128, -2.211124659538269, -2.1465534477233885]","[1, 2]",,,,,
mbpo_pushcube_500k_20261007T094728_f9d45348,PushCube-v1,mbpo,fit_start_restored,,452000,,,225,,,,,,,"[False, False, True]","[-2.1146810626983643, -2.2153007926940917, -1.847376356124878]","[-1.7196222620010375, -1.8413664627075195, -1.8283536920547485]","[1, 2]",,,,,
mbpo_pushcube_500k_20261007T094728_f9d45348,PushCube-v1,mbpo,fit_start_restored,,454016,,,226,,,,,,,"[False, False, True]","[-2.199287061691284, -2.3119236278533934, -2.179619409561157]","[-1.9875061798095703, -2.086139871120453, -1.9983048300743103]","[1, 2]",,,,,
mbpo_pushcube_500k_20261007T094728_f9d45348,PushCube-v1,mbpo,fit_start_restored,,456000,,,227,,,,,,,"[False, True, False]","[-2.229876848220825, -2.28771993637085, -2.2317698402404784]","[-2.1568969535827636, -2.2163418674468995, -2.155468565940857]","[1, 0]",,,,,
mbpo_pushcube_500k_20261007T094728_f9d45348,PushCube-v1,mbpo,fit_start_restored,,460000,,,229,,,,,,,"[False, True, False]","[-2.132425733566284, -2.2337728462219237, -2.221417718887329]","[-1.9656345863342286, -2.082049180984497, -2.0133037548065187]","[1, 2]",,,,,
mbpo_pushcube_500k_20261007T094728_f9d45348,PushCube-v1,mbpo,fit_start_restored,,464000,,,231,,,,,,,"[False, True, True]","[-2.085522487640381, -2.0843350558280944, -2.049862362384796]","[-2.140905695915222, -2.207345091819763, -2.1685032835006712]","[1, 2]",,,,,
mbpo_pushcube_500k_20261007T094728_f9d45348,PushCube-v1,mbpo,fit_start_restored,,466016,,,232,,,,,,,"[False, True, False]","[-2.2032350521087647, -2.250178699493408, -2.2426613445281984]","[-2.208169189453125, -2.2629408378601075, -2.222629638671875]","[1, 2]",,,,,
mbpo_pushcube_500k_20261007T094728_f9d45348,PushCube-v1,mbpo,fit_start_restored,,468000,,,233,,,,,,,"[True, False, False]","[-2.2574494686126707, -2.3296951885223387, -2.284291654586792]","[-2.129821132659912, -2.232177412033081, -2.1889877910614013]","[1, 2]",,,,,
mbpo_pushcube_500k_20261007T094728_f9d45348,PushCube-v1,mbpo,generation_reward_extreme,,470016,,,234,-1.105626106262207,,,,,,,,,"[1, 0]",1.39064621925354,-1.105689525604248,1.4272081851959229,,not_observed
mbpo_pushcube_500k_20261007T094728_f9d45348,PushCube-v1,mbpo,fit_start_restored,,470016,,,234,,,,,,,"[False, True, True]","[-2.042025587081909, -2.1252610969543455, -2.0748448524475096]","[-2.133056787490845, -2.1680046129226684, -2.1240839700698855]","[1, 0]",,,,,
mbpo_pushcube_500k_20261007T094728_f9d45348,PushCube-v1,mbpo,fit_start_restored,,472000,,,235,,,,,,,"[False, False, True]","[-1.1724184017181396, -2.0903891410827637, -2.031373317718506]","[-2.3602485961914064, -2.4268907985687256, -2.3672073974609376]","[1, 2]",,,,,
mbpo_pushcube_500k_20261007T094728_f9d45348,PushCube-v1,mbpo,fit_start_restored,,474016,,,236,,,,,,,"[True, False, True]","[-2.245973419189453, -2.3156123847961427, -2.2349379901885986]","[-1.694379358291626, -2.176274884223938, -2.1021303081512452]","[1, 2]",,,,,
mbpo_pushcube_500k_20261007T094728_f9d45348,PushCube-v1,mbpo,fit_start_restored,,478016,,,238,,,,,,,"[False, True, False]","[-2.275954183578491, -2.2845310859680175, -2.2926811771392823]","[-2.2380923290252683, -2.298821449279785, -2.2767145824432373]","[1, 2]",,,,,
mbpo_pushcube_500k_20261007T094728_f9d45348,PushCube-v1,mbpo,fit_start_restored,,480000,,,239,,,,,,,"[True, False, True]","[-2.170111555099487, -2.2770490932464598, -2.135120189666748]","[-2.1567762203216554, -2.2419027652740477, -2.2004903373718263]","[1, 2]",,,,,
mbpo_pushcube_500k_20261007T094728_f9d45348,PushCube-v1,mbpo,fit_start_restored,,482016,,,240,,,,,,,"[True, True, False]","[-2.3193236007690428, -2.377406267166138, -2.367055751800537]","[-2.2374535541534426, -2.329697590827942, -2.2751150283813475]","[1, 2]",,,,,
mbpo_pushcube_500k_20261007T094728_f9d45348,PushCube-v1,mbpo,fit_start_restored,,484000,,,241,,,,,,,"[True, True, True]","[-2.1245036060810087, -2.1731347923278808, -2.1408142144680022]","[-2.177395874977112, -2.210359136581421, -2.1982770681381227]","[1, 2]",,,,,
mbpo_pushcube_500k_20261007T094728_f9d45348,PushCube-v1,mbpo,fit_start_restored,,486016,,,242,,,,,,,"[True, False, False]","[-2.122375557899475, -2.2366900291442873, -2.2124954967498778]","[-2.373329122543335, -2.2767749328613283, -2.352246141433716]","[0, 2]",,,,,
mbpo_pushcube_500k_20261007T094728_f9d45348,PushCube-v1,mbpo,fit_start_restored,,488000,,,243,,,,,,,"[True, True, False]","[-2.0966381874084474, -2.030762353897095, -2.1099442796707155]","[-1.9446071634292603, -2.055623496055603, -2.005150866508484]","[1, 2]",,,,,
mbpo_pushcube_500k_20261007T094728_f9d45348,PushCube-v1,mbpo,fit_start_restored,,490016,,,244,,,,,,,"[True, True, False]","[-2.2786950492858886, -2.3464902095794677, -2.3410522480010987]","[-2.2451255435943605, -2.316206895828247, -2.2710384941101074]","[1, 2]",,,,,
mbpo_pushcube_500k_20261007T094728_f9d45348,PushCube-v1,mbpo,fit_start_restored,,492000,,,245,,,,,,,"[False, False, True]","[-2.393677488327026, -2.4682991199493407, -2.3666255893707278]","[-2.183268217086792, -2.2612251358032225, -2.2092096242904664]","[1, 2]",,,,,
mbpo_pushcube_500k_20261007T094728_f9d45348,PushCube-v1,mbpo,fit_start_restored,,494016,,,246,,,,,,,"[True, False, True]","[-2.0500160024166107, -2.2880893421173094, -2.164286025047302]","[-2.3684795780181886, -2.512365665435791, -2.4674026832580567]","[1, 2]",,,,,
mbpo_pushcube_500k_20261007T094728_f9d45348,PushCube-v1,mbpo,generation_reward_extreme,,496000,,,247,-1.2802977561950684,,,,,,,,,"[1, 2]",1.2716439962387085,-1.2924457788467407,1.1306003332138062,,not_observed
mbpo_pushcube_500k_20261007T094728_f9d45348,PushCube-v1,mbpo,fit_start_restored,,496000,,,247,,,,,,,"[False, False, True]","[-2.1745739879608155, -2.260858781814575, -2.1902562580108644]","[-1.940195080757141, -2.0263248710632324, -1.9996271839141846]","[1, 2]",,,,,
mbpo_pushcube_500k_20261007T094728_f9d45348,PushCube-v1,mbpo,fit_start_restored,,498016,,,248,,,,,,,"[False, True, True]","[-2.242744831085205, -2.115968999862671, -2.147689323425293]","[-2.3425531063079834, -2.4282467937469483, -2.402069511413574]","[1, 2]",,,,,
mbpo_pushcube_500k_20261007T094728_f9d45348,PushCube-v1,mbpo,fit_start_restored,,500000,,,249,,,,,,,"[True, True, False]","[-2.1943212337493896, -2.209452112197876, -2.2303131008148194]","[-2.1049872455596925, -1.8228324432373046, -2.145432762145996]","[2, 0]",,,,,
mbpo_stackcube_20261007T182651_ab48dfc3,StackCube-v1,mbpo,generation_reward_extreme,,10016,,,4,-1.0839283466339111,,,,,,,,,"[1, 0]",0.20444375276565552,-0.909166157245636,0.1807301640510559,58016,60000
mbpo_stackcube_20261007T182651_ab48dfc3,StackCube-v1,mbpo,fit_start_restored,,14016,,,6,,,,,,,"[True, True, False]","[4.927379917025566, 2.5073427448272705, 43.62669348526001]","[1.8989530429840087, 1.4713039245605468, 1.6236699810028077]","[1, 2]",,,,,
mbpo_stackcube_20261007T182651_ab48dfc3,StackCube-v1,mbpo,fit_start_restored,,24000,,,11,,,,,,,"[False, True, True]","[1.7393254795074462, 3.0399172554016114, 1.8814188284873963]","[-0.07881506156921386, -0.6338896083831788, -0.2267496337890625]","[1, 2]",,,,,
mbpo_stackcube_20261007T182651_ab48dfc3,StackCube-v1,mbpo,fit_start_restored,,26016,,,12,,,,,,,"[True, False, False]","[24744.9535001629, 3.2744820084571837, 3.220250675678253]","[3.420495692253113, 3.212745195388794, 3.4057482175827025]","[1, 2]",,,,,
mbpo_stackcube_20261007T182651_ab48dfc3,StackCube-v1,mbpo,fit_start_restored,,38016,,,18,,,,,,,"[True, True, False]","[5.856259669661522, 5.5548050508499145, 5.431398759841919]","[3.634331958770752, 3.6350654735565184, 3.5519242362976073]","[2, 0]",,,,,
mbpo_stackcube_20261007T182651_ab48dfc3,StackCube-v1,mbpo,fit_start_restored,,42016,,,20,,,,,,,"[False, True, True]","[6.031119299888611, 6.089025529384613, 6.062049784660339]","[5.763345252990723, 5.571516246795654, 5.604688064575195]","[1, 2]",,,,,
mbpo_stackcube_20261007T182651_ab48dfc3,StackCube-v1,mbpo,fit_start_restored,,44000,,,21,,,,,,,"[True, True, True]","[7.6968588533401485, 7.555027980804443, 7.731950536727905]","[4.512301838397979, 4.340793880105019, 4.324973137378692]","[2, 1]",,,,,
mbpo_stackcube_20261007T182651_ab48dfc3,StackCube-v1,mbpo,fit_start_restored,,46016,,,22,,,,,,,"[True, True, True]","[5.626093304157257, 5.535372841477394, 5.538653846979141]","[7.1132345962524415, 6.9025030555725095, 6.828938598632813]","[2, 1]",,,,,
mbpo_stackcube_20261007T182651_ab48dfc3,StackCube-v1,mbpo,generation_reward_extreme,,50016,,,24,-0.052936963737010956,,,,,,,,,"[2, 0]",2.0805416107177734,-0.024307381361722946,2.148104429244995,98016,100000
mbpo_stackcube_20261007T182651_ab48dfc3,StackCube-v1,mbpo,generation_reward_extreme,,56000,,,27,-0.1923205703496933,,,,,,,,,"[0, 2]",2.153656005859375,-0.13916003704071045,2.1298298835754395,104000,106016
mbpo_stackcube_20261007T182651_ab48dfc3,StackCube-v1,mbpo,fit_start_restored,,56000,,,27,,,,,,,"[True, False, True]","[6.110741926670075, 5.830097076386213, 5.801361777096987]","[2.6949939382076264, 2.7929587235450746, 2.759435229301453]","[0, 2]",,,,,
mbpo_stackcube_20261007T182651_ab48dfc3,StackCube-v1,mbpo,fit_start_restored,,62016,,,30,,,,,,,"[False, False, True]","[4.929948922038078, 4.196691335916519, 4.6360518125891685]","[4.525969570159912, 4.858320248603821, 4.974222440719604]","[0, 1]",,,,,
mbpo_stackcube_20261007T182651_ab48dfc3,StackCube-v1,mbpo,fit_start_restored,,64000,,,31,,,,,,,"[False, False, True]","[4.547315826177597, 4.55207916021347, 4.7310108103752135]","[3.2227605571746825, 2.924337465763092, 3.062320897102356]","[1, 2]",,,,,
mbpo_stackcube_20261007T182651_ab48dfc3,StackCube-v1,mbpo,fit_start_restored,,68000,,,33,,,,,,,"[False, False, True]","[3.7903684787750245, 3.65705916595459, 3.767966505467892]","[6.595092407226563, 6.311807559967041, 6.565401920318603]","[1, 2]",,,,,
mbpo_stackcube_20261007T182651_ab48dfc3,StackCube-v1,mbpo,fit_start_restored,,72000,,,35,,,,,,,"[True, True, False]","[3.90820640873909, 3.5882724227905274, 3.3954129276275635]","[3.5846458930969236, 3.361833086013794, 3.382604866027832]","[1, 2]",,,,,
mbpo_stackcube_20261007T182651_ab48dfc3,StackCube-v1,mbpo,fit_start_restored,,76000,,,37,,,,,,,"[True, True, True]","[3.6747623360157013, 3.6019248909950257, 3.5789320430755613]","[3.1518750953674317, 3.1878791580200194, 2.9412433433532716]","[2, 0]",,,,,
mbpo_stackcube_20261007T182651_ab48dfc3,StackCube-v1,mbpo,fit_start_restored,,78016,,,38,,,,,,,"[False, True, False]","[3.512528827667236, 3.665077602058649, 3.409773328959942]","[4.302078048229218, 4.190624136924743, 3.9415687875747683]","[2, 1]",,,,,
mbpo_stackcube_20261007T182651_ab48dfc3,StackCube-v1,mbpo,fit_start_restored,,80000,,,39,,,,,,,"[False, False, True]","[3.2867035322487355, 3.317028191566467, 3.3608208072185515]","[3.7261878414154053, 3.4946677560806276, 3.575127996444702]","[1, 2]",,,,,
mbpo_stackcube_20261007T182651_ab48dfc3,StackCube-v1,mbpo,fit_start_restored,,82016,,,40,,,,,,,"[True, True, False]","[3.4515726242661477, 3.464820601224899, 3.1764372833371164]","[4.513068017482758, 4.938114339828491, 4.160939069747925]","[2, 0]",,,,,
mbpo_stackcube_20261007T182651_ab48dfc3,StackCube-v1,mbpo,fit_start_restored,,84000,,,41,,,,,,,"[False, True, False]","[3.4567676141262056, 3.764225076675415, 3.4735000855922697]","[3.027604338645935, 3.2054014835357667, 2.924047729730606]","[2, 0]",,,,,
mbpo_stackcube_20261007T182651_ab48dfc3,StackCube-v1,mbpo,fit_start_restored,,86016,,,42,,,,,,,"[True, False, True]","[3.4034448897838594, 3.389297712266445, 3.493634166955948]","[2.6849508209228516, 2.7538549947738646, 2.6205949497222902]","[2, 0]",,,,,
mbpo_stackcube_20261007T182651_ab48dfc3,StackCube-v1,mbpo,fit_start_restored,,88000,,,43,,,,,,,"[False, False, True]","[2.7118518943041563, 2.7778226202130316, 2.8100653559565543]","[2.7087141666412355, 2.8354034337997436, 2.648485878944397]","[2, 0]",,,,,
mbpo_stackcube_20261007T182651_ab48dfc3,StackCube-v1,mbpo,fit_start_restored,,90016,,,44,,,,,,,"[True, True, True]","[3.6054279375076295, 3.4642519590854643, 3.4663770575523376]","[1.9913016366958618, 2.1021166481971743, 2.0015486392974853]","[0, 2]",,,,,
mbpo_stackcube_20261007T182651_ab48dfc3,StackCube-v1,mbpo,fit_start_restored,,94016,,,46,,,,,,,"[True, False, False]","[3.2442005152702333, 3.005601425513625, 3.002278367161751]","[4.414453631401062, 4.5173793907165525, 4.801786687850952]","[0, 1]",,,,,
mbpo_stackcube_20261007T182651_ab48dfc3,StackCube-v1,mbpo,fit_start_restored,,100000,,,49,,,,,,,"[True, False, False]","[2.924583347439766, 2.6419007852226497, 2.6776538482904435]","[2.758280242919922, 2.620462215423584, 2.6174001693725586]","[2, 1]",,,,,
mbpo_stackcube_20261007T182651_ab48dfc3,StackCube-v1,mbpo,fit_start_restored,,102016,,,50,,,,,,,"[True, False, False]","[4.084643018722534, 3.7712348847389223, 3.725694578409195]","[3.3961438441276552, 3.2108750190734865, 3.303539517402649]","[1, 2]",,,,,
mbpo_stackcube_20261007T182651_ab48dfc3,StackCube-v1,mbpo,fit_start_restored,,104000,,,51,,,,,,,"[True, False, True]","[3.2459987843036653, 2.949116392850876, 3.1022110477685927]","[2.3485763111114504, 2.4750981464385986, 2.5262606358528137]","[0, 1]",,,,,
mbpo_stackcube_20261007T182651_ab48dfc3,StackCube-v1,mbpo,fit_start_restored,,106016,,,52,,,,,,,"[False, True, True]","[3.5449180493056773, 3.8661895105838777, 3.802354588627815]","[3.1070605936050417, 3.281468917131424, 3.4107207441329956]","[0, 1]",,,,,
mbpo_stackcube_20261007T182651_ab48dfc3,StackCube-v1,mbpo,fit_start_restored,,108000,,,53,,,,,,,"[False, True, False]","[3.5192677695155146, 3.639483529806137, 3.643127982139587]","[2.9890727157592774, 2.3672498397827146, 2.6938297119140624]","[1, 2]",,,,,
mbpo_stackcube_20261007T182651_ab48dfc3,StackCube-v1,mbpo,fit_start_restored,,110016,,,54,,,,,,,"[False, False, True]","[2.9565568905472754, 3.112523815751076, 3.3260402927398682]","[2.4203658697009085, 2.3351514921188357, 2.626145124435425]","[1, 0]",,,,,
mbpo_stackcube_20261007T182651_ab48dfc3,StackCube-v1,mbpo,fit_start_restored,,112000,,,55,,,,,,,"[True, True, False]","[2.7645615549087523, 2.71180535697937, 2.7803985991477966]","[3.077339747428894, 3.022873143196106, 3.0034204263687134]","[2, 1]",,,,,
mbpo_stackcube_20261007T182651_ab48dfc3,StackCube-v1,mbpo,fit_start_restored,,114016,,,56,,,,,,,"[True, True, True]","[2.451946825027466, 2.455754988193512, 2.478710377931595]","[3.776364574432373, 3.645874219894409, 3.7348802108764647]","[1, 2]",,,,,
mbpo_stackcube_20261007T182651_ab48dfc3,StackCube-v1,mbpo,fit_start_restored,,116000,,,57,,,,,,,"[False, True, True]","[3.0964569404125215, 3.147373943567276, 3.211685648560524]","[1.8179849710464477, 2.0857671947479246, 1.909433219909668]","[0, 2]",,,,,
mbpo_stackcube_20261007T182651_ab48dfc3,StackCube-v1,mbpo,fit_start_restored,,118016,,,58,,,,,,,"[True, False, True]","[3.1891307754516602, 3.0681055524349214, 3.1367350224256514]","[1.8864089257717132, 2.0212758736610414, 2.0036516613960265]","[0, 2]",,,,,
mbpo_stackcube_20261007T182651_ab48dfc3,StackCube-v1,mbpo,fit_start_restored,,120000,,,59,,,,,,,"[False, True, False]","[2.5152104406952858, 2.6772668623924254, 2.4885389770269395]","[0.6502701046466828, 0.6933349481225014, 0.7088608112446964]","[0, 1]",,,,,
mbpo_stackcube_20261007T182651_ab48dfc3,StackCube-v1,mbpo,fit_start_restored,,122016,,,60,,,,,,,"[True, True, False]","[3.7298719527833164, 3.5639507944583895, 3.534672639131546]","[1.2978350954055786, 1.290794244170189, 1.2906965382099151]","[2, 1]",,,,,
mbpo_stackcube_20261007T182651_ab48dfc3,StackCube-v1,mbpo,fit_start_restored,,124000,,,61,,,,,,,"[False, True, False]","[2.864803236693144, 3.2964852077066897, 2.8679417494088413]","[1.9595319135189055, 2.0457046639919283, 2.028685899019241]","[0, 2]",,,,,
mbpo_stackcube_20261007T182651_ab48dfc3,StackCube-v1,mbpo,fit_start_restored,,126016,,,62,,,,,,,"[False, True, True]","[2.4511664754152296, 2.4260023489594458, 2.5267625104188918]","[3.460531489610672, 3.216581802368164, 3.3509587305784225]","[1, 2]",,,,,
mbpo_stackcube_20261007T182651_ab48dfc3,StackCube-v1,mbpo,fit_start_restored,,130016,,,64,,,,,,,"[True, True, False]","[2.243417178541422, 2.4130750912427903, 1.9580559401512145]","[1.7352103185653687, 1.780043982028961, 1.6432032442092896]","[2, 0]",,,,,
mbpo_stackcube_20261007T182651_ab48dfc3,StackCube-v1,mbpo,fit_start_restored,,134016,,,66,,,,,,,"[True, True, True]","[2.7351703882217406, 2.803827952861786, 2.795112281322479]","[2.164252665042877, 2.2268708159923554, 2.0314399075508116]","[2, 0]",,,,,
mbpo_stackcube_20261007T182651_ab48dfc3,StackCube-v1,mbpo,fit_start_restored,,138016,,,68,,,,,,,"[True, True, True]","[3.2646231142282485, 3.293254443883896, 3.1668715223670008]","[1.36011509513855, 1.5818914263248443, 1.6590640544891357]","[0, 1]",,,,,
mbpo_stackcube_20261007T182651_ab48dfc3,StackCube-v1,mbpo,fit_start_restored,,140000,,,69,,,,,,,"[True, True, True]","[2.0645356841683387, 2.111605266660452, 2.1579770908355713]","[3.2666009616851808, 3.3062737216949465, 3.042784427642822]","[2, 0]",,,,,
mbpo_stackcube_20261007T182651_ab48dfc3,StackCube-v1,mbpo,fit_start_restored,,142016,,,70,,,,,,,"[False, True, True]","[2.075365439593792, 2.829864471793175, 2.348917089998722]","[2.1542736887931824, 2.3773492488861083, 2.3736608924865723]","[0, 2]",,,,,
mbpo_stackcube_20261007T182651_ab48dfc3,StackCube-v1,mbpo,fit_start_restored,,144000,,,71,,,,,,,"[False, False, True]","[2.312474895954132, 2.3521998529434205, 2.5260682938098906]","[2.6178210582733152, 2.6073142786026002, 2.3737180824279784]","[2, 1]",,,,,
mbpo_stackcube_20261007T182651_ab48dfc3,StackCube-v1,mbpo,fit_start_restored,,150016,,,74,,,,,,,"[True, True, False]","[2.8703215408325193, 2.6505760582387445, 2.743872000776231]","[1.2147534608840942, 1.1828286361694336, 1.136060317993164]","[2, 1]",,,,,
mbpo_stackcube_20261007T182651_ab48dfc3,StackCube-v1,mbpo,fit_start_restored,,152000,,,75,,,,,,,"[False, False, True]","[2.494500766277313, 2.675933328747749, 2.674415994629264]","[2.0470755310058593, 2.10264002263546, 2.14742549097538]","[0, 1]",,,,,
mbpo_stackcube_20261007T182651_ab48dfc3,StackCube-v1,mbpo,fit_start_restored,,154016,,,76,,,,,,,"[True, True, True]","[1.8307525585889817, 1.8664298323988915, 1.8187198659181596]","[2.0142058539390564, 2.1587785148620604, 2.158104871749878]","[0, 2]",,,,,
mbpo_stackcube_20261007T182651_ab48dfc3,StackCube-v1,mbpo,fit_start_restored,,156000,,,77,,,,,,,"[True, True, True]","[1.847168353497982, 1.9665138664245605, 1.9760710122436285]","[2.349290813446045, 2.337189479827881, 2.2708158740997315]","[2, 1]",,,,,
mbpo_stackcube_20261007T182651_ab48dfc3,StackCube-v1,mbpo,fit_start_restored,,160000,,,79,,,,,,,"[True, True, False]","[1.607445278286934, 1.5963071360588075, 1.5509283230304718]","[1.4767067371681333, 1.6246895482540131, 1.6139093792438508]","[0, 2]",,,,,
mbpo_stackcube_20261007T182651_ab48dfc3,StackCube-v1,mbpo,fit_start_restored,,162016,,,80,,,,,,,"[False, False, True]","[1.1588934842944145, 1.2183057015240193, 1.3696897761225701]","[0.3819265756607056, 0.4135600461959839, 0.4539603462219238]","[0, 1]",,,,,
mbpo_stackcube_20261007T182651_ab48dfc3,StackCube-v1,mbpo,fit_start_restored,,166016,,,82,,,,,,,"[True, True, True]","[2.0429859045743943, 2.0897889679968356, 2.1009318335056304]","[1.3336314797401427, 1.4050362968444825, 1.6234267930984496]","[0, 1]",,,,,
mbpo_stackcube_20261007T182651_ab48dfc3,StackCube-v1,mbpo,fit_start_restored,,168000,,,83,,,,,,,"[True, True, False]","[1.6575118536651134, 1.8018507163524629, 1.323075553894043]","[2.7366372693777086, 2.6800087718963623, 2.6747221925854685]","[2, 1]",,,,,
mbpo_stackcube_20261007T182651_ab48dfc3,StackCube-v1,mbpo,fit_start_restored,,172000,,,85,,,,,,,"[True, True, True]","[2.8361060743331907, 2.2632980125546456, 2.3010231054127215]","[2.0748608512878417, 1.9208304147720336, 2.093447144985199]","[1, 0]",,,,,
mbpo_stackcube_20261007T182651_ab48dfc3,StackCube-v1,mbpo,fit_start_restored,,174016,,,86,,,,,,,"[True, True, True]","[0.8655465208292007, 0.9526289603710174, 0.9100863209962845]","[1.584959095954895, 1.621705460548401, 1.6730366401672363]","[0, 1]",,,,,
mbpo_stackcube_20261007T182651_ab48dfc3,StackCube-v1,mbpo,fit_start_restored,,176000,,,87,,,,,,,"[True, True, True]","[1.382236587166786, 1.4903002780228853, 1.3532929756045342]","[3.5672700424194335, 3.3408099892139433, 3.94758229637146]","[1, 0]",,,,,
mbpo_stackcube_20261007T182651_ab48dfc3,StackCube-v1,mbpo,fit_start_restored,,178016,,,88,,,,,,,"[False, True, False]","[1.3708844542503358, 1.7907302638292313, 1.5878298604488372]","[3.3888375396728514, 3.46581139755249, 2.8650692138671876]","[2, 0]",,,,,
mbpo_stackcube_20261007T182651_ab48dfc3,StackCube-v1,mbpo,fit_start_restored,,182016,,,90,,,,,,,"[True, False, False]","[1.6695497817993163, 1.5220437717437745, 1.5585556774139404]","[1.7305178294181824, 1.8641463840007781, 1.7136910145282744]","[2, 0]",,,,,
mbpo_stackcube_20261007T182651_ab48dfc3,StackCube-v1,mbpo,fit_start_restored,,184000,,,91,,,,,,,"[True, True, True]","[0.6981982872486114, 0.8306490474939346, 0.7993978425115347]","[1.1753113951683045, 1.0780741424560547, 1.0321344861984252]","[2, 1]",,,,,
mbpo_stackcube_20261007T182651_ab48dfc3,StackCube-v1,mbpo,fit_start_restored,,188000,,,93,,,,,,,"[True, False, True]","[1.6265892626047134, 0.6969133180379867, 1.4606870324611665]","[2.541180999159813, 2.710104062438011, 2.6547515466213225]","[0, 2]",,,,,
mbpo_stackcube_20261007T182651_ab48dfc3,StackCube-v1,mbpo,fit_start_restored,,190016,,,94,,,,,,,"[False, True, False]","[0.9417610753774643, 1.0403912683725358, 1.0324265519678593]","[3.341877645492554, 3.442129768371582, 3.2649141120910645]","[2, 0]",,,,,
mbpo_stackcube_20261007T182651_ab48dfc3,StackCube-v1,mbpo,fit_start_restored,,192000,,,95,,,,,,,"[False, True, False]","[0.5444030746221542, 0.6245322631448508, 0.5866489693894983]","[-0.15764363288879393, -0.22946517658233642, -0.17478838872909547]","[1, 2]",,,,,
mbpo_stackcube_20261007T182651_ab48dfc3,StackCube-v1,mbpo,fit_start_restored,,194016,,,96,,,,,,,"[True, True, True]","[1.075904705643654, 1.2318097925186158, 1.0777771344184877]","[1.5186231210231782, 1.4562415793687105, 1.4812680197954178]","[1, 2]",,,,,
mbpo_stackcube_20261007T182651_ab48dfc3,StackCube-v1,mbpo,fit_start_restored,,196000,,,97,,,,,,,"[True, False, False]","[1.6250480268001557, 1.7397621264345944, 1.6120244646072388]","[1.1706396865844726, 1.1078881878852844, 1.36124751329422]","[1, 0]",,,,,
mbpo_stackcube_20261007T182651_ab48dfc3,StackCube-v1,mbpo,fit_start_restored,,198016,,,98,,,,,,,"[True, False, False]","[0.8897348960340024, 0.7571366561055184, 0.8822200499475003]","[0.7097758417129516, 0.8426306843757629, 0.7041368837356567]","[2, 0]",,,,,
mbpo_stackcube_20261007T182651_ab48dfc3,StackCube-v1,mbpo,fit_start_restored,,200000,,,99,,,,,,,"[True, True, True]","[1.5244859725236892, 1.531882512331009, 1.6180000265240668]","[0.6076861181259156, 0.7809469962120056, 0.8440519299507141]","[0, 1]",,,,,
mbpo_stackcube_20261007T182651_ab48dfc3,StackCube-v1,mbpo,fit_start_restored,,202016,,,100,,,,,,,"[True, False, False]","[1.3589460598826408, 1.2276828846056014, 1.0839256368875503]","[0.9388141067028045, 1.2188544816970825, 1.0744410517215728]","[0, 2]",,,,,
mbpo_stackcube_20261007T182651_ab48dfc3,StackCube-v1,mbpo,fit_start_restored,,204000,,,101,,,,,,,"[False, False, True]","[0.9910931786298752, 0.9897291784286499, 1.0951082422733307]","[1.6888973999023438, 1.6609622707366944, 1.4891910610198975]","[2, 1]",,,,,
mbpo_stackcube_20261007T182651_ab48dfc3,StackCube-v1,mbpo,fit_start_restored,,206016,,,102,,,,,,,"[False, True, False]","[1.0336251467764377, 1.2128727478981018, 1.0967421056739985]","[1.0264804821442812, 1.1027874493598937, 1.032530453145504]","[0, 2]",,,,,
mbpo_stackcube_20261007T182651_ab48dfc3,StackCube-v1,mbpo,fit_start_restored,,210016,,,104,,,,,,,"[True, True, True]","[1.2834919689632953, 1.2843007806837559, 1.1981998677253722]","[1.628231023788452, 1.5364601602554322, 1.4772433910369873]","[2, 1]",,,,,
mbpo_stackcube_20261007T182651_ab48dfc3,StackCube-v1,mbpo,fit_start_restored,,212000,,,105,,,,,,,"[False, False, True]","[0.9207151166200638, 1.1793226790577174, 1.2018724119663238]","[0.870451898097992, 0.8244987716674804, 0.7957079215049744]","[2, 1]",,,,,
mbpo_stackcube_20261007T182651_ab48dfc3,StackCube-v1,mbpo,fit_start_restored,,214016,,,106,,,,,,,"[True, True, True]","[1.0980955891609192, 1.159135166168213, 1.115222056388855]","[0.9209626989364624, 0.8804684162139893, 0.8787154712677002]","[2, 1]",,,,,
mbpo_stackcube_20261007T182651_ab48dfc3,StackCube-v1,mbpo,fit_start_restored,,216000,,,107,,,,,,,"[False, True, True]","[0.925473402261734, 0.977534649848938, 1.120399121761322]","[0.26180125284194944, 0.28213227689266207, 0.3117031817436218]","[0, 1]",,,,,
mbpo_stackcube_20261007T182651_ab48dfc3,StackCube-v1,mbpo,fit_start_restored,,218016,,,108,,,,,,,"[False, True, True]","[0.6215665761828423, 0.8437866477966308, 0.7247313899993897]","[0.5195382490158081, 0.46509160709381103, 0.35259744691848754]","[2, 1]",,,,,
mbpo_stackcube_20261007T182651_ab48dfc3,StackCube-v1,mbpo,fit_start_restored,,220000,,,109,,,,,,,"[True, False, False]","[0.5811004569530487, 0.45641849088668823, 0.6569886194467545]","[1.071900074660778, 1.085826710999012, 1.138282913208008]","[0, 1]",,,,,
mbpo_stackcube_20261007T182651_ab48dfc3,StackCube-v1,mbpo,fit_start_restored,,222016,,,110,,,,,,,"[True, True, False]","[0.9212618743665516, 0.9591333282068372, 0.8062911902815103]","[1.7894598979949952, 1.610421531677246, 1.790075638771057]","[1, 0]",,,,,
mbpo_stackcube_20261007T182651_ab48dfc3,StackCube-v1,mbpo,fit_start_restored,,224000,,,111,,,,,,,"[False, True, False]","[1.2367716524600982, 1.2668164509534836, 1.073324678182602]","[2.3190790734291076, 2.22969016456604, 2.4217959609031676]","[1, 0]",,,,,
mbpo_stackcube_20261007T182651_ab48dfc3,StackCube-v1,mbpo,fit_start_restored,,226016,,,112,,,,,,,"[False, False, True]","[1.4173945071697236, 1.7570042107105255, 1.7667648346424103]","[1.766621509552002, 1.5787252902984619, 1.8582948837280273]","[1, 0]",,,,,
mbpo_stackcube_20261007T182651_ab48dfc3,StackCube-v1,mbpo,fit_start_restored,,228000,,,113,,,,,,,"[False, True, True]","[1.4215551933050157, 1.5538622555583717, 1.7300848506689073]","[1.1582697834670543, 1.0890165677070618, 1.259253303527832]","[1, 0]",,,,,
mbpo_stackcube_20261007T182651_ab48dfc3,StackCube-v1,mbpo,fit_start_restored,,230016,,,114,,,,,,,"[False, True, True]","[0.9862770862281323, 1.1111113661527634, 1.130653613895178]","[0.9073393974304199, 1.4374410667419433, 1.0045499482154847]","[0, 2]",,,,,
mbpo_stackcube_20261007T182651_ab48dfc3,StackCube-v1,mbpo,fit_start_restored,,232000,,,115,,,,,,,"[True, False, False]","[0.7597004105597734, 0.7918627775907516, 0.6887046044096351]","[0.414221985578537, 0.467774049282074, 0.4355190088748932]","[0, 2]",,,,,
mbpo_stackcube_20261007T182651_ab48dfc3,StackCube-v1,mbpo,fit_start_restored,,234016,,,116,,,,,,,"[True, True, False]","[1.0542393342610448, 1.111929370880127, 0.9246419916152954]","[1.6958590931892394, 1.8014333543777465, 1.9818992142677307]","[0, 1]",,,,,
mbpo_stackcube_20261007T182651_ab48dfc3,StackCube-v1,mbpo,fit_start_restored,,236000,,,117,,,,,,,"[True, True, True]","[1.055155179977417, 1.0996903703212737, 1.0665485625267028]","[0.9945453877449035, 0.7626185202598572, 1.0651165280342103]","[1, 0]",,,,,
mbpo_stackcube_20261007T182651_ab48dfc3,StackCube-v1,mbpo,fit_start_restored,,238016,,,118,,,,,,,"[False, True, False]","[0.5774073863327503, 0.6887207370996475, 0.6134781623166055]","[1.042851249217987, 1.0742426142692565, 1.1502400794029235]","[0, 1]",,,,,
mbpo_stackcube_20261007T182651_ab48dfc3,StackCube-v1,mbpo,fit_start_restored,,240000,,,119,,,,,,,"[False, True, True]","[1.364265543460846, 1.7969438189566136, 1.7337546934485435]","[-0.018773527145385743, 0.06251957154273986, 0.04768538856506348]","[0, 2]",,,,,
mbpo_stackcube_20261007T182651_ab48dfc3,StackCube-v1,mbpo,fit_start_restored,,242016,,,120,,,,,,,"[True, False, True]","[2.1768613580465317, 1.3217229062095284, 2.1000388813316824]","[-0.08658399075269699, -0.22244501757621765, -0.18559660959243773]","[1, 2]",,,,,
mbpo_stackcube_20261007T182651_ab48dfc3,StackCube-v1,mbpo,fit_start_restored,,244000,,,121,,,,,,,"[False, True, True]","[0.7503286086320877, 0.9662660386562347, 1.0298933300971984]","[1.8368472681604326, 0.4602494924366474, 0.4494431845843792]","[2, 1]",,,,,
mbpo_stackcube_20261007T182651_ab48dfc3,StackCube-v1,mbpo,fit_start_restored,,246016,,,122,,,,,,,"[False, False, True]","[0.4279786828160286, 0.44413039046525954, 0.6598430898785591]","[0.48535267210006716, 0.3222853937149048, 0.3360272755622864]","[1, 2]",,,,,
mbpo_stackcube_20261007T182651_ab48dfc3,StackCube-v1,mbpo,fit_start_restored,,248000,,,123,,,,,,,"[True, True, True]","[0.3723762574195862, 0.31110352182388307, 0.3746570672541857]","[0.7801068115234375, 0.7954364776611328, 0.8437895469665527]","[0, 1]",,,,,
mbpo_stackcube_20261007T182651_ab48dfc3,StackCube-v1,mbpo,fit_start_restored,,250016,,,124,,,,,,,"[True, False, False]","[0.6781532311439514, 0.7573889632225037, 0.632323168553412]","[0.940105845451355, 1.361124264717102, 1.3238270708024502]","[0, 2]",,,,,
mbpo_stackcube_20261007T182651_ab48dfc3,StackCube-v1,mbpo,fit_start_restored,,254016,,,126,,,,,,,"[False, False, True]","[0.8574473374038935, 0.8895483352839947, 1.0245065900087356]","[3.285687088012695, 3.5903008732795714, 3.2180493049621584]","[2, 0]",,,,,
mbpo_stackcube_20261007T182651_ab48dfc3,StackCube-v1,mbpo,fit_start_restored,,258016,,,128,,,,,,,"[True, False, False]","[1.089076941549778, 1.032979505777359, 1.0769442181587219]","[0.5520679366588592, 0.5232788436412811, 0.5788361437320709]","[1, 0]",,,,,
mbpo_stackcube_20261007T182651_ab48dfc3,StackCube-v1,mbpo,fit_start_restored,,262016,,,130,,,,,,,"[False, False, True]","[0.6176531817913056, 0.6809453585147858, 0.7348618193864822]","[0.27129192304611205, 0.12347279036045075, 0.2906941189169884]","[1, 0]",,,,,
mbpo_stackcube_20261007T182651_ab48dfc3,StackCube-v1,mbpo,fit_start_restored,,266016,,,132,,,,,,,"[True, False, False]","[0.6313626112937927, 0.6455192685723304, 0.6845466805994511]","[-0.12166463351249694, -0.10041684746742248, -0.029708104729652404]","[0, 1]",,,,,
mbpo_stackcube_20261007T182651_ab48dfc3,StackCube-v1,mbpo,fit_start_restored,,274016,,,136,,,,,,,"[False, False, True]","[0.001824291706085205, 0.11304115843772888, 0.3055028787851334]","[-0.305939688205719, -0.3184575114250183, -0.20377195739746093]","[1, 0]",,,,,
mbpo_stackcube_20261007T182651_ab48dfc3,StackCube-v1,mbpo,fit_start_restored,,276000,,,137,,,,,,,"[False, False, True]","[0.8232679188661277, 0.9712040649652481, 1.1505339074134826]","[-0.0361022469997406, 0.21987501406669616, 0.37749828994274137]","[0, 1]",,,,,
mbpo_stackcube_20261007T182651_ab48dfc3,StackCube-v1,mbpo,fit_start_restored,,278016,,,138,,,,,,,"[False, True, True]","[0.06693959403038025, -0.0035068516731262206, 0.12403593069314957]","[2.5804140930175783, 2.2083357162475585, 2.380103286743164]","[1, 2]",,,,,
mbpo_stackcube_20261007T182651_ab48dfc3,StackCube-v1,mbpo,fit_start_restored,,280000,,,139,,,,,,,"[True, False, False]","[0.49389669179916385, 0.3962542216777801, 0.46305620908737183]","[0.4865057740211487, 0.468328405380249, 0.5076496901512146]","[1, 0]",,,,,
mbpo_stackcube_20261007T182651_ab48dfc3,StackCube-v1,mbpo,fit_start_restored,,282016,,,140,,,,,,,"[False, True, True]","[0.12172536659240722, 0.5114855365753174, 0.5293299932479858]","[0.9134779011011124, 1.5128614866733552, 1.6928748571574688]","[0, 1]",,,,,
mbpo_stackcube_20261007T182651_ab48dfc3,StackCube-v1,mbpo,fit_start_restored,,284000,,,141,,,,,,,"[False, True, True]","[0.114516037940979, 0.26254334723949435, 0.40490890288352965]","[0.23370685815811157, -0.11115040969848633, -0.10929483938217163]","[1, 2]",,,,,
mbpo_stackcube_20261007T182651_ab48dfc3,StackCube-v1,mbpo,fit_start_restored,,286016,,,142,,,,,,,"[True, False, False]","[0.5801389832496643, 0.2670369532108307, 0.4301973841190338]","[-0.25102641773223877, -0.1785593101978302, -0.09033487749099732]","[0, 1]",,,,,
mbpo_stackcube_20261007T182651_ab48dfc3,StackCube-v1,mbpo,fit_start_restored,,296000,,,147,,,,,,,"[False, False, True]","[-0.13444048976898193, 0.6868956265449524, 0.14094644927978517]","[1.3325835342407226, 6.2941546001434325, 1.2459411125183106]","[2, 0]",,,,,
mbpo_stackcube_20261007T182651_ab48dfc3,StackCube-v1,mbpo,fit_start_restored,,298016,,,148,,,,,,,"[False, False, True]","[0.7455351709127426, 0.7737952690124512, 1.620722225010395]","[-0.22783993816375733, -0.3359844846725464, -0.25108058881759643]","[1, 2]",,,,,
mbpo_stackcube_20261007T182651_ab48dfc3,StackCube-v1,mbpo,fit_start_restored,,302016,,,150,,,,,,,"[True, True, False]","[0.8865736058950424, 0.8319235251545906, 0.802815163731575]","[0.5360063557624817, 0.561299747467041, 0.6239451065063476]","[0, 1]",,,,,
mbpo_stackcube_20261007T182651_ab48dfc3,StackCube-v1,mbpo,fit_start_restored,,308000,,,153,,,,,,,"[True, True, False]","[1.173094449043274, 0.5646924910545349, 0.43837986096739767]","[0.08189379835128784, 0.09810864400863648, 0.22184240365028382]","[0, 1]",,,,,
mbpo_stackcube_20261007T182651_ab48dfc3,StackCube-v1,mbpo,generation_reward_extreme,,312000,,,155,-2.3167405128479004,,,,,,,,,"[0, 1]",0.7444839477539062,-2.527831554412842,0.672003984451294,360000,362016
mbpo_stackcube_20261007T182651_ab48dfc3,StackCube-v1,mbpo,fit_start_restored,,314016,,,156,,,,,,,"[False, False, True]","[0.22962143361568452, 0.027221782684326172, 0.9467299548387528]","[42.406486981868746, 0.7032390608787537, 0.6861387124061584]","[2, 1]",,,,,
mbpo_stackcube_20261007T182651_ab48dfc3,StackCube-v1,mbpo,fit_start_restored,,316000,,,157,,,,,,,"[False, True, True]","[0.7778902792930603, 5.074036278963089, 0.988451143026352]","[0.4587012958526611, 0.37550957584381106, 0.521567042350769]","[1, 0]",,,,,
mbpo_stackcube_20261007T182651_ab48dfc3,StackCube-v1,mbpo,fit_start_restored,,318016,,,158,,,,,,,"[True, True, True]","[-0.35126509761810304, -0.49655392146110533, -0.37487167078256606]","[1.64872536945343, 1.4988304767608642, 1.395487587928772]","[2, 1]",,,,,
mbpo_stackcube_20261007T182651_ab48dfc3,StackCube-v1,mbpo,fit_start_restored,,320000,,,159,,,,,,,"[False, True, True]","[0.6835242697000503, 0.5566750935912133, 0.7303561491966247]","[0.040247988700866696, -0.06825688648223877, 0.11908908081054688]","[1, 0]",,,,,
mbpo_stackcube_20261007T182651_ab48dfc3,StackCube-v1,mbpo,fit_start_restored,,322016,,,160,,,,,,,"[False, True, False]","[0.528759654134512, 0.47512173461914065, 0.5517721840143204]","[-0.22484517288208009, -0.045634985446929933, -0.25282429575920107]","[2, 0]",,,,,
mbpo_stackcube_20261007T182651_ab48dfc3,StackCube-v1,mbpo,fit_start_restored,,324000,,,161,,,,,,,"[False, True, False]","[0.26118666005134583, 0.05368222123384476, 0.18553801295906305]","[15.29684710533917, 0.02230637413263321, -0.08446257485449314]","[2, 1]",,,,,
mbpo_stackcube_20261007T182651_ab48dfc3,StackCube-v1,mbpo,fit_start_restored,,326016,,,162,,,,,,,"[False, True, False]","[-0.4344681212902069, -0.45255568170547483, -0.36541096325218675]","[0.2829985247850418, 0.3354408061504364, 0.4531246199607849]","[0, 1]",,,,,
mbpo_stackcube_20261007T182651_ab48dfc3,StackCube-v1,mbpo,fit_start_restored,,328000,,,163,,,,,,,"[False, True, False]","[-0.20687108120322228, -0.03637852247804403, -0.03903181555867195]","[0.012790077924728393, -0.025828399658203126, 0.0910881335735321]","[1, 0]",,,,,
mbpo_stackcube_20261007T182651_ab48dfc3,StackCube-v1,mbpo,fit_start_restored,,330016,,,164,,,,,,,"[True, True, False]","[0.8491409649848938, 0.4074259848594666, 0.4543801918029785]","[1.9789055881500244, 0.8594897193908692, 1.0039095649719239]","[1, 2]",,,,,
mbpo_stackcube_20261007T182651_ab48dfc3,StackCube-v1,mbpo,fit_start_restored,,332000,,,165,,,,,,,"[True, True, False]","[0.7864004875421524, 0.6091925172805787, 0.6742684173583985]","[-0.6490216813087464, -0.6651740684509277, -0.605253261089325]","[1, 0]",,,,,
mbpo_stackcube_20261007T182651_ab48dfc3,StackCube-v1,mbpo,fit_start_restored,,336000,,,167,,,,,,,"[True, True, True]","[0.05367588472366333, -0.09451556825637818, 0.08706500041484833]","[0.11339218378067016, 0.12682499694824217, 0.19112649381160737]","[0, 1]",,,,,
mbpo_stackcube_20261007T182651_ab48dfc3,StackCube-v1,mbpo,fit_start_restored,,338016,,,168,,,,,,,"[True, True, True]","[-0.03544283390045166, -0.005962481141090393, 0.5906140404641629]","[-0.21043025374412536, -0.1380359354019165, 0.012724170923233032]","[0, 1]",,,,,
mbpo_stackcube_20261007T182651_ab48dfc3,StackCube-v1,mbpo,fit_start_restored,,340000,,,169,,,,,,,"[True, True, True]","[0.13371084237098693, 0.11120314311981201, 0.20523136138916015]","[-0.7478302907943726, -0.7559969358444214, -0.629736526966095]","[1, 0]",,,,,
mbpo_stackcube_20261007T182651_ab48dfc3,StackCube-v1,mbpo,fit_start_restored,,342016,,,170,,,,,,,"[False, True, False]","[0.05201110768318176, 0.21798960161209108, 0.24068589374423027]","[-0.3413071776032448, -0.3875728192329407, -0.20693676280975343]","[1, 0]",,,,,
mbpo_stackcube_20261007T182651_ab48dfc3,StackCube-v1,mbpo,fit_start_restored,,344000,,,171,,,,,,,"[False, True, True]","[-0.33528861045837405, -0.2156840810775757, 0.01263422966003418]","[1.2072184038162233, 0.8566524033546448, 0.8476956539154052]","[2, 1]",,,,,
mbpo_stackcube_20261007T182651_ab48dfc3,StackCube-v1,mbpo,fit_start_restored,,346016,,,172,,,,,,,"[False, True, True]","[-0.22108398246765137, -0.09487477338314057, 0.6609761309027672]","[0.3897828097343445, 0.5797626819610596, 0.5633777877092362]","[0, 2]",,,,,
mbpo_stackcube_20261007T182651_ab48dfc3,StackCube-v1,mbpo,fit_start_restored,,348000,,,173,,,,,,,"[True, True, True]","[-0.49175617623329165, -0.46228842890262606, -0.250768434882164]","[1.4331427130699157, 1.348566665649414, 1.5730807917118073]","[1, 0]",,,,,
mbpo_stackcube_20261007T182651_ab48dfc3,StackCube-v1,mbpo,fit_start_restored,,350016,,,174,,,,,,,"[True, True, True]","[-0.23230344343185425, -0.23589123916625976, -0.07218592521548271]","[-0.3586488399505615, 0.06779205513000489, 0.04524123287200928]","[0, 2]",,,,,
mbpo_stackcube_20261007T182651_ab48dfc3,StackCube-v1,mbpo,fit_start_restored,,352000,,,175,,,,,,,"[False, False, True]","[0.486046840429306, 0.5379324507713318, 0.7222890870571137]","[-0.6269841542243958, -0.4593408396244049, -0.3890170328617096]","[0, 1]",,,,,
mbpo_stackcube_20261007T182651_ab48dfc3,StackCube-v1,mbpo,fit_start_restored,,354016,,,176,,,,,,,"[False, False, True]","[-0.012579360127449035, -0.05138101649284363, 0.19184750723838806]","[-0.1204966253042221, -0.09310442614555359, 0.07153311276435852]","[0, 1]",,,,,
mbpo_stackcube_20261007T182651_ab48dfc3,StackCube-v1,mbpo,fit_start_restored,,356000,,,177,,,,,,,"[False, False, True]","[0.21848622798919679, 0.23116084909439086, 0.50338067060709]","[0.033945134043693544, 0.05574710261821747, 0.1646572570800781]","[0, 1]",,,,,
mbpo_stackcube_20261007T182651_ab48dfc3,StackCube-v1,mbpo,fit_start_restored,,358016,,,178,,,,,,,"[True, False, False]","[-0.24018210911750792, -0.30048717761039734, -0.22127159786224365]","[-0.257089732170105, -0.20015740042924882, -0.04708499717712402]","[0, 1]",,,,,
mbpo_stackcube_20261007T182651_ab48dfc3,StackCube-v1,mbpo,fit_start_restored,,360000,,,179,,,,,,,"[True, True, False]","[0.06763411688804627, 0.42076486825942994, 0.16902692532539368]","[0.1427861909866333, 0.1828514540195465, 0.2604686245918274]","[0, 1]",,,,,
mbpo_stackcube_20261007T182651_ab48dfc3,StackCube-v1,mbpo,fit_start_restored,,362016,,,180,,,,,,,"[True, False, True]","[0.015272903442382812, -0.015225025177001953, 0.19028646421432496]","[0.9162296552658081, 0.595281837940216, 0.5609103515148163]","[2, 1]",,,,,
mbpo_stackcube_20261007T182651_ab48dfc3,StackCube-v1,mbpo,fit_start_restored,,368000,,,183,,,,,,,"[True, True, True]","[0.01536841893196106, 0.09981214189529419, 0.18670947694778442]","[-0.4955691270828247, -0.5004227972030639, -0.3915012264251709]","[1, 0]",,,,,
mbpo_stackcube_20261007T182651_ab48dfc3,StackCube-v1,mbpo,fit_start_restored,,370016,,,184,,,,,,,"[True, True, True]","[-0.13836221575736998, -0.12521835273504256, 0.065365797996521]","[-0.1272674140930176, -0.1493034143447876, 0.08443309831619263]","[1, 0]",,,,,
mbpo_stackcube_20261007T182651_ab48dfc3,StackCube-v1,mbpo,fit_start_restored,,372000,,,185,,,,,,,"[True, True, True]","[0.15104809582233428, 0.21973771810531617, 0.4411755954027176]","[-0.39421546459198, -0.4570790281295776, -0.2897837166786194]","[1, 0]",,,,,
mbpo_stackcube_20261007T182651_ab48dfc3,StackCube-v1,mbpo,fit_start_restored,,374016,,,186,,,,,,,"[True, True, True]","[0.001994232177734375, 0.09861075830459595, 0.1727588300704956]","[-0.4071263484954834, -0.36895132064819336, -0.20215156173706056]","[0, 1]",,,,,
mbpo_stackcube_20261007T182651_ab48dfc3,StackCube-v1,mbpo,fit_start_restored,,380000,,,189,,,,,,,"[True, False, True]","[-0.2814957666397095, -0.38129483819007876, -0.19238631248474122]","[-0.311328167617321, -0.27600375378131864, -0.09421503400802612]","[0, 1]",,,,,
mbpo_stackcube_20261007T182651_ab48dfc3,StackCube-v1,mbpo,fit_start_restored,,382016,,,190,,,,,,,"[False, False, True]","[-0.5657044928073883, -0.6460642709732055, -0.37103283727169034]","[0.14413187313079834, 0.1633588972091675, 0.2185751004219055]","[0, 1]",,,,,
mbpo_stackcube_20261007T182651_ab48dfc3,StackCube-v1,mbpo,fit_start_restored,,384000,,,191,,,,,,,"[False, True, True]","[-0.7596024315357208, -0.7235066995620728, -0.5009980206489563]","[-0.001717900037765503, -0.2559174022674561, -0.0949163761138916]","[1, 2]",,,,,
mbpo_stackcube_20261007T182651_ab48dfc3,StackCube-v1,mbpo,fit_start_restored,,386016,,,192,,,,,,,"[False, False, True]","[-0.5694710063934326, -0.6326527814865113, -0.35706543231010435]","[0.31682198858261107, 0.09943809270858765, 0.4168530898094177]","[1, 0]",,,,,
mbpo_stackcube_20261007T182651_ab48dfc3,StackCube-v1,mbpo,fit_start_restored,,388000,,,193,,,,,,,"[False, True, False]","[-0.2486614449620247, -0.05885025717318058, -0.172464404463768]","[-0.7948951992988587, -0.7584143509864807, -0.6270874160081148]","[0, 1]",,,,,
mbpo_stackcube_20261007T182651_ab48dfc3,StackCube-v1,mbpo,fit_start_restored,,390016,,,194,,,,,,,"[False, False, True]","[-0.009464751720428467, 0.034693506240844725, 0.33188741075992584]","[-0.7245933704376221, -0.5883727855682374, -0.39305039167404177]","[0, 1]",,,,,
mbpo_stackcube_20261007T182651_ab48dfc3,StackCube-v1,mbpo,fit_start_restored,,394016,,,196,,,,,,,"[False, True, False]","[0.0005580992698669434, 0.21328357791900635, 0.20671493446826936]","[0.04751102256774902, 0.08761043787002563, 0.1728916416168213]","[0, 1]",,,,,
mbpo_stackcube_20261007T182651_ab48dfc3,StackCube-v1,mbpo,fit_start_restored,,402016,,,200,,,,,,,"[True, False, False]","[-0.2531393699645996, -0.34620033264160155, -0.152662841796875]","[24.146722732782365, -0.2769556746482849, -0.1604937138557434]","[1, 2]",,,,,
mbpo_stackcube_20261007T182651_ab48dfc3,StackCube-v1,mbpo,generation_reward_extreme,,404000,,,201,-1.0085707902908325,,,,,,,,,"[0, 2]",1.0077577829360962,-1.024411916732788,0.9367432594299316,452000,454016
mbpo_stackcube_20261007T182651_ab48dfc3,StackCube-v1,mbpo,fit_start_restored,,408000,,,203,,,,,,,"[True, False, True]","[0.6492970416545868, 0.4939676465988159, 0.9858163042068482]","[-0.18318135261535645, -0.16625443172454835, -0.05122940599918366]","[0, 1]",,,,,
mbpo_stackcube_20261007T182651_ab48dfc3,StackCube-v1,mbpo,fit_start_restored,,410016,,,204,,,,,,,"[True, False, False]","[0.07691136215627194, -0.15619291573762895, -0.2061310367230326]","[0.03672506070137024, -0.17094065594673158, -0.09892363816499711]","[1, 2]",,,,,
mbpo_stackcube_20261007T182651_ab48dfc3,StackCube-v1,mbpo,fit_start_restored,,412000,,,205,,,,,,,"[True, True, False]","[-0.24256165981292724, -0.18336400544643403, -0.5183445019721985]","[0.07224036026000977, 0.29654990577697754, 0.4273414077758789]","[0, 1]",,,,,
mbpo_stackcube_20261007T182651_ab48dfc3,StackCube-v1,mbpo,fit_start_restored,,414016,,,206,,,,,,,"[False, True, True]","[-0.5810599405169486, -0.4848882632516325, -0.4694965049028397]","[-0.3418810057640076, -0.5381863985061646, -0.33484061813354493]","[1, 0]",,,,,
mbpo_stackcube_20261007T182651_ab48dfc3,StackCube-v1,mbpo,fit_start_restored,,416000,,,207,,,,,,,"[True, True, False]","[17.290975078105927, 0.25866906356811525, 1.124310881137848]","[-0.4812225227355957, -0.5869391822814941, -0.697934142112732]","[2, 1]",,,,,
mbpo_stackcube_20261007T182651_ab48dfc3,StackCube-v1,mbpo,fit_start_restored,,422016,,,210,,,,,,,"[True, False, True]","[-0.2081143832206726, -0.41656463432312013, -0.21695928859710695]","[-0.6093693242073059, -0.6441560635566711, -0.5632543487548828]","[1, 0]",,,,,
mbpo_stackcube_20261007T182651_ab48dfc3,StackCube-v1,mbpo,fit_start_restored,,424000,,,211,,,,,,,"[True, False, False]","[-0.520922297000885, -0.6060152373313904, -0.479332142829895]","[1.8821844854354859, -0.7242984476089478, -0.7538673219680786]","[2, 1]",,,,,
mbpo_stackcube_20261007T182651_ab48dfc3,StackCube-v1,mbpo,fit_start_restored,,426016,,,212,,,,,,,"[True, False, True]","[-0.3001658682823181, -0.02425171184539795, 0.062229258537292484]","[-0.6251456308364868, -0.6725924320220947, -0.5087823858261108]","[1, 0]",,,,,
mbpo_stackcube_20261007T182651_ab48dfc3,StackCube-v1,mbpo,fit_start_restored,,428000,,,213,,,,,,,"[True, False, False]","[-0.3214906496405602, -0.2811078096926212, -0.2604694483280182]","[-0.2876767807006836, -0.18696527671813964, 0.05945470428466797]","[0, 1]",,,,,
mbpo_stackcube_20261007T182651_ab48dfc3,StackCube-v1,mbpo,fit_start_restored,,430016,,,214,,,,,,,"[True, False, False]","[-0.7413629555702209, -0.8564834191799163, -0.7195647745132446]","[-0.05098896765708923, -0.06677013778686523, 0.07387856912612915]","[1, 0]",,,,,
mbpo_stackcube_20261007T182651_ab48dfc3,StackCube-v1,mbpo,fit_start_restored,,432000,,,215,,,,,,,"[True, False, False]","[0.01675887393951416, -0.5901901514530182, -0.47715042233467103]","[-0.5247926936149597, -0.6313998551368714, -0.5743904361724853]","[1, 2]",,,,,
mbpo_stackcube_20261007T182651_ab48dfc3,StackCube-v1,mbpo,fit_start_restored,,434016,,,216,,,,,,,"[True, False, False]","[0.11698387002944946, -0.5969048926830292, 0.17590713381767273]","[-1.0452881803512573, -0.9547448728084564, -0.3623795967102051]","[0, 1]",,,,,
mbpo_stackcube_20261007T182651_ab48dfc3,StackCube-v1,mbpo,fit_start_restored,,440000,,,219,,,,,,,"[True, True, True]","[0.8891448879241943, -0.12125154945254325, 4.1534203412234785]","[-0.07955826568603516, -0.36893182373046873, -0.7982669582366944]","[2, 1]",,,,,
mbpo_stackcube_20261007T182651_ab48dfc3,StackCube-v1,mbpo,fit_start_restored,,442016,,,220,,,,,,,"[False, True, False]","[-0.6694435977935791, -0.5252487045526505, 0.448737557888031]","[-0.5983258633613586, -0.7548839902877807, -0.7328252701759338]","[1, 2]",,,,,
mbpo_stackcube_20261007T182651_ab48dfc3,StackCube-v1,mbpo,fit_start_restored,,444000,,,221,,,,,,,"[True, True, False]","[-0.09045964935421943, -0.1738202697634697, -0.18883605259656905]","[-0.9240747838020325, -0.8907319407463073, 3.1890562682151793]","[0, 1]",,,,,
mbpo_stackcube_20261007T182651_ab48dfc3,StackCube-v1,mbpo,fit_start_restored,,446016,,,222,,,,,,,"[True, False, False]","[-0.5334461881518364, -0.6047510585784912, -0.736874605178833]","[0.10416497945785523, 0.16563167095184325, 3.8117457580566407]","[0, 1]",,,,,
mbpo_stackcube_20261007T182651_ab48dfc3,StackCube-v1,mbpo,fit_start_restored,,448000,,,223,,,,,,,"[True, False, True]","[-0.8639261656999588, -1.081282526254654, 1.9829729777574538]","[0.17728582525253295, 0.025119109153747557, 0.8958473973274231]","[1, 0]",,,,,
mbpo_stackcube_20261007T182651_ab48dfc3,StackCube-v1,mbpo,fit_start_restored,,452000,,,225,,,,,,,"[True, False, False]","[-0.47821360313892364, -0.5782990398406982, -0.8071766834259033]","[-0.33341681241989135, -0.33914210414886475, -0.3254117593765259]","[1, 0]",,,,,
mbpo_stackcube_20261007T182651_ab48dfc3,StackCube-v1,mbpo,fit_start_restored,,454016,,,226,,,,,,,"[True, True, True]","[-0.43388124465942385, -0.5052592926025391, -0.467144252538681]","[0.3528313789367676, 0.291994562625885, 0.2522065892219543]","[2, 1]",,,,,
mbpo_stackcube_20261007T182651_ab48dfc3,StackCube-v1,mbpo,fit_start_restored,,456000,,,227,,,,,,,"[False, True, True]","[-0.7792727785110474, -0.749427969455719, -0.4664623622894287]","[-1.1568682022094727, -1.117191469192505, -1.032480556488037]","[0, 1]",,,,,
mbpo_stackcube_20261007T182651_ab48dfc3,StackCube-v1,mbpo,fit_start_restored,,460000,,,229,,,,,,,"[False, True, True]","[-0.7382020044326782, -0.8137630753666163, 0.022763415813446045]","[-1.1570524458885192, -1.1961441097259522, -1.1199873418807984]","[1, 0]",,,,,
mbpo_stackcube_20261007T182651_ab48dfc3,StackCube-v1,mbpo,fit_start_restored,,466016,,,232,,,,,,,"[False, True, False]","[-0.3185976791381836, -0.4054948921203613, -0.6264636363983155]","[0.10157585668563843, 0.01567266321182251, 0.009151589393615723]","[2, 1]",,,,,
mbpo_stackcube_20261007T182651_ab48dfc3,StackCube-v1,mbpo,fit_start_restored,,468000,,,233,,,,,,,"[True, True, True]","[-0.08541284751892089, -0.14151453876495362, 0.2759626907110214]","[-1.0242286262512208, -1.0202149715423583, -0.9694244165420532]","[0, 1]",,,,,
mbpo_stackcube_20261007T182651_ab48dfc3,StackCube-v1,mbpo,fit_start_restored,,470016,,,234,,,,,,,"[False, False, True]","[-0.6429140937328338, -0.7138649952411652, 0.5966031497716904]","[-1.1899732089042663, -1.1538183345794677, -1.1072861580848694]","[0, 1]",,,,,
mbpo_stackcube_20261007T182651_ab48dfc3,StackCube-v1,mbpo,fit_start_restored,,472000,,,235,,,,,,,"[True, True, False]","[0.10944161128997802, 0.06779897859692574, -0.6659916009902954]","[-1.0525125360488892, -1.0351799097061156, -0.7254826455116272]","[0, 1]",,,,,
mbpo_stackcube_20261007T182651_ab48dfc3,StackCube-v1,mbpo,fit_start_restored,,474016,,,236,,,,,,,"[True, False, False]","[-0.21560911107063294, -0.5342851667068899, -0.4460526818409562]","[-1.1468915128707886, -1.0439600442647934, -1.0476120252609253]","[0, 2]",,,,,
mbpo_stackcube_20261007T182651_ab48dfc3,StackCube-v1,mbpo,fit_start_restored,,478016,,,238,,,,,,,"[False, True, False]","[-0.5331788366436958, -0.5146522603034973, -0.6447586913108826]","[-0.34859777498245237, -0.27620014572143553, -0.276389995098114]","[0, 2]",,,,,
mbpo_stackcube_20261007T182651_ab48dfc3,StackCube-v1,mbpo,fit_start_restored,,480000,,,239,,,,,,,"[False, False, True]","[-0.22642730474472045, -0.41276692639291285, -0.12838662123680114]","[-0.34670678901672364, -0.22342312908172607, -0.6181403288841247]","[2, 0]",,,,,
mbpo_stackcube_20261007T182651_ab48dfc3,StackCube-v1,mbpo,fit_start_restored,,482016,,,240,,,,,,,"[True, False, True]","[-0.27370418345928194, -0.5649429533481598, -0.16860599192976952]","[-0.27337811183929445, -0.12061712646484375, -0.24555452060699462]","[0, 2]",,,,,
mbpo_stackcube_20261007T182651_ab48dfc3,StackCube-v1,mbpo,fit_start_restored,,484000,,,241,,,,,,,"[False, True, False]","[-0.27401374173164367, 8.451225331306457, -0.30221534872055056]","[0.1385816864967346, 0.6904812140464782, 0.5360252370834351]","[0, 2]",,,,,
mbpo_stackcube_20261007T182651_ab48dfc3,StackCube-v1,mbpo,fit_start_restored,,486016,,,242,,,,,,,"[True, False, True]","[-0.33430794191360474, -0.4658733606338501, -0.3705455049276352]","[-0.4811339235305786, 1.621340085029602, 1.9890499830245971]","[0, 1]",,,,,
mbpo_stackcube_20261007T182651_ab48dfc3,StackCube-v1,mbpo,fit_start_restored,,488000,,,243,,,,,,,"[True, True, True]","[-0.5440980528593063, -0.004176884293556214, 0.09911820840835571]","[-0.8264680700302124, -0.8892805871963501, -0.8369102630615234]","[1, 2]",,,,,
mbpo_stackcube_20261007T182651_ab48dfc3,StackCube-v1,mbpo,fit_start_restored,,492000,,,245,,,,,,,"[True, False, True]","[-0.06436952447891235, -0.3625712652206421, -0.1328637866973877]","[-0.9614360294342041, -1.099348521232605, -1.0525176496505737]","[1, 2]",,,,,
mbpo_stackcube_20261007T182651_ab48dfc3,StackCube-v1,mbpo,fit_start_restored,,496000,,,247,,,,,,,"[True, False, True]","[-0.6688829662799836, -0.8387037909030914, -0.41835690903663636]","[-1.0875578346252441, -1.1651813583374024, -1.0805851106643676]","[1, 0]",,,,,
mbpo_stackcube_20261007T182651_ab48dfc3,StackCube-v1,mbpo,fit_start_restored,,498016,,,248,,,,,,,"[False, True, False]","[-1.0587845058441163, -0.9869305114746094, -0.9482869083881378]","[-0.5832564697265625, -0.384248628616333, -0.5506277503967285]","[0, 2]",,,,,
mbpo_stackcube_20261007T182651_ab48dfc3,StackCube-v1,mbpo,fit_start_restored,,500000,,,249,,,,,,,"[True, True, False]","[-0.6127041020393371, -0.4349109926223755, 24.24523389148712]","[-0.5959495596885681, -0.6416422243118286, -0.44723120546340944]","[1, 0]",,,,,
