run,task,algorithm,axis,bin_start,bin_end,metric,aggregation,count,nonfinite,mean,median,p95,p99,minimum,maximum,abs_maximum,last
sac_pickcube_20261007T124123_37b693e5,PickCube-v1,sac,all,0,,actor_loss,all_update_events_exact_quantiles,248016,0,-2.867126603988696,-3.214725375175476,-0.9493160992860794,-0.6710793673992156,-9.79301929473877,0.8129522800445557,9.79301929473877,-3.5632026195526123
sac_pickcube_20261007T124123_37b693e5,PickCube-v1,sac,real_env_steps,0,10000,actor_loss,all_update_events_exact_quantiles,3008,0,-8.329906484104713,-8.577889442443848,-5.918530344963073,-3.790835542678848,-9.79301929473877,0.8129522800445557,9.79301929473877,-6.892453670501709
sac_pickcube_20261007T124123_37b693e5,PickCube-v1,sac,policy_gradient_steps,0,5000,actor_loss,all_update_events_exact_quantiles,5000,0,-7.229871641846001,-7.231029272079468,-4.644889402389526,-4.454961051940918,-9.79301929473877,0.8129522800445557,9.79301929473877,-4.4397454261779785
sac_pickcube_20261007T124123_37b693e5,PickCube-v1,sac,all,0,,critic_loss,all_update_events_exact_quantiles,248016,0,0.007200981971405196,0.005837439559400082,0.010194569127634168,0.023810819350183036,0.000640914193354547,13.840787887573242,13.840787887573242,0.008246278390288353
sac_pickcube_20261007T124123_37b693e5,PickCube-v1,sac,real_env_steps,0,10000,critic_loss,all_update_events_exact_quantiles,3008,0,0.11158586394796,0.03752382844686508,0.11407814398407937,1.8658906769752217,0.012766452506184578,13.840787887573242,13.840787887573242,0.01717302016913891
sac_pickcube_20261007T124123_37b693e5,PickCube-v1,sac,policy_gradient_steps,0,5000,critic_loss,all_update_events_exact_quantiles,5000,0,0.07203845504326746,0.023252790793776512,0.08416983000934124,0.48379147678613793,0.00562883960083127,13.840787887573242,13.840787887573242,0.008897385559976101
sac_pickcube_20261007T124123_37b693e5,PickCube-v1,sac,all,0,,policy_q_min_mean,all_update_events_exact_quantiles,248016,0,2.861103730445206,3.2513062953948975,3.681782841682434,5.773842096328735,-0.1853468269109726,7.807457447052002,7.807457447052002,3.6268155574798584
sac_pickcube_20261007T124123_37b693e5,PickCube-v1,sac,real_env_steps,0,10000,policy_q_min_mean,all_update_events_exact_quantiles,3008,0,6.481731952735262,6.8306028842926025,7.741492557525635,7.772739281654358,-0.1853468269109726,7.807457447052002,7.807457447052002,5.648166179656982
sac_pickcube_20261007T124123_37b693e5,PickCube-v1,sac,policy_gradient_steps,0,5000,policy_q_min_mean,all_update_events_exact_quantiles,5000,0,5.720604238028824,5.755357503890991,7.723657321929932,7.764060754776001,-0.1853468269109726,7.807457447052002,7.807457447052002,3.6510329246520996
sac_pickcube_20261007T124123_37b693e5,PickCube-v1,sac,all,0,,alpha,all_update_events_exact_quantiles,248016,0,0.025688860984012376,0.011873206589370966,0.0551758473739028,0.517106273770333,0.0021135362330824137,0.9997000694274902,0.9997000694274902,0.01623925007879734
sac_pickcube_20261007T124123_37b693e5,PickCube-v1,sac,real_env_steps,0,10000,alpha,all_update_events_exact_quantiles,3008,0,0.6806625363892539,0.6585212051868439,0.9538255780935287,0.9902230834960937,0.45608654618263245,0.9997000694274902,0.9997000694274902,0.45608654618263245
sac_pickcube_20261007T124123_37b693e5,PickCube-v1,sac,policy_gradient_steps,0,5000,alpha,all_update_events_exact_quantiles,5000,0,0.5549604703307152,0.5147022008895874,0.9259242981672288,0.9838868248462678,0.2881839871406555,0.9997000694274902,0.9997000694274902,0.2881839871406555
sac_pickcube_20261007T124123_37b693e5,PickCube-v1,sac,all,0,,alpha_loss,all_update_events_exact_quantiles,248016,0,0.10879418344589323,0.00011878089935635217,0.3584107458591461,3.4810808420181285,-0.006396562326699495,6.598886013031006,6.598886013031006,0.001340409042313695
sac_pickcube_20261007T124123_37b693e5,PickCube-v1,sac,real_env_steps,0,10000,alpha_loss,all_update_events_exact_quantiles,3008,0,4.571547974376602,4.424989461898804,6.3814365625381475,6.558673849105835,3.0683116912841797,6.598886013031006,6.598886013031006,3.069064140319824
sac_pickcube_20261007T124123_37b693e5,PickCube-v1,sac,policy_gradient_steps,0,5000,alpha_loss,all_update_events_exact_quantiles,5000,0,3.7296787439107897,3.4652485847473145,6.211002373695374,6.541352453231812,1.9395008087158203,6.598886013031006,6.598886013031006,1.9417102336883545
sac_pickcube_20261007T124123_37b693e5,PickCube-v1,sac,all,0,,entropy_estimate,all_update_events_exact_quantiles,248016,0,-3.4042990207505204,-3.9836477041244507,2.490556478500366,2.732677721977234,-4.501944541931152,2.758296489715576,4.501944541931152,-3.917454242706299
sac_pickcube_20261007T124123_37b693e5,PickCube-v1,sac,real_env_steps,0,10000,entropy_estimate,all_update_events_exact_quantiles,3008,0,2.719741392252159,2.7304197549819946,2.7433414578437807,2.7486523485183714,-0.7133171558380127,2.758296489715576,2.758296489715576,2.727539539337158
sac_pickcube_20261007T124123_37b693e5,PickCube-v1,sac,policy_gradient_steps,0,5000,entropy_estimate,all_update_events_exact_quantiles,5000,0,2.724267944434658,2.7306463718414307,2.743475580215454,2.748852665424347,-0.7133171558380127,2.758296489715576,2.758296489715576,2.7362160682678223
sac_pickcube_20261007T124123_37b693e5,PickCube-v1,sac,real_env_steps,10000,20000,actor_loss,all_update_events_exact_quantiles,5008,0,-4.19110399936906,-3.976517677307129,-2.4887088537216187,-2.393228089809418,-6.908431053161621,-2.3603286743164062,6.908431053161621,-2.3750438690185547
sac_pickcube_20261007T124123_37b693e5,PickCube-v1,sac,real_env_steps,10000,20000,critic_loss,all_update_events_exact_quantiles,5008,0,0.007680537036847704,0.006273836828768253,0.0167998768389225,0.019616754427552223,0.0019977132324129343,0.029188495129346848,0.029188495129346848,0.0029474743641912937
sac_pickcube_20261007T124123_37b693e5,PickCube-v1,sac,real_env_steps,10000,20000,policy_q_min_mean,all_update_events_exact_quantiles,5008,0,3.451231217065368,3.275908350944519,5.34546160697937,5.587464766502381,1.9627697467803955,5.665567398071289,5.665567398071289,1.98049795627594
sac_pickcube_20261007T124123_37b693e5,PickCube-v1,sac,real_env_steps,10000,20000,alpha,all_update_events_exact_quantiles,5008,0,0.27117209307873213,0.2566312253475189,0.42992571145296093,0.4506277936697006,0.1462976187467575,0.45597895979881287,0.45597895979881287,0.1462976187467575
sac_pickcube_20261007T124123_37b693e5,PickCube-v1,sac,real_env_steps,10000,20000,alpha_loss,all_update_events_exact_quantiles,5008,0,1.8248085923159656,1.7264121174812317,2.896721541881561,3.0330648684501647,0.9798672199249268,3.0698068141937256,3.0698068141937256,0.9798672199249268
sac_pickcube_20261007T124123_37b693e5,PickCube-v1,sac,real_env_steps,10000,20000,entropy_estimate,all_update_events_exact_quantiles,5008,0,2.7262080788802794,2.7268285751342773,2.7417312383651735,2.7476502728462218,2.6763453483581543,2.7580020427703857,2.7580020427703857,2.6962697505950928
sac_pickcube_20261007T124123_37b693e5,PickCube-v1,sac,policy_gradient_steps,5000,10000,actor_loss,all_update_events_exact_quantiles,5000,0,-2.7591614378213882,-2.6271504163742065,-1.6984045267105101,-1.640082814693451,-4.445495128631592,-1.6200058460235596,4.445495128631592,-1.6304340362548828
sac_pickcube_20261007T124123_37b693e5,PickCube-v1,sac,policy_gradient_steps,5000,10000,critic_loss,all_update_events_exact_quantiles,5000,0,0.0035736906493781134,0.003031907486729324,0.007136072381399572,0.008342129271477466,0.0011935163056477904,0.010670473799109459,0.010670473799109459,0.0018199938349425793
sac_pickcube_20261007T124123_37b693e5,PickCube-v1,sac,policy_gradient_steps,5000,10000,policy_q_min_mean,all_update_events_exact_quantiles,5000,0,2.289231820201874,2.1813803911209106,3.460326838493347,3.6149473762512208,1.368121862411499,3.6578149795532227,3.6578149795532227,1.379432201385498
sac_pickcube_20261007T124123_37b693e5,PickCube-v1,sac,policy_gradient_steps,5000,10000,alpha,all_update_events_exact_quantiles,5000,0,0.17302329069525002,0.1641845479607582,0.2722578153014183,0.2848711511492729,0.09396263211965561,0.2881186306476593,0.2881186306476593,0.09396263211965561
sac_pickcube_20261007T124123_37b693e5,PickCube-v1,sac,policy_gradient_steps,5000,10000,alpha_loss,all_update_events_exact_quantiles,5000,0,1.1621781581044197,1.1025367379188538,1.832899445295334,1.9169408118724824,0.6229378581047058,1.9408018589019775,1.9408018589019775,0.6269361972808838
sac_pickcube_20261007T124123_37b693e5,PickCube-v1,sac,policy_gradient_steps,5000,10000,entropy_estimate,all_update_events_exact_quantiles,5000,0,2.7101312749385835,2.7154111862182617,2.736556088924408,2.743011481761932,2.625211715698242,2.7580020427703857,2.7580020427703857,2.6707026958465576
sac_pickcube_20261007T124123_37b693e5,PickCube-v1,sac,real_env_steps,20000,30000,actor_loss,all_update_events_exact_quantiles,4992,0,-1.5574113808763332,-1.487562119960785,-1.0612366199493408,-1.0315416526794432,-2.3715343475341797,-1.014435887336731,2.3715343475341797,-1.0327210426330566
sac_pickcube_20261007T124123_37b693e5,PickCube-v1,sac,real_env_steps,20000,30000,critic_loss,all_update_events_exact_quantiles,4992,0,0.001526230074560795,0.0014139532577246428,0.002451912069227546,0.0027932940237224107,0.0007451858837157488,0.0035141317639499903,0.0035141317639499903,0.0010360802989453077
sac_pickcube_20261007T124123_37b693e5,PickCube-v1,sac,real_env_steps,20000,30000,policy_q_min_mean,all_update_events_exact_quantiles,4992,0,1.3245361059402616,1.2667484283447266,1.8788782715797423,1.952776700258255,0.897068977355957,1.9757838249206543,1.9757838249206543,0.9177612662315369
sac_pickcube_20261007T124123_37b693e5,PickCube-v1,sac,real_env_steps,20000,30000,alpha,all_update_events_exact_quantiles,4992,0,0.08827256626234604,0.08383867144584656,0.13832764625549315,0.14464197009801866,0.04828132316470146,0.1462649255990982,0.1462649255990982,0.04828132316470146
sac_pickcube_20261007T124123_37b693e5,PickCube-v1,sac,real_env_steps,20000,30000,alpha_loss,all_update_events_exact_quantiles,4992,0,0.5860440781554923,0.5566288828849792,0.9274662584066391,0.9704735440015793,0.30774420499801636,0.9839848279953003,0.9839848279953003,0.30812758207321167
sac_pickcube_20261007T124123_37b693e5,PickCube-v1,sac,real_env_steps,20000,30000,entropy_estimate,all_update_events_exact_quantiles,4992,0,2.6133628721611624,2.635759949684143,2.711447501182556,2.7224666333198546,2.3711798191070557,2.732959747314453,2.732959747314453,2.3805196285247803
sac_pickcube_20261007T124123_37b693e5,PickCube-v1,sac,policy_gradient_steps,10000,15000,actor_loss,all_update_events_exact_quantiles,5000,0,-1.1397161785960197,-1.0976221561431885,-0.8439854443073272,-0.8261576074361802,-1.6393334865570068,-0.814566433429718,1.6393334865570068,-0.8202390670776367
sac_pickcube_20261007T124123_37b693e5,PickCube-v1,sac,policy_gradient_steps,10000,15000,critic_loss,all_update_events_exact_quantiles,5000,0,0.0011497875450411812,0.0010983686079271138,0.0016047698678448798,0.0019348552136216322,0.0006947597721591592,0.0026437302585691214,0.0026437302585691214,0.0012365474831312895
sac_pickcube_20261007T124123_37b693e5,PickCube-v1,sac,policy_gradient_steps,10000,15000,policy_q_min_mean,all_update_events_exact_quantiles,5000,0,0.9976821187496185,0.9638320505619049,1.3208111643791198,1.3634659397602082,0.747310996055603,1.3899435997009277,1.3899435997009277,0.7538869976997375
sac_pickcube_20261007T124123_37b693e5,PickCube-v1,sac,policy_gradient_steps,10000,15000,alpha,all_update_events_exact_quantiles,5000,0,0.05682730556242168,0.053988222032785416,0.08885899707674981,0.09290192849934102,0.031241798773407936,0.09394173324108124,0.09394173324108124,0.031241798773407936
sac_pickcube_20261007T124123_37b693e5,PickCube-v1,sac,policy_gradient_steps,10000,15000,alpha_loss,all_update_events_exact_quantiles,5000,0,0.36939345862865447,0.34977127611637115,0.5905391335487367,0.6191172963380813,0.1903308928012848,0.6271947622299194,0.6271947622299194,0.1913464516401291
sac_pickcube_20261007T124123_37b693e5,PickCube-v1,sac,policy_gradient_steps,10000,15000,entropy_estimate,all_update_events_exact_quantiles,5000,0,2.4524131015777586,2.482365608215332,2.65161110162735,2.672595810890198,2.052835464477539,2.6975789070129395,2.6975789070129395,2.1233625411987305
sac_pickcube_20261007T124123_37b693e5,PickCube-v1,sac,real_env_steps,30000,40000,actor_loss,all_update_events_exact_quantiles,5008,0,-0.8097882079787719,-0.7898043096065521,-0.6856561660766601,-0.6739583891630172,-1.0353562831878662,-0.6575782895088196,1.0353562831878662,-0.6795670390129089
sac_pickcube_20261007T124123_37b693e5,PickCube-v1,sac,real_env_steps,30000,40000,critic_loss,all_update_events_exact_quantiles,5008,0,0.0013009921025711494,0.0010700472630560398,0.0027470327098853887,0.004166276482865218,0.000640914193354547,0.008342094719409943,0.008342094719409943,0.0026889219880104065
sac_pickcube_20261007T124123_37b693e5,PickCube-v1,sac,real_env_steps,30000,40000,policy_q_min_mean,all_update_events_exact_quantiles,5008,0,0.7484800123606627,0.7327863872051239,0.8816967725753784,0.9050384432077409,0.6310285329818726,0.9194141030311584,0.9194141030311584,0.6554151177406311
sac_pickcube_20261007T124123_37b693e5,PickCube-v1,sac,real_env_steps,30000,40000,alpha,all_update_events_exact_quantiles,5008,0,0.02939403922551463,0.027958089485764503,0.04568845592439174,0.04774267606437207,0.016356701031327248,0.04827072471380234,0.04827072471380234,0.016356701031327248
sac_pickcube_20261007T124123_37b693e5,PickCube-v1,sac,real_env_steps,30000,40000,alpha_loss,all_update_events_exact_quantiles,5008,0,0.17890985088702588,0.16890481114387512,0.291917672753334,0.3063144171237946,0.08752869814634323,0.31111007928848267,0.31111007928848267,0.0895925909280777
sac_pickcube_20261007T124123_37b693e5,PickCube-v1,sac,real_env_steps,30000,40000,entropy_estimate,all_update_events_exact_quantiles,5008,0,1.999676661226696,2.035694718360901,2.395973014831543,2.4348678398132324,1.3198325634002686,2.4820122718811035,2.4820122718811035,1.4762650728225708
sac_pickcube_20261007T124123_37b693e5,PickCube-v1,sac,policy_gradient_steps,15000,20000,actor_loss,all_update_events_exact_quantiles,5000,0,-0.7087823682188987,-0.6961716413497925,-0.6462884932756424,-0.6370704692602157,-0.8427512645721436,-0.6263430118560791,0.8427512645721436,-0.6439236402511597
sac_pickcube_20261007T124123_37b693e5,PickCube-v1,sac,policy_gradient_steps,15000,20000,critic_loss,all_update_events_exact_quantiles,5000,0,0.0020544813731801694,0.001674931903835386,0.004584526200778783,0.0059542084764689215,0.000640914193354547,0.008584501221776009,0.008584501221776009,0.006084682885557413
sac_pickcube_20261007T124123_37b693e5,PickCube-v1,sac,policy_gradient_steps,15000,20000,policy_q_min_mean,all_update_events_exact_quantiles,5000,0,0.6771029156804085,0.6676618456840515,0.7469798505306244,0.7602663218975068,0.6157823801040649,0.7782235145568848,0.7782235145568848,0.6365894079208374
sac_pickcube_20261007T124123_37b693e5,PickCube-v1,sac,policy_gradient_steps,15000,20000,alpha,all_update_events_exact_quantiles,5000,0,0.019162433884479104,0.01824602484703064,0.029586824867874385,0.030898079350590708,0.010808777995407581,0.031235013157129288,0.031235013157129288,0.010808777995407581
sac_pickcube_20261007T124123_37b693e5,PickCube-v1,sac,policy_gradient_steps,15000,20000,alpha_loss,all_update_events_exact_quantiles,5000,0,0.10834553396627307,0.10190076380968094,0.1798543199896813,0.18912719428539276,0.0497429259121418,0.19254592061042786,0.19254592061042786,0.050578124821186066
sac_pickcube_20261007T124123_37b693e5,PickCube-v1,sac,policy_gradient_steps,15000,20000,entropy_estimate,all_update_events_exact_quantiles,5000,0,1.5378710703134537,1.5803393125534058,2.0843530893325806,2.1412216353416444,0.5775954723358154,2.2297444343566895,2.2297444343566895,0.6784017086029053
sac_pickcube_20261007T124123_37b693e5,PickCube-v1,sac,real_env_steps,40000,50000,actor_loss,all_update_events_exact_quantiles,4992,0,-0.6802421270463711,-0.6716793477535248,-0.644098523259163,-0.6359011262655259,-0.7972207069396973,-0.6198569536209106,0.7972207069396973,-0.7626202702522278
sac_pickcube_20261007T124123_37b693e5,PickCube-v1,sac,real_env_steps,40000,50000,critic_loss,all_update_events_exact_quantiles,4992,0,0.00375242053961791,0.0036528664641082287,0.0061952277086675155,0.007437550602480771,0.0011265012435615063,0.010596618987619877,0.010596618987619877,0.004588179290294647
sac_pickcube_20261007T124123_37b693e5,PickCube-v1,sac,real_env_steps,40000,50000,policy_q_min_mean,all_update_events_exact_quantiles,4992,0,0.673970408248118,0.6613413989543915,0.7478665322065353,0.7654383200407028,0.6115339398384094,0.8038308620452881,0.8038308620452881,0.7682110071182251
sac_pickcube_20261007T124123_37b693e5,PickCube-v1,sac,real_env_steps,40000,50000,alpha,all_update_events_exact_quantiles,4992,0,0.010226648766827285,0.009741389658302069,0.015514320228248835,0.016181383058428766,0.006054317578673363,0.016353236511349678,0.016353236511349678,0.006054317578673363
sac_pickcube_20261007T124123_37b693e5,PickCube-v1,sac,real_env_steps,40000,50000,alpha_loss,all_update_events_exact_quantiles,4992,0,0.04718656836074586,0.04384971410036087,0.08318714238703251,0.08776157543063164,0.01691466011106968,0.09018104523420334,0.09018104523420334,0.018630817532539368
sac_pickcube_20261007T124123_37b693e5,PickCube-v1,sac,real_env_steps,40000,50000,entropy_estimate,all_update_events_exact_quantiles,4992,0,0.41841967414839953,0.5060535669326782,1.3650099277496337,1.448736243247986,-1.3538856506347656,1.568959355354309,1.568959355354309,-0.9232649803161621
sac_pickcube_20261007T124123_37b693e5,PickCube-v1,sac,policy_gradient_steps,20000,25000,actor_loss,all_update_events_exact_quantiles,5000,0,-0.7455368090748787,-0.728884220123291,-0.6531309664249421,-0.642474198937416,-0.9441614151000977,-0.6198569536209106,0.9441614151000977,-0.9441614151000977
sac_pickcube_20261007T124123_37b693e5,PickCube-v1,sac,policy_gradient_steps,20000,25000,critic_loss,all_update_events_exact_quantiles,5000,0,0.004487497857073322,0.00439231819473207,0.006479600956663489,0.007543535642325879,0.0014612318482249975,0.010596618987619877,0.010596618987619877,0.005555490963160992
sac_pickcube_20261007T124123_37b693e5,PickCube-v1,sac,policy_gradient_steps,20000,25000,policy_q_min_mean,all_update_events_exact_quantiles,5000,0,0.7485826469659805,0.732993483543396,0.8877316951751709,0.9110025012493134,0.6115339398384094,0.9542618989944458,0.9542618989944458,0.9542618989944458
sac_pickcube_20261007T124123_37b693e5,PickCube-v1,sac,policy_gradient_steps,20000,25000,alpha,all_update_events_exact_quantiles,5000,0,0.006949789710808545,0.006634104531258345,0.010268609691411258,0.010696559632197023,0.004359648562967777,0.010806572623550892,0.010806572623550892,0.004359648562967777
sac_pickcube_20261007T124123_37b693e5,PickCube-v1,sac,policy_gradient_steps,20000,25000,alpha_loss,all_update_events_exact_quantiles,5000,0,0.024758479502331465,0.022426286712288857,0.04772977270185948,0.051214328519999984,0.00622378708794713,0.053724728524684906,0.053724728524684906,0.0073407371528446674
sac_pickcube_20261007T124123_37b693e5,PickCube-v1,sac,policy_gradient_steps,20000,25000,entropy_estimate,all_update_events_exact_quantiles,5000,0,-0.6683933802226558,-0.6319604516029358,0.6451332807540894,0.7998414760828019,-2.597075939178467,1.0236573219299316,2.597075939178467,-2.3164658546447754
sac_pickcube_20261007T124123_37b693e5,PickCube-v1,sac,real_env_steps,50000,60000,actor_loss,all_update_events_exact_quantiles,5008,0,-0.9128876786214856,-0.9198551774024963,-0.7723083019256591,-0.7507293117046356,-1.0796962976455688,-0.7218579053878784,1.0796962976455688,-1.0453836917877197
sac_pickcube_20261007T124123_37b693e5,PickCube-v1,sac,real_env_steps,50000,60000,critic_loss,all_update_events_exact_quantiles,5008,0,0.0045552340685947835,0.0044102841056883335,0.006052863202057778,0.0070867102686315835,0.0026464047841727734,0.010043634101748466,0.010043634101748466,0.004172826185822487
sac_pickcube_20261007T124123_37b693e5,PickCube-v1,sac,real_env_steps,50000,60000,policy_q_min_mean,all_update_events_exact_quantiles,5008,0,0.9219741267851367,0.9293278455734253,1.042684054374695,1.0618793201446532,0.7277793288230896,1.0900089740753174,1.0900089740753174,1.0548487901687622
sac_pickcube_20261007T124123_37b693e5,PickCube-v1,sac,real_env_steps,50000,60000,alpha,all_update_events_exact_quantiles,5008,0,0.0041707902252707575,0.004032342927530408,0.005794381047599017,0.0060001681884750725,0.002856659470126033,0.006053251679986715,0.006053251679986715,0.002856659470126033
sac_pickcube_20261007T124123_37b693e5,PickCube-v1,sac,real_env_steps,50000,60000,alpha_loss,all_update_events_exact_quantiles,5008,0,0.0075992654862396345,0.00643530348315835,0.01653072629123926,0.018225052207708363,0.0005771447904407978,0.02013460174202919,0.02013460174202919,0.001963165123015642
sac_pickcube_20261007T124123_37b693e5,PickCube-v1,sac,real_env_steps,50000,60000,entropy_estimate,all_update_events_exact_quantiles,5008,0,-2.325108665056503,-2.404486894607544,-1.1245913028717043,-0.9332048547267912,-3.7993531227111816,-0.6232433319091797,3.7993531227111816,-3.312868595123291
sac_pickcube_20261007T124123_37b693e5,PickCube-v1,sac,policy_gradient_steps,25000,30000,actor_loss,all_update_events_exact_quantiles,5000,0,-1.0142267359256745,-1.0175590515136719,-0.9033764451742172,-0.8817972338199614,-1.167077660560608,-0.8537538051605225,1.167077660560608,-1.1473150253295898
sac_pickcube_20261007T124123_37b693e5,PickCube-v1,sac,policy_gradient_steps,25000,30000,critic_loss,all_update_events_exact_quantiles,5000,0,0.004184999808762222,0.004090524511411786,0.005476051941514015,0.006325589050538838,0.0026464047841727734,0.009547494351863861,0.009547494351863861,0.0034983428195118904
sac_pickcube_20261007T124123_37b693e5,PickCube-v1,sac,policy_gradient_steps,25000,30000,policy_q_min_mean,all_update_events_exact_quantiles,5000,0,1.023710452902317,1.027343988418579,1.1249769389629365,1.144222551584244,0.8613792061805725,1.175812005996704,1.175812005996704,1.1557786464691162
sac_pickcube_20261007T124123_37b693e5,PickCube-v1,sac,policy_gradient_steps,25000,30000,alpha,all_update_events_exact_quantiles,5000,0,0.0031457117163576184,0.0030550360679626465,0.004194974829442799,0.004325562966987491,0.002322654938325286,0.004358981736004353,0.004358981736004353,0.002322654938325286
sac_pickcube_20261007T124123_37b693e5,PickCube-v1,sac,policy_gradient_steps,25000,30000,alpha_loss,all_update_events_exact_quantiles,5000,0,0.0031007594967926706,0.002611542819067836,0.007225690595805645,0.008130551101639866,-0.00045234663411974907,0.009666318073868752,0.009666318073868752,0.0008278606692329049
sac_pickcube_20261007T124123_37b693e5,PickCube-v1,sac,policy_gradient_steps,25000,30000,entropy_estimate,all_update_events_exact_quantiles,5000,0,-3.099919253444672,-3.145063281059265,-2.2527331590652464,-2.0638385796546936,-4.193986892700195,-1.7639461755752563,4.193986892700195,-3.643608570098877
sac_pickcube_20261007T124123_37b693e5,PickCube-v1,sac,real_env_steps,60000,70000,actor_loss,all_update_events_exact_quantiles,4992,0,-1.1346841154572291,-1.137165904045105,-1.0447828769683838,-1.0256634545326233,-1.2711628675460815,-0.9966627359390259,1.2711628675460815,-1.2591614723205566
sac_pickcube_20261007T124123_37b693e5,PickCube-v1,sac,real_env_steps,60000,70000,critic_loss,all_update_events_exact_quantiles,4992,0,0.003675308087202631,0.00355915620457381,0.0048391652991995205,0.005805024192668499,0.002388209570199251,0.007678363472223282,0.007678363472223282,0.0035649267956614494
sac_pickcube_20261007T124123_37b693e5,PickCube-v1,sac,real_env_steps,60000,70000,policy_q_min_mean,all_update_events_exact_quantiles,4992,0,1.1434414472001104,1.1457760334014893,1.225046294927597,1.2450489127635957,1.0061006546020508,1.2787644863128662,1.2787644863128662,1.2672698497772217
sac_pickcube_20261007T124123_37b693e5,PickCube-v1,sac,real_env_steps,60000,70000,alpha,all_update_events_exact_quantiles,4992,0,0.0023255644846358337,0.002244253410026431,0.00277056839549914,0.0028398900106549265,0.0021135362330824137,0.0028562836814671755,0.0028562836814671755,0.002134794369339943
sac_pickcube_20261007T124123_37b693e5,PickCube-v1,sac,real_env_steps,60000,70000,alpha_loss,all_update_events_exact_quantiles,4992,0,0.0005455054641803241,0.00039615725108888,0.0018463784363120788,0.002295980749186129,-0.0010401165345683694,0.0028835227712988853,0.0028835227712988853,0.00043073046253994107
sac_pickcube_20261007T124123_37b693e5,PickCube-v1,sac,real_env_steps,60000,70000,entropy_estimate,all_update_events_exact_quantiles,4992,0,-3.7853296536188097,-3.822641611099243,-3.322354876995087,-3.179280638694763,-4.490134239196777,-2.9733362197875977,4.490134239196777,-3.798232078552246
sac_pickcube_20261007T124123_37b693e5,PickCube-v1,sac,policy_gradient_steps,30000,35000,actor_loss,all_update_events_exact_quantiles,5000,0,-1.1979614295482635,-1.2008955478668213,-1.1209570705890655,-1.1027541315555571,-1.3359708786010742,-1.0726735591888428,1.3359708786010742,-1.2425522804260254
sac_pickcube_20261007T124123_37b693e5,PickCube-v1,sac,policy_gradient_steps,30000,35000,critic_loss,all_update_events_exact_quantiles,5000,0,0.003518273713020608,0.003388421260751784,0.004706839984282851,0.005690561048686507,0.002294393489137292,0.007678363472223282,0.007678363472223282,0.0027909104246646166
sac_pickcube_20261007T124123_37b693e5,PickCube-v1,sac,policy_gradient_steps,30000,35000,policy_q_min_mean,all_update_events_exact_quantiles,5000,0,1.2065142829179765,1.2094340324401855,1.27524094581604,1.2960367405414581,1.0809931755065918,1.3442224264144897,1.3442224264144897,1.2514228820800781
sac_pickcube_20261007T124123_37b693e5,PickCube-v1,sac,policy_gradient_steps,30000,35000,alpha,all_update_events_exact_quantiles,5000,0,0.002159254385251552,0.0021390923066064715,0.002280780975706875,0.002311989355366677,0.0021135362330824137,0.0023224123287945986,0.0023224123287945986,0.00215092021971941
sac_pickcube_20261007T124123_37b693e5,PickCube-v1,sac,policy_gradient_steps,30000,35000,alpha_loss,all_update_events_exact_quantiles,5000,0,8.430116278268542e-05,7.599623859277926e-05,0.0006371916271746159,0.0008901391434483231,-0.0010401165345683694,0.0013912837021052837,0.0013912837021052837,-0.000266373623162508
sac_pickcube_20261007T124123_37b693e5,PickCube-v1,sac,policy_gradient_steps,30000,35000,entropy_estimate,all_update_events_exact_quantiles,5000,0,-3.962334114027023,-3.9647136926651,-3.7116146326065063,-3.60155193567276,-4.490134239196777,-3.399914026260376,4.490134239196777,-4.123833656311035
sac_pickcube_20261007T124123_37b693e5,PickCube-v1,sac,real_env_steps,70000,80000,actor_loss,all_update_events_exact_quantiles,5008,0,-1.278296711774299,-1.2776463031768799,-1.2123319625854492,-1.1917899096012115,-1.4144680500030518,-1.1568691730499268,1.4144680500030518,-1.367706537246704
sac_pickcube_20261007T124123_37b693e5,PickCube-v1,sac,real_env_steps,70000,80000,critic_loss,all_update_events_exact_quantiles,5008,0,0.003294650703799143,0.0031764223240315914,0.004436359344981609,0.005088006397709252,0.0021098710130900145,0.007186415605247021,0.007186415605247021,0.0027394939679652452
sac_pickcube_20261007T124123_37b693e5,PickCube-v1,sac,real_env_steps,70000,80000,policy_q_min_mean,all_update_events_exact_quantiles,5008,0,1.2869684997553261,1.286415457725525,1.3557369351387023,1.3762118470668794,1.1654623746871948,1.4233102798461914,1.4233102798461914,1.376634120941162
sac_pickcube_20261007T124123_37b693e5,PickCube-v1,sac,real_env_steps,70000,80000,alpha,all_update_events_exact_quantiles,5008,0,0.002166136275060451,0.002168381353840232,0.0022062614792957903,0.002212864465545863,0.0021233719307929277,0.002221424365416169,0.002221424365416169,0.0022112468723207712
sac_pickcube_20261007T124123_37b693e5,PickCube-v1,sac,real_env_steps,70000,80000,alpha_loss,all_update_events_exact_quantiles,5008,0,-7.304771803267151e-06,-7.494913006667048e-06,0.0004434681512066163,0.0006233651161892346,-0.0009911353699862957,0.0013064772356301546,0.0013064772356301546,-8.218028233386576e-05
sac_pickcube_20261007T124123_37b693e5,PickCube-v1,sac,real_env_steps,70000,80000,entropy_estimate,all_update_events_exact_quantiles,5008,0,-4.003416959470073,-4.003470182418823,-3.793918085098267,-3.7117205429077145,-4.458110809326172,-3.400679588317871,4.458110809326172,-4.037162780761719
sac_pickcube_20261007T124123_37b693e5,PickCube-v1,sac,policy_gradient_steps,35000,40000,actor_loss,all_update_events_exact_quantiles,5000,0,-1.3281877156257629,-1.3294656872749329,-1.260508543252945,-1.2398558795452117,-1.4474612474441528,-1.2010042667388916,1.4474612474441528,-1.3765265941619873
sac_pickcube_20261007T124123_37b693e5,PickCube-v1,sac,policy_gradient_steps,35000,40000,critic_loss,all_update_events_exact_quantiles,5000,0,0.003079185783304274,0.002964642131701112,0.004147869511507452,0.004780762703157962,0.002005967777222395,0.007186415605247021,0.007186415605247021,0.0024952164385467768
sac_pickcube_20261007T124123_37b693e5,PickCube-v1,sac,policy_gradient_steps,35000,40000,policy_q_min_mean,all_update_events_exact_quantiles,5000,0,1.3369360108613968,1.338234782218933,1.4022971034049987,1.4228414940834047,1.2093768119812012,1.456502914428711,1.456502914428711,1.3845970630645752
sac_pickcube_20261007T124123_37b693e5,PickCube-v1,sac,policy_gradient_steps,35000,40000,alpha,all_update_events_exact_quantiles,5000,0,0.0021864677297417073,0.0021856415551155806,0.002210288669448346,0.0022141090873628853,0.002142945071682334,0.002221424365416169,0.002221424365416169,0.00217722007073462
sac_pickcube_20261007T124123_37b693e5,PickCube-v1,sac,policy_gradient_steps,35000,40000,alpha_loss,all_update_events_exact_quantiles,5000,0,-2.4459049540382695e-06,-1.6824869817355648e-06,0.00044046736584277827,0.0006358361651655289,-0.0011057723313570023,0.0013064772356301546,0.0013064772356301546,0.0006403352017514408
sac_pickcube_20261007T124123_37b693e5,PickCube-v1,sac,policy_gradient_steps,35000,40000,entropy_estimate,all_update_events_exact_quantiles,5000,0,-4.001189590406418,-4.000763416290283,-3.7986134409904477,-3.710632603168487,-4.501944541931152,-3.400679588317871,4.501944541931152,-3.705955743789673
sac_pickcube_20261007T124123_37b693e5,PickCube-v1,sac,real_env_steps,80000,90000,actor_loss,all_update_events_exact_quantiles,4992,0,-1.4016831597695365,-1.4024661779403687,-1.3364089846611023,-1.3185915207862855,-1.517033576965332,-1.2964742183685303,1.517033576965332,-1.4509226083755493
sac_pickcube_20261007T124123_37b693e5,PickCube-v1,sac,real_env_steps,80000,90000,critic_loss,all_update_events_exact_quantiles,4992,0,0.0027889425429328605,0.0027058672858402133,0.0036901942919939754,0.0043488888069987295,0.0017874118639156222,0.005704529583454132,0.005704529583454132,0.0021745190024375916
sac_pickcube_20261007T124123_37b693e5,PickCube-v1,sac,real_env_steps,80000,90000,policy_q_min_mean,all_update_events_exact_quantiles,4992,0,1.4104514622774262,1.4112910628318787,1.474493581056595,1.4955465698242187,1.3054614067077637,1.5254449844360352,1.5254449844360352,1.459601879119873
sac_pickcube_20261007T124123_37b693e5,PickCube-v1,sac,real_env_steps,80000,90000,alpha,all_update_events_exact_quantiles,4992,0,0.0021925440149248177,0.0021940991282463074,0.00221380825387314,0.002223056347575039,0.0021580406464636326,0.0022251070477068424,0.0022251070477068424,0.0021851370111107826
sac_pickcube_20261007T124123_37b693e5,PickCube-v1,sac,real_env_steps,80000,90000,alpha_loss,all_update_events_exact_quantiles,4992,0,1.8932747898667492e-06,5.730169505113736e-06,0.00042920183914247896,0.0006201057828729975,-0.0011057723313570023,0.0010311630321666598,0.0011057723313570023,6.039903382770717e-05
sac_pickcube_20261007T124123_37b693e5,PickCube-v1,sac,real_env_steps,80000,90000,entropy_estimate,all_update_events_exact_quantiles,4992,0,-3.9991988817659707,-3.9973812103271484,-3.8045652151107787,-3.7167221546173095,-4.501944541931152,-3.5362541675567627,4.501944541931152,-3.972356081008911
sac_pickcube_20261007T124123_37b693e5,PickCube-v1,sac,policy_gradient_steps,40000,45000,actor_loss,all_update_events_exact_quantiles,5000,0,-1.447567180609703,-1.4483977556228638,-1.3846502304077148,-1.3634154856204985,-1.577383279800415,-1.341227412223816,1.577383279800415,-1.4898267984390259
sac_pickcube_20261007T124123_37b693e5,PickCube-v1,sac,policy_gradient_steps,40000,45000,critic_loss,all_update_events_exact_quantiles,5000,0,0.002660988384578377,0.002592342789284885,0.003476819023489952,0.004027510839514434,0.0016921157948672771,0.005265448242425919,0.005265448242425919,0.0023441994562745094
sac_pickcube_20261007T124123_37b693e5,PickCube-v1,sac,policy_gradient_steps,40000,45000,policy_q_min_mean,all_update_events_exact_quantiles,5000,0,1.4563318859100343,1.4571806192398071,1.5183867812156677,1.5394458985328676,1.3499137163162231,1.5861408710479736,1.5861408710479736,1.498638391494751
sac_pickcube_20261007T124123_37b693e5,PickCube-v1,sac,policy_gradient_steps,40000,45000,alpha,all_update_events_exact_quantiles,5000,0,0.0021907254541758446,0.0021913888631388545,0.0022138028522022068,0.0022230552486144006,0.0021580406464636326,0.0022251070477068424,0.0022251070477068424,0.0021943801548331976
sac_pickcube_20261007T124123_37b693e5,PickCube-v1,sac,policy_gradient_steps,40000,45000,alpha_loss,all_update_events_exact_quantiles,5000,0,-1.8183513118856353e-06,-5.308174877427518e-07,0.00041933849279303116,0.0005892328172922137,-0.0009481097804382443,0.0010311630321666598,0.0010311630321666598,-3.454512625467032e-05
sac_pickcube_20261007T124123_37b693e5,PickCube-v1,sac,policy_gradient_steps,40000,45000,entropy_estimate,all_update_events_exact_quantiles,5000,0,-4.000890815973282,-4.000241756439209,-3.809771203994751,-3.7323855662345884,-4.4365034103393555,-3.5362541675567627,4.4365034103393555,-4.015743732452393
sac_pickcube_20261007T124123_37b693e5,PickCube-v1,sac,real_env_steps,90000,100000,actor_loss,all_update_events_exact_quantiles,5008,0,-1.5118618582527097,-1.5119878053665161,-1.4509831607341765,-1.4313805878162384,-1.6349601745605469,-1.400418996810913,1.6349601745605469,-1.55194091796875
sac_pickcube_20261007T124123_37b693e5,PickCube-v1,sac,real_env_steps,90000,100000,critic_loss,all_update_events_exact_quantiles,5008,0,0.0025362383047542415,0.002472852007485926,0.003279494086746126,0.0037808198435232056,0.0016921157948672771,0.005279190838336945,0.005279190838336945,0.0024906708858907223
sac_pickcube_20261007T124123_37b693e5,PickCube-v1,sac,real_env_steps,90000,100000,policy_q_min_mean,all_update_events_exact_quantiles,5008,0,1.5206170594349455,1.520710289478302,1.5800678730010986,1.5997269785404205,1.4092395305633545,1.643773078918457,1.643773078918457,1.560539960861206
sac_pickcube_20261007T124123_37b693e5,PickCube-v1,sac,real_env_steps,90000,100000,alpha,all_update_events_exact_quantiles,5008,0,0.0021890335313316744,0.0021894555538892746,0.002207695716060698,0.0022111357981339096,0.0021537384018301964,0.0022159882355481386,0.0022159882355481386,0.0021762754768133163
sac_pickcube_20261007T124123_37b693e5,PickCube-v1,sac,real_env_steps,90000,100000,alpha_loss,all_update_events_exact_quantiles,5008,0,9.397235241461119e-07,2.7128244255436584e-06,0.0004098204532056115,0.0005785278324037806,-0.0008046010043472052,0.0008500244002789259,0.0008500244002789259,0.00010638770618243143
sac_pickcube_20261007T124123_37b693e5,PickCube-v1,sac,real_env_steps,90000,100000,entropy_estimate,all_update_events_exact_quantiles,5008,0,-3.999624090072827,-3.9987633228302,-3.8127846240997316,-3.7359979939460746,-4.367471694946289,-3.613355875015259,4.367471694946289,-3.9511170387268066
sac_pickcube_20261007T124123_37b693e5,PickCube-v1,sac,policy_gradient_steps,45000,50000,actor_loss,all_update_events_exact_quantiles,5000,0,-1.5511119705438614,-1.5515482425689697,-1.4932512044906616,-1.4737155473232268,-1.6632637977600098,-1.4313714504241943,1.6632637977600098,-1.6028714179992676
sac_pickcube_20261007T124123_37b693e5,PickCube-v1,sac,policy_gradient_steps,45000,50000,critic_loss,all_update_events_exact_quantiles,5000,0,0.002493105100793764,0.0024299726355820894,0.0032273217104375365,0.0036588458088226664,0.0016518821939826012,0.005279190838336945,0.005279190838336945,0.002581537701189518
sac_pickcube_20261007T124123_37b693e5,PickCube-v1,sac,policy_gradient_steps,45000,50000,policy_q_min_mean,all_update_events_exact_quantiles,5000,0,1.559870358133316,1.5602794885635376,1.6183732509613038,1.637693189382553,1.4400920867919922,1.6716177463531494,1.6716177463531494,1.611965298652649
sac_pickcube_20261007T124123_37b693e5,PickCube-v1,sac,policy_gradient_steps,45000,50000,alpha,all_update_events_exact_quantiles,5000,0,0.0021893656029831616,0.0021876631071791053,0.0022112051490694286,0.002214661943726242,0.0021537384018301964,0.0022169058211147785,0.0022169058211147785,0.0022092086728662252
sac_pickcube_20261007T124123_37b693e5,PickCube-v1,sac,policy_gradient_steps,45000,50000,alpha_loss,all_update_events_exact_quantiles,5000,0,-9.375654713949189e-07,1.8280443327967077e-06,0.00039134634716901927,0.0005560953659005463,-0.0008046010043472052,0.0008500244002789259,0.0008500244002789259,-0.0002566665643826127
sac_pickcube_20261007T124123_37b693e5,PickCube-v1,sac,policy_gradient_steps,45000,50000,entropy_estimate,all_update_events_exact_quantiles,5000,0,-4.000475997781754,-3.999160647392273,-3.8218921184539796,-3.746331326961517,-4.367471694946289,-3.613355875015259,4.367471694946289,-4.116175174713135
sac_pickcube_20261007T124123_37b693e5,PickCube-v1,sac,real_env_steps,100000,110000,actor_loss,all_update_events_exact_quantiles,4992,0,-1.6062042352337487,-1.6071189641952515,-1.5488705515861512,-1.5304088473320008,-1.7204453945159912,-1.4979091882705688,1.7204453945159912,-1.6142858266830444
sac_pickcube_20261007T124123_37b693e5,PickCube-v1,sac,real_env_steps,100000,110000,critic_loss,all_update_events_exact_quantiles,4992,0,0.0025769240620577014,0.002508316421881318,0.0033992567216046153,0.003888858908321709,0.0016518821939826012,0.005929844919592142,0.005929844919592142,0.0026711781974881887
sac_pickcube_20261007T124123_37b693e5,PickCube-v1,sac,real_env_steps,100000,110000,policy_q_min_mean,all_update_events_exact_quantiles,4992,0,1.6150698534284647,1.6160222291946411,1.6697553515434265,1.6881059932708742,1.5063962936401367,1.7291072607040405,1.7291072607040405,1.6233810186386108
sac_pickcube_20261007T124123_37b693e5,PickCube-v1,sac,real_env_steps,100000,110000,alpha,all_update_events_exact_quantiles,4992,0,0.002215304376314191,0.0022194136399775743,0.0022501607774756847,0.0022551424149423837,0.0021713466849178076,0.002258129883557558,0.002258129883557558,0.0022359078284353018
sac_pickcube_20261007T124123_37b693e5,PickCube-v1,sac,real_env_steps,100000,110000,alpha_loss,all_update_events_exact_quantiles,4992,0,-4.4501575098219964e-06,-3.9409151213476434e-06,0.00039617521688342075,0.0005559425527462736,-0.0009199351188726723,0.0008453401969745755,0.0009199351188726723,-0.00015169818652793765
sac_pickcube_20261007T124123_37b693e5,PickCube-v1,sac,real_env_steps,100000,110000,entropy_estimate,all_update_events_exact_quantiles,4992,0,-4.0020678873436575,-4.001782417297363,-3.8219184398651125,-3.750776934623718,-4.411802291870117,-3.61496901512146,4.411802291870117,-4.06784725189209
sac_pickcube_20261007T124123_37b693e5,PickCube-v1,sac,policy_gradient_steps,50000,55000,actor_loss,all_update_events_exact_quantiles,5000,0,-1.6401877682209014,-1.6399972438812256,-1.5862898766994475,-1.5690187430381775,-1.7699906826019287,-1.5440740585327148,1.7699906826019287,-1.6799018383026123
sac_pickcube_20261007T124123_37b693e5,PickCube-v1,sac,policy_gradient_steps,50000,55000,critic_loss,all_update_events_exact_quantiles,5000,0,0.0027368970951298253,0.002664574421942234,0.003711011074483395,0.00435823611915112,0.001651319907978177,0.005929844919592142,0.005929844919592142,0.0030982820317149162
sac_pickcube_20261007T124123_37b693e5,PickCube-v1,sac,policy_gradient_steps,50000,55000,policy_q_min_mean,all_update_events_exact_quantiles,5000,0,1.6491788527488709,1.6489840745925903,1.7034216463565826,1.721806526184082,1.552889108657837,1.7789331674575806,1.7789331674575806,1.6886645555496216
sac_pickcube_20261007T124123_37b693e5,PickCube-v1,sac,policy_gradient_steps,50000,55000,alpha,all_update_events_exact_quantiles,5000,0,0.0022465269485954197,0.0022408042568713427,0.002285048656631261,0.0022979104542173445,0.00220685638487339,0.0023044743575155735,0.0023044743575155735,0.0022777796257287264
sac_pickcube_20261007T124123_37b693e5,PickCube-v1,sac,policy_gradient_steps,50000,55000,alpha_loss,all_update_events_exact_quantiles,5000,0,-5.033577225549379e-06,-5.303405487211421e-06,0.0004014566569821909,0.0005644727492472158,-0.0009199351188726723,0.0008453401969745755,0.0009199351188726723,0.00034778559347614646
sac_pickcube_20261007T124123_37b693e5,PickCube-v1,sac,policy_gradient_steps,50000,55000,entropy_estimate,all_update_events_exact_quantiles,5000,0,-4.0022939899921415,-4.002392768859863,-3.8213135242462157,-3.748332912921905,-4.411802291870117,-3.6212217807769775,4.411802291870117,-3.8473029136657715
sac_pickcube_20261007T124123_37b693e5,PickCube-v1,sac,real_env_steps,110000,120000,actor_loss,all_update_events_exact_quantiles,5008,0,-1.6863540000856494,-1.6859880685806274,-1.6343096435070037,-1.6159867775440215,-1.8051257133483887,-1.5913172960281372,1.8051257133483887,-1.713477611541748
sac_pickcube_20261007T124123_37b693e5,PickCube-v1,sac,real_env_steps,110000,120000,critic_loss,all_update_events_exact_quantiles,5008,0,0.0031084841821938172,0.00303859100677073,0.004257505293935537,0.0050627911603078266,0.001651319907978177,0.007154805585741997,0.007154805585741997,0.002788020297884941
sac_pickcube_20261007T124123_37b693e5,PickCube-v1,sac,real_env_steps,110000,120000,policy_q_min_mean,all_update_events_exact_quantiles,5008,0,1.6956873914113821,1.695266604423523,1.7491456389427185,1.7691072607040406,1.6008079051971436,1.814328670501709,1.814328670501709,1.7234777212142944
sac_pickcube_20261007T124123_37b693e5,PickCube-v1,sac,real_env_steps,110000,120000,alpha,all_update_events_exact_quantiles,5008,0,0.0023298341329094207,0.002337694284506142,0.002418325690086931,0.0024277817737311125,0.002226451877504587,0.002437970833852887,0.002437970833852887,0.002437970833852887
sac_pickcube_20261007T124123_37b693e5,PickCube-v1,sac,real_env_steps,110000,120000,alpha_loss,all_update_events_exact_quantiles,5008,0,-1.4217638006727928e-05,-1.717441773507744e-05,0.00039328154962277036,0.0005650564021198081,-0.0009456131374463439,0.0010159986559301615,0.0010159986559301615,-0.0002485006407368928
sac_pickcube_20261007T124123_37b693e5,PickCube-v1,sac,real_env_steps,110000,120000,entropy_estimate,all_update_events_exact_quantiles,5008,0,-4.006142024557811,-4.007508993148804,-3.83223819732666,-3.758315722942352,-4.4082746505737305,-3.579521894454956,4.4082746505737305,-4.101932525634766
sac_pickcube_20261007T124123_37b693e5,PickCube-v1,sac,policy_gradient_steps,55000,60000,actor_loss,all_update_events_exact_quantiles,5000,0,-1.7173356983661652,-1.7176908254623413,-1.6621031880378723,-1.6408852529525755,-1.8286938667297363,-1.608156442642212,1.8286938667297363,-1.789199948310852
sac_pickcube_20261007T124123_37b693e5,PickCube-v1,sac,policy_gradient_steps,55000,60000,critic_loss,all_update_events_exact_quantiles,5000,0,0.00357656621679198,0.0034798532724380493,0.0050507801817730085,0.006206574998795988,0.0017301703337579966,0.008744021877646446,0.008744021877646446,0.0037318584509193897
sac_pickcube_20261007T124123_37b693e5,PickCube-v1,sac,policy_gradient_steps,55000,60000,policy_q_min_mean,all_update_events_exact_quantiles,5000,0,1.7270592585086824,1.7274153232574463,1.7827730119228362,1.803226923942566,1.6173293590545654,1.8386361598968506,1.8386361598968506,1.7997353076934814
sac_pickcube_20261007T124123_37b693e5,PickCube-v1,sac,policy_gradient_steps,55000,60000,alpha,all_update_events_exact_quantiles,5000,0,0.0024261099222581835,0.0024130872916430235,0.0025447477120906113,0.0025573570863343777,0.002278011990711093,0.002561531960964203,0.002561531960964203,0.002550306264311075
sac_pickcube_20261007T124123_37b693e5,PickCube-v1,sac,policy_gradient_steps,55000,60000,alpha_loss,all_update_events_exact_quantiles,5000,0,-1.9339888222384616e-05,-2.5407105567865074e-05,0.00041301143501186753,0.0005944684328278534,-0.0010915242601186037,0.0011996340472251177,0.0011996340472251177,-0.0003360589616931975
sac_pickcube_20261007T124123_37b693e5,PickCube-v1,sac,policy_gradient_steps,55000,60000,entropy_estimate,all_update_events_exact_quantiles,5000,0,-4.008068968868256,-4.010672092437744,-3.830075764656067,-3.760199840068817,-4.432281970977783,-3.529472827911377,4.432281970977783,-4.13179874420166
sac_pickcube_20261007T124123_37b693e5,PickCube-v1,sac,real_env_steps,120000,130000,actor_loss,all_update_events_exact_quantiles,4992,0,-1.7714461442560723,-1.7693790197372437,-1.7125720739364625,-1.6886395907402039,-1.9090240001678467,-1.651673674583435,1.9090240001678467,-1.8061261177062988
sac_pickcube_20261007T124123_37b693e5,PickCube-v1,sac,real_env_steps,120000,130000,critic_loss,all_update_events_exact_quantiles,4992,0,0.004700259558189711,0.004622640088200569,0.006423329189419747,0.007645537895150486,0.002071074675768614,0.010265981778502464,0.010265981778502464,0.009539412334561348
sac_pickcube_20261007T124123_37b693e5,PickCube-v1,sac,real_env_steps,120000,130000,policy_q_min_mean,all_update_events_exact_quantiles,4992,0,1.7820863033620975,1.7801038026809692,1.8487539052963258,1.8737435388565062,1.6621484756469727,1.920689344406128,1.920689344406128,1.8177528381347656
sac_pickcube_20261007T124123_37b693e5,PickCube-v1,sac,real_env_steps,120000,130000,alpha,all_update_events_exact_quantiles,4992,0,0.0026512049227256705,0.00266504124738276,0.0029052949626930057,0.0029295507143251597,0.0024379082024097443,0.0029517137445509434,0.0029517137445509434,0.0029517137445509434
sac_pickcube_20261007T124123_37b693e5,PickCube-v1,sac,real_env_steps,120000,130000,alpha_loss,all_update_events_exact_quantiles,4992,0,-3.575194017330228e-05,-3.748657582036685e-05,0.0004411213099956512,0.0006398435099981728,-0.001338085625320673,0.0011996340472251177,0.001338085625320673,0.00017916364595294
sac_pickcube_20261007T124123_37b693e5,PickCube-v1,sac,real_env_steps,120000,130000,entropy_estimate,all_update_events_exact_quantiles,4992,0,-4.013362822719873,-4.014478445053101,-3.833685564994812,-3.7586406087875366,-4.456964492797852,-3.529472827911377,4.456964492797852,-3.9392971992492676
sac_pickcube_20261007T124123_37b693e5,PickCube-v1,sac,policy_gradient_steps,60000,65000,actor_loss,all_update_events_exact_quantiles,5000,0,-1.8204125662088395,-1.8157447576522827,-1.7444233417510986,-1.7249853467941285,-1.9803798198699951,-1.651673674583435,1.9803798198699951,-1.9221192598342896
sac_pickcube_20261007T124123_37b693e5,PickCube-v1,sac,policy_gradient_steps,60000,65000,critic_loss,all_update_events_exact_quantiles,5000,0,0.0056839341027196495,0.005549271125346422,0.007727073971182109,0.008916819319128999,0.0027266759425401688,0.012631009332835674,0.012631009332835674,0.008392584510147572
sac_pickcube_20261007T124123_37b693e5,PickCube-v1,sac,policy_gradient_steps,60000,65000,policy_q_min_mean,all_update_events_exact_quantiles,5000,0,1.8320920936107636,1.827247679233551,1.917961436510086,1.9471919918060303,1.6621484756469727,1.9944018125534058,1.9944018125534058,1.9356348514556885
sac_pickcube_20261007T124123_37b693e5,PickCube-v1,sac,policy_gradient_steps,60000,65000,alpha,all_update_events_exact_quantiles,5000,0,0.0029057579660788178,0.002821556758135557,0.00332197358366102,0.0033681155974045396,0.002550853416323662,0.0033854315988719463,0.0033854315988719463,0.0033854315988719463
sac_pickcube_20261007T124123_37b693e5,PickCube-v1,sac,policy_gradient_steps,60000,65000,alpha_loss,all_update_events_exact_quantiles,5000,0,-5.716346642911958e-05,-5.6339140428463e-05,0.0004522906267084182,0.0006502029683906587,-0.001338085625320673,0.001092596910893917,0.001338085625320673,2.6123379939235747e-05
sac_pickcube_20261007T124123_37b693e5,PickCube-v1,sac,policy_gradient_steps,60000,65000,entropy_estimate,all_update_events_exact_quantiles,5000,0,-4.019444855642319,-4.019335031509399,-3.8442968130111694,-3.776996545791626,-4.456964492797852,-3.597682237625122,4.456964492797852,-3.992283821105957
sac_pickcube_20261007T124123_37b693e5,PickCube-v1,sac,real_env_steps,130000,140000,actor_loss,all_update_events_exact_quantiles,5008,0,-1.921451059250405,-1.9182611107826233,-1.8237352669239044,-1.795586258172989,-2.117769718170166,-1.7362191677093506,2.117769718170166,-2.0166049003601074
sac_pickcube_20261007T124123_37b693e5,PickCube-v1,sac,real_env_steps,130000,140000,critic_loss,all_update_events_exact_quantiles,5008,0,0.00764179174485542,0.007576006930321455,0.010146803036332126,0.01157193412072958,0.004059514030814171,0.01415263582020998,0.01415263582020998,0.008154738694429398
sac_pickcube_20261007T124123_37b693e5,PickCube-v1,sac,real_env_steps,130000,140000,policy_q_min_mean,all_update_events_exact_quantiles,5008,0,1.93567741271882,1.9322681427001953,2.0425153970718384,2.0794417262077336,1.7484585046768188,2.134547710418701,2.134547710418701,2.033214569091797
sac_pickcube_20261007T124123_37b693e5,PickCube-v1,sac,real_env_steps,130000,140000,alpha,all_update_events_exact_quantiles,5008,0,0.003535051324794191,0.0035111760953441262,0.00422625218052417,0.00424070986919105,0.0029500701930373907,0.004245092160999775,0.004245092160999775,0.0042361184023320675
sac_pickcube_20261007T124123_37b693e5,PickCube-v1,sac,real_env_steps,130000,140000,alpha_loss,all_update_events_exact_quantiles,5008,0,-8.717524754036294e-05,-8.371108560822904e-05,0.0005202483531320467,0.0007660260249394933,-0.0014724595239385962,0.00134973821695894,0.0014724595239385962,0.00033450854243710637
sac_pickcube_20261007T124123_37b693e5,PickCube-v1,sac,real_env_steps,130000,140000,entropy_estimate,all_update_events_exact_quantiles,5008,0,-4.024610492034842,-4.023880958557129,-3.8516420483589173,-3.784063763618469,-4.3790388107299805,-3.6421377658843994,4.3790388107299805,-3.921031951904297
sac_pickcube_20261007T124123_37b693e5,PickCube-v1,sac,policy_gradient_steps,65000,70000,actor_loss,all_update_events_exact_quantiles,5000,0,-2.005478380346298,-2.001076579093933,-1.8932290136814118,-1.8659547162055967,-2.220879554748535,-1.823232650756836,2.220879554748535,-2.185044288635254
sac_pickcube_20261007T124123_37b693e5,PickCube-v1,sac,policy_gradient_steps,65000,70000,critic_loss,all_update_events_exact_quantiles,5000,0,0.008843218208197504,0.008779832161962986,0.011051162239164115,0.012836885498836638,0.004947020672261715,0.017251182347536087,0.017251182347536087,0.010621871799230576
sac_pickcube_20261007T124123_37b693e5,PickCube-v1,sac,policy_gradient_steps,65000,70000,policy_q_min_mean,all_update_events_exact_quantiles,5000,0,2.0220014310121535,2.017553448677063,2.1500457286834718,2.1860830950737,1.8374804258346558,2.2408065795898438,2.2408065795898438,2.2056918144226074
sac_pickcube_20261007T124123_37b693e5,PickCube-v1,sac,policy_gradient_steps,65000,70000,alpha,all_update_events_exact_quantiles,5000,0,0.004104836087301373,0.004128322470933199,0.004804150480777025,0.004898423817940057,0.0033830353058874607,0.004903871100395918,0.004903871100395918,0.004900647327303886
sac_pickcube_20261007T124123_37b693e5,PickCube-v1,sac,policy_gradient_steps,65000,70000,alpha_loss,all_update_events_exact_quantiles,5000,0,-0.00010492040839890251,-9.680310176918283e-05,0.0006197484035510574,0.0009470479929586878,-0.0018807152519002557,0.0015329642919823527,0.0018807152519002557,-0.0010518166236579418
sac_pickcube_20261007T124123_37b693e5,PickCube-v1,sac,policy_gradient_steps,65000,70000,entropy_estimate,all_update_events_exact_quantiles,5000,0,-4.0256176217556,-4.024049282073975,-3.850783884525299,-3.7731416416168213,-4.422995567321777,-3.661064386367798,4.422995567321777,-4.214703559875488
sac_pickcube_20261007T124123_37b693e5,PickCube-v1,sac,real_env_steps,140000,150000,actor_loss,all_update_events_exact_quantiles,4992,0,-2.154469805292021,-2.157515287399292,-2.021685779094696,-1.9922456800937651,-2.386720657348633,-1.9504088163375854,2.386720657348633,-2.290776252746582
sac_pickcube_20261007T124123_37b693e5,PickCube-v1,sac,real_env_steps,140000,150000,critic_loss,all_update_events_exact_quantiles,4992,0,0.009693963964263018,0.00954243028536439,0.01178465187549591,0.013403147691860798,0.0066181980073452,0.021080290898680687,0.021080290898680687,0.008853591978549957
sac_pickcube_20261007T124123_37b693e5,PickCube-v1,sac,real_env_steps,140000,150000,policy_q_min_mean,all_update_events_exact_quantiles,4992,0,2.174649876040908,2.177606463432312,2.307957398891449,2.3429009342193603,1.9671802520751953,2.410283088684082,2.410283088684082,2.3142662048339844
sac_pickcube_20261007T124123_37b693e5,PickCube-v1,sac,real_env_steps,140000,150000,alpha,all_update_events_exact_quantiles,4992,0,0.005018924678435537,0.005046958569437265,0.005617176205851138,0.005672118337824941,0.0042352029122412205,0.0057120849378407,0.0057120849378407,0.0057120849378407
sac_pickcube_20261007T124123_37b693e5,PickCube-v1,sac,real_env_steps,140000,150000,alpha_loss,all_update_events_exact_quantiles,4992,0,-0.00010555533315153135,-9.568958193995059e-05,0.0008419720426900313,0.0012541932228486985,-0.0020812542643398046,0.002036923309788108,0.0020812542643398046,-0.0006460465956479311
sac_pickcube_20261007T124123_37b693e5,PickCube-v1,sac,real_env_steps,140000,150000,entropy_estimate,all_update_events_exact_quantiles,4992,0,-4.021378638461615,-4.019387483596802,-3.835787272453308,-3.7600863265991205,-4.422995567321777,-3.6260128021240234,4.422995567321777,-4.113123416900635
sac_pickcube_20261007T124123_37b693e5,PickCube-v1,sac,policy_gradient_steps,70000,75000,actor_loss,all_update_events_exact_quantiles,5000,0,-2.2513364764213564,-2.2495880126953125,-2.126558983325958,-2.091788969039917,-2.4980666637420654,-2.0290274620056152,2.4980666637420654,-2.4043500423431396
sac_pickcube_20261007T124123_37b693e5,PickCube-v1,sac,policy_gradient_steps,70000,75000,critic_loss,all_update_events_exact_quantiles,5000,0,0.00977465792549774,0.00964038260281086,0.011811481276527048,0.013271990399807691,0.006959850899875164,0.021080290898680687,0.021080290898680687,0.009724117815494537
sac_pickcube_20261007T124123_37b693e5,PickCube-v1,sac,policy_gradient_steps,70000,75000,policy_q_min_mean,all_update_events_exact_quantiles,5000,0,2.273649932336807,2.2721164226531982,2.4006235122680666,2.441278822422028,2.048234224319458,2.524837017059326,2.524837017059326,2.429807662963867
sac_pickcube_20261007T124123_37b693e5,PickCube-v1,sac,policy_gradient_steps,70000,75000,alpha,all_update_events_exact_quantiles,5000,0,0.00555526111703366,0.005582564743235707,0.006115232850424946,0.006180601608939469,0.004902257584035397,0.006211897823959589,0.006211897823959589,0.006211897823959589
sac_pickcube_20261007T124123_37b693e5,PickCube-v1,sac,policy_gradient_steps,70000,75000,alpha_loss,all_update_events_exact_quantiles,5000,0,-9.346110028200201e-05,-9.010578651214018e-05,0.0009185556438751525,0.0013466406718362143,-0.002201091730967164,0.0021264287643134594,0.002201091730967164,-0.0006123700877651572
sac_pickcube_20261007T124123_37b693e5,PickCube-v1,sac,policy_gradient_steps,70000,75000,entropy_estimate,all_update_events_exact_quantiles,5000,0,-4.016916628742218,-4.016459226608276,-3.8326602935791017,-3.756241164207458,-4.404850482940674,-3.6260128021240234,4.404850482940674,-4.098588943481445
sac_pickcube_20261007T124123_37b693e5,PickCube-v1,sac,real_env_steps,150000,160000,actor_loss,all_update_events_exact_quantiles,5008,0,-2.3785275124703733,-2.380905508995056,-2.2618592858314512,-2.228462882041931,-2.5788886547088623,-2.166752815246582,2.5788886547088623,-2.522500514984131
sac_pickcube_20261007T124123_37b693e5,PickCube-v1,sac,real_env_steps,150000,160000,critic_loss,all_update_events_exact_quantiles,5008,0,0.009599896271887143,0.00949259614571929,0.011496644746512174,0.012891616802662615,0.00670032249763608,0.016328439116477966,0.016328439116477966,0.009123781695961952
sac_pickcube_20261007T124123_37b693e5,PickCube-v1,sac,real_env_steps,150000,160000,policy_q_min_mean,all_update_events_exact_quantiles,5008,0,2.4038599496261,2.405968189239502,2.5171760082244874,2.5521902656555175,2.189059257507324,2.607938766479492,2.607938766479492,2.549769163131714
sac_pickcube_20261007T124123_37b693e5,PickCube-v1,sac,real_env_steps,150000,160000,alpha,all_update_events_exact_quantiles,5008,0,0.0063119499427906145,0.006357384845614433,0.006850897800177336,0.00687160762026906,0.005713245365768671,0.006893944460898638,0.006893944460898638,0.006893944460898638
sac_pickcube_20261007T124123_37b693e5,PickCube-v1,sac,real_env_steps,150000,160000,alpha_loss,all_update_events_exact_quantiles,5008,0,-8.558194636838781e-05,-9.881360892904922e-05,0.0010899955872446297,0.0015946806734427814,-0.0027039425913244486,0.0028351573273539543,0.0028351573273539543,0.00030629325192421675
sac_pickcube_20261007T124123_37b693e5,PickCube-v1,sac,real_env_steps,150000,160000,entropy_estimate,all_update_events_exact_quantiles,5008,0,-4.013637682976433,-4.015565872192383,-3.8292108535766602,-3.7496873211860655,-4.406538486480713,-3.5874524116516113,4.406538486480713,-3.9555695056915283
sac_pickcube_20261007T124123_37b693e5,PickCube-v1,sac,policy_gradient_steps,75000,80000,actor_loss,all_update_events_exact_quantiles,5000,0,-2.4500698849201203,-2.450054407119751,-2.344369423389435,-2.3075744438171384,-2.6490249633789062,-2.209510326385498,2.6490249633789062,-2.5556535720825195
sac_pickcube_20261007T124123_37b693e5,PickCube-v1,sac,policy_gradient_steps,75000,80000,critic_loss,all_update_events_exact_quantiles,5000,0,0.009326193146593869,0.009200616739690304,0.011179020069539547,0.012700269948691155,0.00670032249763608,0.020896082744002342,0.020896082744002342,0.009905096143484116
sac_pickcube_20261007T124123_37b693e5,PickCube-v1,sac,policy_gradient_steps,75000,80000,policy_q_min_mean,all_update_events_exact_quantiles,5000,0,2.477252164411545,2.4772180318832397,2.5833253622055055,2.614303104877472,2.232192277908325,2.679997682571411,2.679997682571411,2.5841641426086426
sac_pickcube_20261007T124123_37b693e5,PickCube-v1,sac,policy_gradient_steps,75000,80000,alpha,all_update_events_exact_quantiles,5000,0,0.006775364981498569,0.006834826432168484,0.007252024603076279,0.00731822572182864,0.006201095879077911,0.0073450603522360325,0.0073450603522360325,0.007326381281018257
sac_pickcube_20261007T124123_37b693e5,PickCube-v1,sac,policy_gradient_steps,75000,80000,alpha_loss,all_update_events_exact_quantiles,5000,0,-8.171209724459914e-05,-9.280144877266139e-05,0.0012157443095929927,0.001701984436949715,-0.0028652255423367023,0.0028351573273539543,0.0028652255423367023,0.0007991621969267726
sac_pickcube_20261007T124123_37b693e5,PickCube-v1,sac,policy_gradient_steps,75000,80000,entropy_estimate,all_update_events_exact_quantiles,5000,0,-4.012148561525345,-4.013457298278809,-3.8193657994270325,-3.7467313694953917,-4.406538486480713,-3.5874524116516113,4.406538486480713,-3.8909356594085693
sac_pickcube_20261007T124123_37b693e5,PickCube-v1,sac,real_env_steps,160000,170000,actor_loss,all_update_events_exact_quantiles,4992,0,-2.539434876961586,-2.5386844873428345,-2.4459378719329834,-2.4103210592269897,-2.7506279945373535,-2.335642099380493,2.7506279945373535,-2.609820604324341
sac_pickcube_20261007T124123_37b693e5,PickCube-v1,sac,real_env_steps,160000,170000,critic_loss,all_update_events_exact_quantiles,4992,0,0.00897052378264235,0.00883241230621934,0.010756554640829563,0.012378015201538806,0.006338352337479591,0.020896082744002342,0.020896082744002342,0.00857488438487053
sac_pickcube_20261007T124123_37b693e5,PickCube-v1,sac,real_env_steps,160000,170000,policy_q_min_mean,all_update_events_exact_quantiles,4992,0,2.5687134324644623,2.568113088607788,2.6668594002723696,2.6985518169403075,2.3627912998199463,2.7835164070129395,2.7835164070129395,2.639636278152466
sac_pickcube_20261007T124123_37b693e5,PickCube-v1,sac,real_env_steps,160000,170000,alpha,all_update_events_exact_quantiles,4992,0,0.007305471682066593,0.007288937456905842,0.007640648190863431,0.007678903881460428,0.006869675125926733,0.007684892974793911,0.007684892974793911,0.007675342261791229
sac_pickcube_20261007T124123_37b693e5,PickCube-v1,sac,real_env_steps,160000,170000,alpha_loss,all_update_events_exact_quantiles,4992,0,-5.729611252018703e-05,-5.917847738601267e-05,0.0013116894580889491,0.0018315351265482613,-0.0035055368207395077,0.0027312608435750008,0.0035055368207395077,0.0008903777343221009
sac_pickcube_20261007T124123_37b693e5,PickCube-v1,sac,real_env_steps,160000,170000,entropy_estimate,all_update_events_exact_quantiles,4992,0,-4.007918502514561,-4.007979869842529,-3.8215132236480716,-3.7487859535217285,-4.459782600402832,-3.633073091506958,4.459782600402832,-3.8840126991271973
sac_pickcube_20261007T124123_37b693e5,PickCube-v1,sac,policy_gradient_steps,80000,85000,actor_loss,all_update_events_exact_quantiles,5000,0,-2.5892942390441895,-2.5893880128860474,-2.4967183828353883,-2.461250360012054,-2.7782626152038574,-2.4032320976257324,2.7782626152038574,-2.59257435798645
sac_pickcube_20261007T124123_37b693e5,PickCube-v1,sac,policy_gradient_steps,80000,85000,critic_loss,all_update_events_exact_quantiles,5000,0,0.008770853304397315,0.008644259069114923,0.01050325008109212,0.012131511382758623,0.0060728611424565315,0.018744103610515594,0.018744103610515594,0.008650928735733032
sac_pickcube_20261007T124123_37b693e5,PickCube-v1,sac,policy_gradient_steps,80000,85000,policy_q_min_mean,all_update_events_exact_quantiles,5000,0,2.619747231292725,2.6199508905410767,2.7136757135391236,2.7485810136795044,2.4320027828216553,2.8113527297973633,2.8113527297973633,2.623429298400879
sac_pickcube_20261007T124123_37b693e5,PickCube-v1,sac,policy_gradient_steps,80000,85000,alpha,all_update_events_exact_quantiles,5000,0,0.00760131275318563,0.007617782335728407,0.00796434967778623,0.007995091043412686,0.007223624270409346,0.008001727983355522,0.008001727983355522,0.007970649749040604
sac_pickcube_20261007T124123_37b693e5,PickCube-v1,sac,policy_gradient_steps,80000,85000,alpha_loss,all_update_events_exact_quantiles,5000,0,-4.825840354678803e-05,-5.145395698491484e-05,0.0013513687532395128,0.0019505380769260239,-0.0035055368207395077,0.0030600503087043762,0.0035055368207395077,0.0010302960872650146
sac_pickcube_20261007T124123_37b693e5,PickCube-v1,sac,policy_gradient_steps,80000,85000,entropy_estimate,all_update_events_exact_quantiles,5000,0,-4.006359782028198,-4.006591081619263,-3.823548197746277,-3.73807204246521,-4.459782600402832,-3.610706329345703,4.459782600402832,-3.8707501888275146
sac_pickcube_20261007T124123_37b693e5,PickCube-v1,sac,real_env_steps,170000,180000,actor_loss,all_update_events_exact_quantiles,5008,0,-2.6585824825702766,-2.6591217517852783,-2.570400559902191,-2.5375476002693174,-2.8251800537109375,-2.487386703491211,2.8251800537109375,-2.73652982711792
sac_pickcube_20261007T124123_37b693e5,PickCube-v1,sac,real_env_steps,170000,180000,critic_loss,all_update_events_exact_quantiles,5008,0,0.008387857278736052,0.00824421551078558,0.010033931396901606,0.011775078242644671,0.005464910063892603,0.01942131295800209,0.01942131295800209,0.009149812161922455
sac_pickcube_20261007T124123_37b693e5,PickCube-v1,sac,real_env_steps,170000,180000,policy_q_min_mean,all_update_events_exact_quantiles,5008,0,2.6907684641143383,2.691421389579773,2.7807591438293455,2.814710304737091,2.516899585723877,2.8599181175231934,2.8599181175231934,2.7704920768737793
sac_pickcube_20261007T124123_37b693e5,PickCube-v1,sac,real_env_steps,170000,180000,alpha,all_update_events_exact_quantiles,5008,0,0.008033836308138493,0.008044506423175335,0.008301819255575538,0.008328729402273893,0.007639198563992977,0.008357671089470387,0.008357671089470387,0.008344346657395363
sac_pickcube_20261007T124123_37b693e5,PickCube-v1,sac,real_env_steps,170000,180000,alpha_loss,all_update_events_exact_quantiles,5008,0,-5.1172095640250884e-05,-4.101660306332633e-05,0.0014208735781721768,0.0020728915953077388,-0.003269132459536195,0.0030600503087043762,0.003269132459536195,-0.0005884562851861119
sac_pickcube_20261007T124123_37b693e5,PickCube-v1,sac,real_env_steps,170000,180000,entropy_estimate,all_update_events_exact_quantiles,5008,0,-4.006433682986342,-4.005154371261597,-3.822851371765137,-3.7428212070465086,-4.40648078918457,-3.610706329345703,4.40648078918457,-4.070528507232666
sac_pickcube_20261007T124123_37b693e5,PickCube-v1,sac,policy_gradient_steps,85000,90000,actor_loss,all_update_events_exact_quantiles,5000,0,-2.6995975341796874,-2.7005773782730103,-2.61052930355072,-2.5761521077156067,-2.8979551792144775,-2.5272419452667236,2.8979551792144775,-2.7591543197631836
sac_pickcube_20261007T124123_37b693e5,PickCube-v1,sac,policy_gradient_steps,85000,90000,critic_loss,all_update_events_exact_quantiles,5000,0,0.00815822453694418,0.008017174899578094,0.009772455925121904,0.012021448360756061,0.005464910063892603,0.01942131295800209,0.01942131295800209,0.009411641396582127
sac_pickcube_20261007T124123_37b693e5,PickCube-v1,sac,policy_gradient_steps,85000,90000,policy_q_min_mean,all_update_events_exact_quantiles,5000,0,2.7327837636947634,2.7337775230407715,2.8215189814567565,2.85642448425293,2.5575363636016846,2.9343199729919434,2.9343199729919434,2.7943787574768066
sac_pickcube_20261007T124123_37b693e5,PickCube-v1,sac,policy_gradient_steps,85000,90000,alpha,all_update_events_exact_quantiles,5000,0,0.008285192122869194,0.008266499731689692,0.008540045842528344,0.008567397771403194,0.007946771569550037,0.008575141429901123,0.008575141429901123,0.008572336286306381
sac_pickcube_20261007T124123_37b693e5,PickCube-v1,sac,policy_gradient_steps,85000,90000,alpha_loss,all_update_events_exact_quantiles,5000,0,-4.5941857332218205e-05,-3.8149453757796437e-05,0.001446266553830356,0.002088850212749096,-0.003269132459536195,0.0028596194460988045,0.003269132459536195,-0.000940534402616322
sac_pickcube_20261007T124123_37b693e5,PickCube-v1,sac,policy_gradient_steps,85000,90000,entropy_estimate,all_update_events_exact_quantiles,5000,0,-4.0055944865703585,-4.0045247077941895,-3.824149715900421,-3.7443415570259093,-4.40648078918457,-3.6641340255737305,4.40648078918457,-4.109734535217285
sac_pickcube_20261007T124123_37b693e5,PickCube-v1,sac,real_env_steps,180000,190000,actor_loss,all_update_events_exact_quantiles,4992,0,-2.755723276438239,-2.7559926509857178,-2.6714864253997805,-2.6369041633605956,-2.972179889678955,-2.5803284645080566,2.972179889678955,-2.773590326309204
sac_pickcube_20261007T124123_37b693e5,PickCube-v1,sac,real_env_steps,180000,190000,critic_loss,all_update_events_exact_quantiles,4992,0,0.007878191827983709,0.007738299667835236,0.009510295884683728,0.011813843585550795,0.005243280902504921,0.018263641744852066,0.018263641744852066,0.006524619646370411
sac_pickcube_20261007T124123_37b693e5,PickCube-v1,sac,real_env_steps,180000,190000,policy_q_min_mean,all_update_events_exact_quantiles,4992,0,2.7903715159075384,2.7906858921051025,2.8764913439750672,2.9119159078598025,2.6114416122436523,3.0109126567840576,3.0109126567840576,2.8087215423583984
sac_pickcube_20261007T124123_37b693e5,PickCube-v1,sac,real_env_steps,180000,190000,alpha,all_update_events_exact_quantiles,4992,0,0.008652366047989255,0.008653875440359116,0.008928186865523458,0.00894434574060142,0.008345011621713638,0.008953471668064594,0.008953471668064594,0.008885827846825123
sac_pickcube_20261007T124123_37b693e5,PickCube-v1,sac,real_env_steps,180000,190000,alpha_loss,all_update_events_exact_quantiles,4992,0,-3.9208776719772526e-05,-3.216230106772855e-05,0.0015429756662342696,0.0022474547382444155,-0.0034905006177723408,0.003467652713879943,0.0034905006177723408,0.0004130846355110407
sac_pickcube_20261007T124123_37b693e5,PickCube-v1,sac,real_env_steps,180000,190000,entropy_estimate,all_update_events_exact_quantiles,4992,0,-4.004589408683853,-4.003694534301758,-3.8219347476959227,-3.7414762830734247,-4.391430854797363,-3.6116318702697754,4.391430854797363,-3.9535129070281982
sac_pickcube_20261007T124123_37b693e5,PickCube-v1,sac,policy_gradient_steps,90000,95000,actor_loss,all_update_events_exact_quantiles,5000,0,-2.7907098574638365,-2.7909905910491943,-2.705876958370209,-2.6742206144332887,-2.972179889678955,-2.5872955322265625,2.972179889678955,-2.7936036586761475
sac_pickcube_20261007T124123_37b693e5,PickCube-v1,sac,policy_gradient_steps,90000,95000,critic_loss,all_update_events_exact_quantiles,5000,0,0.007669318174850196,0.00751786888577044,0.009348391694948078,0.011808205433189882,0.005071777384728193,0.022016867995262146,0.022016867995262146,0.006667177192866802
sac_pickcube_20261007T124123_37b693e5,PickCube-v1,sac,policy_gradient_steps,90000,95000,policy_q_min_mean,all_update_events_exact_quantiles,5000,0,2.8262131692409516,2.826533317565918,2.9133224844932557,2.9440075826644896,2.6195857524871826,3.0109126567840576,3.0109126567840576,2.8299384117126465
sac_pickcube_20261007T124123_37b693e5,PickCube-v1,sac,policy_gradient_steps,90000,95000,alpha,all_update_events_exact_quantiles,5000,0,0.008867315695248543,0.00889029772952199,0.009054950810968876,0.00907648978754878,0.008573661558330059,0.009085426107048988,0.009085426107048988,0.00905037671327591
sac_pickcube_20261007T124123_37b693e5,PickCube-v1,sac,policy_gradient_steps,90000,95000,alpha_loss,all_update_events_exact_quantiles,5000,0,-3.4431907266844066e-05,-3.83145670639351e-05,0.0016113686724565925,0.0022480453411117206,-0.0034905006177723408,0.003467652713879943,0.0034905006177723408,-0.00013358143041841686
sac_pickcube_20261007T124123_37b693e5,PickCube-v1,sac,policy_gradient_steps,90000,95000,entropy_estimate,all_update_events_exact_quantiles,5000,0,-4.00394061050415,-4.0043134689331055,-3.8179588675498963,-3.7475715947151182,-4.391430854797363,-3.6116318702697754,4.391430854797363,-4.0147600173950195
sac_pickcube_20261007T124123_37b693e5,PickCube-v1,sac,real_env_steps,190000,200000,actor_loss,all_update_events_exact_quantiles,5008,0,-2.8374682423977045,-2.837308645248413,-2.7578889966011046,-2.716770462989807,-2.99001407623291,-2.6593141555786133,2.99001407623291,-2.773801803588867
sac_pickcube_20261007T124123_37b693e5,PickCube-v1,sac,real_env_steps,190000,200000,critic_loss,all_update_events_exact_quantiles,5008,0,0.007576325649530225,0.007365075638517737,0.00942028174176812,0.013033879213035126,0.005071777384728193,0.026838595047593117,0.026838595047593117,0.006634131073951721
sac_pickcube_20261007T124123_37b693e5,PickCube-v1,sac,real_env_steps,190000,200000,policy_q_min_mean,all_update_events_exact_quantiles,5008,0,2.874055915128309,2.874188780784607,2.956432580947876,2.989644784927368,2.692845582962036,3.029146194458008,3.029146194458008,2.809030055999756
sac_pickcube_20261007T124123_37b693e5,PickCube-v1,sac,real_env_steps,190000,200000,alpha,all_update_events_exact_quantiles,5008,0,0.009139564946277465,0.009122512303292751,0.009349055634811521,0.00938209199346602,0.008881567046046257,0.009397687390446663,0.009397687390446663,0.009285765700042248
sac_pickcube_20261007T124123_37b693e5,PickCube-v1,sac,real_env_steps,190000,200000,alpha_loss,all_update_events_exact_quantiles,5008,0,-2.9733642623177265e-05,-2.386340929660946e-05,0.001638299302430823,0.0022610666602849963,-0.003719974309206009,0.003790227696299553,0.003790227696299553,0.0019128287676721811
sac_pickcube_20261007T124123_37b693e5,PickCube-v1,sac,real_env_steps,190000,200000,entropy_estimate,all_update_events_exact_quantiles,5008,0,-4.003308352094869,-4.002577066421509,-3.821792721748352,-3.751756131649017,-4.408496856689453,-3.586745023727417,4.408496856689453,-3.7939932346343994
sac_pickcube_20261007T124123_37b693e5,PickCube-v1,sac,policy_gradient_steps,95000,100000,actor_loss,all_update_events_exact_quantiles,5000,0,-2.8656238677024843,-2.864725708961487,-2.7850308656692504,-2.7548321151733397,-3.025064468383789,-2.6766624450683594,3.025064468383789,-2.8173723220825195
sac_pickcube_20261007T124123_37b693e5,PickCube-v1,sac,policy_gradient_steps,95000,100000,critic_loss,all_update_events_exact_quantiles,5000,0,0.007564743658527732,0.007363066775724292,0.009463725052773953,0.012384381955489542,0.005052519962191582,0.026838595047593117,0.026838595047593117,0.007344728335738182
sac_pickcube_20261007T124123_37b693e5,PickCube-v1,sac,policy_gradient_steps,95000,100000,policy_q_min_mean,all_update_events_exact_quantiles,5000,0,2.902772759771347,2.901835560798645,2.985721302032471,3.0159675550460814,2.7108194828033447,3.065250873565674,3.065250873565674,2.8546011447906494
sac_pickcube_20261007T124123_37b693e5,PickCube-v1,sac,policy_gradient_steps,95000,100000,alpha,all_update_events_exact_quantiles,5000,0,0.009279711663164198,0.009287016466259956,0.009457161417230964,0.009468700028955937,0.00904962606728077,0.009476865641772747,0.009476865641772747,0.009463724680244923
sac_pickcube_20261007T124123_37b693e5,PickCube-v1,sac,policy_gradient_steps,95000,100000,alpha_loss,all_update_events_exact_quantiles,5000,0,-3.0376171469106338e-05,-9.156283340416849e-06,0.0016374674683902416,0.0023093739198520803,-0.003719974309206009,0.003790227696299553,0.003790227696299553,0.0006245331605896354
sac_pickcube_20261007T124123_37b693e5,PickCube-v1,sac,policy_gradient_steps,95000,100000,entropy_estimate,all_update_events_exact_quantiles,5000,0,-4.003316023063659,-4.000993967056274,-3.8230446100234987,-3.7493915009498595,-4.408496856689453,-3.586745023727417,4.408496856689453,-3.934004783630371
sac_pickcube_20261007T124123_37b693e5,PickCube-v1,sac,real_env_steps,200000,210000,actor_loss,all_update_events_exact_quantiles,4992,0,-2.9086269353253718,-2.9093962907791138,-2.8262829899787905,-2.7968545722961426,-3.080671548843384,-2.7419731616973877,3.080671548843384,-2.9933688640594482
sac_pickcube_20261007T124123_37b693e5,PickCube-v1,sac,real_env_steps,200000,210000,critic_loss,all_update_events_exact_quantiles,4992,0,0.007438446765426749,0.007215584861114621,0.00948884547688067,0.012410627305507661,0.004743966273963451,0.020710140466690063,0.020710140466690063,0.00632838997989893
sac_pickcube_20261007T124123_37b693e5,PickCube-v1,sac,real_env_steps,200000,210000,policy_q_min_mean,all_update_events_exact_quantiles,4992,0,2.946480750559996,2.947312831878662,3.0275200963020326,3.0605723810195924,2.777129650115967,3.1215994358062744,3.1215994358062744,3.0314393043518066
sac_pickcube_20261007T124123_37b693e5,PickCube-v1,sac,real_env_steps,200000,210000,alpha,all_update_events_exact_quantiles,4992,0,0.00945885124420807,0.009464279282838106,0.009606325393542647,0.009654404558241368,0.009232418611645699,0.009673373773694038,0.009673373773694038,0.009558245539665222
sac_pickcube_20261007T124123_37b693e5,PickCube-v1,sac,real_env_steps,200000,210000,alpha_loss,all_update_events_exact_quantiles,4992,0,-1.8627531549333445e-05,-2.039676473941654e-05,0.0017072928312700242,0.002511809249408543,-0.0035299004521220922,0.004553338047116995,0.004553338047116995,0.00016754079842939973
sac_pickcube_20261007T124123_37b693e5,PickCube-v1,sac,real_env_steps,200000,210000,entropy_estimate,all_update_events_exact_quantiles,4992,0,-4.002013239054343,-4.002155780792236,-3.8199385523796083,-3.734700472354889,-4.380782604217529,-3.5207066535949707,4.380782604217529,-3.982473850250244
sac_pickcube_20261007T124123_37b693e5,PickCube-v1,sac,policy_gradient_steps,100000,105000,actor_loss,all_update_events_exact_quantiles,5000,0,-2.934780035352707,-2.935179114341736,-2.853400003910065,-2.818144414424896,-3.1083855628967285,-2.7562255859375,3.1083855628967285,-2.979538917541504
sac_pickcube_20261007T124123_37b693e5,PickCube-v1,sac,policy_gradient_steps,100000,105000,critic_loss,all_update_events_exact_quantiles,5000,0,0.007378503868356347,0.007122139213606715,0.009628055710345512,0.01287361968308688,0.004743966273963451,0.020710140466690063,0.020710140466690063,0.010061577893793583
sac_pickcube_20261007T124123_37b693e5,PickCube-v1,sac,policy_gradient_steps,100000,105000,policy_q_min_mean,all_update_events_exact_quantiles,5000,0,2.973139011192322,2.97350537776947,3.055683445930481,3.090802347660065,2.7923455238342285,3.1498351097106934,3.1498351097106934,3.018467426300049
sac_pickcube_20261007T124123_37b693e5,PickCube-v1,sac,policy_gradient_steps,100000,105000,alpha,all_update_events_exact_quantiles,5000,0,0.009583440534956753,0.0095728007145226,0.00979816447943449,0.009829267915338278,0.00936537142843008,0.009864780120551586,0.009864780120551586,0.009841401129961014
sac_pickcube_20261007T124123_37b693e5,PickCube-v1,sac,policy_gradient_steps,100000,105000,alpha_loss,all_update_events_exact_quantiles,5000,0,-2.5517941408907063e-05,-2.4274202587548643e-05,0.0017037050507497042,0.002414674111641945,-0.00343290064483881,0.004553338047116995,0.004553338047116995,0.000443873432232067
sac_pickcube_20261007T124123_37b693e5,PickCube-v1,sac,policy_gradient_steps,100000,105000,entropy_estimate,all_update_events_exact_quantiles,5000,0,-4.0026816239356995,-4.002503871917725,-3.821956729888916,-3.7471124029159544,-4.359529495239258,-3.5207066535949707,4.359529495239258,-3.9549050331115723
sac_pickcube_20261007T124123_37b693e5,PickCube-v1,sac,real_env_steps,210000,220000,actor_loss,all_update_events_exact_quantiles,5008,0,-2.9737055486859605,-2.973711609840393,-2.8904310345649717,-2.8595157933235167,-3.164827823638916,-2.8113760948181152,3.164827823638916,-2.9546303749084473
sac_pickcube_20261007T124123_37b693e5,PickCube-v1,sac,real_env_steps,210000,220000,critic_loss,all_update_events_exact_quantiles,5008,0,0.007185009802645519,0.00693936157040298,0.009460311383008952,0.012484299782663584,0.004662049002945423,0.01900275982916355,0.01900275982916355,0.007312423083931208
sac_pickcube_20261007T124123_37b693e5,PickCube-v1,sac,real_env_steps,210000,220000,policy_q_min_mean,all_update_events_exact_quantiles,5008,0,3.0130267312256294,3.0131020545959473,3.094398260116577,3.1306437397003175,2.8478736877441406,3.2077836990356445,3.2077836990356445,2.99482798576355
sac_pickcube_20261007T124123_37b693e5,PickCube-v1,sac,real_env_steps,210000,220000,alpha,all_update_events_exact_quantiles,5008,0,0.00981979146703911,0.009819173254072666,0.01006626822054386,0.010126075921580196,0.009549804031848907,0.010139735415577888,0.010139735415577888,0.010132906027138233
sac_pickcube_20261007T124123_37b693e5,PickCube-v1,sac,real_env_steps,210000,220000,alpha_loss,all_update_events_exact_quantiles,5008,0,-4.247785189352017e-05,-3.496570570860058e-05,0.0017514602688606816,0.002380939384456728,-0.004557691514492035,0.004354576580226421,0.004557691514492035,0.0003340074617881328
sac_pickcube_20261007T124123_37b693e5,PickCube-v1,sac,real_env_steps,210000,220000,entropy_estimate,all_update_events_exact_quantiles,5008,0,-4.004357891722609,-4.003538370132446,-3.82252676486969,-3.759372115135193,-4.45601224899292,-3.562088966369629,4.45601224899292,-3.9670372009277344
sac_pickcube_20261007T124123_37b693e5,PickCube-v1,sac,policy_gradient_steps,105000,110000,actor_loss,all_update_events_exact_quantiles,5000,0,-2.997219260263443,-2.9973957538604736,-2.91830894947052,-2.8884159755706786,-3.1781206130981445,-2.822033166885376,3.1781206130981445,-3.0701186656951904
sac_pickcube_20261007T124123_37b693e5,PickCube-v1,sac,policy_gradient_steps,105000,110000,critic_loss,all_update_events_exact_quantiles,5000,0,0.007099913964699954,0.0068472144193947315,0.009444000571966172,0.01239061412401498,0.004662049002945423,0.01900275982916355,0.01900275982916355,0.007198525592684746
sac_pickcube_20261007T124123_37b693e5,PickCube-v1,sac,policy_gradient_steps,105000,110000,policy_q_min_mean,all_update_events_exact_quantiles,5000,0,3.0371843886852266,3.037477731704712,3.117470359802246,3.1512454319000245,2.8610754013061523,3.219906806945801,3.219906806945801,3.1111197471618652
sac_pickcube_20261007T124123_37b693e5,PickCube-v1,sac,policy_gradient_steps,105000,110000,alpha,all_update_events_exact_quantiles,5000,0,0.009983957142941653,0.010007791686803102,0.010136064235121011,0.010235194135457277,0.009746686555445194,0.010265900753438473,0.010265900753438473,0.01023914385586977
sac_pickcube_20261007T124123_37b693e5,PickCube-v1,sac,policy_gradient_steps,105000,110000,alpha_loss,all_update_events_exact_quantiles,5000,0,-2.9618956489866833e-05,-2.6796900783665478e-05,0.001804168976377696,0.0024993015103973474,-0.004557691514492035,0.004354576580226421,0.004557691514492035,-4.0221610106527805e-05
sac_pickcube_20261007T124123_37b693e5,PickCube-v1,sac,policy_gradient_steps,105000,110000,entropy_estimate,all_update_events_exact_quantiles,5000,0,-4.0029973310947415,-4.002684593200684,-3.818380331993103,-3.7482229137420653,-4.45601224899292,-3.562088966369629,4.45601224899292,-4.003928184509277
sac_pickcube_20261007T124123_37b693e5,PickCube-v1,sac,real_env_steps,220000,230000,actor_loss,all_update_events_exact_quantiles,4992,0,-3.030590216939648,-3.029132127761841,-2.950935125350952,-2.916300444602966,-3.229431629180908,-2.8794915676116943,3.229431629180908,-3.090311050415039
sac_pickcube_20261007T124123_37b693e5,PickCube-v1,sac,real_env_steps,220000,230000,critic_loss,all_update_events_exact_quantiles,4992,0,0.006997771385403422,0.006744088605046272,0.009418994467705487,0.011739916838705547,0.004337521269917488,0.022714972496032715,0.022714972496032715,0.00537154171615839
sac_pickcube_20261007T124123_37b693e5,PickCube-v1,sac,real_env_steps,220000,230000,policy_q_min_mean,all_update_events_exact_quantiles,4992,0,3.0713849306011047,3.0698227882385254,3.1533835172653197,3.1845721006393433,2.9173707962036133,3.2739944458007812,3.2739944458007812,3.131319522857666
sac_pickcube_20261007T124123_37b693e5,PickCube-v1,sac,real_env_steps,220000,230000,alpha,all_update_events_exact_quantiles,4992,0,0.010195280491293838,0.010185369290411472,0.010363763058558106,0.010397567516192793,0.00999667588621378,0.010408037342131138,0.010408037342131138,0.010333040729165077
sac_pickcube_20261007T124123_37b693e5,PickCube-v1,sac,real_env_steps,220000,230000,alpha_loss,all_update_events_exact_quantiles,4992,0,-1.375405811096733e-05,-1.3391967513598502e-05,0.0018259449570905404,0.0025504644308239222,-0.004260842222720385,0.0035838275216519833,0.004260842222720385,0.0003254181065130979
sac_pickcube_20261007T124123_37b693e5,PickCube-v1,sac,real_env_steps,220000,230000,entropy_estimate,all_update_events_exact_quantiles,4992,0,-4.001382080026162,-4.001321077346802,-3.8234436750411986,-3.7511146903038024,-4.423949241638184,-3.6543872356414795,4.423949241638184,-3.968508005142212
sac_pickcube_20261007T124123_37b693e5,PickCube-v1,sac,policy_gradient_steps,110000,115000,actor_loss,all_update_events_exact_quantiles,5000,0,-3.052647283411026,-3.053287625312805,-2.9745086550712587,-2.9423239350318906,-3.229431629180908,-2.8826069831848145,3.229431629180908,-3.0662412643432617
sac_pickcube_20261007T124123_37b693e5,PickCube-v1,sac,policy_gradient_steps,110000,115000,critic_loss,all_update_events_exact_quantiles,5000,0,0.006880424320138991,0.006638481747359037,0.009254347486421467,0.011481303600594406,0.004337521269917488,0.022714972496032715,0.022714972496032715,0.006739871576428413
sac_pickcube_20261007T124123_37b693e5,PickCube-v1,sac,policy_gradient_steps,110000,115000,policy_q_min_mean,all_update_events_exact_quantiles,5000,0,3.094027219390869,3.0947128534317017,3.1736646056175233,3.2059664154052734,2.9207186698913574,3.2739944458007812,3.2739944458007812,3.1073720455169678
sac_pickcube_20261007T124123_37b693e5,PickCube-v1,sac,policy_gradient_steps,110000,115000,alpha,all_update_events_exact_quantiles,5000,0,0.010341263202019035,0.010331984143704176,0.010556187853217125,0.01058297611773014,0.010144567117094994,0.010587260127067566,0.010587260127067566,0.010452580638229847
sac_pickcube_20261007T124123_37b693e5,PickCube-v1,sac,policy_gradient_steps,110000,115000,alpha_loss,all_update_events_exact_quantiles,5000,0,-1.5055447360646212e-05,-1.7843558453023434e-07,0.0017927496344782433,0.0025771758449263894,-0.00401965482160449,0.0039893463253974915,0.00401965482160449,0.0006828635814599693
sac_pickcube_20261007T124123_37b693e5,PickCube-v1,sac,policy_gradient_steps,110000,115000,entropy_estimate,all_update_events_exact_quantiles,5000,0,-4.001494395256042,-4.000017166137695,-3.826699149608612,-3.7511258482933045,-4.381538391113281,-3.620596170425415,4.381538391113281,-3.934675931930542
sac_pickcube_20261007T124123_37b693e5,PickCube-v1,sac,real_env_steps,230000,240000,actor_loss,all_update_events_exact_quantiles,5008,0,-3.0837427124428674,-3.083941698074341,-3.0029142022132875,-2.972110059261322,-3.2414820194244385,-2.9041433334350586,3.2414820194244385,-3.1531224250793457
sac_pickcube_20261007T124123_37b693e5,PickCube-v1,sac,real_env_steps,230000,240000,critic_loss,all_update_events_exact_quantiles,5008,0,0.00674779965687683,0.006497283233329654,0.009077935293316842,0.011574539849534634,0.004214667249470949,0.019064124673604965,0.019064124673604965,0.007003644481301308
sac_pickcube_20261007T124123_37b693e5,PickCube-v1,sac,real_env_steps,230000,240000,policy_q_min_mean,all_update_events_exact_quantiles,5008,0,3.1258808709562014,3.1262418031692505,3.204385018348694,3.2360867190361025,2.944105863571167,3.285182476043701,3.285182476043701,3.1979780197143555
sac_pickcube_20261007T124123_37b693e5,PickCube-v1,sac,real_env_steps,230000,240000,alpha,all_update_events_exact_quantiles,5008,0,0.010529471428346293,0.010528462007641792,0.010663204034790397,0.010732249412685633,0.01030008215457201,0.01075625792145729,0.01075625792145729,0.01062906812876463
sac_pickcube_20261007T124123_37b693e5,PickCube-v1,sac,real_env_steps,230000,240000,alpha_loss,all_update_events_exact_quantiles,5008,0,-2.0510218441392445e-05,1.0508301784284413e-05,0.0018543224490713325,0.002654045030940329,-0.00401965482160449,0.004367529414594173,0.004367529414594173,-0.0023350317496806383
sac_pickcube_20261007T124123_37b693e5,PickCube-v1,sac,real_env_steps,230000,240000,entropy_estimate,all_update_events_exact_quantiles,5008,0,-4.001998586110033,-3.999005079269409,-3.823561310768128,-3.7494852805137633,-4.381538391113281,-3.5899641513824463,4.381538391113281,-4.219661712646484
sac_pickcube_20261007T124123_37b693e5,PickCube-v1,sac,policy_gradient_steps,115000,120000,actor_loss,all_update_events_exact_quantiles,5000,0,-3.1026650953769686,-3.103710889816284,-3.0248705983161925,-2.9869979858398437,-3.269190788269043,-2.922604560852051,3.269190788269043,-3.0546493530273438
sac_pickcube_20261007T124123_37b693e5,PickCube-v1,sac,policy_gradient_steps,115000,120000,critic_loss,all_update_events_exact_quantiles,5000,0,0.006736690864060074,0.006455730879679322,0.009013110352680088,0.01206163389608264,0.004214667249470949,0.02157585322856903,0.02157585322856903,0.0056883045472204685
sac_pickcube_20261007T124123_37b693e5,PickCube-v1,sac,policy_gradient_steps,115000,120000,policy_q_min_mean,all_update_events_exact_quantiles,5000,0,3.145257184934616,3.1462336778640747,3.2220212817192078,3.2534802794456485,2.9613842964172363,3.313608407974243,3.313608407974243,3.097336530685425
sac_pickcube_20261007T124123_37b693e5,PickCube-v1,sac,policy_gradient_steps,115000,120000,alpha,all_update_events_exact_quantiles,5000,0,0.010643254034779967,0.010640757158398628,0.010809424240142107,0.010852724881842732,0.010442979633808136,0.010868513025343418,0.010868513025343418,0.010712668299674988
sac_pickcube_20261007T124123_37b693e5,PickCube-v1,sac,policy_gradient_steps,115000,120000,alpha_loss,all_update_events_exact_quantiles,5000,0,-1.928250209093676e-05,7.384238415397704e-06,0.0018959667941089722,0.0026558278175070897,-0.003766626352444291,0.004367529414594173,0.004367529414594173,0.0001619962276890874
sac_pickcube_20261007T124123_37b693e5,PickCube-v1,sac,policy_gradient_steps,115000,120000,entropy_estimate,all_update_events_exact_quantiles,5000,0,-4.001861624193191,-3.9993057250976562,-3.8223410725593565,-3.749404032230377,-4.3504743576049805,-3.5899641513824463,4.3504743576049805,-3.984877347946167
sac_pickcube_20261007T124123_37b693e5,PickCube-v1,sac,real_env_steps,240000,250000,actor_loss,all_update_events_exact_quantiles,4992,0,-3.1306649535321274,-3.130947232246399,-3.0537097454071045,-3.022203364372253,-3.29209041595459,-2.9714395999908447,3.29209041595459,-3.1614906787872314
sac_pickcube_20261007T124123_37b693e5,PickCube-v1,sac,real_env_steps,240000,250000,critic_loss,all_update_events_exact_quantiles,4992,0,0.006691336502113607,0.006380422506481409,0.009168353490531444,0.012447744738310576,0.0040542613714933395,0.0238235741853714,0.0238235741853714,0.007588253356516361
sac_pickcube_20261007T124123_37b693e5,PickCube-v1,sac,real_env_steps,240000,250000,policy_q_min_mean,all_update_events_exact_quantiles,4992,0,3.17378679701151,3.1741626262664795,3.2516521334648134,3.2838046669960024,3.011173725128174,3.3374691009521484,3.3374691009521484,3.2048110961914062
sac_pickcube_20261007T124123_37b693e5,PickCube-v1,sac,real_env_steps,240000,250000,alpha,all_update_events_exact_quantiles,4992,0,0.010777099853909861,0.010772521141916513,0.01089350082911551,0.01094016807153821,0.010603610426187515,0.010953160002827644,0.010953160002827644,0.010807598009705544
sac_pickcube_20261007T124123_37b693e5,PickCube-v1,sac,real_env_steps,240000,250000,alpha_loss,all_update_events_exact_quantiles,4992,0,-1.3589162969141491e-05,-4.938818165101111e-06,0.0018877601309213786,0.002650565512012691,-0.0040235575288534164,0.0040575433522462845,0.0040575433522462845,-8.914346108213067e-05
sac_pickcube_20261007T124123_37b693e5,PickCube-v1,sac,real_env_steps,240000,250000,entropy_estimate,all_update_events_exact_quantiles,4992,0,-4.001302029173344,-4.000458240509033,-3.8248714566230775,-3.7538306283950806,-4.373530387878418,-3.624438762664795,4.373530387878418,-4.008248329162598
sac_pickcube_20261007T124123_37b693e5,PickCube-v1,sac,policy_gradient_steps,120000,125000,actor_loss,all_update_events_exact_quantiles,5000,0,-3.1491380298137663,-3.1496634483337402,-3.071107363700867,-3.0416514396667482,-3.318965196609497,-2.978705406188965,3.318965196609497,-3.214935779571533
sac_pickcube_20261007T124123_37b693e5,PickCube-v1,sac,policy_gradient_steps,120000,125000,critic_loss,all_update_events_exact_quantiles,5000,0,0.006617333493754268,0.006330225383862853,0.00912487506866455,0.012041123900562532,0.0040542613714933395,0.0238235741853714,0.0238235741853714,0.006989584304392338
sac_pickcube_20261007T124123_37b693e5,PickCube-v1,sac,policy_gradient_steps,120000,125000,policy_q_min_mean,all_update_events_exact_quantiles,5000,0,3.1925443103313444,3.192813992500305,3.2715848684310913,3.3001826572418214,3.0202760696411133,3.3648605346679688,3.3648605346679688,3.25986385345459
sac_pickcube_20261007T124123_37b693e5,PickCube-v1,sac,policy_gradient_steps,120000,125000,alpha,all_update_events_exact_quantiles,5000,0,0.010848441855423153,0.010835792869329453,0.01099331765435636,0.011025142958387732,0.010700241662561893,0.011042863130569458,0.011042863130569458,0.010886515490710735
sac_pickcube_20261007T124123_37b693e5,PickCube-v1,sac,policy_gradient_steps,120000,125000,alpha_loss,all_update_events_exact_quantiles,5000,0,-1.2652928539318965e-05,2.239365130662918e-06,0.0018951623875182123,0.002650146584492178,-0.00404167827218771,0.003963601775467396,0.00404167827218771,-0.0013857908779755235
sac_pickcube_20261007T124123_37b693e5,PickCube-v1,sac,policy_gradient_steps,120000,125000,entropy_estimate,all_update_events_exact_quantiles,5000,0,-4.00120814666748,-3.999794363975525,-3.8258652329444884,-3.755651931762695,-4.373530387878418,-3.634335994720459,4.373530387878418,-4.12730598449707
sac_pickcube_20261007T124123_37b693e5,PickCube-v1,sac,real_env_steps,250000,260000,actor_loss,all_update_events_exact_quantiles,5008,0,-3.1764159971913593,-3.176693081855774,-3.100996673107147,-3.068743784427643,-3.3447766304016113,-2.978705406188965,3.3447766304016113,-3.170668125152588
sac_pickcube_20261007T124123_37b693e5,PickCube-v1,sac,real_env_steps,250000,260000,critic_loss,all_update_events_exact_quantiles,5008,0,0.006585551330599541,0.006304510403424501,0.009105575177818535,0.01169690079987051,0.0036896876990795135,0.022109374403953552,0.022109374403953552,0.007399574853479862
sac_pickcube_20261007T124123_37b693e5,PickCube-v1,sac,real_env_steps,250000,260000,policy_q_min_mean,all_update_events_exact_quantiles,5008,0,3.2202550467972557,3.2206636667251587,3.2964526414871216,3.330789484977722,3.0202760696411133,3.3925883769989014,3.3925883769989014,3.2141804695129395
sac_pickcube_20261007T124123_37b693e5,PickCube-v1,sac,real_env_steps,250000,260000,alpha,all_update_events_exact_quantiles,5008,0,0.010954901887164912,0.01095181005075574,0.011091765621677041,0.011132825333625078,0.010787008330225945,0.011159445159137249,0.011159445159137249,0.011087785474956036
sac_pickcube_20261007T124123_37b693e5,PickCube-v1,sac,real_env_steps,250000,260000,alpha_loss,all_update_events_exact_quantiles,5008,0,-1.9666356781152908e-05,1.2488279026001692e-05,0.0018667499709408726,0.0025925382738932997,-0.00404167827218771,0.003963601775467396,0.00404167827218771,0.0008376699988730252
sac_pickcube_20261007T124123_37b693e5,PickCube-v1,sac,real_env_steps,250000,260000,entropy_estimate,all_update_events_exact_quantiles,5008,0,-4.001836662998977,-3.998863697052002,-3.8289549112319947,-3.763353385925293,-4.372544288635254,-3.6349267959594727,4.372544288635254,-3.9244494438171387
sac_pickcube_20261007T124123_37b693e5,PickCube-v1,sac,policy_gradient_steps,125000,130000,actor_loss,all_update_events_exact_quantiles,5000,0,-3.1937841086864474,-3.1934139728546143,-3.11705619096756,-3.0871666479110718,-3.35825252532959,-3.0520191192626953,3.35825252532959,-3.228180170059204
sac_pickcube_20261007T124123_37b693e5,PickCube-v1,sac,policy_gradient_steps,125000,130000,critic_loss,all_update_events_exact_quantiles,5000,0,0.006533186808321625,0.006251898594200611,0.008984086103737356,0.011673974962905056,0.0036896876990795135,0.022109374403953552,0.022109374403953552,0.00791596807539463
sac_pickcube_20261007T124123_37b693e5,PickCube-v1,sac,policy_gradient_steps,125000,130000,policy_q_min_mean,all_update_events_exact_quantiles,5000,0,3.2380317595481873,3.237704277038574,3.3156022429466248,3.349342052936554,3.094684600830078,3.4062414169311523,3.4062414169311523,3.273991584777832
sac_pickcube_20261007T124123_37b693e5,PickCube-v1,sac,policy_gradient_steps,125000,130000,alpha,all_update_events_exact_quantiles,5000,0,0.011057236301526427,0.011047289706766605,0.011249623028561473,0.011263285046443344,0.010851852595806122,0.01127332728356123,0.01127332728356123,0.011170119047164917
sac_pickcube_20261007T124123_37b693e5,PickCube-v1,sac,policy_gradient_steps,125000,130000,alpha_loss,all_update_events_exact_quantiles,5000,0,-1.893331175961066e-05,-1.5217752661556005e-05,0.0018977465515490621,0.0026744334213435663,-0.003960097208619118,0.004071229137480259,0.004071229137480259,-0.0011284442152827978
sac_pickcube_20261007T124123_37b693e5,PickCube-v1,sac,policy_gradient_steps,125000,130000,entropy_estimate,all_update_events_exact_quantiles,5000,0,-4.001758365964889,-4.001377105712891,-3.8288187742233277,-3.7586643624305727,-4.353027820587158,-3.637218475341797,4.353027820587158,-4.101017951965332
sac_pickcube_20261007T124123_37b693e5,PickCube-v1,sac,real_env_steps,260000,270000,actor_loss,all_update_events_exact_quantiles,4992,0,-3.218785937111347,-3.2195311784744263,-3.1418686389923094,-3.105088641643524,-3.3957295417785645,-3.052550792694092,3.3957295417785645,-3.2992172241210938
sac_pickcube_20261007T124123_37b693e5,PickCube-v1,sac,real_env_steps,260000,270000,critic_loss,all_update_events_exact_quantiles,4992,0,0.00637483036273177,0.006119899684563279,0.008756129490211604,0.011185763133689769,0.003926250152289867,0.0189887136220932,0.0189887136220932,0.005400138441473246
sac_pickcube_20261007T124123_37b693e5,PickCube-v1,sac,real_env_steps,260000,270000,policy_q_min_mean,all_update_events_exact_quantiles,4992,0,3.263797037398968,3.2646443843841553,3.341539716720581,3.3720687198638917,3.094684600830078,3.4425735473632812,3.4425735473632812,3.3452799320220947
sac_pickcube_20261007T124123_37b693e5,PickCube-v1,sac,real_env_steps,260000,270000,alpha,all_update_events_exact_quantiles,4992,0,0.011247816026204815,0.011246833018958569,0.011397338798269629,0.01142625518143177,0.01102674100548029,0.011440137401223183,0.011440137401223183,0.01135772094130516
sac_pickcube_20261007T124123_37b693e5,PickCube-v1,sac,real_env_steps,260000,270000,alpha_loss,all_update_events_exact_quantiles,4992,0,-2.0052196956699983e-05,-4.145817365497351e-05,0.001996792049612848,0.002857685799244792,-0.003960097208619118,0.004071229137480259,0.004071229137480259,-0.0006359308608807623
sac_pickcube_20261007T124123_37b693e5,PickCube-v1,sac,real_env_steps,260000,270000,entropy_estimate,all_update_events_exact_quantiles,4992,0,-4.001831986630957,-4.003707408905029,-3.8222738981246946,-3.74780944108963,-4.353027820587158,-3.637218475341797,4.353027820587158,-4.055995941162109
sac_pickcube_20261007T124123_37b693e5,PickCube-v1,sac,policy_gradient_steps,130000,135000,actor_loss,all_update_events_exact_quantiles,5000,0,-3.234302352619171,-3.234007239341736,-3.1592482566833495,-3.12218799829483,-3.3957295417785645,-3.0669517517089844,3.3957295417785645,-3.259009838104248
sac_pickcube_20261007T124123_37b693e5,PickCube-v1,sac,policy_gradient_steps,130000,135000,critic_loss,all_update_events_exact_quantiles,5000,0,0.0062868575382512065,0.006041344720870256,0.008717282488942149,0.010790454233065263,0.003834820818156004,0.02059558965265751,0.02059558965265751,0.005675074178725481
sac_pickcube_20261007T124123_37b693e5,PickCube-v1,sac,policy_gradient_steps,130000,135000,policy_q_min_mean,all_update_events_exact_quantiles,5000,0,3.2798162731647493,3.2794536352157593,3.355988883972168,3.3863566851615907,3.1095876693725586,3.4425735473632812,3.4425735473632812,3.306994915008545
sac_pickcube_20261007T124123_37b693e5,PickCube-v1,sac,policy_gradient_steps,130000,135000,alpha,all_update_events_exact_quantiles,5000,0,0.011370357797294854,0.011367462109774351,0.011586575768887997,0.01161298562772572,0.011074923910200596,0.011619373224675655,0.011619373224675655,0.011617136187851429
sac_pickcube_20261007T124123_37b693e5,PickCube-v1,sac,policy_gradient_steps,130000,135000,alpha_loss,all_update_events_exact_quantiles,5000,0,-3.2845651810930576e-05,-4.529531724983826e-05,0.001989165751729161,0.0028574577183462686,-0.004863065667450428,0.003927815239876509,0.004863065667450428,-0.0015206842217594385
sac_pickcube_20261007T124123_37b693e5,PickCube-v1,sac,policy_gradient_steps,130000,135000,entropy_estimate,all_update_events_exact_quantiles,5000,0,-4.002927012014389,-4.003957271575928,-3.8269144415855405,-3.747911350727081,-4.420701503753662,-3.6552844047546387,4.420701503753662,-4.130912780761719
sac_pickcube_20261007T124123_37b693e5,PickCube-v1,sac,real_env_steps,270000,280000,actor_loss,all_update_events_exact_quantiles,5008,0,-3.2547528440007767,-3.256034016609192,-3.1791329622268676,-3.1487000155448914,-3.4221994876861572,-3.0801825523376465,3.4221994876861572,-3.28993821144104
sac_pickcube_20261007T124123_37b693e5,PickCube-v1,sac,real_env_steps,270000,280000,critic_loss,all_update_events_exact_quantiles,5008,0,0.006224724786306252,0.0059070882853120565,0.008821766125038258,0.011577457413077365,0.003727906383574009,0.02059558965265751,0.02059558965265751,0.006563087925314903
sac_pickcube_20261007T124123_37b693e5,PickCube-v1,sac,real_env_steps,270000,280000,policy_q_min_mean,all_update_events_exact_quantiles,5008,0,3.300968593159042,3.3021546602249146,3.377127265930176,3.408568727970123,3.1244497299194336,3.470202684402466,3.470202684402466,3.337205410003662
sac_pickcube_20261007T124123_37b693e5,PickCube-v1,sac,real_env_steps,270000,280000,alpha,all_update_events_exact_quantiles,5008,0,0.0115468284612099,0.011537615209817886,0.011688164249062539,0.011761819655075669,0.01135370321571827,0.011772883124649525,0.011772883124649525,0.011772883124649525
sac_pickcube_20261007T124123_37b693e5,PickCube-v1,sac,real_env_steps,270000,280000,alpha_loss,all_update_events_exact_quantiles,5008,0,-2.876461366076765e-05,-4.852618440054357e-05,0.0019823384936898942,0.0027840532734990184,-0.004863065667450428,0.004892854951322079,0.004892854951322079,-0.00017924467101693153
sac_pickcube_20261007T124123_37b693e5,PickCube-v1,sac,real_env_steps,270000,280000,entropy_estimate,all_update_events_exact_quantiles,5008,0,-4.002525836657792,-4.004197835922241,-3.8284855127334594,-3.759001746177673,-4.420701503753662,-3.580112934112549,4.420701503753662,-4.015226364135742
sac_pickcube_20261007T124123_37b693e5,PickCube-v1,sac,policy_gradient_steps,135000,140000,actor_loss,all_update_events_exact_quantiles,5000,0,-3.267293257570267,-3.267688512802124,-3.1928102016448974,-3.1602736926078796,-3.428706645965576,-3.0801825523376465,3.428706645965576,-3.260441780090332
sac_pickcube_20261007T124123_37b693e5,PickCube-v1,sac,policy_gradient_steps,135000,140000,critic_loss,all_update_events_exact_quantiles,5000,0,0.006259840003866702,0.005929210688918829,0.008882643282413482,0.011895150514319545,0.003727906383574009,0.018616877496242523,0.018616877496242523,0.006100268568843603
sac_pickcube_20261007T124123_37b693e5,PickCube-v1,sac,policy_gradient_steps,135000,140000,policy_q_min_mean,all_update_events_exact_quantiles,5000,0,3.3138401356697083,3.3142995834350586,3.3911346673965452,3.4222724413871766,3.1244497299194336,3.4777872562408447,3.4777872562408447,3.3069396018981934
sac_pickcube_20261007T124123_37b693e5,PickCube-v1,sac,policy_gradient_steps,135000,140000,alpha,all_update_events_exact_quantiles,5000,0,0.011635924554243685,0.011651917360723019,0.011777611635625362,0.011812282120808959,0.011380857788026333,0.011838679201900959,0.011838679201900959,0.011693313717842102
sac_pickcube_20261007T124123_37b693e5,PickCube-v1,sac,policy_gradient_steps,135000,140000,alpha_loss,all_update_events_exact_quantiles,5000,0,-3.241960382729303e-06,-1.190618786495179e-05,0.0020037037786096337,0.002818465025629849,-0.004410943016409874,0.004892854951322079,0.004892854951322079,0.0002833683101925999
sac_pickcube_20261007T124123_37b693e5,PickCube-v1,sac,policy_gradient_steps,135000,140000,entropy_estimate,all_update_events_exact_quantiles,5000,0,-4.000317774963379,-4.001021385192871,-3.827608513832092,-3.7569818663597108,-4.375858306884766,-3.580112934112549,4.375858306884766,-3.9757707118988037
sac_pickcube_20261007T124123_37b693e5,PickCube-v1,sac,real_env_steps,280000,290000,actor_loss,all_update_events_exact_quantiles,4992,0,-3.2869481827395086,-3.287381649017334,-3.2090083360671997,-3.178344478607178,-3.439678907394409,-3.1168406009674072,3.439678907394409,-3.3056674003601074
sac_pickcube_20261007T124123_37b693e5,PickCube-v1,sac,real_env_steps,280000,290000,critic_loss,all_update_events_exact_quantiles,4992,0,0.006222551493920037,0.005937109934166074,0.008629101701080798,0.011885077431798001,0.0035316417925059795,0.018297391012310982,0.018297391012310982,0.005451924633234739
sac_pickcube_20261007T124123_37b693e5,PickCube-v1,sac,real_env_steps,280000,290000,policy_q_min_mean,all_update_events_exact_quantiles,4992,0,3.3339644937465587,3.3342273235321045,3.411922287940979,3.4418105173110964,3.160463333129883,3.487233877182007,3.487233877182007,3.3527286052703857
sac_pickcube_20261007T124123_37b693e5,PickCube-v1,sac,real_env_steps,280000,290000,alpha,all_update_events_exact_quantiles,4992,0,0.011754300731319325,0.011754447128623724,0.011857031052932144,0.011884080432355403,0.011583354324102402,0.011902152560651302,0.011902152560651302,0.011770452372729778
sac_pickcube_20261007T124123_37b693e5,PickCube-v1,sac,real_env_steps,280000,290000,alpha_loss,all_update_events_exact_quantiles,4992,0,8.912217055741423e-07,1.192747731693089e-05,0.0020422831526957447,0.0029629049333743766,-0.0041535384953022,0.005278259515762329,0.005278259515762329,2.1779444068670273e-05
sac_pickcube_20261007T124123_37b693e5,PickCube-v1,sac,real_env_steps,280000,290000,entropy_estimate,all_update_events_exact_quantiles,4992,0,-3.9999665400156608,-3.998978614807129,-3.8270909070968626,-3.7479660367965697,-4.353940486907959,-3.5539112091064453,4.353940486907959,-3.9981493949890137
sac_pickcube_20261007T124123_37b693e5,PickCube-v1,sac,policy_gradient_steps,140000,145000,actor_loss,all_update_events_exact_quantiles,5000,0,-3.2999066672801973,-3.3005772829055786,-3.2215315103530884,-3.190767431259155,-3.4659485816955566,-3.1168406009674072,3.4659485816955566,-3.3367059230804443
sac_pickcube_20261007T124123_37b693e5,PickCube-v1,sac,policy_gradient_steps,140000,145000,critic_loss,all_update_events_exact_quantiles,5000,0,0.006183308074017986,0.005908193299546838,0.008556715212762358,0.011588009614497423,0.0035316417925059795,0.016579123213887215,0.016579123213887215,0.004833552986383438
sac_pickcube_20261007T124123_37b693e5,PickCube-v1,sac,policy_gradient_steps,140000,145000,policy_q_min_mean,all_update_events_exact_quantiles,5000,0,3.347287801647186,3.347852349281311,3.4226385831832884,3.4531078720092774,3.160463333129883,3.516261339187622,3.516261339187622,3.3854308128356934
sac_pickcube_20261007T124123_37b693e5,PickCube-v1,sac,policy_gradient_steps,140000,145000,alpha,all_update_events_exact_quantiles,5000,0,0.011839048870094121,0.011821039021015167,0.012035032734274864,0.012063003731891514,0.011637927033007145,0.012080703862011433,0.012080703862011433,0.012028202414512634
sac_pickcube_20261007T124123_37b693e5,PickCube-v1,sac,policy_gradient_steps,140000,145000,alpha_loss,all_update_events_exact_quantiles,5000,0,-2.5208103678596673e-05,-1.1412776075303555e-05,0.0020236761891283127,0.00288084558211267,-0.004174849949777126,0.005403617396950722,0.005403617396950722,-0.0006135995499789715
sac_pickcube_20261007T124123_37b693e5,PickCube-v1,sac,policy_gradient_steps,140000,145000,entropy_estimate,all_update_events_exact_quantiles,5000,0,-4.002170240116119,-4.000971078872681,-3.828507387638092,-3.7549812626838683,-4.353940486907959,-3.545959949493408,4.353940486907959,-4.0510149002075195
sac_pickcube_20261007T124123_37b693e5,PickCube-v1,sac,real_env_steps,290000,300000,actor_loss,all_update_events_exact_quantiles,5008,0,-3.31638137177347,-3.3169164657592773,-3.240697705745697,-3.2104658579826353,-3.466796398162842,-3.138723611831665,3.466796398162842,-3.350701093673706
sac_pickcube_20261007T124123_37b693e5,PickCube-v1,sac,real_env_steps,290000,300000,critic_loss,all_update_events_exact_quantiles,5008,0,0.006183467318059151,0.005880809621885419,0.008787119761109349,0.011591471089050174,0.0035956238862127066,0.0196794755756855,0.0196794755756855,0.004941953346133232
sac_pickcube_20261007T124123_37b693e5,PickCube-v1,sac,real_env_steps,290000,300000,policy_q_min_mean,all_update_events_exact_quantiles,5008,0,3.3644477714079257,3.3648622035980225,3.4396963596343992,3.4690071415901187,3.1848971843719482,3.517512798309326,3.517512798309326,3.3994646072387695
sac_pickcube_20261007T124123_37b693e5,PickCube-v1,sac,real_env_steps,290000,300000,alpha,all_update_events_exact_quantiles,5008,0,0.012012268148791104,0.012025292031466961,0.012186700338497758,0.012234684312716126,0.011752382852137089,0.012272761203348637,0.012272761203348637,0.012051044963300228
sac_pickcube_20261007T124123_37b693e5,PickCube-v1,sac,real_env_steps,290000,300000,alpha_loss,all_update_events_exact_quantiles,5008,0,-1.7549574316910057e-05,-9.158102329820395e-06,0.0021192913409322496,0.0031575280614197457,-0.004448588006198406,0.005986419506371021,0.005986419506371021,-0.0005473917117342353
sac_pickcube_20261007T124123_37b693e5,PickCube-v1,sac,real_env_steps,290000,300000,entropy_estimate,all_update_events_exact_quantiles,5008,0,-4.001525518088676,-4.0007665157318115,-3.82420928478241,-3.7380774641036973,-4.366666793823242,-3.5029852390289307,4.366666793823242,-4.045411586761475
sac_pickcube_20261007T124123_37b693e5,PickCube-v1,sac,policy_gradient_steps,145000,150000,actor_loss,all_update_events_exact_quantiles,5000,0,-3.325153359413147,-3.325364589691162,-3.2509163856506347,-3.219077911376953,-3.4822659492492676,-3.138723611831665,3.4822659492492676,-3.3888869285583496
sac_pickcube_20261007T124123_37b693e5,PickCube-v1,sac,policy_gradient_steps,145000,150000,critic_loss,all_update_events_exact_quantiles,5000,0,0.00622680854932405,0.005900881253182888,0.008934751804918052,0.011827916409820328,0.0035956238862127066,0.026447482407093048,0.026447482407093048,0.004720471799373627
sac_pickcube_20261007T124123_37b693e5,PickCube-v1,sac,policy_gradient_steps,145000,150000,policy_q_min_mean,all_update_events_exact_quantiles,5000,0,3.3736216967105865,3.374068021774292,3.4488699316978453,3.4761603593826296,3.1848971843719482,3.5319223403930664,3.5319223403930664,3.4373726844787598
sac_pickcube_20261007T124123_37b693e5,PickCube-v1,sac,policy_gradient_steps,145000,150000,alpha,all_update_events_exact_quantiles,5000,0,0.01211531322672963,0.012094797100871801,0.012305578449741006,0.0123308783210814,0.011914958246052265,0.012345443479716778,0.012345443479716778,0.012132476083934307
sac_pickcube_20261007T124123_37b693e5,PickCube-v1,sac,policy_gradient_steps,145000,150000,alpha_loss,all_update_events_exact_quantiles,5000,0,-7.167564118572045e-06,-2.3433458409272134e-06,0.0021258219494484365,0.0031825861800462074,-0.004448588006198406,0.005986419506371021,0.005986419506371021,4.640466067939997e-05
sac_pickcube_20261007T124123_37b693e5,PickCube-v1,sac,policy_gradient_steps,145000,150000,entropy_estimate,all_update_events_exact_quantiles,5000,0,-4.000641479301453,-4.00019383430481,-3.8245395183563233,-3.7361683678627013,-4.366666793823242,-3.5029852390289307,4.366666793823242,-3.9961752891540527
sac_pickcube_20261007T124123_37b693e5,PickCube-v1,sac,real_env_steps,300000,310000,actor_loss,all_update_events_exact_quantiles,4992,0,-3.339493165079218,-3.3395304679870605,-3.2645445585250856,-3.233181133270264,-3.4977850914001465,-3.188239097595215,3.4977850914001465,-3.446892499923706
sac_pickcube_20261007T124123_37b693e5,PickCube-v1,sac,real_env_steps,300000,310000,critic_loss,all_update_events_exact_quantiles,4992,0,0.006331244172356375,0.0059516835026443005,0.00917951385490596,0.012926848512142906,0.0036557114217430353,0.028225019574165344,0.028225019574165344,0.006299392320215702
sac_pickcube_20261007T124123_37b693e5,PickCube-v1,sac,real_env_steps,300000,310000,policy_q_min_mean,all_update_events_exact_quantiles,4992,0,3.3885511414458356,3.388613700866699,3.4640171051025392,3.4956612682342527,3.2338039875030518,3.5514042377471924,3.5514042377471924,3.49947452545166
sac_pickcube_20261007T124123_37b693e5,PickCube-v1,sac,real_env_steps,300000,310000,alpha,all_update_events_exact_quantiles,4992,0,0.012256953206722243,0.01227251859381795,0.012433951813727617,0.012471914459019899,0.012019751593470573,0.012495678849518299,0.012495678849518299,0.012464121915400028
sac_pickcube_20261007T124123_37b693e5,PickCube-v1,sac,real_env_steps,300000,310000,alpha_loss,all_update_events_exact_quantiles,4992,0,-3.0499202957128382e-05,-3.20562394335866e-05,0.002087469468824565,0.003071037046611309,-0.004378022626042366,0.0046065980568528175,0.0046065980568528175,-0.00271957041695714
sac_pickcube_20261007T124123_37b693e5,PickCube-v1,sac,real_env_steps,300000,310000,entropy_estimate,all_update_events_exact_quantiles,4992,0,-4.002534559999521,-4.002619981765747,-3.830074715614319,-3.747687289714813,-4.357942581176758,-3.622000217437744,4.357942581176758,-4.218165397644043
sac_pickcube_20261007T124123_37b693e5,PickCube-v1,sac,policy_gradient_steps,150000,155000,actor_loss,all_update_events_exact_quantiles,5000,0,-3.350055720758438,-3.3498387336730957,-3.2766852498054506,-3.2450392723083494,-3.497812032699585,-3.1894583702087402,3.497812032699585,-3.4794321060180664
sac_pickcube_20261007T124123_37b693e5,PickCube-v1,sac,policy_gradient_steps,150000,155000,critic_loss,all_update_events_exact_quantiles,5000,0,0.006298980480479077,0.005907249869778752,0.009089321410283449,0.013160460302606225,0.0036776536144316196,0.028225019574165344,0.028225019574165344,0.007041756063699722
sac_pickcube_20261007T124123_37b693e5,PickCube-v1,sac,policy_gradient_steps,150000,155000,policy_q_min_mean,all_update_events_exact_quantiles,5000,0,3.399602271080017,3.399522066116333,3.476084589958191,3.5074288988113405,3.2388498783111572,3.5514042377471924,3.5514042377471924,3.5314455032348633
sac_pickcube_20261007T124123_37b693e5,PickCube-v1,sac,policy_gradient_steps,150000,155000,alpha,all_update_events_exact_quantiles,5000,0,0.012380096443369985,0.012369342613965273,0.012576560489833355,0.012623969316482544,0.012119552120566368,0.012637157924473286,0.012637157924473286,0.012502163648605347
sac_pickcube_20261007T124123_37b693e5,PickCube-v1,sac,policy_gradient_steps,150000,155000,alpha_loss,all_update_events_exact_quantiles,5000,0,-2.6460947412851964e-05,-4.4898915803059936e-05,0.0021705191815271974,0.003121958975680174,-0.004594817291945219,0.0046065980568528175,0.0046065980568528175,-0.002005959628149867
sac_pickcube_20261007T124123_37b693e5,PickCube-v1,sac,policy_gradient_steps,150000,155000,entropy_estimate,all_update_events_exact_quantiles,5000,0,-4.002191427278519,-4.003612518310547,-3.824975299835205,-3.7476949071884156,-4.368456840515137,-3.630703926086426,4.368456840515137,-4.160452365875244
sac_pickcube_20261007T124123_37b693e5,PickCube-v1,sac,real_env_steps,310000,320000,actor_loss,all_update_events_exact_quantiles,5008,0,-3.3656246073234577,-3.365913152694702,-3.2921161890029906,-3.26401948928833,-3.5401859283447266,-3.197216510772705,3.5401859283447266,-3.310460090637207
sac_pickcube_20261007T124123_37b693e5,PickCube-v1,sac,real_env_steps,310000,320000,critic_loss,all_update_events_exact_quantiles,5008,0,0.0061791744604803465,0.005833025323227048,0.008708324655890462,0.012363091744482522,0.0034083030186593533,0.02574455924332142,0.02574455924332142,0.022863756865262985
sac_pickcube_20261007T124123_37b693e5,PickCube-v1,sac,real_env_steps,310000,320000,policy_q_min_mean,all_update_events_exact_quantiles,5008,0,3.4157302610980818,3.4161218404769897,3.489239525794983,3.5227869081497194,3.2426393032073975,3.590999126434326,3.590999126434326,3.3609373569488525
sac_pickcube_20261007T124123_37b693e5,PickCube-v1,sac,real_env_steps,310000,320000,alpha,all_update_events_exact_quantiles,5008,0,0.012523622952956564,0.01251996261999011,0.01262574726715684,0.01268644742667675,0.012301570735871792,0.012703980319201946,0.012703980319201946,0.012607906013727188
sac_pickcube_20261007T124123_37b693e5,PickCube-v1,sac,real_env_steps,310000,320000,alpha_loss,all_update_events_exact_quantiles,5008,0,-1.1272892066472921e-05,-9.445982868783176e-06,0.0021613817662000643,0.0031159788114018825,-0.004594817291945219,0.006222411524504423,0.006222411524504423,-4.503298259805888e-05
sac_pickcube_20261007T124123_37b693e5,PickCube-v1,sac,real_env_steps,310000,320000,entropy_estimate,all_update_events_exact_quantiles,5008,0,-4.000946912283714,-4.000754356384277,-3.8269127130508425,-3.7514979696273794,-4.368456840515137,-3.503023624420166,4.368456840515137,-4.003571510314941
sac_pickcube_20261007T124123_37b693e5,PickCube-v1,sac,policy_gradient_steps,155000,160000,actor_loss,all_update_events_exact_quantiles,5000,0,-3.376361186027527,-3.376900553703308,-3.302958047389984,-3.275529489517212,-3.5435376167297363,-3.2234721183776855,3.5435376167297363,-3.398007392883301
sac_pickcube_20261007T124123_37b693e5,PickCube-v1,sac,policy_gradient_steps,155000,160000,critic_loss,all_update_events_exact_quantiles,5000,0,0.006120713513158261,0.005771916126832366,0.008629208710044625,0.012510916637256765,0.0034083030186593533,0.02574455924332142,0.02574455924332142,0.005911875516176224
sac_pickcube_20261007T124123_37b693e5,PickCube-v1,sac,policy_gradient_steps,155000,160000,policy_q_min_mean,all_update_events_exact_quantiles,5000,0,3.426738874387741,3.4270777702331543,3.500792384147644,3.5329544258117678,3.2706589698791504,3.5978760719299316,3.5978760719299316,3.451037883758545
sac_pickcube_20261007T124123_37b693e5,PickCube-v1,sac,policy_gradient_steps,155000,160000,alpha,all_update_events_exact_quantiles,5000,0,0.012590040598995983,0.012580749578773975,0.01274373778142035,0.012778422851115466,0.012426569126546383,0.012811142951250076,0.012811142951250076,0.012738094665110111
sac_pickcube_20261007T124123_37b693e5,PickCube-v1,sac,policy_gradient_steps,155000,160000,alpha_loss,all_update_events_exact_quantiles,5000,0,-1.7712339613353833e-05,-6.819318514317274e-06,0.002114819583948702,0.003143517894204707,-0.004477812442928553,0.006222411524504423,0.006222411524504423,-0.002088411943987012
sac_pickcube_20261007T124123_37b693e5,PickCube-v1,sac,policy_gradient_steps,155000,160000,entropy_estimate,all_update_events_exact_quantiles,5000,0,-4.001449744844437,-4.000543594360352,-3.8321312069892883,-3.751185281276703,-4.353207111358643,-3.503023624420166,4.353207111358643,-4.163983345031738
sac_pickcube_20261007T124123_37b693e5,PickCube-v1,sac,real_env_steps,320000,330000,actor_loss,all_update_events_exact_quantiles,4992,0,-3.3909723221396026,-3.391017198562622,-3.3183596611022947,-3.287288737297058,-3.5435376167297363,-3.2396483421325684,3.5435376167297363,-3.37239933013916
sac_pickcube_20261007T124123_37b693e5,PickCube-v1,sac,real_env_steps,320000,330000,critic_loss,all_update_events_exact_quantiles,4992,0,0.006007674076756349,0.0056945509277284145,0.008436253760010002,0.012254885975271485,0.0034983735531568527,0.02543959766626358,0.02543959766626358,0.004775107838213444
sac_pickcube_20261007T124123_37b693e5,PickCube-v1,sac,real_env_steps,320000,330000,policy_q_min_mean,all_update_events_exact_quantiles,4992,0,3.4421170957099934,3.4418163299560547,3.5166825532913206,3.5468323850631713,3.288506507873535,3.5978760719299316,3.5978760719299316,3.422828435897827
sac_pickcube_20261007T124123_37b693e5,PickCube-v1,sac,real_env_steps,320000,330000,alpha,all_update_events_exact_quantiles,4992,0,0.012781047766904335,0.012795138638466597,0.012944454327225685,0.012960551623255014,0.012543443590402603,0.012970063835382462,0.012970063835382462,0.012913874350488186
sac_pickcube_20261007T124123_37b693e5,PickCube-v1,sac,real_env_steps,320000,330000,alpha_loss,all_update_events_exact_quantiles,4992,0,-2.0825011705920377e-05,-7.745911716483533e-06,0.0022490165196359154,0.0031275885761715486,-0.004380132537335157,0.004234445281326771,0.004380132537335157,0.0012321247486397624
sac_pickcube_20261007T124123_37b693e5,PickCube-v1,sac,real_env_steps,320000,330000,entropy_estimate,all_update_events_exact_quantiles,4992,0,-4.001679744332646,-4.000604152679443,-3.8250216841697693,-3.753680024147034,-4.3447113037109375,-3.666001319885254,4.3447113037109375,-3.90459942817688
sac_pickcube_20261007T124123_37b693e5,PickCube-v1,sac,policy_gradient_steps,160000,165000,actor_loss,all_update_events_exact_quantiles,5000,0,-3.3994713885307313,-3.3991482257843018,-3.325350284576416,-3.297824239730835,-3.5565173625946045,-3.2641918659210205,3.5565173625946045,-3.445608615875244
sac_pickcube_20261007T124123_37b693e5,PickCube-v1,sac,policy_gradient_steps,160000,165000,critic_loss,all_update_events_exact_quantiles,5000,0,0.005958631521463394,0.005678980611264706,0.00832548555918038,0.011959186866879475,0.003508563619107008,0.023420317098498344,0.023420317098498344,0.0059441449120640755
sac_pickcube_20261007T124123_37b693e5,PickCube-v1,sac,policy_gradient_steps,160000,165000,policy_q_min_mean,all_update_events_exact_quantiles,5000,0,3.4511629028320314,3.450876235961914,3.525319182872772,3.556723804473877,3.311967611312866,3.6097166538238525,3.6097166538238525,3.4983887672424316
sac_pickcube_20261007T124123_37b693e5,PickCube-v1,sac,policy_gradient_steps,160000,165000,alpha,all_update_events_exact_quantiles,5000,0,0.012918055408261716,0.012915171682834625,0.013087425706908106,0.013154587671160699,0.012700927443802357,0.013167178258299828,0.013167178258299828,0.013018989004194736
sac_pickcube_20261007T124123_37b693e5,PickCube-v1,sac,policy_gradient_steps,160000,165000,alpha_loss,all_update_events_exact_quantiles,5000,0,-1.9514417269965633e-05,5.6641147239133716e-06,0.002279067202471197,0.0031364960223436407,-0.005353869870305061,0.0046249330043792725,0.005353869870305061,-0.0007090594153851271
sac_pickcube_20261007T124123_37b693e5,PickCube-v1,sac,policy_gradient_steps,160000,165000,entropy_estimate,all_update_events_exact_quantiles,5000,0,-4.001557773828506,-3.9995633363723755,-3.8234761595726012,-3.7585981798171995,-4.414721488952637,-3.642199993133545,4.414721488952637,-4.054468631744385
sac_pickcube_20261007T124123_37b693e5,PickCube-v1,sac,real_env_steps,330000,340000,actor_loss,all_update_events_exact_quantiles,5008,0,-3.4120381994369313,-3.411654472351074,-3.3411919713020324,-3.308415925502777,-3.5965347290039062,-3.255873203277588,3.5965347290039062,-3.416055202484131
sac_pickcube_20261007T124123_37b693e5,PickCube-v1,sac,real_env_steps,330000,340000,critic_loss,all_update_events_exact_quantiles,5008,0,0.005945236129595484,0.005611509084701538,0.008436342794448137,0.012120802579447651,0.0034831357188522816,0.0254829004406929,0.0254829004406929,0.004288102500140667
sac_pickcube_20261007T124123_37b693e5,PickCube-v1,sac,real_env_steps,330000,340000,policy_q_min_mean,all_update_events_exact_quantiles,5008,0,3.4643244260606676,3.464024782180786,3.537464237213135,3.5672296905517578,3.3048219680786133,3.653134346008301,3.653134346008301,3.468614339828491
sac_pickcube_20261007T124123_37b693e5,PickCube-v1,sac,real_env_steps,330000,340000,alpha,all_update_events_exact_quantiles,5008,0,0.01306538903913178,0.013058625161647797,0.013224483234807849,0.013275810061022639,0.01284769456833601,0.01328523363918066,0.01328523363918066,0.013253754936158657
sac_pickcube_20261007T124123_37b693e5,PickCube-v1,sac,real_env_steps,330000,340000,alpha_loss,all_update_events_exact_quantiles,5008,0,-2.4942179476265693e-05,-5.26200165040791e-06,0.0022199692786671202,0.0032084422069601866,-0.005353869870305061,0.0046249330043792725,0.005353869870305061,0.0004558337386697531
sac_pickcube_20261007T124123_37b693e5,PickCube-v1,sac,real_env_steps,330000,340000,entropy_estimate,all_update_events_exact_quantiles,5008,0,-4.0019475342080995,-4.000404119491577,-3.8297611594200136,-3.7550791263580305,-4.414721488952637,-3.642199993133545,4.414721488952637,-3.965606689453125
sac_pickcube_20261007T124123_37b693e5,PickCube-v1,sac,policy_gradient_steps,165000,170000,actor_loss,all_update_events_exact_quantiles,5000,0,-3.4201148185253145,-3.4206262826919556,-3.3486911773681642,-3.317853026390076,-3.5965347290039062,-3.255873203277588,3.5965347290039062,-3.4775922298431396
sac_pickcube_20261007T124123_37b693e5,PickCube-v1,sac,policy_gradient_steps,165000,170000,critic_loss,all_update_events_exact_quantiles,5000,0,0.005906380484672263,0.005579508608207107,0.008341475808992983,0.011756392559036625,0.0034831357188522816,0.026263002306222916,0.026263002306222916,0.005667049437761307
sac_pickcube_20261007T124123_37b693e5,PickCube-v1,sac,policy_gradient_steps,165000,170000,policy_q_min_mean,all_update_events_exact_quantiles,5000,0,3.47281616153717,3.473301887512207,3.5459515929222105,3.5756572937965396,3.3048219680786133,3.653134346008301,3.653134346008301,3.531480550765991
sac_pickcube_20261007T124123_37b693e5,PickCube-v1,sac,policy_gradient_steps,165000,170000,alpha,all_update_events_exact_quantiles,5000,0,0.01317002799641341,0.01317549403756857,0.013340382557362317,0.013371797772124409,0.012961037456989288,0.013391831889748573,0.013391831889748573,0.013339640572667122
sac_pickcube_20261007T124123_37b693e5,PickCube-v1,sac,policy_gradient_steps,165000,170000,alpha_loss,all_update_events_exact_quantiles,5000,0,-2.1484847766987514e-05,5.1146053010597825e-06,0.002224474691320211,0.003241093216929586,-0.00510582746937871,0.004274705424904823,0.00510582746937871,-0.0005275242729112506
sac_pickcube_20261007T124123_37b693e5,PickCube-v1,sac,policy_gradient_steps,165000,170000,entropy_estimate,all_update_events_exact_quantiles,5000,0,-4.001671788835526,-3.999612331390381,-3.8310241222381594,-3.754015598297119,-4.383930206298828,-3.678406238555908,4.383930206298828,-4.039544105529785
sac_pickcube_20261007T124123_37b693e5,PickCube-v1,sac,real_env_steps,340000,350000,actor_loss,all_update_events_exact_quantiles,4992,0,-3.432205396107374,-3.433213710784912,-3.360372316837311,-3.328963634967804,-3.5808680057525635,-3.2908151149749756,3.5808680057525635,-3.464858055114746
sac_pickcube_20261007T124123_37b693e5,PickCube-v1,sac,real_env_steps,340000,350000,critic_loss,all_update_events_exact_quantiles,4992,0,0.00589235474926215,0.0055793337523937225,0.008248980529606343,0.012081086318939926,0.0033748778514564037,0.02751721441745758,0.02751721441745758,0.005949852988123894
sac_pickcube_20261007T124123_37b693e5,PickCube-v1,sac,real_env_steps,340000,350000,policy_q_min_mean,all_update_events_exact_quantiles,4992,0,3.485563034335008,3.4865368604660034,3.5588064074516295,3.588198130130768,3.341681480407715,3.636664867401123,3.636664867401123,3.5180296897888184
sac_pickcube_20261007T124123_37b693e5,PickCube-v1,sac,real_env_steps,340000,350000,alpha,all_update_events_exact_quantiles,4992,0,0.013337267511628736,0.013336098287254572,0.01347936992533505,0.01352874563075602,0.013127381913363934,0.013542721047997475,0.013542721047997475,0.0133821414783597
sac_pickcube_20261007T124123_37b693e5,PickCube-v1,sac,real_env_steps,340000,350000,alpha_loss,all_update_events_exact_quantiles,4992,0,-8.665559785360809e-06,1.5460827853530645e-06,0.002379161713179201,0.003359104357659817,-0.00510582746937871,0.005758681334555149,0.005758681334555149,0.0003570830449461937
sac_pickcube_20261007T124123_37b693e5,PickCube-v1,sac,real_env_steps,340000,350000,entropy_estimate,all_update_events_exact_quantiles,4992,0,-4.000697772185772,-3.9998836517333984,-3.82228536605835,-3.749334723949432,-4.383930206298828,-3.5703580379486084,4.383930206298828,-3.9733166694641113
sac_pickcube_20261007T124123_37b693e5,PickCube-v1,sac,policy_gradient_steps,170000,175000,actor_loss,all_update_events_exact_quantiles,5000,0,-3.440363667535782,-3.4409695863723755,-3.3678293228149414,-3.33560462474823,-3.629190444946289,-3.2933199405670166,3.629190444946289,-3.4736952781677246
sac_pickcube_20261007T124123_37b693e5,PickCube-v1,sac,policy_gradient_steps,170000,175000,critic_loss,all_update_events_exact_quantiles,5000,0,0.005916896344255656,0.005583330988883972,0.008373060263693333,0.013047542888671165,0.003159895306453109,0.02751721441745758,0.02751721441745758,0.010174419730901718
sac_pickcube_20261007T124123_37b693e5,PickCube-v1,sac,policy_gradient_steps,170000,175000,policy_q_min_mean,all_update_events_exact_quantiles,5000,0,3.4939660823822023,3.4946773052215576,3.5671225428581237,3.600200679302216,3.3442530632019043,3.6864781379699707,3.6864781379699707,3.530487537384033
sac_pickcube_20261007T124123_37b693e5,PickCube-v1,sac,policy_gradient_steps,170000,175000,alpha,all_update_events_exact_quantiles,5000,0,0.013398726165667176,0.013397813774645329,0.013505428703501821,0.013528649592772127,0.013219457119703293,0.013542721047997475,0.013542721047997475,0.013403484597802162
sac_pickcube_20261007T124123_37b693e5,PickCube-v1,sac,policy_gradient_steps,170000,175000,alpha_loss,all_update_events_exact_quantiles,5000,0,-7.559650910843629e-06,-5.077541572973132e-06,0.002365337766241282,0.0032722238753922286,-0.004867571406066418,0.005758681334555149,0.005758681334555149,-0.0031971177086234093
sac_pickcube_20261007T124123_37b693e5,PickCube-v1,sac,policy_gradient_steps,170000,175000,entropy_estimate,all_update_events_exact_quantiles,5000,0,-4.000609070634842,-4.000378608703613,-3.8240851402282714,-3.757192823886871,-4.36351203918457,-3.5703580379486084,4.36351203918457,-4.238611698150635
sac_pickcube_20261007T124123_37b693e5,PickCube-v1,sac,real_env_steps,350000,360000,actor_loss,all_update_events_exact_quantiles,5008,0,-3.452082987172535,-3.4525521993637085,-3.380399060249329,-3.3502443742752073,-3.629190444946289,-3.2833504676818848,3.629190444946289,-3.4583640098571777
sac_pickcube_20261007T124123_37b693e5,PickCube-v1,sac,real_env_steps,350000,360000,critic_loss,all_update_events_exact_quantiles,5008,0,0.005973828936586329,0.0056000822223722935,0.008812613831833004,0.01296920902095742,0.003159895306453109,0.02876097708940506,0.02876097708940506,0.005584481172263622
sac_pickcube_20261007T124123_37b693e5,PickCube-v1,sac,real_env_steps,350000,360000,policy_q_min_mean,all_update_events_exact_quantiles,5008,0,3.506046652174986,3.5065027475357056,3.578589367866516,3.6064890217781067,3.3340394496917725,3.6864781379699707,3.6864781379699707,3.512024402618408
sac_pickcube_20261007T124123_37b693e5,PickCube-v1,sac,real_env_steps,350000,360000,alpha,all_update_events_exact_quantiles,5008,0,0.01348640986743529,0.013479368295520544,0.013622142653912307,0.013662270735949278,0.013304188847541809,0.013678133487701416,0.013678133487701416,0.013639360666275024
sac_pickcube_20261007T124123_37b693e5,PickCube-v1,sac,real_env_steps,350000,360000,alpha_loss,all_update_events_exact_quantiles,5008,0,-1.8233408706311338e-05,1.3017721357755363e-05,0.0023054237011820074,0.003208639146760112,-0.00551673024892807,0.0053343395702540874,0.00551673024892807,0.0009002276347018778
sac_pickcube_20261007T124123_37b693e5,PickCube-v1,sac,real_env_steps,350000,360000,entropy_estimate,all_update_events_exact_quantiles,5008,0,-4.00139423804923,-3.9990272521972656,-3.829332435131073,-3.762631571292877,-4.408823490142822,-3.6083168983459473,4.408823490142822,-3.9340009689331055
sac_pickcube_20261007T124123_37b693e5,PickCube-v1,sac,policy_gradient_steps,175000,180000,actor_loss,all_update_events_exact_quantiles,5000,0,-3.4585026990890504,-3.459758758544922,-3.3864837527275085,-3.356093125343323,-3.6090924739837646,-3.2833504676818848,3.6090924739837646,-3.4626498222351074
sac_pickcube_20261007T124123_37b693e5,PickCube-v1,sac,policy_gradient_steps,175000,180000,critic_loss,all_update_events_exact_quantiles,5000,0,0.0060519018486142155,0.005669442471116781,0.009111307235434653,0.012748781545087734,0.003412263933569193,0.02876097708940506,0.02876097708940506,0.007155667990446091
sac_pickcube_20261007T124123_37b693e5,PickCube-v1,sac,policy_gradient_steps,175000,180000,policy_q_min_mean,all_update_events_exact_quantiles,5000,0,3.5128343155384063,3.514023184776306,3.5834163665771483,3.6095819330215453,3.3340394496917725,3.6668949127197266,3.6668949127197266,3.517338752746582
sac_pickcube_20261007T124123_37b693e5,PickCube-v1,sac,policy_gradient_steps,175000,180000,alpha,all_update_events_exact_quantiles,5000,0,0.013577921355143189,0.013587864115834236,0.013727810559794306,0.013765411889180542,0.013338655233383179,0.013794261030852795,0.013794261030852795,0.013715026900172234
sac_pickcube_20261007T124123_37b693e5,PickCube-v1,sac,policy_gradient_steps,175000,180000,alpha_loss,all_update_events_exact_quantiles,5000,0,-2.0182164150173778e-05,4.1115854401141405e-06,0.0023333017714321615,0.003281719849910587,-0.00551673024892807,0.005638423841446638,0.005638423841446638,0.00016364792827516794
sac_pickcube_20261007T124123_37b693e5,PickCube-v1,sac,policy_gradient_steps,175000,180000,entropy_estimate,all_update_events_exact_quantiles,5000,0,-4.001530209159851,-3.999696969985962,-3.828486239910126,-3.7592010164260863,-4.408823490142822,-3.5903396606445312,4.408823490142822,-3.9880666732788086
sac_pickcube_20261007T124123_37b693e5,PickCube-v1,sac,real_env_steps,360000,370000,actor_loss,all_update_events_exact_quantiles,4992,0,-3.4670241049084907,-3.4674113988876343,-3.394841659069061,-3.3703073716163634,-3.61322021484375,-3.3150722980499268,3.61322021484375,-3.4621052742004395
sac_pickcube_20261007T124123_37b693e5,PickCube-v1,sac,real_env_steps,360000,370000,critic_loss,all_update_events_exact_quantiles,4992,0,0.006133929608413615,0.005734233884140849,0.009344755066558711,0.013249164819717416,0.0035326150245964527,0.021821416914463043,0.021821416914463043,0.006656383164227009
sac_pickcube_20261007T124123_37b693e5,PickCube-v1,sac,real_env_steps,360000,370000,policy_q_min_mean,all_update_events_exact_quantiles,4992,0,3.5218723950286708,3.5222922563552856,3.592506802082062,3.6214946508407593,3.36737060546875,3.67177152633667,3.67177152633667,3.519638776779175
sac_pickcube_20261007T124123_37b693e5,PickCube-v1,sac,real_env_steps,360000,370000,alpha,all_update_events_exact_quantiles,4992,0,0.013710386008218242,0.013712430838495493,0.013834786042571068,0.013892762139439583,0.013564176857471466,0.013919665478169918,0.013919665478169918,0.013721732422709465
sac_pickcube_20261007T124123_37b693e5,PickCube-v1,sac,real_env_steps,360000,370000,alpha_loss,all_update_events_exact_quantiles,4992,0,-6.8110009141701785e-06,2.279310137964785e-05,0.00233953830320388,0.003290596273727716,-0.005023873411118984,0.005638423841446638,0.005638423841446638,-0.002651779679581523
sac_pickcube_20261007T124123_37b693e5,PickCube-v1,sac,real_env_steps,360000,370000,entropy_estimate,all_update_events_exact_quantiles,4992,0,-4.0005405234316225,-3.998331904411316,-3.8291576504707336,-3.759198842048645,-4.367584228515625,-3.5903396606445312,4.367584228515625,-4.193272113800049
sac_pickcube_20261007T124123_37b693e5,PickCube-v1,sac,policy_gradient_steps,180000,185000,actor_loss,all_update_events_exact_quantiles,5000,0,-3.473344736766815,-3.4728254079818726,-3.4020870208740233,-3.3760488343238833,-3.6387720108032227,-3.317291259765625,3.6387720108032227,-3.5745532512664795
sac_pickcube_20261007T124123_37b693e5,PickCube-v1,sac,policy_gradient_steps,180000,185000,critic_loss,all_update_events_exact_quantiles,5000,0,0.006141482358472422,0.0057228319346904755,0.00952712600119412,0.013793477546423686,0.0035326150245964527,0.021821416914463043,0.021821416914463043,0.005335716530680656
sac_pickcube_20261007T124123_37b693e5,PickCube-v1,sac,policy_gradient_steps,180000,185000,policy_q_min_mean,all_update_events_exact_quantiles,5000,0,3.5283911518096924,3.527961015701294,3.5999768495559694,3.6295772314071657,3.3714606761932373,3.698201894760132,3.698201894760132,3.6325149536132812
sac_pickcube_20261007T124123_37b693e5,PickCube-v1,sac,policy_gradient_steps,180000,185000,alpha,all_update_events_exact_quantiles,5000,0,0.013759786928258836,0.013756105210632086,0.013900939142331481,0.013917488651350141,0.0135894063860178,0.013934607617557049,0.013934607617557049,0.013837498612701893
sac_pickcube_20261007T124123_37b693e5,PickCube-v1,sac,policy_gradient_steps,180000,185000,alpha_loss,all_update_events_exact_quantiles,5000,0,-7.3627349076559765e-06,4.163823905400932e-05,0.002303804154507816,0.003226788577158008,-0.004757922142744064,0.005272165406495333,0.005272165406495333,-0.002613043412566185
sac_pickcube_20261007T124123_37b693e5,PickCube-v1,sac,policy_gradient_steps,180000,185000,entropy_estimate,all_update_events_exact_quantiles,5000,0,-4.0005743080616,-3.996953248977661,-3.8330567479133606,-3.765184080600738,-4.346465587615967,-3.6158933639526367,4.346465587615967,-4.188842296600342
sac_pickcube_20261007T124123_37b693e5,PickCube-v1,sac,real_env_steps,370000,380000,actor_loss,all_update_events_exact_quantiles,5008,0,-3.48475517756261,-3.4844813346862793,-3.4147289514541628,-3.3887877178192136,-3.644557476043701,-3.310276985168457,3.644557476043701,-3.490121364593506
sac_pickcube_20261007T124123_37b693e5,PickCube-v1,sac,real_env_steps,370000,380000,critic_loss,all_update_events_exact_quantiles,5008,0,0.00602549199724738,0.005650759441778064,0.009097278025001284,0.013434134479612114,0.0033349813893437386,0.022250011563301086,0.022250011563301086,0.005264499224722385
sac_pickcube_20261007T124123_37b693e5,PickCube-v1,sac,real_env_steps,370000,380000,policy_q_min_mean,all_update_events_exact_quantiles,5008,0,3.5403866020444865,3.540060043334961,3.6125617027282715,3.6432107663154603,3.3622138500213623,3.7032198905944824,3.7032198905944824,3.5475120544433594
sac_pickcube_20261007T124123_37b693e5,PickCube-v1,sac,real_env_steps,370000,380000,alpha,all_update_events_exact_quantiles,5008,0,0.013902107946769581,0.013909401372075081,0.014092872850596905,0.014131611566990615,0.013638963922858238,0.014141532592475414,0.014141532592475414,0.014072374440729618
sac_pickcube_20261007T124123_37b693e5,PickCube-v1,sac,real_env_steps,370000,380000,alpha_loss,all_update_events_exact_quantiles,5008,0,-2.3269736659084522e-05,-4.612375050783157e-06,0.0023145612678490573,0.0033368772687390447,-0.005727124400436878,0.004740619566291571,0.005727124400436878,-0.001101313391700387
sac_pickcube_20261007T124123_37b693e5,PickCube-v1,sac,real_env_steps,370000,380000,entropy_estimate,all_update_events_exact_quantiles,5008,0,-4.001714042295663,-4.000331878662109,-3.8340228080749514,-3.7606572628021238,-4.411270618438721,-3.663201332092285,4.411270618438721,-4.078260898590088
sac_pickcube_20261007T124123_37b693e5,PickCube-v1,sac,policy_gradient_steps,185000,190000,actor_loss,all_update_events_exact_quantiles,5000,0,-3.4916186882972715,-3.491098403930664,-3.421237123012543,-3.3943091821670532,-3.6484556198120117,-3.310276985168457,3.6484556198120117,-3.4925849437713623
sac_pickcube_20261007T124123_37b693e5,PickCube-v1,sac,policy_gradient_steps,185000,190000,critic_loss,all_update_events_exact_quantiles,5000,0,0.005982071259990334,0.0056227403692901134,0.008901038998737931,0.01270043253898622,0.0033349813893437386,0.022250011563301086,0.022250011563301086,0.006836838088929653
sac_pickcube_20261007T124123_37b693e5,PickCube-v1,sac,policy_gradient_steps,185000,190000,policy_q_min_mean,all_update_events_exact_quantiles,5000,0,3.5477295439243317,3.5470749139785767,3.61851224899292,3.6512699031829836,3.3622138500213623,3.70790958404541,3.70790958404541,3.5494203567504883
sac_pickcube_20261007T124123_37b693e5,PickCube-v1,sac,policy_gradient_steps,185000,190000,alpha,all_update_events_exact_quantiles,5000,0,0.014022900101542474,0.014023521915078163,0.014156892709434033,0.01418131185695529,0.013816282153129578,0.01420711912214756,0.01420711912214756,0.0140905836597085
sac_pickcube_20261007T124123_37b693e5,PickCube-v1,sac,policy_gradient_steps,185000,190000,alpha_loss,all_update_events_exact_quantiles,5000,0,-1.9458341017889324e-05,-6.4773266785778105e-06,0.002390417363494635,0.0034074281575158316,-0.005727124400436878,0.004740619566291571,0.005727124400436878,-0.0004866810340899974
sac_pickcube_20261007T124123_37b693e5,PickCube-v1,sac,policy_gradient_steps,185000,190000,entropy_estimate,all_update_events_exact_quantiles,5000,0,-4.001434175825119,-4.000460147857666,-3.8291330456733705,-3.7558765625953674,-4.411270618438721,-3.663201332092285,4.411270618438721,-4.034547805786133
sac_pickcube_20261007T124123_37b693e5,PickCube-v1,sac,real_env_steps,380000,390000,actor_loss,all_update_events_exact_quantiles,4992,0,-3.4986771880052028,-3.4989662170410156,-3.4273430347442626,-3.3985632944107054,-3.658392906188965,-3.346587657928467,3.658392906188965,-3.5543084144592285
sac_pickcube_20261007T124123_37b693e5,PickCube-v1,sac,real_env_steps,380000,390000,critic_loss,all_update_events_exact_quantiles,4992,0,0.0061588999017728316,0.005756985396146774,0.009361758548766374,0.013404292743653063,0.0034150690771639347,0.021348103880882263,0.021348103880882263,0.0058540161699056625
sac_pickcube_20261007T124123_37b693e5,PickCube-v1,sac,real_env_steps,380000,390000,policy_q_min_mean,all_update_events_exact_quantiles,4992,0,3.555334186945588,3.5556814670562744,3.6266664028167725,3.656438932418823,3.400287628173828,3.718106269836426,3.718106269836426,3.6144022941589355
sac_pickcube_20261007T124123_37b693e5,PickCube-v1,sac,real_env_steps,380000,390000,alpha,all_update_events_exact_quantiles,4992,0,0.014161340271060068,0.014147706795483828,0.01435508942231536,0.0143888995423913,0.013961504213511944,0.014418006874620914,0.014418006874620914,0.01419676560908556
sac_pickcube_20261007T124123_37b693e5,PickCube-v1,sac,real_env_steps,380000,390000,alpha_loss,all_update_events_exact_quantiles,4992,0,-1.1738228315549257e-05,3.139027103316039e-05,0.0024826329783536488,0.0033724905550479908,-0.005144733935594559,0.004957998637109995,0.005144733935594559,-0.0033240856137126684
sac_pickcube_20261007T124123_37b693e5,PickCube-v1,sac,real_env_steps,380000,390000,entropy_estimate,all_update_events_exact_quantiles,4992,0,-4.000871332266774,-3.9977943897247314,-3.8249149918556213,-3.7614983129501343,-4.362327575683594,-3.6553001403808594,4.362327575683594,-4.234214782714844
sac_pickcube_20261007T124123_37b693e5,PickCube-v1,sac,policy_gradient_steps,190000,195000,actor_loss,all_update_events_exact_quantiles,5000,0,-3.503371201944351,-3.5037120580673218,-3.4307458996772766,-3.4009147977828977,-3.658392906188965,-3.346587657928467,3.658392906188965,-3.5910263061523438
sac_pickcube_20261007T124123_37b693e5,PickCube-v1,sac,policy_gradient_steps,190000,195000,critic_loss,all_update_events_exact_quantiles,5000,0,0.006215613849693909,0.005821139086037874,0.009382712561637165,0.013612033650279047,0.0036097196862101555,0.021348103880882263,0.021348103880882263,0.011885657906532288
sac_pickcube_20261007T124123_37b693e5,PickCube-v1,sac,policy_gradient_steps,190000,195000,policy_q_min_mean,all_update_events_exact_quantiles,5000,0,3.560335745716095,3.5605002641677856,3.6330310106277466,3.6631028294563293,3.400287628173828,3.718106269836426,3.718106269836426,3.6527280807495117
sac_pickcube_20261007T124123_37b693e5,PickCube-v1,sac,policy_gradient_steps,190000,195000,alpha,all_update_events_exact_quantiles,5000,0,0.014236777386255563,0.01422972371801734,0.014388990448787808,0.01440624169073999,0.01406144816428423,0.014418006874620914,0.014418006874620914,0.014356798492372036
sac_pickcube_20261007T124123_37b693e5,PickCube-v1,sac,policy_gradient_steps,190000,195000,alpha_loss,all_update_events_exact_quantiles,5000,0,-1.7645628878381104e-05,2.0641731680370867e-05,0.00248042168095708,0.00338767629116774,-0.005144733935594559,0.0050081973895430565,0.005144733935594559,-0.004275214858353138
sac_pickcube_20261007T124123_37b693e5,PickCube-v1,sac,policy_gradient_steps,190000,195000,entropy_estimate,all_update_events_exact_quantiles,5000,0,-4.001283232116699,-3.998547077178955,-3.8263718128204345,-3.7610183191299438,-4.362327575683594,-3.6482608318328857,4.362327575683594,-4.297785758972168
sac_pickcube_20261007T124123_37b693e5,PickCube-v1,sac,real_env_steps,390000,400000,actor_loss,all_update_events_exact_quantiles,5008,0,-3.512860293586414,-3.5135512351989746,-3.4426958680152895,-3.4110264205932617,-3.6559431552886963,-3.3706154823303223,3.6559431552886963,-3.563633441925049
sac_pickcube_20261007T124123_37b693e5,PickCube-v1,sac,real_env_steps,390000,400000,critic_loss,all_update_events_exact_quantiles,5008,0,0.00611372681293888,0.005764119792729616,0.009090442396700378,0.012821541381999856,0.003290623426437378,0.020439505577087402,0.020439505577087402,0.004389675334095955
sac_pickcube_20261007T124123_37b693e5,PickCube-v1,sac,real_env_steps,390000,400000,policy_q_min_mean,all_update_events_exact_quantiles,5008,0,3.570165220160073,3.5708450078964233,3.642289328575134,3.668416154384613,3.4232285022735596,3.7167205810546875,3.7167205810546875,3.6236252784729004
sac_pickcube_20261007T124123_37b693e5,PickCube-v1,sac,real_env_steps,390000,400000,alpha,all_update_events_exact_quantiles,5008,0,0.014321305220924353,0.014334642328321934,0.014427999919280409,0.014447245886549354,0.01406144816428423,0.014479207806289196,0.014479207806289196,0.014479207806289196
sac_pickcube_20261007T124123_37b693e5,PickCube-v1,sac,real_env_steps,390000,400000,alpha_loss,all_update_events_exact_quantiles,5008,0,-1.9929919112757326e-05,-1.8543512851465493e-05,0.0023862870875745994,0.003465639075730006,-0.004800880327820778,0.005253014154732227,0.005253014154732227,-0.002090892754495144
sac_pickcube_20261007T124123_37b693e5,PickCube-v1,sac,real_env_steps,390000,400000,entropy_estimate,all_update_events_exact_quantiles,5008,0,-4.001429104290831,-4.0013017654418945,-3.8339910984039305,-3.7595438385009765,-4.338075637817383,-3.6339340209960938,4.338075637817383,-4.144447326660156
sac_pickcube_20261007T124123_37b693e5,PickCube-v1,sac,policy_gradient_steps,195000,200000,actor_loss,all_update_events_exact_quantiles,5000,0,-3.5170041910648346,-3.5166763067245483,-3.4473570585250854,-3.4165805125236512,-3.6527209281921387,-3.371081829071045,3.6527209281921387,-3.5809502601623535
sac_pickcube_20261007T124123_37b693e5,PickCube-v1,sac,policy_gradient_steps,195000,200000,critic_loss,all_update_events_exact_quantiles,5000,0,0.0060953768666833635,0.005749150179326534,0.008938129246234897,0.012486689537763659,0.003290623426437378,0.020439505577087402,0.020439505577087402,0.004723397549241781
sac_pickcube_20261007T124123_37b693e5,PickCube-v1,sac,policy_gradient_steps,195000,200000,policy_q_min_mean,all_update_events_exact_quantiles,5000,0,3.574703606176376,3.5744998455047607,3.645712447166443,3.6736711478233337,3.4232285022735596,3.7143044471740723,3.7143044471740723,3.6419870853424072
sac_pickcube_20261007T124123_37b693e5,PickCube-v1,sac,policy_gradient_steps,195000,200000,alpha,all_update_events_exact_quantiles,5000,0,0.014422355966083706,0.014408571179956198,0.014576588617637753,0.014651197222992778,0.014208664186298847,0.01467478834092617,0.01467478834092617,0.014489914290606976
sac_pickcube_20261007T124123_37b693e5,PickCube-v1,sac,policy_gradient_steps,195000,200000,alpha_loss,all_update_events_exact_quantiles,5000,0,-1.0096230699855369e-05,3.57153476215899e-06,0.002426069567445666,0.0035239893896505253,-0.005616585724055767,0.005253014154732227,0.005616585724055767,-0.0030864200089126825
sac_pickcube_20261007T124123_37b693e5,PickCube-v1,sac,policy_gradient_steps,195000,200000,entropy_estimate,all_update_events_exact_quantiles,5000,0,-4.000742785787582,-3.9997531175613403,-3.8318509340286253,-3.7576991319656368,-4.3876190185546875,-3.6339340209960938,4.3876190185546875,-4.213038444519043
sac_pickcube_20261007T124123_37b693e5,PickCube-v1,sac,real_env_steps,400000,410000,actor_loss,all_update_events_exact_quantiles,4992,0,-3.524044831880392,-3.523801565170288,-3.455072271823883,-3.4230955505371092,-3.6718106269836426,-3.3628692626953125,3.6718106269836426,-3.568281650543213
sac_pickcube_20261007T124123_37b693e5,PickCube-v1,sac,real_env_steps,400000,410000,critic_loss,all_update_events_exact_quantiles,4992,0,0.006051794171910912,0.005715256091207266,0.00867203278467059,0.012644878132268788,0.0035063717514276505,0.021877259016036987,0.021877259016036987,0.005241198930889368
sac_pickcube_20261007T124123_37b693e5,PickCube-v1,sac,real_env_steps,400000,410000,policy_q_min_mean,all_update_events_exact_quantiles,4992,0,3.5823561101196666,3.581982135772705,3.651738774776459,3.6807685256004334,3.418062210083008,3.733287811279297,3.733287811279297,3.6270627975463867
sac_pickcube_20261007T124123_37b693e5,PickCube-v1,sac,real_env_steps,400000,410000,alpha,all_update_events_exact_quantiles,4992,0,0.014575800712545736,0.014565011486411095,0.014702080748975277,0.014737712908536196,0.01441747136414051,0.01476405281573534,0.01476405281573534,0.0146369943395257
sac_pickcube_20261007T124123_37b693e5,PickCube-v1,sac,real_env_steps,400000,410000,alpha_loss,all_update_events_exact_quantiles,4992,0,-8.199947884781394e-06,-2.0382285583764315e-06,0.0024261875776574013,0.0035603240784257664,-0.005616585724055767,0.005087240599095821,0.005616585724055767,-0.00023345409135799855
sac_pickcube_20261007T124123_37b693e5,PickCube-v1,sac,real_env_steps,400000,410000,entropy_estimate,all_update_events_exact_quantiles,4992,0,-4.000604174505824,-4.000140190124512,-3.834030866622925,-3.7556011581420896,-4.3876190185546875,-3.6505513191223145,4.3876190185546875,-4.015949726104736
sac_pickcube_20261007T124123_37b693e5,PickCube-v1,sac,policy_gradient_steps,200000,205000,actor_loss,all_update_events_exact_quantiles,5000,0,-3.5295312324523924,-3.5303300619125366,-3.462157356739044,-3.4336924314498902,-3.684061050415039,-3.3628692626953125,3.684061050415039,-3.59086275100708
sac_pickcube_20261007T124123_37b693e5,PickCube-v1,sac,policy_gradient_steps,200000,205000,critic_loss,all_update_events_exact_quantiles,5000,0,0.005989423119509593,0.00568215292878449,0.008574643172323704,0.012130625862628225,0.0034664508420974016,0.021877259016036987,0.021877259016036987,0.0053140525706112385
sac_pickcube_20261007T124123_37b693e5,PickCube-v1,sac,policy_gradient_steps,200000,205000,policy_q_min_mean,all_update_events_exact_quantiles,5000,0,3.588146508836746,3.588838815689087,3.657052981853485,3.6846382308006285,3.418062210083008,3.745610237121582,3.745610237121582,3.6507673263549805
sac_pickcube_20261007T124123_37b693e5,PickCube-v1,sac,policy_gradient_steps,200000,205000,alpha,all_update_events_exact_quantiles,5000,0,0.014650465771928429,0.014662141911685467,0.01478062397800386,0.014830039786174894,0.014456449076533318,0.014840959571301937,0.014840959571301937,0.014689252711832523
sac_pickcube_20261007T124123_37b693e5,PickCube-v1,sac,policy_gradient_steps,200000,205000,alpha_loss,all_update_events_exact_quantiles,5000,0,-1.3571708115341607e-05,-2.0022474927827716e-05,0.002423745952546597,0.0035665560001507408,-0.0048545063473284245,0.005157521925866604,0.005157521925866604,-0.0011563849402591586
sac_pickcube_20261007T124123_37b693e5,PickCube-v1,sac,policy_gradient_steps,200000,205000,entropy_estimate,all_update_events_exact_quantiles,5000,0,-4.000967381811142,-4.001366853713989,-3.8345223307609557,-3.7571851420402522,-4.331783771514893,-3.6499695777893066,4.331783771514893,-4.078734397888184
sac_pickcube_20261007T124123_37b693e5,PickCube-v1,sac,real_env_steps,410000,420000,actor_loss,all_update_events_exact_quantiles,5008,0,-3.5372446973483784,-3.5370402336120605,-3.4685596108436583,-3.439052815437317,-3.6860709190368652,-3.390080213546753,3.6860709190368652,-3.549726963043213
sac_pickcube_20261007T124123_37b693e5,PickCube-v1,sac,real_env_steps,410000,420000,critic_loss,all_update_events_exact_quantiles,5008,0,0.00593287928732664,0.00563553418032825,0.008612707396969196,0.011805234784260392,0.003423090558499098,0.02096240036189556,0.02096240036189556,0.004620193038135767
sac_pickcube_20261007T124123_37b693e5,PickCube-v1,sac,real_env_steps,410000,420000,policy_q_min_mean,all_update_events_exact_quantiles,5008,0,3.5963321192005573,3.596212148666382,3.6661473989486693,3.694726896286011,3.443967342376709,3.748757839202881,3.748757839202881,3.60801100730896
sac_pickcube_20261007T124123_37b693e5,PickCube-v1,sac,real_env_steps,410000,420000,alpha,all_update_events_exact_quantiles,5008,0,0.01476884889769734,0.014750063419342041,0.014966457802802324,0.015000353315845132,0.014629974029958248,0.015025069937109947,0.015025069937109947,0.014802074991166592
sac_pickcube_20261007T124123_37b693e5,PickCube-v1,sac,real_env_steps,410000,420000,alpha_loss,all_update_events_exact_quantiles,5008,0,-1.2159438284607095e-05,-3.8155296351760626e-05,0.0024794212076812974,0.003593687268439685,-0.004889881704002619,0.005157521925866604,0.005157521925866604,0.0009178519831039011
sac_pickcube_20261007T124123_37b693e5,PickCube-v1,sac,real_env_steps,410000,420000,entropy_estimate,all_update_events_exact_quantiles,5008,0,-4.0008667157100035,-4.002596855163574,-3.832916605472565,-3.757204148769379,-4.331783771514893,-3.6499695777893066,4.331783771514893,-3.9379849433898926
sac_pickcube_20261007T124123_37b693e5,PickCube-v1,sac,policy_gradient_steps,205000,210000,actor_loss,all_update_events_exact_quantiles,5000,0,-3.5419750829219816,-3.5421425104141235,-3.473196005821228,-3.44132453918457,-3.698101043701172,-3.390080213546753,3.698101043701172,-3.5794801712036133
sac_pickcube_20261007T124123_37b693e5,PickCube-v1,sac,policy_gradient_steps,205000,210000,critic_loss,all_update_events_exact_quantiles,5000,0,0.005897826896840707,0.005599306197836995,0.008508159546181561,0.011863940199837095,0.003423090558499098,0.019967494532465935,0.019967494532465935,0.008251890540122986
sac_pickcube_20261007T124123_37b693e5,PickCube-v1,sac,policy_gradient_steps,205000,210000,policy_q_min_mean,all_update_events_exact_quantiles,5000,0,3.6014177346229554,3.6015530824661255,3.6703525304794313,3.6981027984619144,3.443967342376709,3.7633848190307617,3.7633848190307617,3.643584966659546
sac_pickcube_20261007T124123_37b693e5,PickCube-v1,sac,policy_gradient_steps,205000,210000,alpha,all_update_events_exact_quantiles,5000,0,0.014853894341364502,0.014853055588901043,0.015017791045829653,0.015109338806942105,0.014635556377470493,0.015123334713280201,0.015123334713280201,0.015105338767170906
sac_pickcube_20261007T124123_37b693e5,PickCube-v1,sac,policy_gradient_steps,205000,210000,alpha_loss,all_update_events_exact_quantiles,5000,0,-2.7406170497124548e-05,-5.3226787713356316e-05,0.0024125168798491362,0.0035047895880416105,-0.005542055703699589,0.005495468154549599,0.005542055703699589,-0.0036882185377180576
sac_pickcube_20261007T124123_37b693e5,PickCube-v1,sac,policy_gradient_steps,205000,210000,entropy_estimate,all_update_events_exact_quantiles,5000,0,-4.001876790714264,-4.003565311431885,-3.837826907634735,-3.7632301473617553,-4.371068477630615,-3.6277413368225098,4.371068477630615,-4.244186878204346
sac_pickcube_20261007T124123_37b693e5,PickCube-v1,sac,real_env_steps,420000,430000,actor_loss,all_update_events_exact_quantiles,4992,0,-3.546411684451577,-3.547008752822876,-3.4776351928710936,-3.4465046763420104,-3.701915740966797,-3.3934760093688965,3.701915740966797,-3.494279146194458
sac_pickcube_20261007T124123_37b693e5,PickCube-v1,sac,real_env_steps,420000,430000,critic_loss,all_update_events_exact_quantiles,4992,0,0.005938820532509663,0.005613057175651193,0.008755503688007593,0.012139458125457175,0.003444163827225566,0.02097669430077076,0.02097669430077076,0.0071661886759102345
sac_pickcube_20261007T124123_37b693e5,PickCube-v1,sac,real_env_steps,420000,430000,policy_q_min_mean,all_update_events_exact_quantiles,4992,0,3.606732669978952,3.60734224319458,3.6774229288101195,3.7053234076499937,3.4510107040405273,3.7658722400665283,3.7658722400665283,3.552733898162842
sac_pickcube_20261007T124123_37b693e5,PickCube-v1,sac,real_env_steps,420000,430000,alpha,all_update_events_exact_quantiles,4992,0,0.015073007545605576,0.015089097432792187,0.015266345534473657,0.015297663612291217,0.014723115600645542,0.015312756411731243,0.015312756411731243,0.015261278487741947
sac_pickcube_20261007T124123_37b693e5,PickCube-v1,sac,real_env_steps,420000,430000,alpha_loss,all_update_events_exact_quantiles,4992,0,-2.9319619038221554e-05,-2.5203145924024284e-05,0.0025274171726778144,0.0035195626574568476,-0.005844694562256336,0.006909303832799196,0.006909303832799196,0.002593956422060728
sac_pickcube_20261007T124123_37b693e5,PickCube-v1,sac,real_env_steps,420000,430000,entropy_estimate,all_update_events_exact_quantiles,4992,0,-4.001990162027188,-4.00166916847229,-3.832492303848267,-3.767100701332092,-4.388243198394775,-3.5450358390808105,4.388243198394775,-3.830040216445923
sac_pickcube_20261007T124123_37b693e5,PickCube-v1,sac,policy_gradient_steps,210000,215000,actor_loss,all_update_events_exact_quantiles,5000,0,-3.5497727578163145,-3.550191640853882,-3.480890691280365,-3.452910237312317,-3.701915740966797,-3.396022319793701,3.701915740966797,-3.567364454269409
sac_pickcube_20261007T124123_37b693e5,PickCube-v1,sac,policy_gradient_steps,210000,215000,critic_loss,all_update_events_exact_quantiles,5000,0,0.005980012910533696,0.005658398848026991,0.008735540974885226,0.012296670461073517,0.003444163827225566,0.02097669430077076,0.02097669430077076,0.006984794978052378
sac_pickcube_20261007T124123_37b693e5,PickCube-v1,sac,policy_gradient_steps,210000,215000,policy_q_min_mean,all_update_events_exact_quantiles,5000,0,3.6105435502052305,3.6109237670898438,3.6817123174667357,3.7093447780609132,3.4541797637939453,3.7658722400665283,3.7658722400665283,3.6273112297058105
sac_pickcube_20261007T124123_37b693e5,PickCube-v1,sac,policy_gradient_steps,210000,215000,alpha,all_update_events_exact_quantiles,5000,0,0.015189833141118289,0.015190513338893652,0.015370287280529738,0.015422291662544012,0.01494345162063837,0.015467371791601181,0.015467371791601181,0.015308747999370098
sac_pickcube_20261007T124123_37b693e5,PickCube-v1,sac,policy_gradient_steps,210000,215000,alpha_loss,all_update_events_exact_quantiles,5000,0,-1.1620105152542237e-05,3.4389086067676544e-07,0.0025609001051634557,0.0036435264907777355,-0.005844694562256336,0.006909303832799196,0.006909303832799196,0.0012923520989716053
sac_pickcube_20261007T124123_37b693e5,PickCube-v1,sac,policy_gradient_steps,210000,215000,entropy_estimate,all_update_events_exact_quantiles,5000,0,-4.00080645852089,-3.9999771118164062,-3.8310565471649167,-3.7601426196098324,-4.388243198394775,-3.5450358390808105,4.388243198394775,-3.915586471557617
sac_pickcube_20261007T124123_37b693e5,PickCube-v1,sac,real_env_steps,430000,440000,actor_loss,all_update_events_exact_quantiles,5008,0,-3.555502143435585,-3.5560224056243896,-3.4862332463264467,-3.457851483821869,-3.690966844558716,-3.4091720581054688,3.690966844558716,-3.4567790031433105
sac_pickcube_20261007T124123_37b693e5,PickCube-v1,sac,real_env_steps,430000,440000,critic_loss,all_update_events_exact_quantiles,5008,0,0.006011973270092356,0.00569792278110981,0.00873618060722947,0.01228082891553641,0.0033841142430901527,0.019660063087940216,0.019660063087940216,0.004252095706760883
sac_pickcube_20261007T124123_37b693e5,PickCube-v1,sac,real_env_steps,430000,440000,policy_q_min_mean,all_update_events_exact_quantiles,5008,0,3.6166010954604744,3.6170469522476196,3.6855882167816163,3.7140297961235045,3.4651987552642822,3.7541544437408447,3.7541544437408447,3.5167503356933594
sac_pickcube_20261007T124123_37b693e5,PickCube-v1,sac,real_env_steps,430000,440000,alpha,all_update_events_exact_quantiles,5008,0,0.015272075888706734,0.01529402518644929,0.015456838300451636,0.015500005288049578,0.01494345162063837,0.015530144795775414,0.015530144795775414,0.015434320084750652
sac_pickcube_20261007T124123_37b693e5,PickCube-v1,sac,real_env_steps,430000,440000,alpha_loss,all_update_events_exact_quantiles,5008,0,-1.0786857030714705e-05,-2.113159280270338e-05,0.0025273115606978527,0.0036119008087553105,-0.005333591252565384,0.005563727580010891,0.005563727580010891,0.0017703459598124027
sac_pickcube_20261007T124123_37b693e5,PickCube-v1,sac,real_env_steps,430000,440000,entropy_estimate,all_update_events_exact_quantiles,5008,0,-4.000742089015226,-4.001388311386108,-3.8348775625228884,-3.7636998081207276,-4.3484110832214355,-3.6334686279296875,4.3484110832214355,-3.8853061199188232
sac_pickcube_20261007T124123_37b693e5,PickCube-v1,sac,policy_gradient_steps,215000,220000,actor_loss,all_update_events_exact_quantiles,5000,0,-3.5589802253723146,-3.5597928762435913,-3.4895570397377016,-3.4600523996353147,-3.6947288513183594,-3.4091720581054688,3.6947288513183594,-3.5510904788970947
sac_pickcube_20261007T124123_37b693e5,PickCube-v1,sac,policy_gradient_steps,215000,220000,critic_loss,all_update_events_exact_quantiles,5000,0,0.006035540283331648,0.005703195696696639,0.008930815150961283,0.01248022281564776,0.0033841142430901527,0.02065947651863098,0.02065947651863098,0.005229055881500244
sac_pickcube_20261007T124123_37b693e5,PickCube-v1,sac,policy_gradient_steps,215000,220000,policy_q_min_mean,all_update_events_exact_quantiles,5000,0,3.620466708087921,3.6212637424468994,3.688727581501007,3.7183630800247194,3.468555212020874,3.7630600929260254,3.7630600929260254,3.6117167472839355
sac_pickcube_20261007T124123_37b693e5,PickCube-v1,sac,policy_gradient_steps,215000,220000,alpha,all_update_events_exact_quantiles,5000,0,0.015366733404062688,0.01538707036525011,0.015567068941891193,0.015624919682741165,0.015081128105521202,0.01564059406518936,0.01564059406518936,0.015595917589962482
sac_pickcube_20261007T124123_37b693e5,PickCube-v1,sac,policy_gradient_steps,215000,220000,alpha_loss,all_update_events_exact_quantiles,5000,0,-1.9780266306042905e-05,-2.9091694159433246e-05,0.002540717204101384,0.0035532297356985526,-0.006396562326699495,0.006268604658544064,0.006396562326699495,0.0017605284228920937
sac_pickcube_20261007T124123_37b693e5,PickCube-v1,sac,policy_gradient_steps,215000,220000,entropy_estimate,all_update_events_exact_quantiles,5000,0,-4.001322613811493,-4.001910448074341,-3.8353959798812864,-3.770335450172424,-4.413116931915283,-3.593480110168457,4.413116931915283,-3.8871219158172607
sac_pickcube_20261007T124123_37b693e5,PickCube-v1,sac,real_env_steps,440000,450000,actor_loss,all_update_events_exact_quantiles,4992,0,-3.5645458622334094,-3.5658397674560547,-3.494568574428558,-3.468681333065033,-3.6955418586730957,-3.4335122108459473,3.6955418586730957,-3.632098913192749
sac_pickcube_20261007T124123_37b693e5,PickCube-v1,sac,real_env_steps,440000,450000,critic_loss,all_update_events_exact_quantiles,4992,0,0.0060397104974608505,0.0057042280677706,0.008869569888338445,0.012708652205765265,0.0031477611046284437,0.027533888816833496,0.027533888816833496,0.005893954541534185
sac_pickcube_20261007T124123_37b693e5,PickCube-v1,sac,real_env_steps,440000,450000,policy_q_min_mean,all_update_events_exact_quantiles,4992,0,3.6265593077509832,3.62811541557312,3.694401943683624,3.7238297605514528,3.489739418029785,3.7630600929260254,3.7630600929260254,3.6931231021881104
sac_pickcube_20261007T124123_37b693e5,PickCube-v1,sac,real_env_steps,440000,450000,alpha,all_update_events_exact_quantiles,4992,0,0.015502080995737253,0.015509642194956541,0.015610028104856611,0.015655557438731194,0.015242377296090126,0.01568753831088543,0.01568753831088543,0.01550039742141962
sac_pickcube_20261007T124123_37b693e5,PickCube-v1,sac,real_env_steps,440000,450000,alpha_loss,all_update_events_exact_quantiles,4992,0,-5.173733109714727e-06,-3.671064041554928e-05,0.0025867957156151533,0.003554004493635149,-0.006396562326699495,0.006268604658544064,0.006396562326699495,0.0009789057075977325
sac_pickcube_20261007T124123_37b693e5,PickCube-v1,sac,real_env_steps,440000,450000,entropy_estimate,all_update_events_exact_quantiles,4992,0,-4.0003769135054865,-4.0023698806762695,-3.8333471775054933,-3.771221079826355,-4.413116931915283,-3.593480110168457,4.413116931915283,-3.9368479251861572
sac_pickcube_20261007T124123_37b693e5,PickCube-v1,sac,policy_gradient_steps,220000,225000,actor_loss,all_update_events_exact_quantiles,5000,0,-3.5687855909824373,-3.569240093231201,-3.4996114134788514,-3.475675299167633,-3.7158865928649902,-3.4292826652526855,3.7158865928649902,-3.5145251750946045
sac_pickcube_20261007T124123_37b693e5,PickCube-v1,sac,policy_gradient_steps,220000,225000,critic_loss,all_update_events_exact_quantiles,5000,0,0.006092400839226321,0.005729955388233066,0.0089838108047843,0.013464952800422907,0.0031477611046284437,0.027533888816833496,0.027533888816833496,0.005242175422608852
sac_pickcube_20261007T124123_37b693e5,PickCube-v1,sac,policy_gradient_steps,220000,225000,policy_q_min_mean,all_update_events_exact_quantiles,5000,0,3.6309305298805237,3.631174683570862,3.698988449573517,3.72522652387619,3.486978054046631,3.782268524169922,3.782268524169922,3.5747148990631104
sac_pickcube_20261007T124123_37b693e5,PickCube-v1,sac,policy_gradient_steps,220000,225000,alpha,all_update_events_exact_quantiles,5000,0,0.015535905919410288,0.015529511962085962,0.015644250437617302,0.015680499393492937,0.01538153924047947,0.015704579651355743,0.015704579651355743,0.015623293817043304
sac_pickcube_20261007T124123_37b693e5,PickCube-v1,sac,policy_gradient_steps,220000,225000,alpha_loss,all_update_events_exact_quantiles,5000,0,-1.3400680691120216e-06,-4.4994449126534164e-05,0.002565704402513803,0.003613216206431389,-0.005787064787000418,0.00620283093303442,0.00620283093303442,0.002308892086148262
sac_pickcube_20261007T124123_37b693e5,PickCube-v1,sac,policy_gradient_steps,220000,225000,entropy_estimate,all_update_events_exact_quantiles,5000,0,-4.000124335670471,-4.002902507781982,-3.8346996903419495,-3.7680746579170226,-4.373898506164551,-3.6016786098480225,4.373898506164551,-3.8522276878356934
sac_pickcube_20261007T124123_37b693e5,PickCube-v1,sac,real_env_steps,450000,460000,actor_loss,all_update_events_exact_quantiles,5008,0,-3.5735806156271184,-3.5743602514266968,-3.5050368428230287,-3.4798756361007688,-3.7158865928649902,-3.4292826652526855,3.7158865928649902,-3.58504056930542
sac_pickcube_20261007T124123_37b693e5,PickCube-v1,sac,real_env_steps,450000,460000,critic_loss,all_update_events_exact_quantiles,5008,0,0.0062333007509832805,0.005818390985950828,0.009495325479656456,0.01384525336325169,0.003191225463524461,0.021311629563570023,0.021311629563570023,0.005932604894042015
sac_pickcube_20261007T124123_37b693e5,PickCube-v1,sac,real_env_steps,450000,460000,policy_q_min_mean,all_update_events_exact_quantiles,5008,0,3.636270270465662,3.6367342472076416,3.7039141416549684,3.7344887137413028,3.486978054046631,3.782268524169922,3.782268524169922,3.649258613586426
sac_pickcube_20261007T124123_37b693e5,PickCube-v1,sac,real_env_steps,450000,460000,alpha,all_update_events_exact_quantiles,5008,0,0.015667115936774355,0.015648504719138145,0.015891113970428705,0.01591745525598526,0.01538153924047947,0.015942014753818512,0.015942014753818512,0.01582453027367592
sac_pickcube_20261007T124123_37b693e5,PickCube-v1,sac,real_env_steps,450000,460000,alpha_loss,all_update_events_exact_quantiles,5008,0,-2.145581515179538e-05,-5.3061630751471967e-05,0.002591341617517172,0.0036997029650956393,-0.005718529224395752,0.00620283093303442,0.00620283093303442,-0.0009154440485872328
sac_pickcube_20261007T124123_37b693e5,PickCube-v1,sac,real_env_steps,450000,460000,entropy_estimate,all_update_events_exact_quantiles,5008,0,-4.0014142504515355,-4.003389835357666,-3.83397513628006,-3.764680542945862,-4.364520072937012,-3.6016786098480225,4.364520072937012,-4.0578460693359375
sac_pickcube_20261007T124123_37b693e5,PickCube-v1,sac,policy_gradient_steps,225000,230000,actor_loss,all_update_events_exact_quantiles,5000,0,-3.5760657824516295,-3.5763471126556396,-3.507371664047241,-3.482855513095856,-3.719322681427002,-3.4435980319976807,3.719322681427002,-3.489625930786133
sac_pickcube_20261007T124123_37b693e5,PickCube-v1,sac,policy_gradient_steps,225000,230000,critic_loss,all_update_events_exact_quantiles,5000,0,0.006260557322856039,0.005838536424562335,0.009497555438429117,0.0138266434147954,0.003191225463524461,0.021311629563570023,0.021311629563570023,0.005772486329078674
sac_pickcube_20261007T124123_37b693e5,PickCube-v1,sac,policy_gradient_steps,225000,230000,policy_q_min_mean,all_update_events_exact_quantiles,5000,0,3.6392435306072235,3.639702081680298,3.7074931859970093,3.735968499183655,3.5025644302368164,3.7859768867492676,3.7859768867492676,3.552039861679077
sac_pickcube_20261007T124123_37b693e5,PickCube-v1,sac,policy_gradient_steps,225000,230000,alpha,all_update_events_exact_quantiles,5000,0,0.015792366982623936,0.015791455283761024,0.0160443970002234,0.016075454875826834,0.015515563078224659,0.016092350706458092,0.016092350706458092,0.015742864459753036
sac_pickcube_20261007T124123_37b693e5,PickCube-v1,sac,policy_gradient_steps,225000,230000,alpha_loss,all_update_events_exact_quantiles,5000,0,-8.37860875762999e-06,-1.1822441592812538e-05,0.0025805216864682734,0.0036725740437395875,-0.005718529224395752,0.0060126883909106255,0.0060126883909106255,0.0005643238546326756
sac_pickcube_20261007T124123_37b693e5,PickCube-v1,sac,policy_gradient_steps,225000,230000,entropy_estimate,all_update_events_exact_quantiles,5000,0,-4.000577762174606,-4.000742435455322,-3.8362478017807007,-3.767874221801758,-4.364520072937012,-3.6206884384155273,4.364520072937012,-3.9641575813293457
sac_pickcube_20261007T124123_37b693e5,PickCube-v1,sac,real_env_steps,460000,470000,actor_loss,all_update_events_exact_quantiles,4992,0,-3.5800110644254928,-3.580014705657959,-3.512120079994202,-3.4857724833488466,-3.719322681427002,-3.4386963844299316,3.719322681427002,-3.5963754653930664
sac_pickcube_20261007T124123_37b693e5,PickCube-v1,sac,real_env_steps,460000,470000,critic_loss,all_update_events_exact_quantiles,4992,0,0.006263792421379595,0.005838090553879738,0.009534133877605197,0.013972788285464057,0.003582282457500696,0.01902111805975437,0.01902111805975437,0.006661612074822187
sac_pickcube_20261007T124123_37b693e5,PickCube-v1,sac,real_env_steps,460000,470000,policy_q_min_mean,all_update_events_exact_quantiles,4992,0,3.6436887430743528,3.6437063217163086,3.711955428123474,3.7381042981147767,3.499039649963379,3.7859768867492676,3.7859768867492676,3.659489393234253
sac_pickcube_20261007T124123_37b693e5,PickCube-v1,sac,real_env_steps,460000,470000,alpha,all_update_events_exact_quantiles,4992,0,0.015916917180546965,0.015930945985019207,0.0160645117983222,0.016085355281829833,0.01566973701119423,0.016095012426376343,0.016095012426376343,0.01596744731068611
sac_pickcube_20261007T124123_37b693e5,PickCube-v1,sac,real_env_steps,460000,470000,alpha_loss,all_update_events_exact_quantiles,4992,0,-1.0123819995792124e-05,5.796609912067652e-06,0.0025802418938837943,0.003658390543423595,-0.00573332142084837,0.005637196358293295,0.00573332142084837,0.0007599603268317878
sac_pickcube_20261007T124123_37b693e5,PickCube-v1,sac,real_env_steps,460000,470000,entropy_estimate,all_update_events_exact_quantiles,4992,0,-4.000676793356736,-3.999637484550476,-3.8381478428840636,-3.772284593582153,-4.360788345336914,-3.6485977172851562,4.360788345336914,-3.9524083137512207
sac_pickcube_20261007T124123_37b693e5,PickCube-v1,sac,policy_gradient_steps,230000,235000,actor_loss,all_update_events_exact_quantiles,5000,0,-3.58295829744339,-3.5840818881988525,-3.5162855863571165,-3.4864917159080506,-3.7076802253723145,-3.4370460510253906,3.7076802253723145,-3.567385673522949
sac_pickcube_20261007T124123_37b693e5,PickCube-v1,sac,policy_gradient_steps,230000,235000,critic_loss,all_update_events_exact_quantiles,5000,0,0.006248601134121418,0.005823866697028279,0.009423438785597683,0.014148983666673314,0.003582282457500696,0.02112641930580139,0.02112641930580139,0.006913824938237667
sac_pickcube_20261007T124123_37b693e5,PickCube-v1,sac,policy_gradient_steps,230000,235000,policy_q_min_mean,all_update_events_exact_quantiles,5000,0,3.646795126724243,3.6478638648986816,3.715604639053345,3.7405129408836366,3.499039649963379,3.774590015411377,3.774590015411377,3.6311652660369873
sac_pickcube_20261007T124123_37b693e5,PickCube-v1,sac,policy_gradient_steps,230000,235000,alpha,all_update_events_exact_quantiles,5000,0,0.015953708611801266,0.015957864932715893,0.01606082348152995,0.016088346485048532,0.01574196293950081,0.016095012426376343,0.016095012426376343,0.01605284959077835
sac_pickcube_20261007T124123_37b693e5,PickCube-v1,sac,policy_gradient_steps,230000,235000,alpha_loss,all_update_events_exact_quantiles,5000,0,-2.2241524832497817e-05,-3.2100360840559006e-05,0.0026570008834823967,0.003737574894912543,-0.00573332142084837,0.005637196358293295,0.00573332142084837,0.00042947448673658073
sac_pickcube_20261007T124123_37b693e5,PickCube-v1,sac,policy_gradient_steps,230000,235000,entropy_estimate,all_update_events_exact_quantiles,5000,0,-4.001438972091675,-4.002026319503784,-3.8336377501487733,-3.7658599281311034,-4.360788345336914,-3.6485977172851562,4.360788345336914,-3.97324538230896
sac_pickcube_20261007T124123_37b693e5,PickCube-v1,sac,real_env_steps,470000,480000,actor_loss,all_update_events_exact_quantiles,5008,0,-3.5884769571284516,-3.588551163673401,-3.521282982826233,-3.49498322725296,-3.7301459312438965,-3.4318320751190186,3.7301459312438965,-3.58315372467041
sac_pickcube_20261007T124123_37b693e5,PickCube-v1,sac,real_env_steps,470000,480000,critic_loss,all_update_events_exact_quantiles,5008,0,0.006271773433160653,0.005846724146977067,0.009502985607832666,0.014099759189412,0.0034874440170824528,0.024087481200695038,0.024087481200695038,0.006624668836593628
sac_pickcube_20261007T124123_37b693e5,PickCube-v1,sac,real_env_steps,470000,480000,policy_q_min_mean,all_update_events_exact_quantiles,5008,0,3.652610123681184,3.6527270078659058,3.719793736934662,3.7518252086639405,3.4910953044891357,3.7980470657348633,3.7980470657348633,3.6488265991210938
sac_pickcube_20261007T124123_37b693e5,PickCube-v1,sac,real_env_steps,470000,480000,alpha,all_update_events_exact_quantiles,5008,0,0.016030240827760757,0.016013719141483307,0.01621817173436284,0.016255381591618063,0.01583760417997837,0.016288161277770996,0.016288161277770996,0.016149073839187622
sac_pickcube_20261007T124123_37b693e5,PickCube-v1,sac,real_env_steps,470000,480000,alpha_loss,all_update_events_exact_quantiles,5008,0,-1.2347208151283984e-05,-5.201007297728211e-06,0.002689053874928504,0.0037842768849805017,-0.006234793458133936,0.005494977347552776,0.006234793458133936,-0.0010788299841806293
sac_pickcube_20261007T124123_37b693e5,PickCube-v1,sac,real_env_steps,470000,480000,entropy_estimate,all_update_events_exact_quantiles,5008,0,-4.000811076107117,-4.000324487686157,-3.8318031549453737,-3.7632677602767943,-4.384119033813477,-3.6605851650238037,4.384119033813477,-4.066806793212891
sac_pickcube_20261007T124123_37b693e5,PickCube-v1,sac,policy_gradient_steps,235000,240000,actor_loss,all_update_events_exact_quantiles,5000,0,-3.592177652597427,-3.591558814048767,-3.5237652897834777,-3.4985263037681578,-3.731300115585327,-3.4318320751190186,3.731300115585327,-3.6769728660583496
sac_pickcube_20261007T124123_37b693e5,PickCube-v1,sac,policy_gradient_steps,235000,240000,critic_loss,all_update_events_exact_quantiles,5000,0,0.006273212852049619,0.005848039174452424,0.009446627646684648,0.014238719977438459,0.003452844452112913,0.024087481200695038,0.024087481200695038,0.005043742246925831
sac_pickcube_20261007T124123_37b693e5,PickCube-v1,sac,policy_gradient_steps,235000,240000,policy_q_min_mean,all_update_events_exact_quantiles,5000,0,3.6566805644512175,3.655839204788208,3.7259721994400024,3.753485682010651,3.4910953044891357,3.7995142936706543,3.7995142936706543,3.7462172508239746
sac_pickcube_20261007T124123_37b693e5,PickCube-v1,sac,policy_gradient_steps,235000,240000,alpha,all_update_events_exact_quantiles,5000,0,0.016124766483530402,0.016129556111991405,0.016299133468419314,0.016365652438253164,0.015840724110603333,0.01638057455420494,0.01638057455420494,0.016089649870991707
sac_pickcube_20261007T124123_37b693e5,PickCube-v1,sac,policy_gradient_steps,235000,240000,alpha_loss,all_update_events_exact_quantiles,5000,0,-3.87537758651888e-06,2.193654654547572e-05,0.0027324899449013176,0.0038608904788270592,-0.006234793458133936,0.005494977347552776,0.006234793458133936,-0.004902603104710579
sac_pickcube_20261007T124123_37b693e5,PickCube-v1,sac,policy_gradient_steps,235000,240000,entropy_estimate,all_update_events_exact_quantiles,5000,0,-4.000284381055832,-3.9986265897750854,-3.8308010816574094,-3.7614545488357543,-4.384119033813477,-3.6605851650238037,4.384119033813477,-4.304784774780273
sac_pickcube_20261007T124123_37b693e5,PickCube-v1,sac,real_env_steps,480000,490000,actor_loss,all_update_events_exact_quantiles,4992,0,-3.5978214720216317,-3.597135901451111,-3.5305992484092714,-3.5003261733055115,-3.7436490058898926,-3.4507579803466797,3.7436490058898926,-3.5793275833129883
sac_pickcube_20261007T124123_37b693e5,PickCube-v1,sac,real_env_steps,480000,490000,critic_loss,all_update_events_exact_quantiles,4992,0,0.006295930653486255,0.005882566561922431,0.009439205937087533,0.01443221813067795,0.003452844452112913,0.027804721146821976,0.027804721146821976,0.004365197382867336
sac_pickcube_20261007T124123_37b693e5,PickCube-v1,sac,real_env_steps,480000,490000,policy_q_min_mean,all_update_events_exact_quantiles,4992,0,3.662639877305199,3.6617941856384277,3.7317084312438964,3.7592569899559023,3.5140397548675537,3.8120651245117188,3.8120651245117188,3.6440675258636475
sac_pickcube_20261007T124123_37b693e5,PickCube-v1,sac,real_env_steps,480000,490000,alpha,all_update_events_exact_quantiles,4992,0,0.016201583527547952,0.0161921214312315,0.016334650013595818,0.016368188019841908,0.01604033261537552,0.01638057455420494,0.01638057455420494,0.016336876899003983
sac_pickcube_20261007T124123_37b693e5,PickCube-v1,sac,real_env_steps,480000,490000,alpha_loss,all_update_events_exact_quantiles,4992,0,-1.222649350861269e-05,4.8291985876858234e-06,0.002634776290506124,0.0037963537476025547,-0.006009650882333517,0.006430787965655327,0.006430787965655327,0.0006088244263082743
sac_pickcube_20261007T124123_37b693e5,PickCube-v1,sac,real_env_steps,480000,490000,entropy_estimate,all_update_events_exact_quantiles,4992,0,-4.000791109047639,-3.9997018575668335,-3.838084948062897,-3.764939966201782,-4.370083808898926,-3.601701259613037,4.370083808898926,-3.9627342224121094
sac_pickcube_20261007T124123_37b693e5,PickCube-v1,sac,policy_gradient_steps,240000,245000,actor_loss,all_update_events_exact_quantiles,5000,0,-3.6013911700725556,-3.600762724876404,-3.5338927507400513,-3.5040585088729856,-3.7618112564086914,-3.4507579803466797,3.7618112564086914,-3.533661365509033
sac_pickcube_20261007T124123_37b693e5,PickCube-v1,sac,policy_gradient_steps,240000,245000,critic_loss,all_update_events_exact_quantiles,5000,0,0.0063369196231011305,0.005905082682147622,0.00959575860761106,0.014278234830126166,0.0034949947148561478,0.03174610435962677,0.03174610435962677,0.005247557535767555
sac_pickcube_20261007T124123_37b693e5,PickCube-v1,sac,policy_gradient_steps,240000,245000,policy_q_min_mean,all_update_events_exact_quantiles,5000,0,3.6663588153839113,3.665477991104126,3.7353665351867678,3.7660820627212526,3.5140397548675537,3.8292016983032227,3.8292016983032227,3.5965511798858643
sac_pickcube_20261007T124123_37b693e5,PickCube-v1,sac,policy_gradient_steps,240000,245000,alpha,all_update_events_exact_quantiles,5000,0,0.016239071875065566,0.01623675785958767,0.016356148663908242,0.016399971544742584,0.016087502241134644,0.016419997438788414,0.016419997438788414,0.016279790550470352
sac_pickcube_20261007T124123_37b693e5,PickCube-v1,sac,policy_gradient_steps,240000,245000,alpha_loss,all_update_events_exact_quantiles,5000,0,-1.1513782523979898e-05,8.368515409529209e-06,0.0026460465393029152,0.003812207889277493,-0.006009650882333517,0.006430787965655327,0.006430787965655327,0.002223497722297907
sac_pickcube_20261007T124123_37b693e5,PickCube-v1,sac,policy_gradient_steps,240000,245000,entropy_estimate,all_update_events_exact_quantiles,5000,0,-4.000747506856919,-3.9994853734970093,-3.837287485599518,-3.765009317398071,-4.370083808898926,-3.601701259613037,4.370083808898926,-3.8634071350097656
sac_pickcube_20261007T124123_37b693e5,PickCube-v1,sac,real_env_steps,490000,500000,actor_loss,all_update_events_exact_quantiles,5008,0,-3.6078331638068057,-3.608065605163574,-3.539326083660126,-3.513919858932495,-3.7618112564086914,-3.469761848449707,3.7618112564086914,-3.5632026195526123
sac_pickcube_20261007T124123_37b693e5,PickCube-v1,sac,real_env_steps,490000,500000,critic_loss,all_update_events_exact_quantiles,5008,0,0.006349107000957088,0.00587632367387414,0.009569146484136582,0.015032693129032862,0.0033599152229726315,0.032466378062963486,0.032466378062963486,0.008246278390288353
sac_pickcube_20261007T124123_37b693e5,PickCube-v1,sac,real_env_steps,490000,500000,policy_q_min_mean,all_update_events_exact_quantiles,5008,0,3.6729063659239882,3.673060417175293,3.742407810688019,3.7686169362068176,3.532533884048462,3.8292016983032227,3.8292016983032227,3.6268155574798584
sac_pickcube_20261007T124123_37b693e5,PickCube-v1,sac,real_env_steps,490000,500000,alpha,all_update_events_exact_quantiles,5008,0,0.016269608819187757,0.01627221703529358,0.016383168566972018,0.016421374715864658,0.01609569601714611,0.016459805890917778,0.016459805890917778,0.01623925007879734
sac_pickcube_20261007T124123_37b693e5,PickCube-v1,sac,real_env_steps,490000,500000,alpha_loss,all_update_events_exact_quantiles,5008,0,5.3119826593312915e-06,-1.2985547073185444e-06,0.002719843387603759,0.0038981573376804597,-0.006000623106956482,0.006198626011610031,0.006198626011610031,0.001340409042313695
sac_pickcube_20261007T124123_37b693e5,PickCube-v1,sac,real_env_steps,490000,500000,entropy_estimate,all_update_events_exact_quantiles,5008,0,-3.9997152510447243,-4.00007963180542,-3.8326460003852847,-3.7599187684059143,-4.369943141937256,-3.621589183807373,4.369943141937256,-3.917454242706299
sac_pickcube_20261007T124123_37b693e5,PickCube-v1,sac,policy_gradient_steps,245000,250000,actor_loss,all_update_events_exact_quantiles,3016,0,-3.6103267272049933,-3.6105220317840576,-3.541615843772888,-3.515249800682068,-3.7338171005249023,-3.4931135177612305,3.7338171005249023,-3.5632026195526123
sac_pickcube_20261007T124123_37b693e5,PickCube-v1,sac,policy_gradient_steps,245000,250000,critic_loss,all_update_events_exact_quantiles,3016,0,0.006368147052573756,0.005864302162081003,0.009632204659283161,0.015358664840459812,0.0033599152229726315,0.032466378062963486,0.032466378062963486,0.008246278390288353
sac_pickcube_20261007T124123_37b693e5,PickCube-v1,sac,policy_gradient_steps,245000,250000,policy_q_min_mean,all_update_events_exact_quantiles,3016,0,3.6753475954583217,3.675717830657959,3.7439996004104614,3.7686071515083315,3.5565826892852783,3.80206298828125,3.80206298828125,3.6268155574798584
sac_pickcube_20261007T124123_37b693e5,PickCube-v1,sac,policy_gradient_steps,245000,250000,alpha,all_update_events_exact_quantiles,3016,0,0.016256353501057554,0.01625072304159403,0.016382710076868534,0.0164256333373487,0.01609569601714611,0.016459805890917778,0.016459805890917778,0.01623925007879734
sac_pickcube_20261007T124123_37b693e5,PickCube-v1,sac,policy_gradient_steps,245000,250000,alpha_loss,all_update_events_exact_quantiles,3016,0,4.6013139113175514e-06,-1.5691242879256606e-05,0.002717843046411872,0.003907117061316966,-0.006000623106956482,0.005848259665071964,0.006000623106956482,0.001340409042313695
sac_pickcube_20261007T124123_37b693e5,PickCube-v1,sac,policy_gradient_steps,245000,250000,entropy_estimate,all_update_events_exact_quantiles,3016,0,-3.9997599207912264,-4.00096321105957,-3.833244264125824,-3.758977735042572,-4.369943141937256,-3.637197494506836,4.369943141937256,-3.917454242706299
sac_pickcube_20261007T124123_37b693e5,PickCube-v1,sac,real_env_steps,0,10000,train_episode/episode_return,raw_finished_episodes,192,0,2.2955554200868904,2.2255037664435804,3.9225329173728825,4.971537398174405,0.4497569273225963,5.811012607067823,5.811012607067823,3.455843634903431
sac_pickcube_20261007T124123_37b693e5,PickCube-v1,sac,real_env_steps,0,10000,train_episode/episode_length,raw_finished_episodes,192,0,50.0,50.0,50.0,50.0,50.0,50.0,50.0,50.0
sac_pickcube_20261007T124123_37b693e5,PickCube-v1,sac,real_env_steps,0,10000,train_episode/success_once,raw_finished_episodes,192,0,0.0,0.0,0.0,0.0,0.0,0.0,0.0,0.0
sac_pickcube_20261007T124123_37b693e5,PickCube-v1,sac,real_env_steps,0,10000,train_episode/success_at_end,raw_finished_episodes,192,0,0.0,0.0,0.0,0.0,0.0,0.0,0.0,0.0
sac_pickcube_20261007T124123_37b693e5,PickCube-v1,sac,real_env_steps,10000,20000,train_episode/episode_return,raw_finished_episodes,192,0,2.7021291981198394,2.618863347917795,4.511320726759732,5.077939092032612,0.5599489687010646,5.435352683067322,5.435352683067322,2.1206679213792086
sac_pickcube_20261007T124123_37b693e5,PickCube-v1,sac,real_env_steps,10000,20000,train_episode/episode_length,raw_finished_episodes,192,0,50.0,50.0,50.0,50.0,50.0,50.0,50.0,50.0
sac_pickcube_20261007T124123_37b693e5,PickCube-v1,sac,real_env_steps,10000,20000,train_episode/success_once,raw_finished_episodes,192,0,0.0,0.0,0.0,0.0,0.0,0.0,0.0,0.0
sac_pickcube_20261007T124123_37b693e5,PickCube-v1,sac,real_env_steps,10000,20000,train_episode/success_at_end,raw_finished_episodes,192,0,0.0,0.0,0.0,0.0,0.0,0.0,0.0,0.0
sac_pickcube_20261007T124123_37b693e5,PickCube-v1,sac,real_env_steps,20000,30000,train_episode/episode_return,raw_finished_episodes,192,0,4.2538952069038,4.442805822938681,6.11864107362926,6.46086933463812,0.844807852525264,7.206435810774565,7.206435810774565,5.1789568811655045
sac_pickcube_20261007T124123_37b693e5,PickCube-v1,sac,real_env_steps,20000,30000,train_episode/episode_length,raw_finished_episodes,192,0,50.0,50.0,50.0,50.0,50.0,50.0,50.0,50.0
sac_pickcube_20261007T124123_37b693e5,PickCube-v1,sac,real_env_steps,20000,30000,train_episode/success_once,raw_finished_episodes,192,0,0.0,0.0,0.0,0.0,0.0,0.0,0.0,0.0
sac_pickcube_20261007T124123_37b693e5,PickCube-v1,sac,real_env_steps,20000,30000,train_episode/success_at_end,raw_finished_episodes,192,0,0.0,0.0,0.0,0.0,0.0,0.0,0.0,0.0
sac_pickcube_20261007T124123_37b693e5,PickCube-v1,sac,real_env_steps,30000,40000,train_episode/episode_return,raw_finished_episodes,224,0,6.026081844771938,5.975199159234762,7.760409253835677,15.62756261054427,0.6185813631778458,19.272269420325756,19.272269420325756,9.918470742180943
sac_pickcube_20261007T124123_37b693e5,PickCube-v1,sac,real_env_steps,30000,40000,train_episode/episode_length,raw_finished_episodes,224,0,50.0,50.0,50.0,50.0,50.0,50.0,50.0,50.0
sac_pickcube_20261007T124123_37b693e5,PickCube-v1,sac,real_env_steps,30000,40000,train_episode/success_once,raw_finished_episodes,224,0,0.0,0.0,0.0,0.0,0.0,0.0,0.0,0.0
sac_pickcube_20261007T124123_37b693e5,PickCube-v1,sac,real_env_steps,30000,40000,train_episode/success_at_end,raw_finished_episodes,224,0,0.0,0.0,0.0,0.0,0.0,0.0,0.0,0.0
sac_pickcube_20261007T124123_37b693e5,PickCube-v1,sac,real_env_steps,40000,50000,train_episode/episode_return,raw_finished_episodes,192,0,10.525423344520844,7.437684329226613,19.014466109871865,19.46768571086228,1.9886264483202813,19.802307680249214,19.802307680249214,4.575037728995085
sac_pickcube_20261007T124123_37b693e5,PickCube-v1,sac,real_env_steps,40000,50000,train_episode/episode_length,raw_finished_episodes,192,0,50.0,50.0,50.0,50.0,50.0,50.0,50.0,50.0
sac_pickcube_20261007T124123_37b693e5,PickCube-v1,sac,real_env_steps,40000,50000,train_episode/success_once,raw_finished_episodes,192,0,0.0,0.0,0.0,0.0,0.0,0.0,0.0,0.0
sac_pickcube_20261007T124123_37b693e5,PickCube-v1,sac,real_env_steps,40000,50000,train_episode/success_at_end,raw_finished_episodes,192,0,0.0,0.0,0.0,0.0,0.0,0.0,0.0,0.0
sac_pickcube_20261007T124123_37b693e5,PickCube-v1,sac,real_env_steps,50000,60000,train_episode/episode_return,raw_finished_episodes,192,0,18.117258537836886,18.857436910271645,19.903398652374744,20.169965582564473,3.6937541887164116,20.648295983672142,20.648295983672142,18.252388074994087
sac_pickcube_20261007T124123_37b693e5,PickCube-v1,sac,real_env_steps,50000,60000,train_episode/episode_length,raw_finished_episodes,192,0,50.0,50.0,50.0,50.0,50.0,50.0,50.0,50.0
sac_pickcube_20261007T124123_37b693e5,PickCube-v1,sac,real_env_steps,50000,60000,train_episode/success_once,raw_finished_episodes,192,0,0.0,0.0,0.0,0.0,0.0,0.0,0.0,0.0
sac_pickcube_20261007T124123_37b693e5,PickCube-v1,sac,real_env_steps,50000,60000,train_episode/success_at_end,raw_finished_episodes,192,0,0.0,0.0,0.0,0.0,0.0,0.0,0.0,0.0
sac_pickcube_20261007T124123_37b693e5,PickCube-v1,sac,real_env_steps,60000,70000,train_episode/episode_return,raw_finished_episodes,192,0,19.34573348951623,19.26955897733569,22.103864460997283,23.630104582682254,6.120920677669346,24.841881915926933,24.841881915926933,19.265571780502796
sac_pickcube_20261007T124123_37b693e5,PickCube-v1,sac,real_env_steps,60000,70000,train_episode/episode_length,raw_finished_episodes,192,0,50.0,50.0,50.0,50.0,50.0,50.0,50.0,50.0
sac_pickcube_20261007T124123_37b693e5,PickCube-v1,sac,real_env_steps,60000,70000,train_episode/success_once,raw_finished_episodes,192,0,0.0,0.0,0.0,0.0,0.0,0.0,0.0,0.0
sac_pickcube_20261007T124123_37b693e5,PickCube-v1,sac,real_env_steps,60000,70000,train_episode/success_at_end,raw_finished_episodes,192,0,0.0,0.0,0.0,0.0,0.0,0.0,0.0,0.0
sac_pickcube_20261007T124123_37b693e5,PickCube-v1,sac,real_env_steps,70000,80000,train_episode/episode_return,raw_finished_episodes,224,0,20.379916049149205,20.252984009683132,24.623860934749246,25.380251138135794,6.75163566459014,25.86718726158142,25.86718726158142,22.158272191882133
sac_pickcube_20261007T124123_37b693e5,PickCube-v1,sac,real_env_steps,70000,80000,train_episode/episode_length,raw_finished_episodes,224,0,50.0,50.0,50.0,50.0,50.0,50.0,50.0,50.0
sac_pickcube_20261007T124123_37b693e5,PickCube-v1,sac,real_env_steps,70000,80000,train_episode/success_once,raw_finished_episodes,224,0,0.0,0.0,0.0,0.0,0.0,0.0,0.0,0.0
sac_pickcube_20261007T124123_37b693e5,PickCube-v1,sac,real_env_steps,70000,80000,train_episode/success_at_end,raw_finished_episodes,224,0,0.0,0.0,0.0,0.0,0.0,0.0,0.0,0.0
sac_pickcube_20261007T124123_37b693e5,PickCube-v1,sac,real_env_steps,80000,90000,train_episode/episode_return,raw_finished_episodes,192,0,21.36515648519465,21.215524397790432,25.44961106851697,26.69178608581424,6.754669521003962,32.489631950855255,32.489631950855255,19.61228922754526
sac_pickcube_20261007T124123_37b693e5,PickCube-v1,sac,real_env_steps,80000,90000,train_episode/episode_length,raw_finished_episodes,192,0,50.0,50.0,50.0,50.0,50.0,50.0,50.0,50.0
sac_pickcube_20261007T124123_37b693e5,PickCube-v1,sac,real_env_steps,80000,90000,train_episode/success_once,raw_finished_episodes,192,0,0.03125,0.0,0.0,1.0,0.0,1.0,1.0,0.0
sac_pickcube_20261007T124123_37b693e5,PickCube-v1,sac,real_env_steps,80000,90000,train_episode/success_at_end,raw_finished_episodes,192,0,0.005208333333333333,0.0,0.0,0.0,0.0,1.0,1.0,0.0
sac_pickcube_20261007T124123_37b693e5,PickCube-v1,sac,real_env_steps,90000,100000,train_episode/episode_return,raw_finished_episodes,192,0,22.228435393442243,22.288220085203648,26.166513393074272,27.827640940062704,2.5532852606847882,30.602845557034016,30.602845557034016,2.5532852606847882
sac_pickcube_20261007T124123_37b693e5,PickCube-v1,sac,real_env_steps,90000,100000,train_episode/episode_length,raw_finished_episodes,192,0,50.0,50.0,50.0,50.0,50.0,50.0,50.0,50.0
sac_pickcube_20261007T124123_37b693e5,PickCube-v1,sac,real_env_steps,90000,100000,train_episode/success_once,raw_finished_episodes,192,0,0.052083333333333336,0.0,0.44999999999998863,1.0,0.0,1.0,1.0,0.0
sac_pickcube_20261007T124123_37b693e5,PickCube-v1,sac,real_env_steps,90000,100000,train_episode/success_at_end,raw_finished_episodes,192,0,0.0,0.0,0.0,0.0,0.0,0.0,0.0,0.0
sac_pickcube_20261007T124123_37b693e5,PickCube-v1,sac,real_env_steps,100000,110000,train_episode/episode_return,raw_finished_episodes,192,0,22.829833671819262,22.544320849701762,27.4954252436757,31.47482899464667,8.224600810557604,34.362048134207726,34.362048134207726,20.320813693106174
sac_pickcube_20261007T124123_37b693e5,PickCube-v1,sac,real_env_steps,100000,110000,train_episode/episode_length,raw_finished_episodes,192,0,50.0,50.0,50.0,50.0,50.0,50.0,50.0,50.0
sac_pickcube_20261007T124123_37b693e5,PickCube-v1,sac,real_env_steps,100000,110000,train_episode/success_once,raw_finished_episodes,192,0,0.09375,0.0,1.0,1.0,0.0,1.0,1.0,0.0
sac_pickcube_20261007T124123_37b693e5,PickCube-v1,sac,real_env_steps,100000,110000,train_episode/success_at_end,raw_finished_episodes,192,0,0.026041666666666668,0.0,0.0,1.0,0.0,1.0,1.0,0.0
sac_pickcube_20261007T124123_37b693e5,PickCube-v1,sac,real_env_steps,110000,120000,train_episode/episode_return,raw_finished_episodes,224,0,23.79992401490646,23.646396132186055,32.177357675507665,34.39126413464546,5.719817952252924,36.19026454538107,36.19026454538107,34.01498356461525
sac_pickcube_20261007T124123_37b693e5,PickCube-v1,sac,real_env_steps,110000,120000,train_episode/episode_length,raw_finished_episodes,224,0,50.0,50.0,50.0,50.0,50.0,50.0,50.0,50.0
sac_pickcube_20261007T124123_37b693e5,PickCube-v1,sac,real_env_steps,110000,120000,train_episode/success_once,raw_finished_episodes,224,0,0.1875,0.0,1.0,1.0,0.0,1.0,1.0,1.0
sac_pickcube_20261007T124123_37b693e5,PickCube-v1,sac,real_env_steps,110000,120000,train_episode/success_at_end,raw_finished_episodes,224,0,0.044642857142857144,0.0,0.0,1.0,0.0,1.0,1.0,0.0
sac_pickcube_20261007T124123_37b693e5,PickCube-v1,sac,real_env_steps,120000,130000,train_episode/episode_return,raw_finished_episodes,192,0,25.750751325602746,24.87132977321744,37.192099605873224,40.51171295441687,4.74532249461555,43.03582443296909,43.03582443296909,26.791290186345577
sac_pickcube_20261007T124123_37b693e5,PickCube-v1,sac,real_env_steps,120000,130000,train_episode/episode_length,raw_finished_episodes,192,0,50.0,50.0,50.0,50.0,50.0,50.0,50.0,50.0
sac_pickcube_20261007T124123_37b693e5,PickCube-v1,sac,real_env_steps,120000,130000,train_episode/success_once,raw_finished_episodes,192,0,0.328125,0.0,1.0,1.0,0.0,1.0,1.0,1.0
sac_pickcube_20261007T124123_37b693e5,PickCube-v1,sac,real_env_steps,120000,130000,train_episode/success_at_end,raw_finished_episodes,192,0,0.125,0.0,1.0,1.0,0.0,1.0,1.0,0.0
sac_pickcube_20261007T124123_37b693e5,PickCube-v1,sac,real_env_steps,130000,140000,train_episode/episode_return,raw_finished_episodes,192,0,33.234709036109656,34.36942623928189,43.005281044542784,43.858669632002716,7.281185418367386,44.24315398558974,44.24315398558974,40.13382242619991
sac_pickcube_20261007T124123_37b693e5,PickCube-v1,sac,real_env_steps,130000,140000,train_episode/episode_length,raw_finished_episodes,192,0,50.0,50.0,50.0,50.0,50.0,50.0,50.0,50.0
sac_pickcube_20261007T124123_37b693e5,PickCube-v1,sac,real_env_steps,130000,140000,train_episode/success_once,raw_finished_episodes,192,0,0.8125,1.0,1.0,1.0,0.0,1.0,1.0,1.0
sac_pickcube_20261007T124123_37b693e5,PickCube-v1,sac,real_env_steps,130000,140000,train_episode/success_at_end,raw_finished_episodes,192,0,0.5364583333333334,1.0,1.0,1.0,0.0,1.0,1.0,1.0
sac_pickcube_20261007T124123_37b693e5,PickCube-v1,sac,real_env_steps,140000,150000,train_episode/episode_return,raw_finished_episodes,192,0,38.863176854109646,41.96819579228759,44.227257183939216,44.93305805400014,5.337460713577457,45.63961350917816,45.63961350917816,36.138486839830875
sac_pickcube_20261007T124123_37b693e5,PickCube-v1,sac,real_env_steps,140000,150000,train_episode/episode_length,raw_finished_episodes,192,0,50.0,50.0,50.0,50.0,50.0,50.0,50.0,50.0
sac_pickcube_20261007T124123_37b693e5,PickCube-v1,sac,real_env_steps,140000,150000,train_episode/success_once,raw_finished_episodes,192,0,0.9427083333333334,1.0,1.0,1.0,0.0,1.0,1.0,1.0
sac_pickcube_20261007T124123_37b693e5,PickCube-v1,sac,real_env_steps,140000,150000,train_episode/success_at_end,raw_finished_episodes,192,0,0.84375,1.0,1.0,1.0,0.0,1.0,1.0,1.0
sac_pickcube_20261007T124123_37b693e5,PickCube-v1,sac,real_env_steps,150000,160000,train_episode/episode_return,raw_finished_episodes,224,0,42.292744468082674,42.908132284879684,44.89300415106118,45.520369928255676,22.34093077480793,45.6512600928545,45.6512600928545,43.55176454782486
sac_pickcube_20261007T124123_37b693e5,PickCube-v1,sac,real_env_steps,150000,160000,train_episode/episode_length,raw_finished_episodes,224,0,50.0,50.0,50.0,50.0,50.0,50.0,50.0,50.0
sac_pickcube_20261007T124123_37b693e5,PickCube-v1,sac,real_env_steps,150000,160000,train_episode/success_once,raw_finished_episodes,224,0,0.9955357142857143,1.0,1.0,1.0,0.0,1.0,1.0,1.0
sac_pickcube_20261007T124123_37b693e5,PickCube-v1,sac,real_env_steps,150000,160000,train_episode/success_at_end,raw_finished_episodes,224,0,0.96875,1.0,1.0,1.0,0.0,1.0,1.0,1.0
sac_pickcube_20261007T124123_37b693e5,PickCube-v1,sac,real_env_steps,160000,170000,train_episode/episode_return,raw_finished_episodes,192,0,42.522284793153325,43.39897910505533,45.22706070430577,45.6513526635617,6.583106104284525,46.089677572250366,46.089677572250366,44.20907562971115
sac_pickcube_20261007T124123_37b693e5,PickCube-v1,sac,real_env_steps,160000,170000,train_episode/episode_length,raw_finished_episodes,192,0,50.0,50.0,50.0,50.0,50.0,50.0,50.0,50.0
sac_pickcube_20261007T124123_37b693e5,PickCube-v1,sac,real_env_steps,160000,170000,train_episode/success_once,raw_finished_episodes,192,0,0.9791666666666666,1.0,1.0,1.0,0.0,1.0,1.0,1.0
sac_pickcube_20261007T124123_37b693e5,PickCube-v1,sac,real_env_steps,160000,170000,train_episode/success_at_end,raw_finished_episodes,192,0,0.9739583333333334,1.0,1.0,1.0,0.0,1.0,1.0,1.0
sac_pickcube_20261007T124123_37b693e5,PickCube-v1,sac,real_env_steps,170000,180000,train_episode/episode_return,raw_finished_episodes,192,0,42.9350829104175,43.44618656672537,45.18487914688885,45.617462237477305,7.717661624774337,46.05779733508825,46.05779733508825,42.3591143861413
sac_pickcube_20261007T124123_37b693e5,PickCube-v1,sac,real_env_steps,170000,180000,train_episode/episode_length,raw_finished_episodes,192,0,50.0,50.0,50.0,50.0,50.0,50.0,50.0,50.0
sac_pickcube_20261007T124123_37b693e5,PickCube-v1,sac,real_env_steps,170000,180000,train_episode/success_once,raw_finished_episodes,192,0,0.9895833333333334,1.0,1.0,1.0,0.0,1.0,1.0,1.0
sac_pickcube_20261007T124123_37b693e5,PickCube-v1,sac,real_env_steps,170000,180000,train_episode/success_at_end,raw_finished_episodes,192,0,0.9895833333333334,1.0,1.0,1.0,0.0,1.0,1.0,1.0
sac_pickcube_20261007T124123_37b693e5,PickCube-v1,sac,real_env_steps,180000,190000,train_episode/episode_return,raw_finished_episodes,192,0,42.67490653336669,43.48968254029751,45.11766639910638,45.95726026013494,7.2498211450874805,46.05644844472408,46.05644844472408,43.11308290809393
sac_pickcube_20261007T124123_37b693e5,PickCube-v1,sac,real_env_steps,180000,190000,train_episode/episode_length,raw_finished_episodes,192,0,50.0,50.0,50.0,50.0,50.0,50.0,50.0,50.0
sac_pickcube_20261007T124123_37b693e5,PickCube-v1,sac,real_env_steps,180000,190000,train_episode/success_once,raw_finished_episodes,192,0,0.984375,1.0,1.0,1.0,0.0,1.0,1.0,1.0
sac_pickcube_20261007T124123_37b693e5,PickCube-v1,sac,real_env_steps,180000,190000,train_episode/success_at_end,raw_finished_episodes,192,0,0.9791666666666666,1.0,1.0,1.0,0.0,1.0,1.0,1.0
sac_pickcube_20261007T124123_37b693e5,PickCube-v1,sac,real_env_steps,190000,200000,train_episode/episode_return,raw_finished_episodes,224,0,42.94838460487829,43.73879589885473,45.47759616598487,45.96989139474928,5.13612365256995,46.46941774338484,46.46941774338484,42.099761843681335
sac_pickcube_20261007T124123_37b693e5,PickCube-v1,sac,real_env_steps,190000,200000,train_episode/episode_length,raw_finished_episodes,224,0,50.0,50.0,50.0,50.0,50.0,50.0,50.0,50.0
sac_pickcube_20261007T124123_37b693e5,PickCube-v1,sac,real_env_steps,190000,200000,train_episode/success_once,raw_finished_episodes,224,0,0.9821428571428571,1.0,1.0,1.0,0.0,1.0,1.0,1.0
sac_pickcube_20261007T124123_37b693e5,PickCube-v1,sac,real_env_steps,190000,200000,train_episode/success_at_end,raw_finished_episodes,224,0,0.9821428571428571,1.0,1.0,1.0,0.0,1.0,1.0,1.0
sac_pickcube_20261007T124123_37b693e5,PickCube-v1,sac,real_env_steps,200000,210000,train_episode/episode_return,raw_finished_episodes,192,0,42.42325861517262,43.18611608073115,45.132028649374845,46.04094557590783,6.952934995293617,46.47013225406408,46.47013225406408,42.00553477182984
sac_pickcube_20261007T124123_37b693e5,PickCube-v1,sac,real_env_steps,200000,210000,train_episode/episode_length,raw_finished_episodes,192,0,50.0,50.0,50.0,50.0,50.0,50.0,50.0,50.0
sac_pickcube_20261007T124123_37b693e5,PickCube-v1,sac,real_env_steps,200000,210000,train_episode/success_once,raw_finished_episodes,192,0,0.984375,1.0,1.0,1.0,0.0,1.0,1.0,1.0
sac_pickcube_20261007T124123_37b693e5,PickCube-v1,sac,real_env_steps,200000,210000,train_episode/success_at_end,raw_finished_episodes,192,0,0.9739583333333334,1.0,1.0,1.0,0.0,1.0,1.0,1.0
sac_pickcube_20261007T124123_37b693e5,PickCube-v1,sac,real_env_steps,210000,220000,train_episode/episode_return,raw_finished_episodes,192,0,43.122130989213474,43.45036344602704,45.53555561341345,45.97577286586166,7.797325722873211,46.491545774042606,46.491545774042606,7.797325722873211
sac_pickcube_20261007T124123_37b693e5,PickCube-v1,sac,real_env_steps,210000,220000,train_episode/episode_length,raw_finished_episodes,192,0,50.0,50.0,50.0,50.0,50.0,50.0,50.0,50.0
sac_pickcube_20261007T124123_37b693e5,PickCube-v1,sac,real_env_steps,210000,220000,train_episode/success_once,raw_finished_episodes,192,0,0.9947916666666666,1.0,1.0,1.0,0.0,1.0,1.0,0.0
sac_pickcube_20261007T124123_37b693e5,PickCube-v1,sac,real_env_steps,210000,220000,train_episode/success_at_end,raw_finished_episodes,192,0,0.9791666666666666,1.0,1.0,1.0,0.0,1.0,1.0,0.0
sac_pickcube_20261007T124123_37b693e5,PickCube-v1,sac,real_env_steps,220000,230000,train_episode/episode_return,raw_finished_episodes,192,0,42.892244878147416,43.76995884627104,45.54080068394542,46.025924121290444,6.686874136328697,46.05720757693052,46.05720757693052,42.887089282274246
sac_pickcube_20261007T124123_37b693e5,PickCube-v1,sac,real_env_steps,220000,230000,train_episode/episode_length,raw_finished_episodes,192,0,50.0,50.0,50.0,50.0,50.0,50.0,50.0,50.0
sac_pickcube_20261007T124123_37b693e5,PickCube-v1,sac,real_env_steps,220000,230000,train_episode/success_once,raw_finished_episodes,192,0,0.9791666666666666,1.0,1.0,1.0,0.0,1.0,1.0,1.0
sac_pickcube_20261007T124123_37b693e5,PickCube-v1,sac,real_env_steps,220000,230000,train_episode/success_at_end,raw_finished_episodes,192,0,0.96875,1.0,1.0,1.0,0.0,1.0,1.0,1.0
sac_pickcube_20261007T124123_37b693e5,PickCube-v1,sac,real_env_steps,230000,240000,train_episode/episode_return,raw_finished_episodes,224,0,43.10750417369751,43.8848441708833,45.46916545443237,46.00459401153028,6.975674141198397,46.09825412929058,46.09825412929058,44.50110138952732
sac_pickcube_20261007T124123_37b693e5,PickCube-v1,sac,real_env_steps,230000,240000,train_episode/episode_length,raw_finished_episodes,224,0,50.0,50.0,50.0,50.0,50.0,50.0,50.0,50.0
sac_pickcube_20261007T124123_37b693e5,PickCube-v1,sac,real_env_steps,230000,240000,train_episode/success_once,raw_finished_episodes,224,0,0.9866071428571429,1.0,1.0,1.0,0.0,1.0,1.0,1.0
sac_pickcube_20261007T124123_37b693e5,PickCube-v1,sac,real_env_steps,230000,240000,train_episode/success_at_end,raw_finished_episodes,224,0,0.9821428571428571,1.0,1.0,1.0,0.0,1.0,1.0,1.0
sac_pickcube_20261007T124123_37b693e5,PickCube-v1,sac,real_env_steps,240000,250000,train_episode/episode_return,raw_finished_episodes,192,0,42.59818417949183,43.512022752314806,45.76407426930964,46.0272357159853,4.8812976249464555,46.0718939229846,46.0718939229846,45.05163699388504
sac_pickcube_20261007T124123_37b693e5,PickCube-v1,sac,real_env_steps,240000,250000,train_episode/episode_length,raw_finished_episodes,192,0,50.0,50.0,50.0,50.0,50.0,50.0,50.0,50.0
sac_pickcube_20261007T124123_37b693e5,PickCube-v1,sac,real_env_steps,240000,250000,train_episode/success_once,raw_finished_episodes,192,0,0.9791666666666666,1.0,1.0,1.0,0.0,1.0,1.0,1.0
sac_pickcube_20261007T124123_37b693e5,PickCube-v1,sac,real_env_steps,240000,250000,train_episode/success_at_end,raw_finished_episodes,192,0,0.9583333333333334,1.0,1.0,1.0,0.0,1.0,1.0,1.0
sac_pickcube_20261007T124123_37b693e5,PickCube-v1,sac,real_env_steps,250000,260000,train_episode/episode_return,raw_finished_episodes,192,0,42.56589170272914,43.53712594509125,45.380911401286724,45.58184261605143,2.3144023366001223,45.895258001983166,45.895258001983166,43.60149145871401
sac_pickcube_20261007T124123_37b693e5,PickCube-v1,sac,real_env_steps,250000,260000,train_episode/episode_length,raw_finished_episodes,192,0,50.0,50.0,50.0,50.0,50.0,50.0,50.0,50.0
sac_pickcube_20261007T124123_37b693e5,PickCube-v1,sac,real_env_steps,250000,260000,train_episode/success_once,raw_finished_episodes,192,0,0.984375,1.0,1.0,1.0,0.0,1.0,1.0,1.0
sac_pickcube_20261007T124123_37b693e5,PickCube-v1,sac,real_env_steps,250000,260000,train_episode/success_at_end,raw_finished_episodes,192,0,0.953125,1.0,1.0,1.0,0.0,1.0,1.0,1.0
sac_pickcube_20261007T124123_37b693e5,PickCube-v1,sac,real_env_steps,260000,270000,train_episode/episode_return,raw_finished_episodes,192,0,43.34855073707877,43.635561626404524,45.553841076418756,46.01801606476307,7.140172220766544,46.49381612986326,46.49381612986326,42.78846748918295
sac_pickcube_20261007T124123_37b693e5,PickCube-v1,sac,real_env_steps,260000,270000,train_episode/episode_length,raw_finished_episodes,192,0,50.0,50.0,50.0,50.0,50.0,50.0,50.0,50.0
sac_pickcube_20261007T124123_37b693e5,PickCube-v1,sac,real_env_steps,260000,270000,train_episode/success_once,raw_finished_episodes,192,0,0.9947916666666666,1.0,1.0,1.0,0.0,1.0,1.0,1.0
sac_pickcube_20261007T124123_37b693e5,PickCube-v1,sac,real_env_steps,260000,270000,train_episode/success_at_end,raw_finished_episodes,192,0,0.9947916666666666,1.0,1.0,1.0,0.0,1.0,1.0,1.0
sac_pickcube_20261007T124123_37b693e5,PickCube-v1,sac,real_env_steps,270000,280000,train_episode/episode_return,raw_finished_episodes,224,0,42.90267733920233,43.56143710389733,45.47720260173082,45.99971945375204,5.284022785723209,46.51394557207823,46.51394557207823,43.928462252020836
sac_pickcube_20261007T124123_37b693e5,PickCube-v1,sac,real_env_steps,270000,280000,train_episode/episode_length,raw_finished_episodes,224,0,50.0,50.0,50.0,50.0,50.0,50.0,50.0,50.0
sac_pickcube_20261007T124123_37b693e5,PickCube-v1,sac,real_env_steps,270000,280000,train_episode/success_once,raw_finished_episodes,224,0,0.9866071428571429,1.0,1.0,1.0,0.0,1.0,1.0,1.0
sac_pickcube_20261007T124123_37b693e5,PickCube-v1,sac,real_env_steps,270000,280000,train_episode/success_at_end,raw_finished_episodes,224,0,0.9732142857142857,1.0,1.0,1.0,0.0,1.0,1.0,1.0
sac_pickcube_20261007T124123_37b693e5,PickCube-v1,sac,real_env_steps,280000,290000,train_episode/episode_return,raw_finished_episodes,192,0,42.99027754608445,43.46920961141586,45.76419233717024,46.08106471516192,7.176766246557236,46.46020191907883,46.46020191907883,43.689127802848816
sac_pickcube_20261007T124123_37b693e5,PickCube-v1,sac,real_env_steps,280000,290000,train_episode/episode_length,raw_finished_episodes,192,0,50.0,50.0,50.0,50.0,50.0,50.0,50.0,50.0
sac_pickcube_20261007T124123_37b693e5,PickCube-v1,sac,real_env_steps,280000,290000,train_episode/success_once,raw_finished_episodes,192,0,0.9895833333333334,1.0,1.0,1.0,0.0,1.0,1.0,1.0
sac_pickcube_20261007T124123_37b693e5,PickCube-v1,sac,real_env_steps,280000,290000,train_episode/success_at_end,raw_finished_episodes,192,0,0.96875,1.0,1.0,1.0,0.0,1.0,1.0,1.0
sac_pickcube_20261007T124123_37b693e5,PickCube-v1,sac,real_env_steps,290000,300000,train_episode/episode_return,raw_finished_episodes,192,0,42.32108634305334,43.631680419668555,45.61005820892751,46.03848121680319,4.260289798586581,46.488752484321594,46.488752484321594,44.46483800560236
sac_pickcube_20261007T124123_37b693e5,PickCube-v1,sac,real_env_steps,290000,300000,train_episode/episode_length,raw_finished_episodes,192,0,50.0,50.0,50.0,50.0,50.0,50.0,50.0,50.0
sac_pickcube_20261007T124123_37b693e5,PickCube-v1,sac,real_env_steps,290000,300000,train_episode/success_once,raw_finished_episodes,192,0,0.96875,1.0,1.0,1.0,0.0,1.0,1.0,1.0
sac_pickcube_20261007T124123_37b693e5,PickCube-v1,sac,real_env_steps,290000,300000,train_episode/success_at_end,raw_finished_episodes,192,0,0.9635416666666666,1.0,1.0,1.0,0.0,1.0,1.0,1.0
sac_pickcube_20261007T124123_37b693e5,PickCube-v1,sac,real_env_steps,300000,310000,train_episode/episode_return,raw_finished_episodes,192,0,42.8864323864885,43.727685268968344,45.45747111588717,45.96988053888082,7.335272889584303,46.08309114724398,46.08309114724398,44.42033329606056
sac_pickcube_20261007T124123_37b693e5,PickCube-v1,sac,real_env_steps,300000,310000,train_episode/episode_length,raw_finished_episodes,192,0,50.0,50.0,50.0,50.0,50.0,50.0,50.0,50.0
sac_pickcube_20261007T124123_37b693e5,PickCube-v1,sac,real_env_steps,300000,310000,train_episode/success_once,raw_finished_episodes,192,0,0.984375,1.0,1.0,1.0,0.0,1.0,1.0,1.0
sac_pickcube_20261007T124123_37b693e5,PickCube-v1,sac,real_env_steps,300000,310000,train_episode/success_at_end,raw_finished_episodes,192,0,0.9583333333333334,1.0,1.0,1.0,0.0,1.0,1.0,0.0
sac_pickcube_20261007T124123_37b693e5,PickCube-v1,sac,real_env_steps,310000,320000,train_episode/episode_return,raw_finished_episodes,224,0,43.22398262354545,43.49955881200731,45.415001508966085,45.843338719010355,7.460272200405598,46.85343188792467,46.85343188792467,45.10788536071777
sac_pickcube_20261007T124123_37b693e5,PickCube-v1,sac,real_env_steps,310000,320000,train_episode/episode_length,raw_finished_episodes,224,0,50.0,50.0,50.0,50.0,50.0,50.0,50.0,50.0
sac_pickcube_20261007T124123_37b693e5,PickCube-v1,sac,real_env_steps,310000,320000,train_episode/success_once,raw_finished_episodes,224,0,0.9955357142857143,1.0,1.0,1.0,0.0,1.0,1.0,1.0
sac_pickcube_20261007T124123_37b693e5,PickCube-v1,sac,real_env_steps,310000,320000,train_episode/success_at_end,raw_finished_episodes,224,0,0.9732142857142857,1.0,1.0,1.0,0.0,1.0,1.0,1.0
sac_pickcube_20261007T124123_37b693e5,PickCube-v1,sac,real_env_steps,320000,330000,train_episode/episode_return,raw_finished_episodes,192,0,43.30193256932156,43.47975218296051,45.542119750753045,46.023541830703614,6.9301647655665874,46.026259295642376,46.026259295642376,45.954408690333366
sac_pickcube_20261007T124123_37b693e5,PickCube-v1,sac,real_env_steps,320000,330000,train_episode/episode_length,raw_finished_episodes,192,0,50.0,50.0,50.0,50.0,50.0,50.0,50.0,50.0
sac_pickcube_20261007T124123_37b693e5,PickCube-v1,sac,real_env_steps,320000,330000,train_episode/success_once,raw_finished_episodes,192,0,0.9947916666666666,1.0,1.0,1.0,0.0,1.0,1.0,1.0
sac_pickcube_20261007T124123_37b693e5,PickCube-v1,sac,real_env_steps,320000,330000,train_episode/success_at_end,raw_finished_episodes,192,0,0.984375,1.0,1.0,1.0,0.0,1.0,1.0,1.0
sac_pickcube_20261007T124123_37b693e5,PickCube-v1,sac,real_env_steps,330000,340000,train_episode/episode_return,raw_finished_episodes,192,0,43.05117656455453,43.61970317363739,45.225250894576305,45.62069971904159,4.140757489949465,45.95253936201334,45.95253936201334,43.08270486444235
sac_pickcube_20261007T124123_37b693e5,PickCube-v1,sac,real_env_steps,330000,340000,train_episode/episode_length,raw_finished_episodes,192,0,50.0,50.0,50.0,50.0,50.0,50.0,50.0,50.0
sac_pickcube_20261007T124123_37b693e5,PickCube-v1,sac,real_env_steps,330000,340000,train_episode/success_once,raw_finished_episodes,192,0,0.9895833333333334,1.0,1.0,1.0,0.0,1.0,1.0,1.0
sac_pickcube_20261007T124123_37b693e5,PickCube-v1,sac,real_env_steps,330000,340000,train_episode/success_at_end,raw_finished_episodes,192,0,0.9791666666666666,1.0,1.0,1.0,0.0,1.0,1.0,1.0
sac_pickcube_20261007T124123_37b693e5,PickCube-v1,sac,real_env_steps,340000,350000,train_episode/episode_return,raw_finished_episodes,192,0,43.092992725646276,43.861282862722874,45.93669694364071,46.09568702049553,7.83291731774807,46.505999118089676,46.505999118089676,44.543348111212254
sac_pickcube_20261007T124123_37b693e5,PickCube-v1,sac,real_env_steps,340000,350000,train_episode/episode_length,raw_finished_episodes,192,0,50.0,50.0,50.0,50.0,50.0,50.0,50.0,50.0
sac_pickcube_20261007T124123_37b693e5,PickCube-v1,sac,real_env_steps,340000,350000,train_episode/success_once,raw_finished_episodes,192,0,0.9895833333333334,1.0,1.0,1.0,0.0,1.0,1.0,1.0
sac_pickcube_20261007T124123_37b693e5,PickCube-v1,sac,real_env_steps,340000,350000,train_episode/success_at_end,raw_finished_episodes,192,0,0.9583333333333334,1.0,1.0,1.0,0.0,1.0,1.0,1.0
sac_pickcube_20261007T124123_37b693e5,PickCube-v1,sac,real_env_steps,350000,360000,train_episode/episode_return,raw_finished_episodes,224,0,42.439190442690496,43.65282650664449,45.541327486932275,45.9484530801326,4.138053707778454,46.10023654252291,46.10023654252291,44.40595995634794
sac_pickcube_20261007T124123_37b693e5,PickCube-v1,sac,real_env_steps,350000,360000,train_episode/episode_length,raw_finished_episodes,224,0,50.0,50.0,50.0,50.0,50.0,50.0,50.0,50.0
sac_pickcube_20261007T124123_37b693e5,PickCube-v1,sac,real_env_steps,350000,360000,train_episode/success_once,raw_finished_episodes,224,0,0.9732142857142857,1.0,1.0,1.0,0.0,1.0,1.0,1.0
sac_pickcube_20261007T124123_37b693e5,PickCube-v1,sac,real_env_steps,350000,360000,train_episode/success_at_end,raw_finished_episodes,224,0,0.9642857142857143,1.0,1.0,1.0,0.0,1.0,1.0,1.0
sac_pickcube_20261007T124123_37b693e5,PickCube-v1,sac,real_env_steps,360000,370000,train_episode/episode_return,raw_finished_episodes,192,0,42.84085676221488,43.625497445464134,45.46036152280867,45.899547398760916,8.857484206557274,45.95510429888964,45.95510429888964,43.18584801256657
sac_pickcube_20261007T124123_37b693e5,PickCube-v1,sac,real_env_steps,360000,370000,train_episode/episode_length,raw_finished_episodes,192,0,50.0,50.0,50.0,50.0,50.0,50.0,50.0,50.0
sac_pickcube_20261007T124123_37b693e5,PickCube-v1,sac,real_env_steps,360000,370000,train_episode/success_once,raw_finished_episodes,192,0,0.9895833333333334,1.0,1.0,1.0,0.0,1.0,1.0,1.0
sac_pickcube_20261007T124123_37b693e5,PickCube-v1,sac,real_env_steps,360000,370000,train_episode/success_at_end,raw_finished_episodes,192,0,0.9583333333333334,1.0,1.0,1.0,0.0,1.0,1.0,1.0
sac_pickcube_20261007T124123_37b693e5,PickCube-v1,sac,real_env_steps,370000,380000,train_episode/episode_return,raw_finished_episodes,192,0,43.564234188389186,43.944668896496296,45.580214058235285,45.995893320962786,6.637113079428673,46.48716017603874,46.48716017603874,43.71046347171068
sac_pickcube_20261007T124123_37b693e5,PickCube-v1,sac,real_env_steps,370000,380000,train_episode/episode_length,raw_finished_episodes,192,0,50.0,50.0,50.0,50.0,50.0,50.0,50.0,50.0
sac_pickcube_20261007T124123_37b693e5,PickCube-v1,sac,real_env_steps,370000,380000,train_episode/success_once,raw_finished_episodes,192,0,0.9947916666666666,1.0,1.0,1.0,0.0,1.0,1.0,1.0
sac_pickcube_20261007T124123_37b693e5,PickCube-v1,sac,real_env_steps,370000,380000,train_episode/success_at_end,raw_finished_episodes,192,0,0.984375,1.0,1.0,1.0,0.0,1.0,1.0,1.0
sac_pickcube_20261007T124123_37b693e5,PickCube-v1,sac,real_env_steps,380000,390000,train_episode/episode_return,raw_finished_episodes,192,0,42.520451574078265,43.64274670928717,45.622108256444335,46.01369767740369,2.50677984138747,46.45287036895752,46.45287036895752,44.9339794293046
sac_pickcube_20261007T124123_37b693e5,PickCube-v1,sac,real_env_steps,380000,390000,train_episode/episode_length,raw_finished_episodes,192,0,50.0,50.0,50.0,50.0,50.0,50.0,50.0,50.0
sac_pickcube_20261007T124123_37b693e5,PickCube-v1,sac,real_env_steps,380000,390000,train_episode/success_once,raw_finished_episodes,192,0,0.984375,1.0,1.0,1.0,0.0,1.0,1.0,1.0
sac_pickcube_20261007T124123_37b693e5,PickCube-v1,sac,real_env_steps,380000,390000,train_episode/success_at_end,raw_finished_episodes,192,0,0.9635416666666666,1.0,1.0,1.0,0.0,1.0,1.0,1.0
sac_pickcube_20261007T124123_37b693e5,PickCube-v1,sac,real_env_steps,390000,400000,train_episode/episode_return,raw_finished_episodes,224,0,42.888512498121266,43.64260347187519,45.361045115068556,45.861780723109845,2.292058133532416,46.49786879867315,46.49786879867315,45.46505232155323
sac_pickcube_20261007T124123_37b693e5,PickCube-v1,sac,real_env_steps,390000,400000,train_episode/episode_length,raw_finished_episodes,224,0,50.0,50.0,50.0,50.0,50.0,50.0,50.0,50.0
sac_pickcube_20261007T124123_37b693e5,PickCube-v1,sac,real_env_steps,390000,400000,train_episode/success_once,raw_finished_episodes,224,0,0.9866071428571429,1.0,1.0,1.0,0.0,1.0,1.0,1.0
sac_pickcube_20261007T124123_37b693e5,PickCube-v1,sac,real_env_steps,390000,400000,train_episode/success_at_end,raw_finished_episodes,224,0,0.9776785714285714,1.0,1.0,1.0,0.0,1.0,1.0,1.0
sac_pickcube_20261007T124123_37b693e5,PickCube-v1,sac,real_env_steps,400000,410000,train_episode/episode_return,raw_finished_episodes,192,0,42.61938038824155,43.592048082500696,45.52736444510519,45.9905899938941,5.880199560895562,46.057571798563,46.057571798563,45.10309191793203
sac_pickcube_20261007T124123_37b693e5,PickCube-v1,sac,real_env_steps,400000,410000,train_episode/episode_length,raw_finished_episodes,192,0,50.0,50.0,50.0,50.0,50.0,50.0,50.0,50.0
sac_pickcube_20261007T124123_37b693e5,PickCube-v1,sac,real_env_steps,400000,410000,train_episode/success_once,raw_finished_episodes,192,0,0.9791666666666666,1.0,1.0,1.0,0.0,1.0,1.0,1.0
sac_pickcube_20261007T124123_37b693e5,PickCube-v1,sac,real_env_steps,400000,410000,train_episode/success_at_end,raw_finished_episodes,192,0,0.9635416666666666,1.0,1.0,1.0,0.0,1.0,1.0,1.0
sac_pickcube_20261007T124123_37b693e5,PickCube-v1,sac,real_env_steps,410000,420000,train_episode/episode_return,raw_finished_episodes,192,0,43.49109590490116,43.731666941195726,45.80451874285936,46.00888520754874,27.938235573470592,46.07804708182812,46.07804708182812,42.76908717304468
sac_pickcube_20261007T124123_37b693e5,PickCube-v1,sac,real_env_steps,410000,420000,train_episode/episode_length,raw_finished_episodes,192,0,50.0,50.0,50.0,50.0,50.0,50.0,50.0,50.0
sac_pickcube_20261007T124123_37b693e5,PickCube-v1,sac,real_env_steps,410000,420000,train_episode/success_once,raw_finished_episodes,192,0,1.0,1.0,1.0,1.0,1.0,1.0,1.0,1.0
sac_pickcube_20261007T124123_37b693e5,PickCube-v1,sac,real_env_steps,410000,420000,train_episode/success_at_end,raw_finished_episodes,192,0,0.96875,1.0,1.0,1.0,0.0,1.0,1.0,1.0
sac_pickcube_20261007T124123_37b693e5,PickCube-v1,sac,real_env_steps,420000,430000,train_episode/episode_return,raw_finished_episodes,192,0,42.78460160617154,43.65702432021499,45.463842765241864,45.84401356935501,6.7141863740980625,46.08537815511227,46.08537815511227,44.727587193250656
sac_pickcube_20261007T124123_37b693e5,PickCube-v1,sac,real_env_steps,420000,430000,train_episode/episode_length,raw_finished_episodes,192,0,50.0,50.0,50.0,50.0,50.0,50.0,50.0,50.0
sac_pickcube_20261007T124123_37b693e5,PickCube-v1,sac,real_env_steps,420000,430000,train_episode/success_once,raw_finished_episodes,192,0,0.9791666666666666,1.0,1.0,1.0,0.0,1.0,1.0,1.0
sac_pickcube_20261007T124123_37b693e5,PickCube-v1,sac,real_env_steps,420000,430000,train_episode/success_at_end,raw_finished_episodes,192,0,0.96875,1.0,1.0,1.0,0.0,1.0,1.0,1.0
sac_pickcube_20261007T124123_37b693e5,PickCube-v1,sac,real_env_steps,430000,440000,train_episode/episode_return,raw_finished_episodes,224,0,42.79252559964412,43.54678570665419,45.466660959646106,46.052450459823014,6.827049322426319,46.4441167190671,46.4441167190671,44.88853517174721
sac_pickcube_20261007T124123_37b693e5,PickCube-v1,sac,real_env_steps,430000,440000,train_episode/episode_length,raw_finished_episodes,224,0,50.0,50.0,50.0,50.0,50.0,50.0,50.0,50.0
sac_pickcube_20261007T124123_37b693e5,PickCube-v1,sac,real_env_steps,430000,440000,train_episode/success_once,raw_finished_episodes,224,0,0.9910714285714286,1.0,1.0,1.0,0.0,1.0,1.0,1.0
sac_pickcube_20261007T124123_37b693e5,PickCube-v1,sac,real_env_steps,430000,440000,train_episode/success_at_end,raw_finished_episodes,224,0,0.9821428571428571,1.0,1.0,1.0,0.0,1.0,1.0,1.0
sac_pickcube_20261007T124123_37b693e5,PickCube-v1,sac,real_env_steps,440000,450000,train_episode/episode_return,raw_finished_episodes,192,0,42.885742895266354,43.590815249830484,45.79148854203522,46.1347729358077,8.25432325154543,46.54709918051958,46.54709918051958,17.562967531383038
sac_pickcube_20261007T124123_37b693e5,PickCube-v1,sac,real_env_steps,440000,450000,train_episode/episode_length,raw_finished_episodes,192,0,50.0,50.0,50.0,50.0,50.0,50.0,50.0,50.0
sac_pickcube_20261007T124123_37b693e5,PickCube-v1,sac,real_env_steps,440000,450000,train_episode/success_once,raw_finished_episodes,192,0,0.9895833333333334,1.0,1.0,1.0,0.0,1.0,1.0,0.0
sac_pickcube_20261007T124123_37b693e5,PickCube-v1,sac,real_env_steps,440000,450000,train_episode/success_at_end,raw_finished_episodes,192,0,0.9583333333333334,1.0,1.0,1.0,0.0,1.0,1.0,0.0
sac_pickcube_20261007T124123_37b693e5,PickCube-v1,sac,real_env_steps,450000,460000,train_episode/episode_return,raw_finished_episodes,192,0,42.830269141801786,43.53444566950202,45.523368230089545,45.95278553843498,7.79084075242281,45.98713857680559,45.98713857680559,35.6003315448761
sac_pickcube_20261007T124123_37b693e5,PickCube-v1,sac,real_env_steps,450000,460000,train_episode/episode_length,raw_finished_episodes,192,0,50.0,50.0,50.0,50.0,50.0,50.0,50.0,50.0
sac_pickcube_20261007T124123_37b693e5,PickCube-v1,sac,real_env_steps,450000,460000,train_episode/success_once,raw_finished_episodes,192,0,0.9895833333333334,1.0,1.0,1.0,0.0,1.0,1.0,1.0
sac_pickcube_20261007T124123_37b693e5,PickCube-v1,sac,real_env_steps,450000,460000,train_episode/success_at_end,raw_finished_episodes,192,0,0.9739583333333334,1.0,1.0,1.0,0.0,1.0,1.0,1.0
sac_pickcube_20261007T124123_37b693e5,PickCube-v1,sac,real_env_steps,460000,470000,train_episode/episode_return,raw_finished_episodes,192,0,42.35037233288316,43.50406800583005,45.426809838786724,46.02295297935605,3.8325810092572903,46.436472192406654,46.436472192406654,43.16439767181873
sac_pickcube_20261007T124123_37b693e5,PickCube-v1,sac,real_env_steps,460000,470000,train_episode/episode_length,raw_finished_episodes,192,0,50.0,50.0,50.0,50.0,50.0,50.0,50.0,50.0
sac_pickcube_20261007T124123_37b693e5,PickCube-v1,sac,real_env_steps,460000,470000,train_episode/success_once,raw_finished_episodes,192,0,0.9791666666666666,1.0,1.0,1.0,0.0,1.0,1.0,1.0
sac_pickcube_20261007T124123_37b693e5,PickCube-v1,sac,real_env_steps,460000,470000,train_episode/success_at_end,raw_finished_episodes,192,0,0.953125,1.0,1.0,1.0,0.0,1.0,1.0,1.0
sac_pickcube_20261007T124123_37b693e5,PickCube-v1,sac,real_env_steps,470000,480000,train_episode/episode_return,raw_finished_episodes,224,0,43.006857563541935,43.65291861444712,45.55255509000271,46.34982101082802,9.396140582859516,46.5331514403224,46.5331514403224,43.53744015097618
sac_pickcube_20261007T124123_37b693e5,PickCube-v1,sac,real_env_steps,470000,480000,train_episode/episode_length,raw_finished_episodes,224,0,50.0,50.0,50.0,50.0,50.0,50.0,50.0,50.0
sac_pickcube_20261007T124123_37b693e5,PickCube-v1,sac,real_env_steps,470000,480000,train_episode/success_once,raw_finished_episodes,224,0,0.9866071428571429,1.0,1.0,1.0,0.0,1.0,1.0,1.0
sac_pickcube_20261007T124123_37b693e5,PickCube-v1,sac,real_env_steps,470000,480000,train_episode/success_at_end,raw_finished_episodes,224,0,0.9642857142857143,1.0,1.0,1.0,0.0,1.0,1.0,1.0
sac_pickcube_20261007T124123_37b693e5,PickCube-v1,sac,real_env_steps,480000,490000,train_episode/episode_return,raw_finished_episodes,192,0,42.55899602326099,43.6531210616231,45.573159429058435,46.46937257133424,7.1098494082689285,46.55248627066612,46.55248627066612,44.66013588756323
sac_pickcube_20261007T124123_37b693e5,PickCube-v1,sac,real_env_steps,480000,490000,train_episode/episode_length,raw_finished_episodes,192,0,50.0,50.0,50.0,50.0,50.0,50.0,50.0,50.0
sac_pickcube_20261007T124123_37b693e5,PickCube-v1,sac,real_env_steps,480000,490000,train_episode/success_once,raw_finished_episodes,192,0,0.9791666666666666,1.0,1.0,1.0,0.0,1.0,1.0,1.0
sac_pickcube_20261007T124123_37b693e5,PickCube-v1,sac,real_env_steps,480000,490000,train_episode/success_at_end,raw_finished_episodes,192,0,0.9427083333333334,1.0,1.0,1.0,0.0,1.0,1.0,1.0
sac_pickcube_20261007T124123_37b693e5,PickCube-v1,sac,real_env_steps,490000,500000,train_episode/episode_return,raw_finished_episodes,192,0,42.24941418996362,43.17930817231536,45.48720879927278,45.97102793157101,3.9962253854610026,46.423954389989376,46.423954389989376,42.363383658230305
sac_pickcube_20261007T124123_37b693e5,PickCube-v1,sac,real_env_steps,490000,500000,train_episode/episode_length,raw_finished_episodes,192,0,50.0,50.0,50.0,50.0,50.0,50.0,50.0,50.0
sac_pickcube_20261007T124123_37b693e5,PickCube-v1,sac,real_env_steps,490000,500000,train_episode/success_once,raw_finished_episodes,192,0,0.9739583333333334,1.0,1.0,1.0,0.0,1.0,1.0,1.0
sac_pickcube_20261007T124123_37b693e5,PickCube-v1,sac,real_env_steps,490000,500000,train_episode/success_at_end,raw_finished_episodes,192,0,0.953125,1.0,1.0,1.0,0.0,1.0,1.0,0.0
