run,task,algorithm,axis,bin_start,bin_end,metric,aggregation,count,nonfinite,mean,median,p95,p99,minimum,maximum,abs_maximum,last
mbpo_stackcube_20261007T182651_ab48dfc3,StackCube-v1,mbpo,all,0,,actor_loss,all_update_events_exact_quantiles,248016,0,-2.0646038951459063,-2.0824780464172363,-0.9103126525878906,-0.6832649886608123,-9.799707412719727,0.9173378944396973,9.799707412719727,-2.600904941558838
mbpo_stackcube_20261007T182651_ab48dfc3,StackCube-v1,mbpo,real_env_steps,0,10000,actor_loss,all_update_events_exact_quantiles,3008,0,-8.329583010012085,-8.568982124328613,-5.943328213691711,-3.9306367063522627,-9.799707412719727,0.9173378944396973,9.799707412719727,-6.895327568054199
mbpo_stackcube_20261007T182651_ab48dfc3,StackCube-v1,mbpo,policy_gradient_steps,0,5000,actor_loss,all_update_events_exact_quantiles,5000,0,-7.224571817988157,-7.224483966827393,-4.636101722717285,-4.441721243858337,-9.799707412719727,0.9173378944396973,9.799707412719727,-4.433194160461426
mbpo_stackcube_20261007T182651_ab48dfc3,StackCube-v1,mbpo,all,0,,critic_loss,all_update_events_exact_quantiles,248016,0,0.01579420776358778,0.012397367041558027,0.030093591660261154,0.04062020387500526,0.0019222854170948267,13.477521896362305,13.477521896362305,0.00982842966914177
mbpo_stackcube_20261007T182651_ab48dfc3,StackCube-v1,mbpo,real_env_steps,0,10000,critic_loss,all_update_events_exact_quantiles,3008,0,0.12923860093739697,0.048213912174105644,0.1286084480583668,2.714464278221083,0.01901634968817234,13.477521896362305,13.477521896362305,0.023758944123983383
mbpo_stackcube_20261007T182651_ab48dfc3,StackCube-v1,mbpo,policy_gradient_steps,0,5000,critic_loss,all_update_events_exact_quantiles,5000,0,0.08412402521632611,0.030618046410381794,0.09555840641260148,0.5743110412359308,0.007868224754929543,13.477521896362305,13.477521896362305,0.012081289663910866
mbpo_stackcube_20261007T182651_ab48dfc3,StackCube-v1,mbpo,all,0,,policy_q_min_mean,all_update_events_exact_quantiles,248016,0,2.0366641264602814,2.0918784141540527,2.624106764793396,5.767768359184267,-0.16211959719657898,7.815145969390869,7.815145969390869,2.6227216720581055
mbpo_stackcube_20261007T182651_ab48dfc3,StackCube-v1,mbpo,real_env_steps,0,10000,policy_q_min_mean,all_update_events_exact_quantiles,3008,0,6.4814217129488165,6.826356887817383,7.742159914970398,7.772444744110107,-0.16211959719657898,7.815145969390869,7.815145969390869,5.6512603759765625
mbpo_stackcube_20261007T182651_ab48dfc3,StackCube-v1,mbpo,policy_gradient_steps,0,5000,policy_q_min_mean,all_update_events_exact_quantiles,5000,0,5.715315980484709,5.7489237785339355,7.724353885650634,7.763916368484497,-0.16211959719657898,7.815145969390869,7.815145969390869,3.646486282348633
mbpo_stackcube_20261007T182651_ab48dfc3,StackCube-v1,mbpo,all,0,,alpha,all_update_events_exact_quantiles,248016,0,0.02020738559641328,0.00435597263276577,0.0551428459584713,0.5171023219823845,0.002593858167529106,0.9997000694274902,0.9997000694274902,0.005206262227147818
mbpo_stackcube_20261007T182651_ab48dfc3,StackCube-v1,mbpo,real_env_steps,0,10000,alpha,all_update_events_exact_quantiles,3008,0,0.680664459837878,0.6585155725479126,0.9538426458835602,0.990216743350029,0.4560836851596832,0.9997000694274902,0.9997000694274902,0.4560836851596832
mbpo_stackcube_20261007T182651_ab48dfc3,StackCube-v1,mbpo,policy_gradient_steps,0,5000,alpha,all_update_events_exact_quantiles,5000,0,0.5549612395584583,0.5146979987621307,0.9259379476308823,0.9838855695724488,0.2881823182106018,0.9997000694274902,0.9997000694274902,0.2881823182106018
mbpo_stackcube_20261007T182651_ab48dfc3,StackCube-v1,mbpo,all,0,,alpha_loss,all_update_events_exact_quantiles,248016,0,0.10878535457160603,7.121043745428324e-05,0.3589114546775818,3.480170917510992,-0.0022069010883569717,6.605798721313477,6.605798721313477,-0.000992799294181168
mbpo_stackcube_20261007T182651_ab48dfc3,StackCube-v1,mbpo,real_env_steps,0,10000,alpha_loss,all_update_events_exact_quantiles,3008,0,4.5715424348699285,4.428262710571289,6.384218716621399,6.55705810546875,3.0688323974609375,6.605798721313477,6.605798721313477,3.0688323974609375
mbpo_stackcube_20261007T182651_ab48dfc3,StackCube-v1,mbpo,policy_gradient_steps,0,5000,alpha_loss,all_update_events_exact_quantiles,5000,0,3.7296702548265457,3.464442253112793,6.212033605575562,6.540422921180725,1.9386072158813477,6.605798721313477,6.605798721313477,1.9396984577178955
mbpo_stackcube_20261007T182651_ab48dfc3,StackCube-v1,mbpo,all,0,,entropy_estimate,all_update_events_exact_quantiles,248016,0,-3.4076463467259765,-3.9833067655563354,2.4999035000801086,2.7331536054611205,-4.522268295288086,2.7596776485443115,4.522268295288086,-4.190704345703125
mbpo_stackcube_20261007T182651_ab48dfc3,StackCube-v1,mbpo,real_env_steps,0,10000,entropy_estimate,all_update_events_exact_quantiles,3008,0,2.7197811347159973,2.7303719520568848,2.7439647912979126,2.7497178316116333,-0.8443906307220459,2.7595653533935547,2.7595653533935547,2.7270727157592773
mbpo_stackcube_20261007T182651_ab48dfc3,StackCube-v1,mbpo,policy_gradient_steps,0,5000,entropy_estimate,all_update_events_exact_quantiles,5000,0,2.7242888147607447,2.730490207672119,2.744029462337494,2.749662857055664,-0.8443906307220459,2.7596776485443115,2.7596776485443115,2.729276180267334
mbpo_stackcube_20261007T182651_ab48dfc3,StackCube-v1,mbpo,real_env_steps,10000,20000,actor_loss,all_update_events_exact_quantiles,5008,0,-4.18276057727992,-3.9677834510803223,-2.4857813835144045,-2.38900310754776,-6.906762599945068,-2.355253219604492,6.906762599945068,-2.363952875137329
mbpo_stackcube_20261007T182651_ab48dfc3,StackCube-v1,mbpo,real_env_steps,10000,20000,critic_loss,all_update_events_exact_quantiles,5008,0,0.010493477344739446,0.008838451001793146,0.021063860319554796,0.02539660906419159,0.003506256965920329,0.055859968066215515,0.055859968066215515,0.00434380117803812
mbpo_stackcube_20261007T182651_ab48dfc3,StackCube-v1,mbpo,real_env_steps,10000,20000,policy_q_min_mean,all_update_events_exact_quantiles,5008,0,3.4426498593042454,3.267691731452942,5.3383561134338375,5.578634986877441,1.9588675498962402,5.659573554992676,5.659573554992676,1.9635659456253052
mbpo_stackcube_20261007T182651_ab48dfc3,StackCube-v1,mbpo,real_env_steps,10000,20000,alpha,all_update_events_exact_quantiles,5008,0,0.27116640510198214,0.2566278874874115,0.4299218863248825,0.4506245687603951,0.14627930521965027,0.45597603917121887,0.45597603917121887,0.14627930521965027
mbpo_stackcube_20261007T182651_ab48dfc3,StackCube-v1,mbpo,real_env_steps,10000,20000,alpha_loss,all_update_events_exact_quantiles,5008,0,1.8250237855310447,1.7278828024864197,2.895288240909576,3.0363786721229555,0.9823155403137207,3.0715231895446777,3.0715231895446777,0.9856351613998413
mbpo_stackcube_20261007T182651_ab48dfc3,StackCube-v1,mbpo,real_env_steps,10000,20000,entropy_estimate,all_update_events_exact_quantiles,5008,0,2.7275884000542825,2.7278212308883667,2.7422303795814513,2.7480536460876466,2.693159818649292,2.7596776485443115,2.7596776485443115,2.736527919769287
mbpo_stackcube_20261007T182651_ab48dfc3,StackCube-v1,mbpo,policy_gradient_steps,5000,10000,actor_loss,all_update_events_exact_quantiles,5000,0,-2.755684076166153,-2.620077610015869,-1.7005638837814332,-1.6412013399600982,-4.444657325744629,-1.6178615093231201,4.444657325744629,-1.6276710033416748
mbpo_stackcube_20261007T182651_ab48dfc3,StackCube-v1,mbpo,policy_gradient_steps,5000,10000,critic_loss,all_update_events_exact_quantiles,5000,0,0.005581212658062577,0.005013109650462866,0.009806793928146363,0.011698337197303774,0.0023260507732629776,0.021671650931239128,0.021671650931239128,0.003278789110481739
mbpo_stackcube_20261007T182651_ab48dfc3,StackCube-v1,mbpo,policy_gradient_steps,5000,10000,policy_q_min_mean,all_update_events_exact_quantiles,5000,0,2.2851003651857376,2.1728365421295166,3.450199317932129,3.5991772675514224,1.3661359548568726,3.6569948196411133,3.6569948196411133,1.37568199634552
mbpo_stackcube_20261007T182651_ab48dfc3,StackCube-v1,mbpo,policy_gradient_steps,5000,10000,alpha,all_update_events_exact_quantiles,5000,0,0.17300670991241932,0.1641712263226509,0.27225504219532015,0.2848685881495476,0.09392592310905457,0.2881169319152832,0.2881169319152832,0.09392592310905457
mbpo_stackcube_20261007T182651_ab48dfc3,StackCube-v1,mbpo,policy_gradient_steps,5000,10000,alpha_loss,all_update_events_exact_quantiles,5000,0,1.162765954387188,1.1040391325950623,1.831147998571396,1.9183165085315705,0.6262332201004028,1.9431824684143066,1.9431824684143066,0.6277766227722168
mbpo_stackcube_20261007T182651_ab48dfc3,StackCube-v1,mbpo,policy_gradient_steps,5000,10000,entropy_estimate,all_update_events_exact_quantiles,5000,0,2.7153899856567385,2.719148874282837,2.73804714679718,2.743769190311432,2.637216806411743,2.7585182189941406,2.7585182189941406,2.6822516918182373
mbpo_stackcube_20261007T182651_ab48dfc3,StackCube-v1,mbpo,real_env_steps,20000,30000,actor_loss,all_update_events_exact_quantiles,4992,0,-1.556155897390384,-1.488323152065277,-1.0606069147586823,-1.0323373913764953,-2.375065565109253,-1.0158212184906006,2.375065565109253,-1.0288861989974976
mbpo_stackcube_20261007T182651_ab48dfc3,StackCube-v1,mbpo,real_env_steps,20000,30000,critic_loss,all_update_events_exact_quantiles,4992,0,0.0031214631319763167,0.002981876954436302,0.004330336861312389,0.005049285423010589,0.0019222854170948267,0.008809713646769524,0.008809713646769524,0.0028621037490665913
mbpo_stackcube_20261007T182651_ab48dfc3,StackCube-v1,mbpo,real_env_steps,20000,30000,policy_q_min_mean,all_update_events_exact_quantiles,4992,0,1.3223592554075787,1.2658780217170715,1.8746574699878693,1.9483530640602111,0.8956193923950195,1.97709059715271,1.97709059715271,0.9131989479064941
mbpo_stackcube_20261007T182651_ab48dfc3,StackCube-v1,mbpo,real_env_steps,20000,30000,alpha,all_update_events_exact_quantiles,4992,0,0.08823890651528461,0.08379772678017616,0.1383071504533291,0.14462259992957116,0.048259537667036057,0.14624658226966858,0.14624658226966858,0.048259537667036057
mbpo_stackcube_20261007T182651_ab48dfc3,StackCube-v1,mbpo,real_env_steps,20000,30000,alpha_loss,all_update_events_exact_quantiles,4992,0,0.5868308087989974,0.557435005903244,0.928300094604492,0.9717211294174194,0.30819663405418396,0.9835387468338013,0.9835387468338013,0.3087676763534546
mbpo_stackcube_20261007T182651_ab48dfc3,StackCube-v1,mbpo,real_env_steps,20000,30000,entropy_estimate,all_update_events_exact_quantiles,4992,0,2.625105317395467,2.6524391174316406,2.7178669571876526,2.729418442249298,2.3497142791748047,2.7509851455688477,2.7509851455688477,2.396662473678589
mbpo_stackcube_20261007T182651_ab48dfc3,StackCube-v1,mbpo,policy_gradient_steps,10000,15000,actor_loss,all_update_events_exact_quantiles,5000,0,-1.1409692098021507,-1.0959936380386353,-0.8521719425916672,-0.8323307317495346,-1.6377042531967163,-0.8174818158149719,1.6377042531967163,-0.8295934200286865
mbpo_stackcube_20261007T182651_ab48dfc3,StackCube-v1,mbpo,policy_gradient_steps,10000,15000,critic_loss,all_update_events_exact_quantiles,5000,0,0.0028240388193167747,0.0027706213295459747,0.0034842207212932414,0.004016353948973122,0.0019222854170948267,0.006714979186654091,0.006714979186654091,0.0026671146042644978
mbpo_stackcube_20261007T182651_ab48dfc3,StackCube-v1,mbpo,policy_gradient_steps,10000,15000,policy_q_min_mean,all_update_events_exact_quantiles,5000,0,0.9987828873157502,0.961882472038269,1.320422464609146,1.3636790823936464,0.7511801719665527,1.387718915939331,1.387718915939331,0.7635806202888489
mbpo_stackcube_20261007T182651_ab48dfc3,StackCube-v1,mbpo,policy_gradient_steps,10000,15000,alpha,all_update_events_exact_quantiles,5000,0,0.05680632579550147,0.05395587719976902,0.08881998620927334,0.09286492884159088,0.031275514513254166,0.093905009329319,0.093905009329319,0.031275514513254166
mbpo_stackcube_20261007T182651_ab48dfc3,StackCube-v1,mbpo,policy_gradient_steps,10000,15000,alpha_loss,all_update_events_exact_quantiles,5000,0,0.3694617456942797,0.35032930970191956,0.5922632038593293,0.6203301346302033,0.18868689239025116,0.628223717212677,0.628223717212677,0.1911419928073883
mbpo_stackcube_20261007T182651_ab48dfc3,StackCube-v1,mbpo,policy_gradient_steps,10000,15000,entropy_estimate,all_update_events_exact_quantiles,5000,0,2.450236885023117,2.4904377460479736,2.6678036212921143,2.686225130558014,1.9901835918426514,2.711118698120117,2.711118698120117,2.110229015350342
mbpo_stackcube_20261007T182651_ab48dfc3,StackCube-v1,mbpo,real_env_steps,30000,40000,actor_loss,all_update_events_exact_quantiles,5008,0,-0.8221868538556579,-0.8024446070194244,-0.7067277878522873,-0.6959469205141067,-1.0452959537506104,-0.680596113204956,1.0452959537506104,-0.6906778812408447
mbpo_stackcube_20261007T182651_ab48dfc3,StackCube-v1,mbpo,real_env_steps,30000,40000,critic_loss,all_update_events_exact_quantiles,5008,0,0.003092797362887577,0.003036238020285964,0.003937894199043512,0.004456587946042419,0.0019612167961895466,0.006714979186654091,0.006714979186654091,0.004292473662644625
mbpo_stackcube_20261007T182651_ab48dfc3,StackCube-v1,mbpo,real_env_steps,30000,40000,policy_q_min_mean,all_update_events_exact_quantiles,5008,0,0.7625092017336395,0.7480056881904602,0.8886834621429444,0.9083833777904511,0.6562025547027588,0.9307929277420044,0.9307929277420044,0.6667352914810181
mbpo_stackcube_20261007T182651_ab48dfc3,StackCube-v1,mbpo,real_env_steps,30000,40000,alpha,all_update_events_exact_quantiles,5008,0,0.02943746471508278,0.0280067240819335,0.04567076954990625,0.04772157732397318,0.016442351043224335,0.04824895039200783,0.04824895039200783,0.016442351043224335
mbpo_stackcube_20261007T182651_ab48dfc3,StackCube-v1,mbpo,real_env_steps,30000,40000,alpha_loss,all_update_events_exact_quantiles,5008,0,0.17745292512104868,0.16649316251277924,0.29180231690406794,0.30651219040155414,0.08586552739143372,0.31168031692504883,0.31168031692504883,0.08972583711147308
mbpo_stackcube_20261007T182651_ab48dfc3,StackCube-v1,mbpo,real_env_steps,30000,40000,entropy_estimate,all_update_events_exact_quantiles,5008,0,1.9290928002744436,1.953515648841858,2.3916248321533202,2.4401620888710025,1.1820838451385498,2.5068020820617676,2.5068020820617676,1.4558424949645996
mbpo_stackcube_20261007T182651_ab48dfc3,StackCube-v1,mbpo,policy_gradient_steps,15000,20000,actor_loss,all_update_events_exact_quantiles,5000,0,-0.7276594983696938,-0.715020090341568,-0.6697185963392258,-0.660907376408577,-0.8526442050933838,-0.6413472890853882,0.8526442050933838,-0.691325306892395
mbpo_stackcube_20261007T182651_ab48dfc3,StackCube-v1,mbpo,policy_gradient_steps,15000,20000,critic_loss,all_update_events_exact_quantiles,5000,0,0.0033592613911721855,0.003298790194094181,0.004280395084060729,0.004766294462606312,0.0020600336138159037,0.005774009041488171,0.005774009041488171,0.0034803401213139296
mbpo_stackcube_20261007T182651_ab48dfc3,StackCube-v1,mbpo,policy_gradient_steps,15000,20000,policy_q_min_mean,all_update_events_exact_quantiles,5000,0,0.6977860408902168,0.6893618106842041,0.759430879354477,0.7734386968612671,0.6299971342086792,0.7918084859848022,0.7918084859848022,0.6840350031852722
mbpo_stackcube_20261007T182651_ab48dfc3,StackCube-v1,mbpo,policy_gradient_steps,15000,20000,alpha,all_update_events_exact_quantiles,5000,0,0.019234327541850508,0.018331332132220268,0.029627897031605246,0.030932839661836624,0.010873410850763321,0.031268734484910965,0.031268734484910965,0.010873410850763321
mbpo_stackcube_20261007T182651_ab48dfc3,StackCube-v1,mbpo,policy_gradient_steps,15000,20000,alpha_loss,all_update_events_exact_quantiles,5000,0,0.10682708908841014,0.10010536387562752,0.17826513648033143,0.18741421312093734,0.04983815550804138,0.19253259897232056,0.19253259897232056,0.05079282447695732
mbpo_stackcube_20261007T182651_ab48dfc3,StackCube-v1,mbpo,policy_gradient_steps,15000,20000,entropy_estimate,all_update_events_exact_quantiles,5000,0,1.4354453606009483,1.4583359956741333,2.0192501068115236,2.087736349105835,0.5063163638114929,2.1785900592803955,2.1785900592803955,0.670329213142395
mbpo_stackcube_20261007T182651_ab48dfc3,StackCube-v1,mbpo,real_env_steps,40000,50000,actor_loss,all_update_events_exact_quantiles,4992,0,-0.687790470627638,-0.6834300756454468,-0.6618446469306946,-0.6546798133850098,-0.8053893446922302,-0.6413472890853882,0.8053893446922302,-0.7320467233657837
mbpo_stackcube_20261007T182651_ab48dfc3,StackCube-v1,mbpo,real_env_steps,40000,50000,critic_loss,all_update_events_exact_quantiles,4992,0,0.00475692767675075,0.004382126033306122,0.007654275535605847,0.010042732991278173,0.0023216030094772577,0.017834044992923737,0.017834044992923737,0.00892466027289629
mbpo_stackcube_20261007T182651_ab48dfc3,StackCube-v1,mbpo,real_env_steps,40000,50000,policy_q_min_mean,all_update_events_exact_quantiles,4992,0,0.6821431967262657,0.6750985383987427,0.7376401096582412,0.761414732336998,0.6299971342086792,0.812492311000824,0.812492311000824,0.7398279905319214
mbpo_stackcube_20261007T182651_ab48dfc3,StackCube-v1,mbpo,real_env_steps,40000,50000,alpha,all_update_events_exact_quantiles,4992,0,0.010272847378543632,0.009790166281163692,0.015596267627552151,0.01626684645190835,0.0060703870840370655,0.01643887721002102,0.01643887721002102,0.0060703870840370655
mbpo_stackcube_20261007T182651_ab48dfc3,StackCube-v1,mbpo,real_env_steps,40000,50000,alpha_loss,all_update_events_exact_quantiles,4992,0,0.046746973617327735,0.043848082423210144,0.08179263658821583,0.08661670923233034,0.016070781275629997,0.08911357820034027,0.08911357820034027,0.016504373401403427
mbpo_stackcube_20261007T182651_ab48dfc3,StackCube-v1,mbpo,real_env_steps,40000,50000,entropy_estimate,all_update_events_exact_quantiles,4992,0,0.36427047521567896,0.4894319921731949,1.260144007205963,1.3630991530418397,-1.3534897565841675,1.5071048736572266,1.5071048736572266,-1.2816249132156372
mbpo_stackcube_20261007T182651_ab48dfc3,StackCube-v1,mbpo,policy_gradient_steps,20000,25000,actor_loss,all_update_events_exact_quantiles,5000,0,-0.7355774101138115,-0.7164386510848999,-0.6634975641965866,-0.6554910862445831,-0.8914033770561218,-0.645326554775238,0.8914033770561218,-0.845353364944458
mbpo_stackcube_20261007T182651_ab48dfc3,StackCube-v1,mbpo,policy_gradient_steps,20000,25000,critic_loss,all_update_events_exact_quantiles,5000,0,0.007243025606591255,0.00665396056137979,0.012737269187346101,0.016434788107872026,0.0030684703961014748,0.022152235731482506,0.022152235731482506,0.00916350819170475
mbpo_stackcube_20261007T182651_ab48dfc3,StackCube-v1,mbpo,policy_gradient_steps,20000,25000,policy_q_min_mean,all_update_events_exact_quantiles,5000,0,0.7387280282616615,0.720509797334671,0.8487689793109894,0.868242012858391,0.6408818960189819,0.9011756777763367,0.9011756777763367,0.854208767414093
mbpo_stackcube_20261007T182651_ab48dfc3,StackCube-v1,mbpo,policy_gradient_steps,20000,25000,alpha,all_update_events_exact_quantiles,5000,0,0.006971761401556432,0.006642197025939822,0.010327517241239549,0.010760188801214099,0.004350563511252403,0.010871187783777714,0.010871187783777714,0.004350563511252403
mbpo_stackcube_20261007T182651_ab48dfc3,StackCube-v1,mbpo,policy_gradient_steps,20000,25000,alpha_loss,all_update_events_exact_quantiles,5000,0,0.024741644973121583,0.02234654501080513,0.04733651466667652,0.050313849970698356,0.0067074717953801155,0.05236781761050224,0.05236781761050224,0.008549562655389309
mbpo_stackcube_20261007T182651_ab48dfc3,StackCube-v1,mbpo,policy_gradient_steps,20000,25000,entropy_estimate,all_update_events_exact_quantiles,5000,0,-0.6784595963356551,-0.6538029313087463,0.6042717278003694,0.7111742609739303,-2.514113426208496,0.839921236038208,2.514113426208496,-2.035147190093994
mbpo_stackcube_20261007T182651_ab48dfc3,StackCube-v1,mbpo,real_env_steps,50000,60000,actor_loss,all_update_events_exact_quantiles,5008,0,-0.8690890746946913,-0.868606448173523,-0.7624572873115539,-0.7424306285381317,-1.036309003829956,-0.7152979373931885,1.036309003829956,-0.9960846304893494
mbpo_stackcube_20261007T182651_ab48dfc3,StackCube-v1,mbpo,real_env_steps,50000,60000,critic_loss,all_update_events_exact_quantiles,5008,0,0.011905830361123105,0.011013207025825977,0.019710562936961645,0.024109417106956264,0.005671030841767788,0.034831658005714417,0.034831658005714417,0.01081013772636652
mbpo_stackcube_20261007T182651_ab48dfc3,StackCube-v1,mbpo,real_env_steps,50000,60000,policy_q_min_mean,all_update_events_exact_quantiles,5008,0,0.8781589075875359,0.8781481683254242,0.9823731184005737,1.0079900074005126,0.7226563096046448,1.046880841255188,1.046880841255188,1.0068359375
mbpo_stackcube_20261007T182651_ab48dfc3,StackCube-v1,mbpo,real_env_steps,50000,60000,alpha,all_update_events_exact_quantiles,5008,0,0.004166811789669016,0.004011010751128197,0.00581449894234538,0.0060179622331634165,0.0028943298384547234,0.006069368217140436,0.006069368217140436,0.0028943298384547234
mbpo_stackcube_20261007T182651_ab48dfc3,StackCube-v1,mbpo,real_env_steps,50000,60000,alpha_loss,all_update_events_exact_quantiles,5008,0,0.007599950204875815,0.006597975501790643,0.01618370758369565,0.017745656408369545,0.0003425308968871832,0.019341357052326202,0.019341357052326202,0.0008269597310572863
mbpo_stackcube_20261007T182651_ab48dfc3,StackCube-v1,mbpo,real_env_steps,50000,60000,entropy_estimate,all_update_events_exact_quantiles,5008,0,-2.3285514278866994,-2.3584717512130737,-1.2062104105949403,-1.0014793610572799,-3.884469985961914,-0.7553730607032776,3.884469985961914,-3.7143054008483887
mbpo_stackcube_20261007T182651_ab48dfc3,StackCube-v1,mbpo,policy_gradient_steps,25000,30000,actor_loss,all_update_events_exact_quantiles,5000,0,-0.9509743165969848,-0.9536963403224945,-0.8522227257490158,-0.8315397542715072,-1.0939887762069702,-0.8019388914108276,1.0939887762069702,-1.0240837335586548
mbpo_stackcube_20261007T182651_ab48dfc3,StackCube-v1,mbpo,policy_gradient_steps,25000,30000,critic_loss,all_update_events_exact_quantiles,5000,0,0.01489886775072664,0.014125787653028965,0.02397352587431669,0.028225659709423784,0.00640020240098238,0.034831658005714417,0.034831658005714417,0.02609347179532051
mbpo_stackcube_20261007T182651_ab48dfc3,StackCube-v1,mbpo,policy_gradient_steps,25000,30000,policy_q_min_mean,all_update_events_exact_quantiles,5000,0,0.9608813205361366,0.9636479020118713,1.0517348110675813,1.0751173067092896,0.811137318611145,1.1045963764190674,1.1045963764190674,1.0347695350646973
mbpo_stackcube_20261007T182651_ab48dfc3,StackCube-v1,mbpo,policy_gradient_steps,25000,30000,alpha,all_update_events_exact_quantiles,5000,0,0.0031942386783193797,0.003047806560061872,0.004179610870778561,0.004315623240545392,0.00260519259609282,0.00434986874461174,0.00434986874461174,0.0026055092457681894
mbpo_stackcube_20261007T182651_ab48dfc3,StackCube-v1,mbpo,policy_gradient_steps,25000,30000,alpha_loss,all_update_events_exact_quantiles,5000,0,0.0028713467909401514,0.002189669758081436,0.0076063928660005335,0.008672526655718686,-0.0008268746314570308,0.010214084759354591,0.010214084759354591,-0.0002640276215970516
mbpo_stackcube_20261007T182651_ab48dfc3,StackCube-v1,mbpo,policy_gradient_steps,25000,30000,entropy_estimate,all_update_events_exact_quantiles,5000,0,-3.194143252038956,-3.280471086502075,-2.1743150472640993,-1.952779388427734,-4.315751075744629,-1.570655107498169,4.315751075744629,-4.101337432861328
mbpo_stackcube_20261007T182651_ab48dfc3,StackCube-v1,mbpo,real_env_steps,60000,70000,actor_loss,all_update_events_exact_quantiles,4992,0,-1.042545753519218,-1.0441275835037231,-0.9765546977519989,-0.9544660609960556,-1.1548190116882324,-0.8932183980941772,1.1548190116882324,-1.1100423336029053
mbpo_stackcube_20261007T182651_ab48dfc3,StackCube-v1,mbpo,real_env_steps,60000,70000,critic_loss,all_update_events_exact_quantiles,4992,0,0.020145682935272375,0.019611905328929424,0.030324722360819577,0.03603825129568578,0.007669508922845125,0.04423266649246216,0.04423266649246216,0.01710565760731697
mbpo_stackcube_20261007T182651_ab48dfc3,StackCube-v1,mbpo,real_env_steps,60000,70000,policy_q_min_mean,all_update_events_exact_quantiles,4992,0,1.0531458208600106,1.054578721523285,1.114747381210327,1.134925880432129,0.9033730030059814,1.1667273044586182,1.1667273044586182,1.122016191482544
mbpo_stackcube_20261007T182651_ab48dfc3,StackCube-v1,mbpo,real_env_steps,60000,70000,alpha,all_update_events_exact_quantiles,4992,0,0.0026976574048230527,0.0026685629272833467,0.0028543663676828144,0.002883483562618494,0.002593858167529106,0.0028941158670932055,0.0028941158670932055,0.002857498824596405
mbpo_stackcube_20261007T182651_ab48dfc3,StackCube-v1,mbpo,real_env_steps,60000,70000,alpha_loss,all_update_events_exact_quantiles,4992,0,0.000190592875382797,0.00011146971519337967,0.0013263473869301377,0.0017615299276076274,-0.00139466836117208,0.002301133004948497,0.002301133004948497,-0.0005443542031571269
mbpo_stackcube_20261007T182651_ab48dfc3,StackCube-v1,mbpo,real_env_steps,60000,70000,entropy_estimate,all_update_events_exact_quantiles,4992,0,-3.9314280788485823,-3.958285927772522,-3.5255321264266968,-3.3764776372909546,-4.522268295288086,-3.1745243072509766,4.522268295288086,-4.190506935119629
mbpo_stackcube_20261007T182651_ab48dfc3,StackCube-v1,mbpo,policy_gradient_steps,30000,35000,actor_loss,all_update_events_exact_quantiles,5000,0,-1.0833182121396066,-1.0833158493041992,-1.0258539080619813,-1.0067514705657958,-1.2027190923690796,-0.9760522246360779,1.2027190923690796,-1.1254055500030518
mbpo_stackcube_20261007T182651_ab48dfc3,StackCube-v1,mbpo,policy_gradient_steps,30000,35000,critic_loss,all_update_events_exact_quantiles,5000,0,0.023427825049497187,0.022894147783517838,0.03383906632661819,0.039082507044076925,0.008549800142645836,0.05284121632575989,0.05284121632575989,0.022084740921854973
mbpo_stackcube_20261007T182651_ab48dfc3,StackCube-v1,mbpo,policy_gradient_steps,30000,35000,policy_q_min_mean,all_update_events_exact_quantiles,5000,0,1.094613202393055,1.0946187376976013,1.1534050047397613,1.171887229681015,0.9858062267303467,1.2151271104812622,1.2151271104812622,1.1368043422698975
mbpo_stackcube_20261007T182651_ab48dfc3,StackCube-v1,mbpo,policy_gradient_steps,30000,35000,alpha,all_update_events_exact_quantiles,5000,0,0.0028057966955937447,0.0027936166152358055,0.0030431804596446456,0.00304971968755126,0.002593858167529106,0.0030528493225574493,0.0030528493225574493,0.003047340316697955
mbpo_stackcube_20261007T182651_ab48dfc3,StackCube-v1,mbpo,policy_gradient_steps,30000,35000,alpha_loss,all_update_events_exact_quantiles,5000,0,-7.215695966733619e-05,-7.620547330589034e-05,0.0006233386928215624,0.0008837254956597462,-0.00139466836117208,0.0013782609021291137,0.00139466836117208,0.0007942687370814383
mbpo_stackcube_20261007T182651_ab48dfc3,StackCube-v1,mbpo,policy_gradient_steps,30000,35000,entropy_estimate,all_update_events_exact_quantiles,5000,0,-4.0260497892856595,-4.027349948883057,-3.77990540266037,-3.6885217285156244,-4.522268295288086,-3.4804515838623047,4.522268295288086,-3.739433765411377
mbpo_stackcube_20261007T182651_ab48dfc3,StackCube-v1,mbpo,real_env_steps,70000,80000,actor_loss,all_update_events_exact_quantiles,5008,0,-1.1393481403494035,-1.1394644975662231,-1.0815299868583679,-1.060553069114685,-1.2474074363708496,-1.0208206176757812,1.2474074363708496,-1.196152925491333
mbpo_stackcube_20261007T182651_ab48dfc3,StackCube-v1,mbpo,real_env_steps,70000,80000,critic_loss,all_update_events_exact_quantiles,5008,0,0.026873268621650855,0.026415089145302773,0.036706062778830525,0.04170002315193415,0.011835863813757896,0.05720346421003342,0.05720346421003342,0.024040421470999718
mbpo_stackcube_20261007T182651_ab48dfc3,StackCube-v1,mbpo,real_env_steps,70000,80000,policy_q_min_mean,all_update_events_exact_quantiles,5008,0,1.151836886716346,1.151919960975647,1.2101342260837555,1.2335899043083192,1.031938076019287,1.2605180740356445,1.2605180740356445,1.2096037864685059
mbpo_stackcube_20261007T182651_ab48dfc3,StackCube-v1,mbpo,real_env_steps,70000,80000,alpha,all_update_events_exact_quantiles,5008,0,0.00311012651653032,0.0031056527514010668,0.003334099531639367,0.0033423152170144023,0.0028576566837728024,0.003345053642988205,0.003345053642988205,0.003343977266922593
mbpo_stackcube_20261007T182651_ab48dfc3,StackCube-v1,mbpo,real_env_steps,70000,80000,alpha_loss,all_update_events_exact_quantiles,5008,0,-4.8629965471272575e-05,-5.765842797700316e-05,0.0006410006928490469,0.00095015146303922,-0.0015400948468595743,0.0016318291891366243,0.0016318291891366243,-7.449866097886115e-05
mbpo_stackcube_20261007T182651_ab48dfc3,StackCube-v1,mbpo,real_env_steps,70000,80000,entropy_estimate,all_update_events_exact_quantiles,5008,0,-4.0158786499462185,-4.018571376800537,-3.793252420425415,-3.7001492762565613,-4.495901107788086,-3.476616621017456,4.495901107788086,-4.02227783203125
mbpo_stackcube_20261007T182651_ab48dfc3,StackCube-v1,mbpo,policy_gradient_steps,35000,40000,actor_loss,all_update_events_exact_quantiles,5000,0,-1.1736932470798493,-1.1734987497329712,-1.1183291733264924,-1.096590142250061,-1.2872874736785889,-1.0672343969345093,1.2872874736785889,-1.2075507640838623
mbpo_stackcube_20261007T182651_ab48dfc3,StackCube-v1,mbpo,policy_gradient_steps,35000,40000,critic_loss,all_update_events_exact_quantiles,5000,0,0.02817346467003226,0.027778835967183113,0.0378133162856102,0.04200084250420334,0.012421049177646637,0.05720346421003342,0.05720346421003342,0.02842089720070362
mbpo_stackcube_20261007T182651_ab48dfc3,StackCube-v1,mbpo,policy_gradient_steps,35000,40000,policy_q_min_mean,all_update_events_exact_quantiles,5000,0,1.1868480296850203,1.1866073608398438,1.243630576133728,1.2651602602005005,1.0795485973358154,1.3010528087615967,1.3010528087615967,1.2213330268859863
mbpo_stackcube_20261007T182651_ab48dfc3,StackCube-v1,mbpo,policy_gradient_steps,35000,40000,alpha,all_update_events_exact_quantiles,5000,0,0.003279611487593502,0.0032758722081780434,0.0034646893851459025,0.003478885944932699,0.003043915843591094,0.0034841103479266167,0.0034841103479266167,0.0034525850787758827
mbpo_stackcube_20261007T182651_ab48dfc3,StackCube-v1,mbpo,policy_gradient_steps,35000,40000,alpha_loss,all_update_events_exact_quantiles,5000,0,-3.6661862216715234e-05,-3.858635318465531e-05,0.0006320331682218239,0.0009433749294839804,-0.0016492613358423114,0.0016318291891366243,0.0016492613358423114,2.859631786122918e-05
mbpo_stackcube_20261007T182651_ab48dfc3,StackCube-v1,mbpo,policy_gradient_steps,35000,40000,entropy_estimate,all_update_events_exact_quantiles,5000,0,-4.011393533992767,-4.011492490768433,-3.807102930545807,-3.71291054725647,-4.495901107788086,-3.476616621017456,4.495901107788086,-3.991717576980591
mbpo_stackcube_20261007T182651_ab48dfc3,StackCube-v1,mbpo,real_env_steps,80000,90000,actor_loss,all_update_events_exact_quantiles,4992,0,-1.2203611333926137,-1.2201842665672302,-1.167319941520691,-1.1492298650741577,-1.3341286182403564,-1.123706340789795,1.3341286182403564,-1.2638452053070068
mbpo_stackcube_20261007T182651_ab48dfc3,StackCube-v1,mbpo,real_env_steps,80000,90000,critic_loss,all_update_events_exact_quantiles,4992,0,0.02935188654634821,0.02889318112283945,0.03883287496864796,0.043529151044785976,0.013984637334942818,0.05867400020360947,0.05867400020360947,0.031588148325681686
mbpo_stackcube_20261007T182651_ab48dfc3,StackCube-v1,mbpo,real_env_steps,80000,90000,policy_q_min_mean,all_update_events_exact_quantiles,4992,0,1.23453218009896,1.2342458963394165,1.2900684535503388,1.3095734739303588,1.1360887289047241,1.3493082523345947,1.3493082523345947,1.2790292501449585
mbpo_stackcube_20261007T182651_ab48dfc3,StackCube-v1,mbpo,real_env_steps,80000,90000,alpha,all_update_events_exact_quantiles,4992,0,0.003534679477711623,0.003544456558302045,0.003725524723995477,0.0037553732958622277,0.003312203334644437,0.0037573904264718294,0.0037573904264718294,0.0037374182138592005
mbpo_stackcube_20261007T182651_ab48dfc3,StackCube-v1,mbpo,real_env_steps,80000,90000,alpha_loss,all_update_events_exact_quantiles,4992,0,-3.264415445085999e-05,-3.1831328669795766e-05,0.000700468602008186,0.0009536812111036854,-0.001649659126996994,0.0014945471193641424,0.001649659126996994,-0.00023801339557394385
mbpo_stackcube_20261007T182651_ab48dfc3,StackCube-v1,mbpo,real_env_steps,80000,90000,entropy_estimate,all_update_events_exact_quantiles,4992,0,-4.009285486040589,-4.008932828903198,-3.8040272831916813,-3.730112946033478,-4.481167793273926,-3.5529232025146484,4.481167793273926,-4.063699722290039
mbpo_stackcube_20261007T182651_ab48dfc3,StackCube-v1,mbpo,policy_gradient_steps,40000,45000,actor_loss,all_update_events_exact_quantiles,5000,0,-1.2503452707529068,-1.2508357167243958,-1.196201205253601,-1.175075659751892,-1.3669975996017456,-1.1461125612258911,1.3669975996017456,-1.3375608921051025
mbpo_stackcube_20261007T182651_ab48dfc3,StackCube-v1,mbpo,policy_gradient_steps,40000,45000,critic_loss,all_update_events_exact_quantiles,5000,0,0.029769855378195643,0.02940796036273241,0.03934406284242869,0.043676770441234115,0.015002598986029625,0.05867400020360947,0.05867400020360947,0.028321832418441772
mbpo_stackcube_20261007T182651_ab48dfc3,StackCube-v1,mbpo,policy_gradient_steps,40000,45000,policy_q_min_mean,all_update_events_exact_quantiles,5000,0,1.2651302237987518,1.2657902240753174,1.3203955233097076,1.3424407732486725,1.1598106622695923,1.382551670074463,1.382551670074463,1.3543469905853271
mbpo_stackcube_20261007T182651_ab48dfc3,StackCube-v1,mbpo,policy_gradient_steps,40000,45000,alpha,all_update_events_exact_quantiles,5000,0,0.0036869523236062376,0.003697084728628397,0.003830469271633774,0.003905598574783653,0.0034523133654147387,0.003911762032657862,0.003911762032657862,0.003911053296178579
mbpo_stackcube_20261007T182651_ab48dfc3,StackCube-v1,mbpo,policy_gradient_steps,40000,45000,alpha_loss,all_update_events_exact_quantiles,5000,0,-3.7510767996536746e-05,-3.965761425206438e-05,0.0007344108395045623,0.0009818154177628467,-0.001649659126996994,0.0014224026817828417,0.001649659126996994,-0.0011461065150797367
mbpo_stackcube_20261007T182651_ab48dfc3,StackCube-v1,mbpo,policy_gradient_steps,40000,45000,entropy_estimate,all_update_events_exact_quantiles,5000,0,-4.010251059150696,-4.010773181915283,-3.8015281081199648,-3.733830635547638,-4.447881698608398,-3.6029610633850098,4.447881698608398,-4.293119430541992
mbpo_stackcube_20261007T182651_ab48dfc3,StackCube-v1,mbpo,real_env_steps,90000,100000,actor_loss,all_update_events_exact_quantiles,5008,0,-1.2949466617962422,-1.294892966747284,-1.2420278668403626,-1.2203078389167785,-1.4141074419021606,-1.1883782148361206,1.4141074419021606,-1.3264553546905518
mbpo_stackcube_20261007T182651_ab48dfc3,StackCube-v1,mbpo,real_env_steps,90000,100000,critic_loss,all_update_events_exact_quantiles,5008,0,0.029951602788478398,0.029647845774888992,0.039207072556018824,0.043669165931642086,0.015016106888651848,0.05079832300543785,0.05079832300543785,0.021805569529533386
mbpo_stackcube_20261007T182651_ab48dfc3,StackCube-v1,mbpo,real_env_steps,90000,100000,policy_q_min_mean,all_update_events_exact_quantiles,5008,0,1.3105435351641794,1.310648500919342,1.364083981513977,1.3850529289245608,1.2027949094772339,1.4309539794921875,1.4309539794921875,1.3428843021392822
mbpo_stackcube_20261007T182651_ab48dfc3,StackCube-v1,mbpo,real_env_steps,90000,100000,alpha,all_update_events_exact_quantiles,5008,0,0.0038936655098939102,0.003922131611034274,0.004021679772995413,0.004027028600685299,0.0037245037965476513,0.004032546654343605,0.004032546654343605,0.004026730544865131
mbpo_stackcube_20261007T182651_ab48dfc3,StackCube-v1,mbpo,real_env_steps,90000,100000,alpha_loss,all_update_events_exact_quantiles,5008,0,-2.2442792380487504e-05,-2.34671442740364e-05,0.0007374055945547297,0.0010406766505911952,-0.0017025123815983534,0.0014133219374343753,0.0017025123815983534,-0.000324172229738906
mbpo_stackcube_20261007T182651_ab48dfc3,StackCube-v1,mbpo,real_env_steps,90000,100000,entropy_estimate,all_update_events_exact_quantiles,5008,0,-4.0058337895158,-4.006092309951782,-3.8108974575996397,-3.7347045803070067,-4.432281494140625,-3.643883228302002,4.432281494140625,-4.080516338348389
mbpo_stackcube_20261007T182651_ab48dfc3,StackCube-v1,mbpo,policy_gradient_steps,45000,50000,actor_loss,all_update_events_exact_quantiles,5000,0,-1.3223831506729127,-1.3220434188842773,-1.2718063831329345,-1.249121698141098,-1.4412918090820312,-1.2011958360671997,1.4412918090820312,-1.3230780363082886
mbpo_stackcube_20261007T182651_ab48dfc3,StackCube-v1,mbpo,policy_gradient_steps,45000,50000,critic_loss,all_update_events_exact_quantiles,5000,0,0.02994921373017132,0.029575644060969353,0.03896467536687852,0.04378421675413848,0.015837086364626884,0.05079832300543785,0.05079832300543785,0.03161168843507767
mbpo_stackcube_20261007T182651_ab48dfc3,StackCube-v1,mbpo,policy_gradient_steps,45000,50000,policy_q_min_mean,all_update_events_exact_quantiles,5000,0,1.3384973181724549,1.3382121920585632,1.3925555527210236,1.4136030185222626,1.216386318206787,1.4585223197937012,1.4585223197937012,1.3394948244094849
mbpo_stackcube_20261007T182651_ab48dfc3,StackCube-v1,mbpo,policy_gradient_steps,45000,50000,alpha,all_update_events_exact_quantiles,5000,0,0.004023660536948592,0.004010763019323349,0.004185463301837444,0.004197759218513965,0.0039021784905344248,0.004202038515359163,0.004202038515359163,0.004188365302979946
mbpo_stackcube_20261007T182651_ab48dfc3,StackCube-v1,mbpo,policy_gradient_steps,45000,50000,alpha_loss,all_update_events_exact_quantiles,5000,0,-1.974785912098014e-05,-1.580618118168786e-05,0.0007445866503985603,0.0010352146602235737,-0.002057897625491023,0.0015130179235711694,0.002057897625491023,0.0003395092790015042
mbpo_stackcube_20261007T182651_ab48dfc3,StackCube-v1,mbpo,policy_gradient_steps,45000,50000,entropy_estimate,all_update_events_exact_quantiles,5000,0,-4.004927987718582,-4.0038769245147705,-3.8154968142509462,-3.742210853099823,-4.499399662017822,-3.6268134117126465,4.499399662017822,-3.9189534187316895
mbpo_stackcube_20261007T182651_ab48dfc3,StackCube-v1,mbpo,real_env_steps,100000,110000,actor_loss,all_update_events_exact_quantiles,4992,0,-1.3656172583309503,-1.365793228149414,-1.3095076858997345,-1.2898115265369414,-1.4775207042694092,-1.2477071285247803,1.4775207042694092,-1.4442073106765747
mbpo_stackcube_20261007T182651_ab48dfc3,StackCube-v1,mbpo,real_env_steps,100000,110000,critic_loss,all_update_events_exact_quantiles,4992,0,0.02934076155174691,0.028929859399795532,0.038276672922074796,0.042751955799758455,0.015837086364626884,0.05325164645910263,0.05325164645910263,0.028062909841537476
mbpo_stackcube_20261007T182651_ab48dfc3,StackCube-v1,mbpo,real_env_steps,100000,110000,policy_q_min_mean,all_update_events_exact_quantiles,4992,0,1.3823982519933429,1.3825739026069641,1.4390504240989686,1.4612630558013917,1.2631160020828247,1.4951776266098022,1.4951776266098022,1.4620258808135986
mbpo_stackcube_20261007T182651_ab48dfc3,StackCube-v1,mbpo,real_env_steps,100000,110000,alpha,all_update_events_exact_quantiles,4992,0,0.004190361391617141,0.0041923674289137125,0.004294813913293183,0.004302353113889695,0.004027294926345348,0.0043115089647471905,0.0043115089647471905,0.004299611318856478
mbpo_stackcube_20261007T182651_ab48dfc3,StackCube-v1,mbpo,real_env_steps,100000,110000,alpha_loss,all_update_events_exact_quantiles,4992,0,-1.976737547984624e-05,-1.3351629604585469e-05,0.0007452633464708919,0.001020875707035885,-0.002057897625491023,0.0015796569641679525,0.002057897625491023,-0.0006188692059367895
mbpo_stackcube_20261007T182651_ab48dfc3,StackCube-v1,mbpo,real_env_steps,100000,110000,entropy_estimate,all_update_events_exact_quantiles,4992,0,-4.00479659696038,-4.003248929977417,-3.8202904224395753,-3.754432940483093,-4.499399662017822,-3.620711088180542,4.499399662017822,-4.143925666809082
mbpo_stackcube_20261007T182651_ab48dfc3,StackCube-v1,mbpo,policy_gradient_steps,50000,55000,actor_loss,all_update_events_exact_quantiles,5000,0,-1.395544721508026,-1.3957721590995789,-1.340274691581726,-1.319422069787979,-1.5032609701156616,-1.2803456783294678,1.5032609701156616,-1.4234538078308105
mbpo_stackcube_20261007T182651_ab48dfc3,StackCube-v1,mbpo,policy_gradient_steps,50000,55000,critic_loss,all_update_events_exact_quantiles,5000,0,0.02817410360611975,0.02776891179382801,0.0373544741421938,0.04134485714137559,0.01475868932902813,0.05325164645910263,0.05325164645910263,0.022256869822740555
mbpo_stackcube_20261007T182651_ab48dfc3,StackCube-v1,mbpo,policy_gradient_steps,50000,55000,policy_q_min_mean,all_update_events_exact_quantiles,5000,0,1.4125782658338546,1.4129831194877625,1.4685509741306304,1.4894792449474334,1.2968544960021973,1.5213738679885864,1.5213738679885864,1.4405999183654785
mbpo_stackcube_20261007T182651_ab48dfc3,StackCube-v1,mbpo,policy_gradient_steps,50000,55000,alpha,all_update_events_exact_quantiles,5000,0,0.0042570302025415,0.004270185250788927,0.004313670285046101,0.0043237053835764525,0.004153374116867781,0.0043317158706486225,0.0043317158706486225,0.004247758537530899
mbpo_stackcube_20261007T182651_ab48dfc3,StackCube-v1,mbpo,policy_gradient_steps,50000,55000,alpha_loss,all_update_events_exact_quantiles,5000,0,-5.471023847348988e-06,9.782525012269616e-07,0.0007381442846963182,0.0010545367177110176,-0.001618238165974617,0.0015796569641679525,0.001618238165974617,-0.00015824392903596163
mbpo_stackcube_20261007T182651_ab48dfc3,StackCube-v1,mbpo,policy_gradient_steps,50000,55000,entropy_estimate,all_update_events_exact_quantiles,5000,0,-4.0013462186336515,-3.999769926071167,-3.8271101474761964,-3.752515232563019,-4.375563621520996,-3.620711088180542,4.375563621520996,-4.03726053237915
mbpo_stackcube_20261007T182651_ab48dfc3,StackCube-v1,mbpo,real_env_steps,110000,120000,actor_loss,all_update_events_exact_quantiles,5008,0,-1.442985959232044,-1.4421861171722412,-1.3872458636760712,-1.3676481366157531,-1.5808939933776855,-1.3291707038879395,1.5808939933776855,-1.5400657653808594
mbpo_stackcube_20261007T182651_ab48dfc3,StackCube-v1,mbpo,real_env_steps,110000,120000,critic_loss,all_update_events_exact_quantiles,5008,0,0.025535728641080495,0.024951043538749218,0.03384884838014841,0.03884560938924552,0.014480315148830414,0.048613809049129486,0.048613809049129486,0.018530843779444695
mbpo_stackcube_20261007T182651_ab48dfc3,StackCube-v1,mbpo,real_env_steps,110000,120000,policy_q_min_mean,all_update_events_exact_quantiles,5008,0,1.4600293143345906,1.4592289924621582,1.5172503590583801,1.5395104050636292,1.3451545238494873,1.5990840196609497,1.5990840196609497,1.5573852062225342
mbpo_stackcube_20261007T182651_ab48dfc3,StackCube-v1,mbpo,real_env_steps,110000,120000,alpha,all_update_events_exact_quantiles,5008,0,0.004262003245742652,0.004260910674929619,0.004313665698282421,0.0043237043824046854,0.004184947349131107,0.0043317158706486225,0.0043317158706486225,0.004228564444929361
mbpo_stackcube_20261007T182651_ab48dfc3,StackCube-v1,mbpo,real_env_steps,110000,120000,alpha_loss,all_update_events_exact_quantiles,5008,0,4.714117321695224e-06,1.0136267519555986e-05,0.000736538748606108,0.0010264596575871115,-0.0016335707623511553,0.0014039226807653904,0.0016335707623511553,-0.0004050888237543404
mbpo_stackcube_20261007T182651_ab48dfc3,StackCube-v1,mbpo,real_env_steps,110000,120000,entropy_estimate,all_update_events_exact_quantiles,5008,0,-3.9989440893403256,-3.997625708580017,-3.826960134506226,-3.759708213806152,-4.3885321617126465,-3.6732418537139893,4.3885321617126465,-4.095797538757324
mbpo_stackcube_20261007T182651_ab48dfc3,StackCube-v1,mbpo,policy_gradient_steps,55000,60000,actor_loss,all_update_events_exact_quantiles,5000,0,-1.4745875101804733,-1.4744519591331482,-1.4172298312187195,-1.3966215801239013,-1.5880253314971924,-1.369150996208191,1.5880253314971924,-1.5170975923538208
mbpo_stackcube_20261007T182651_ab48dfc3,StackCube-v1,mbpo,policy_gradient_steps,55000,60000,critic_loss,all_update_events_exact_quantiles,5000,0,0.023981759489141406,0.02344490773975849,0.03199801482260227,0.036017606630921364,0.014380104839801788,0.04281996190547943,0.04281996190547943,0.021569062024354935
mbpo_stackcube_20261007T182651_ab48dfc3,StackCube-v1,mbpo,policy_gradient_steps,55000,60000,policy_q_min_mean,all_update_events_exact_quantiles,5000,0,1.4915980989456177,1.491432785987854,1.5483228266239166,1.5698997139930726,1.3847732543945312,1.6063318252563477,1.6063318252563477,1.534080982208252
mbpo_stackcube_20261007T182651_ab48dfc3,StackCube-v1,mbpo,policy_gradient_steps,55000,60000,alpha,all_update_events_exact_quantiles,5000,0,0.004251895665936172,0.004247857024893165,0.004303836380131543,0.00431698533706367,0.004184947349131107,0.004320868756622076,0.004320868756622076,0.004300314467400312
mbpo_stackcube_20261007T182651_ab48dfc3,StackCube-v1,mbpo,policy_gradient_steps,55000,60000,alpha_loss,all_update_events_exact_quantiles,5000,0,-3.0496191066049506e-06,-2.8052600100636482e-06,0.0007176849292591216,0.0009957702690735477,-0.0016335707623511553,0.0014134552329778671,0.0016335707623511553,0.00021775788627564907
mbpo_stackcube_20261007T182651_ab48dfc3,StackCube-v1,mbpo,policy_gradient_steps,55000,60000,entropy_estimate,all_update_events_exact_quantiles,5000,0,-4.00075765247345,-4.000660419464111,-3.8318561553955077,-3.7672653770446773,-4.3885321617126465,-3.6659536361694336,4.3885321617126465,-3.949362277984619
mbpo_stackcube_20261007T182651_ab48dfc3,StackCube-v1,mbpo,real_env_steps,120000,130000,actor_loss,all_update_events_exact_quantiles,4992,0,-1.5162962891686804,-1.516244649887085,-1.4616279244422912,-1.4404821813106536,-1.6453393697738647,-1.4052016735076904,1.6453393697738647,-1.5640232563018799
mbpo_stackcube_20261007T182651_ab48dfc3,StackCube-v1,mbpo,real_env_steps,120000,130000,critic_loss,all_update_events_exact_quantiles,4992,0,0.022531775495362803,0.021988520398736,0.030347395688295364,0.035613345354795455,0.012724271975457668,0.04744729772210121,0.04744729772210121,0.01931702345609665
mbpo_stackcube_20261007T182651_ab48dfc3,StackCube-v1,mbpo,real_env_steps,120000,130000,policy_q_min_mean,all_update_events_exact_quantiles,4992,0,1.5335242512564247,1.5335376858711243,1.5887340545654296,1.6081517982482911,1.4207135438919067,1.6638978719711304,1.6638978719711304,1.5820376873016357
mbpo_stackcube_20261007T182651_ab48dfc3,StackCube-v1,mbpo,real_env_steps,120000,130000,alpha,all_update_events_exact_quantiles,4992,0,0.004304890774129979,0.0043147108517587185,0.004359041806310415,0.004367449344135821,0.004203336779028177,0.004384838044643402,0.004384838044643402,0.004350920207798481
mbpo_stackcube_20261007T182651_ab48dfc3,StackCube-v1,mbpo,real_env_steps,120000,130000,alpha_loss,all_update_events_exact_quantiles,4992,0,-8.499331826419037e-06,-5.729507392970845e-06,0.0006878186191897838,0.0009792477928567678,-0.001552299945615232,0.0014134552329778671,0.001552299945615232,-0.0006131710251793265
mbpo_stackcube_20261007T182651_ab48dfc3,StackCube-v1,mbpo,real_env_steps,120000,130000,entropy_estimate,all_update_events_exact_quantiles,4992,0,-4.002022019372537,-4.001324415206909,-3.8399969935417175,-3.769081835746765,-4.367520332336426,-3.6659536361694336,4.367520332336426,-4.140949249267578
mbpo_stackcube_20261007T182651_ab48dfc3,StackCube-v1,mbpo,policy_gradient_steps,60000,65000,actor_loss,all_update_events_exact_quantiles,5000,0,-1.5408973667144776,-1.5410851836204529,-1.4870850563049316,-1.4678156650066376,-1.6517958641052246,-1.4158686399459839,1.6517958641052246,-1.56782865524292
mbpo_stackcube_20261007T182651_ab48dfc3,StackCube-v1,mbpo,policy_gradient_steps,60000,65000,critic_loss,all_update_events_exact_quantiles,5000,0,0.02184888911023736,0.02118790615350008,0.030074607953429224,0.03559807151556015,0.012234785594046116,0.04744729772210121,0.04744729772210121,0.019147073850035667
mbpo_stackcube_20261007T182651_ab48dfc3,StackCube-v1,mbpo,policy_gradient_steps,60000,65000,policy_q_min_mean,all_update_events_exact_quantiles,5000,0,1.5582882329940795,1.5584649443626404,1.6123027980327607,1.6318720698356628,1.432358741760254,1.6693698167800903,1.6693698167800903,1.5858407020568848
mbpo_stackcube_20261007T182651_ab48dfc3,StackCube-v1,mbpo,policy_gradient_steps,60000,65000,alpha,all_update_events_exact_quantiles,5000,0,0.0043458135690540075,0.004348414717242122,0.004385584709234535,0.004397113448940218,0.0042755091562867165,0.004412248730659485,0.004412248730659485,0.004411760251969099
mbpo_stackcube_20261007T182651_ab48dfc3,StackCube-v1,mbpo,policy_gradient_steps,60000,65000,alpha_loss,all_update_events_exact_quantiles,5000,0,-7.702791358678952e-06,-1.5881960280239582e-07,0.0006895228667417541,0.0009754723770311109,-0.0015320410020649433,0.001499709440395236,0.0015320410020649433,-0.00036706068203784525
mbpo_stackcube_20261007T182651_ab48dfc3,StackCube-v1,mbpo,policy_gradient_steps,60000,65000,entropy_estimate,all_update_events_exact_quantiles,5000,0,-4.001810978841782,-4.000036716461182,-3.841191601753235,-3.7762393260002134,-4.353080749511719,-3.6563925743103027,4.353080749511719,-4.083209991455078
mbpo_stackcube_20261007T182651_ab48dfc3,StackCube-v1,mbpo,real_env_steps,130000,140000,actor_loss,all_update_events_exact_quantiles,5008,0,-1.573829273708141,-1.5741885304450989,-1.5225611925125122,-1.5020148158073425,-1.680994987487793,-1.4599727392196655,1.680994987487793,-1.639634370803833
mbpo_stackcube_20261007T182651_ab48dfc3,StackCube-v1,mbpo,real_env_steps,130000,140000,critic_loss,all_update_events_exact_quantiles,5008,0,0.021508777516517644,0.020637531764805317,0.030523045733571043,0.036631616950035105,0.012234785594046116,0.05208243057131767,0.05208243057131767,0.022219054400920868
mbpo_stackcube_20261007T182651_ab48dfc3,StackCube-v1,mbpo,real_env_steps,130000,140000,policy_q_min_mean,all_update_events_exact_quantiles,5008,0,1.591494314539166,1.5918852090835571,1.6407912135124205,1.6596324837207794,1.4763257503509521,1.698849081993103,1.698849081993103,1.657482624053955
mbpo_stackcube_20261007T182651_ab48dfc3,StackCube-v1,mbpo,real_env_steps,130000,140000,alpha,all_update_events_exact_quantiles,5008,0,0.004414558466713572,0.004427128238603473,0.00447953431867063,0.0044880645023658875,0.00430099293589592,0.0044936444610357285,0.0044936444610357285,0.004455152899026871
mbpo_stackcube_20261007T182651_ab48dfc3,StackCube-v1,mbpo,real_env_steps,130000,140000,alpha_loss,all_update_events_exact_quantiles,5008,0,-6.8895028424088024e-06,1.2632881407625973e-06,0.0006862538080895318,0.0009784958628006283,-0.0015320410020649433,0.001499709440395236,0.0015320410020649433,-3.0012779461685568e-05
mbpo_stackcube_20261007T182651_ab48dfc3,StackCube-v1,mbpo,real_env_steps,130000,140000,entropy_estimate,all_update_events_exact_quantiles,5008,0,-4.001604684720786,-3.99971604347229,-3.8434826374053954,-3.7779826498031617,-4.353080749511719,-3.6563925743103027,4.353080749511719,-4.00673770904541
mbpo_stackcube_20261007T182651_ab48dfc3,StackCube-v1,mbpo,policy_gradient_steps,65000,70000,actor_loss,all_update_events_exact_quantiles,5000,0,-1.5933297131061555,-1.5930955410003662,-1.5437631249427795,-1.522921848297119,-1.717695713043213,-1.4599727392196655,1.717695713043213,-1.6531317234039307
mbpo_stackcube_20261007T182651_ab48dfc3,StackCube-v1,mbpo,policy_gradient_steps,65000,70000,critic_loss,all_update_events_exact_quantiles,5000,0,0.021166931861825288,0.020237883552908897,0.029999974276870494,0.036545268073678014,0.012947543524205685,0.05208243057131767,0.05208243057131767,0.016488544642925262
mbpo_stackcube_20261007T182651_ab48dfc3,StackCube-v1,mbpo,policy_gradient_steps,65000,70000,policy_q_min_mean,all_update_events_exact_quantiles,5000,0,1.611137536907196,1.6109251379966736,1.6618353068828584,1.6815138363838196,1.4763257503509521,1.7362051010131836,1.7362051010131836,1.6711599826812744
mbpo_stackcube_20261007T182651_ab48dfc3,StackCube-v1,mbpo,policy_gradient_steps,65000,70000,alpha,all_update_events_exact_quantiles,5000,0,0.0044514301455579695,0.004454042762517929,0.004485990619286895,0.004493288761004806,0.0043923817574977875,0.004502309486269951,0.004502309486269951,0.004457809496670961
mbpo_stackcube_20261007T182651_ab48dfc3,StackCube-v1,mbpo,policy_gradient_steps,65000,70000,alpha_loss,all_update_events_exact_quantiles,5000,0,-2.139797444760916e-06,-6.065820343792439e-07,0.0007091122039128097,0.0009934259543661033,-0.0013716225512325764,0.0016727307811379433,0.0016727307811379433,-0.00019429372332524508
mbpo_stackcube_20261007T182651_ab48dfc3,StackCube-v1,mbpo,policy_gradient_steps,65000,70000,entropy_estimate,all_update_events_exact_quantiles,5000,0,-4.000524075365067,-4.000136375427246,-3.8403636693954466,-3.7776689529418945,-4.307621479034424,-3.6253814697265625,4.307621479034424,-4.043578147888184
mbpo_stackcube_20261007T182651_ab48dfc3,StackCube-v1,mbpo,real_env_steps,140000,150000,actor_loss,all_update_events_exact_quantiles,4992,0,-1.623098574554882,-1.6228598952293396,-1.5735851883888246,-1.5511218953132628,-1.717695713043213,-1.5192341804504395,1.717695713043213,-1.6361362934112549
mbpo_stackcube_20261007T182651_ab48dfc3,StackCube-v1,mbpo,real_env_steps,140000,150000,critic_loss,all_update_events_exact_quantiles,4992,0,0.02043704830915279,0.01959509402513504,0.02842277167364955,0.03557783342897892,0.011433824896812439,0.0484805703163147,0.0484805703163147,0.01924853026866913
mbpo_stackcube_20261007T182651_ab48dfc3,StackCube-v1,mbpo,real_env_steps,140000,150000,policy_q_min_mean,all_update_events_exact_quantiles,4992,0,1.640908722073222,1.6408016085624695,1.6910735189914703,1.7128668475151063,1.5362364053726196,1.7362051010131836,1.7362051010131836,1.6544549465179443
mbpo_stackcube_20261007T182651_ab48dfc3,StackCube-v1,mbpo,real_env_steps,140000,150000,alpha,all_update_events_exact_quantiles,4992,0,0.004451897246606397,0.004455952905118465,0.004487551818601787,0.004497938300482928,0.004386623855680227,0.004502309486269951,0.004502309486269951,0.004491795785725117
mbpo_stackcube_20261007T182651_ab48dfc3,StackCube-v1,mbpo,real_env_steps,140000,150000,alpha_loss,all_update_events_exact_quantiles,4992,0,-2.5886953672409454e-06,-1.961961970664561e-06,0.0007251565664773806,0.0010182291793171332,-0.0015326821012422442,0.0016727307811379433,0.0016727307811379433,-0.0003566439845599234
mbpo_stackcube_20261007T182651_ab48dfc3,StackCube-v1,mbpo,real_env_steps,140000,150000,entropy_estimate,all_update_events_exact_quantiles,4992,0,-4.00062807267293,-4.000442743301392,-3.837880754470825,-3.7700807595252988,-4.344853401184082,-3.6253814697265625,4.344853401184082,-4.0794219970703125
mbpo_stackcube_20261007T182651_ab48dfc3,StackCube-v1,mbpo,policy_gradient_steps,70000,75000,actor_loss,all_update_events_exact_quantiles,5000,0,-1.6406285758495331,-1.6403268575668335,-1.5932177782058716,-1.5724330675601959,-1.759882926940918,-1.5312716960906982,1.759882926940918,-1.6544239521026611
mbpo_stackcube_20261007T182651_ab48dfc3,StackCube-v1,mbpo,policy_gradient_steps,70000,75000,critic_loss,all_update_events_exact_quantiles,5000,0,0.020421083963103593,0.01951453648507595,0.028349569905549293,0.03664381299167872,0.011433824896812439,0.05527235195040703,0.05527235195040703,0.01848830282688141
mbpo_stackcube_20261007T182651_ab48dfc3,StackCube-v1,mbpo,policy_gradient_steps,70000,75000,policy_q_min_mean,all_update_events_exact_quantiles,5000,0,1.658518358850479,1.6581478118896484,1.7073418259620667,1.7264255273342133,1.5481748580932617,1.7781810760498047,1.7781810760498047,1.672432780265808
mbpo_stackcube_20261007T182651_ab48dfc3,StackCube-v1,mbpo,policy_gradient_steps,70000,75000,alpha,all_update_events_exact_quantiles,5000,0,0.004471663033775985,0.0044698757119476795,0.0045256117358803746,0.004572834195569158,0.004386623855680227,0.004581270273774862,0.004581270273774862,0.004497758112847805
mbpo_stackcube_20261007T182651_ab48dfc3,StackCube-v1,mbpo,policy_gradient_steps,70000,75000,alpha_loss,all_update_events_exact_quantiles,5000,0,-3.1625776740838776e-06,5.683250492438674e-08,0.0007188072253484281,0.001044816871872172,-0.0015326821012422442,0.0014509762404486537,0.0015326821012422442,-1.8970109522342682e-05
mbpo_stackcube_20261007T182651_ab48dfc3,StackCube-v1,mbpo,policy_gradient_steps,70000,75000,entropy_estimate,all_update_events_exact_quantiles,5000,0,-4.0007570518970486,-3.999987244606018,-3.839355206489563,-3.767525227069855,-4.344853401184082,-3.679877519607544,4.344853401184082,-4.004218101501465
mbpo_stackcube_20261007T182651_ab48dfc3,StackCube-v1,mbpo,real_env_steps,150000,160000,actor_loss,all_update_events_exact_quantiles,5008,0,-1.667885043203069,-1.668083667755127,-1.6169222831726076,-1.598507868051529,-1.8070576190948486,-1.538139820098877,1.8070576190948486,-1.6809706687927246
mbpo_stackcube_20261007T182651_ab48dfc3,StackCube-v1,mbpo,real_env_steps,150000,160000,critic_loss,all_update_events_exact_quantiles,5008,0,0.019914494953847256,0.019125252962112427,0.027624560520052893,0.034789691157639094,0.012305958196520805,0.05718357115983963,0.05718357115983963,0.014074975624680519
mbpo_stackcube_20261007T182651_ab48dfc3,StackCube-v1,mbpo,real_env_steps,150000,160000,policy_q_min_mean,all_update_events_exact_quantiles,5008,0,1.685872265610832,1.6862136721611023,1.735423457622528,1.756747784614563,1.554892659187317,1.8251523971557617,1.8251523971557617,1.6993293762207031
mbpo_stackcube_20261007T182651_ab48dfc3,StackCube-v1,mbpo,real_env_steps,150000,160000,alpha,all_update_events_exact_quantiles,5008,0,0.004497025887996625,0.004496416775509715,0.004542447091080248,0.004572808295488358,0.0044421241618692875,0.004581270273774862,0.004581270273774862,0.004487499129027128
mbpo_stackcube_20261007T182651_ab48dfc3,StackCube-v1,mbpo,real_env_steps,150000,160000,alpha_loss,all_update_events_exact_quantiles,5008,0,8.85142543093577e-07,3.3984906622208655e-06,0.0007448692398611454,0.0010635162494145335,-0.0015180344926193357,0.0015314702177420259,0.0015314702177420259,-0.00040882459143176675
mbpo_stackcube_20261007T182651_ab48dfc3,StackCube-v1,mbpo,real_env_steps,150000,160000,entropy_estimate,all_update_events_exact_quantiles,5008,0,-3.999852348154726,-3.9992456436157227,-3.8340750217437742,-3.7629517221450803,-4.338271617889404,-3.6610267162323,4.338271617889404,-4.091104507446289
mbpo_stackcube_20261007T182651_ab48dfc3,StackCube-v1,mbpo,policy_gradient_steps,75000,80000,actor_loss,all_update_events_exact_quantiles,5000,0,-1.6874992513895035,-1.6875422596931458,-1.6387995719909667,-1.6171607398986816,-1.8070576190948486,-1.5912127494812012,1.8070576190948486,-1.686018466949463
mbpo_stackcube_20261007T182651_ab48dfc3,StackCube-v1,mbpo,policy_gradient_steps,75000,80000,critic_loss,all_update_events_exact_quantiles,5000,0,0.01928594250455499,0.01861734129488468,0.02598755452781916,0.03244395654648543,0.011148076504468918,0.05718357115983963,0.05718357115983963,0.016184113919734955
mbpo_stackcube_20261007T182651_ab48dfc3,StackCube-v1,mbpo,policy_gradient_steps,75000,80000,policy_q_min_mean,all_update_events_exact_quantiles,5000,0,1.7054665503263473,1.705501914024353,1.7560655891895294,1.776286497116089,1.6086695194244385,1.8251523971557617,1.8251523971557617,1.7034238576889038
mbpo_stackcube_20261007T182651_ab48dfc3,StackCube-v1,mbpo,policy_gradient_steps,75000,80000,alpha,all_update_events_exact_quantiles,5000,0,0.0044915409290231766,0.004491536179557443,0.0045325372135266665,0.004550600573420525,0.0044340104795992374,0.004557364620268345,0.004557364620268345,0.004514776170253754
mbpo_stackcube_20261007T182651_ab48dfc3,StackCube-v1,mbpo,policy_gradient_steps,75000,80000,alpha_loss,all_update_events_exact_quantiles,5000,0,-1.1477136125904509e-06,2.6193083613179624e-06,0.000723635230679065,0.0010423032578546559,-0.0018094154074788094,0.0015518424334004521,0.0018094154074788094,0.000652900489512831
mbpo_stackcube_20261007T182651_ab48dfc3,StackCube-v1,mbpo,policy_gradient_steps,75000,80000,entropy_estimate,all_update_events_exact_quantiles,5000,0,-4.000305342626572,-3.9994165897369385,-3.8386005043983458,-3.7690646362304685,-4.402193069458008,-3.6555399894714355,4.402193069458008,-3.855379104614258
mbpo_stackcube_20261007T182651_ab48dfc3,StackCube-v1,mbpo,real_env_steps,160000,170000,actor_loss,all_update_events_exact_quantiles,4992,0,-1.7164357316513092,-1.7165217995643616,-1.6663335919380189,-1.6459485971927643,-1.810931921005249,-1.6199817657470703,1.810931921005249,-1.708517074584961
mbpo_stackcube_20261007T182651_ab48dfc3,StackCube-v1,mbpo,real_env_steps,160000,170000,critic_loss,all_update_events_exact_quantiles,4992,0,0.01846662360147979,0.01783930603414774,0.02471630899235606,0.03038859928026796,0.011148076504468918,0.04319167882204056,0.04319167882204056,0.015390539541840553
mbpo_stackcube_20261007T182651_ab48dfc3,StackCube-v1,mbpo,real_env_steps,160000,170000,policy_q_min_mean,all_update_events_exact_quantiles,4992,0,1.734253859720551,1.734298825263977,1.7854273736476898,1.8051871871948242,1.6378207206726074,1.8293824195861816,1.8293824195861816,1.7256957292556763
mbpo_stackcube_20261007T182651_ab48dfc3,StackCube-v1,mbpo,real_env_steps,160000,170000,alpha,all_update_events_exact_quantiles,4992,0,0.004457151735644005,0.00447040656581521,0.0045134963933378455,0.004529303358867765,0.004327958449721336,0.004533617757260799,0.004533617757260799,0.00433509424328804
mbpo_stackcube_20261007T182651_ab48dfc3,StackCube-v1,mbpo,real_env_steps,160000,170000,alpha_loss,all_update_events_exact_quantiles,4992,0,1.0600961634310854e-05,1.202990097226575e-05,0.0007332249777391552,0.0010963847336824984,-0.0018094154074788094,0.0016431885305792093,0.0018094154074788094,0.0001624700234970078
mbpo_stackcube_20261007T182651_ab48dfc3,StackCube-v1,mbpo,real_env_steps,160000,170000,entropy_estimate,all_update_events_exact_quantiles,4992,0,-3.9976495027255554,-3.997300148010254,-3.8355228424072267,-3.7540597701072693,-4.402193069458008,-3.632615327835083,4.402193069458008,-3.9625236988067627
mbpo_stackcube_20261007T182651_ab48dfc3,StackCube-v1,mbpo,policy_gradient_steps,80000,85000,actor_loss,all_update_events_exact_quantiles,5000,0,-1.7347255846261977,-1.7348437905311584,-1.6834974527359008,-1.6651437640190123,-1.8497520685195923,-1.6199873685836792,1.8497520685195923,-1.7715293169021606
mbpo_stackcube_20261007T182651_ab48dfc3,StackCube-v1,mbpo,policy_gradient_steps,80000,85000,critic_loss,all_update_events_exact_quantiles,5000,0,0.018009529643133283,0.01745182555168867,0.024004397075623275,0.029449695590883507,0.011275334283709526,0.05200354382395744,0.05200354382395744,0.01800449937582016
mbpo_stackcube_20261007T182651_ab48dfc3,StackCube-v1,mbpo,policy_gradient_steps,80000,85000,policy_q_min_mean,all_update_events_exact_quantiles,5000,0,1.7522978501319886,1.7524163722991943,1.803589904308319,1.8207829689979553,1.6378207206726074,1.8674029111862183,1.8674029111862183,1.7889342308044434
mbpo_stackcube_20261007T182651_ab48dfc3,StackCube-v1,mbpo,policy_gradient_steps,80000,85000,alpha,all_update_events_exact_quantiles,5000,0,0.004396805865317583,0.004382491344586015,0.004494828428141773,0.004506822619587183,0.004267709795385599,0.0045158653520047665,0.0045158653520047665,0.004297256004065275
mbpo_stackcube_20261007T182651_ab48dfc3,StackCube-v1,mbpo,policy_gradient_steps,80000,85000,alpha_loss,all_update_events_exact_quantiles,5000,0,1.5129812045779546e-05,8.017346772248857e-06,0.0007762980181723833,0.001119340378791095,-0.0016149003058671951,0.0016431885305792093,0.0016431885305792093,-0.00021569899399764836
mbpo_stackcube_20261007T182651_ab48dfc3,StackCube-v1,mbpo,policy_gradient_steps,80000,85000,entropy_estimate,all_update_events_exact_quantiles,5000,0,-3.9966201414108276,-3.9981731176376343,-3.8231809616088865,-3.7470756077766416,-4.370601654052734,-3.632615327835083,4.370601654052734,-4.05019474029541
mbpo_stackcube_20261007T182651_ab48dfc3,StackCube-v1,mbpo,real_env_steps,170000,180000,actor_loss,all_update_events_exact_quantiles,5008,0,-1.7627374798583146,-1.7624354362487793,-1.7113144278526307,-1.6880049633979797,-1.8675239086151123,-1.6473617553710938,1.8675239086151123,-1.7753989696502686
mbpo_stackcube_20261007T182651_ab48dfc3,StackCube-v1,mbpo,real_env_steps,170000,180000,critic_loss,all_update_events_exact_quantiles,5008,0,0.017492605317845203,0.01685587503015995,0.023502153716981392,0.0292937551625073,0.010879176668822765,0.05200354382395744,0.05200354382395744,0.015943989157676697
mbpo_stackcube_20261007T182651_ab48dfc3,StackCube-v1,mbpo,real_env_steps,170000,180000,policy_q_min_mean,all_update_events_exact_quantiles,5008,0,1.7798852672496923,1.7796523571014404,1.8314098358154296,1.8519262480735779,1.6651681661605835,1.883722186088562,1.883722186088562,1.792345643043518
mbpo_stackcube_20261007T182651_ab48dfc3,StackCube-v1,mbpo,real_env_steps,170000,180000,alpha,all_update_events_exact_quantiles,5008,0,0.0042882688598671614,0.004285948816686869,0.004380190768279136,0.004387881015427411,0.00416968110948801,0.004395021591335535,0.004395021591335535,0.004261997528374195
mbpo_stackcube_20261007T182651_ab48dfc3,StackCube-v1,mbpo,real_env_steps,170000,180000,alpha_loss,all_update_events_exact_quantiles,5008,0,5.344771653354589e-06,-2.1411651687230915e-06,0.0007664264034247023,0.0011300427489914016,-0.0016149003058671951,0.0019156422931700945,0.0019156422931700945,0.00010150160960620269
mbpo_stackcube_20261007T182651_ab48dfc3,StackCube-v1,mbpo,real_env_steps,170000,180000,entropy_estimate,all_update_events_exact_quantiles,5008,0,-3.9988141759230307,-4.000498056411743,-3.820891273021698,-3.737285816669464,-4.372733116149902,-3.5501797199249268,4.372733116149902,-3.976184844970703
mbpo_stackcube_20261007T182651_ab48dfc3,StackCube-v1,mbpo,policy_gradient_steps,85000,90000,actor_loss,all_update_events_exact_quantiles,5000,0,-1.7798000070095061,-1.7801311016082764,-1.730591881275177,-1.7098686134815215,-1.8735476732254028,-1.6730927228927612,1.8735476732254028,-1.7984453439712524
mbpo_stackcube_20261007T182651_ab48dfc3,StackCube-v1,mbpo,policy_gradient_steps,85000,90000,critic_loss,all_update_events_exact_quantiles,5000,0,0.017336634012311697,0.016695947386324406,0.023379403539001944,0.029155577626079326,0.010879176668822765,0.04945991933345795,0.04945991933345795,0.016322221606969833
mbpo_stackcube_20261007T182651_ab48dfc3,StackCube-v1,mbpo,policy_gradient_steps,85000,90000,policy_q_min_mean,all_update_events_exact_quantiles,5000,0,1.796792647576332,1.797131061553955,1.8464121282100678,1.8662258541584016,1.6893779039382935,1.8904650211334229,1.8904650211334229,1.815788745880127
mbpo_stackcube_20261007T182651_ab48dfc3,StackCube-v1,mbpo,policy_gradient_steps,85000,90000,alpha,all_update_events_exact_quantiles,5000,0,0.004249452012404799,0.0042569024953991175,0.004293319955468178,0.0043030963139608506,0.00416968110948801,0.0043066986836493015,0.0043066986836493015,0.004220878705382347
mbpo_stackcube_20261007T182651_ab48dfc3,StackCube-v1,mbpo,policy_gradient_steps,85000,90000,alpha_loss,all_update_events_exact_quantiles,5000,0,5.2285898211266615e-06,-8.456197974737734e-06,0.000754201295785606,0.0010785925842355945,-0.0015541797038167715,0.0019156422931700945,0.0019156422931700945,-0.00046150319394655526
mbpo_stackcube_20261007T182651_ab48dfc3,StackCube-v1,mbpo,policy_gradient_steps,85000,90000,entropy_estimate,all_update_events_exact_quantiles,5000,0,-3.9988301889896394,-4.001986265182495,-3.8227716207504274,-3.7461637973785398,-4.372733116149902,-3.5501797199249268,4.372733116149902,-4.109349250793457
mbpo_stackcube_20261007T182651_ab48dfc3,StackCube-v1,mbpo,real_env_steps,180000,190000,actor_loss,all_update_events_exact_quantiles,4992,0,-1.801908017351077,-1.8013399839401245,-1.7537241756916047,-1.7334998631477356,-1.9097068309783936,-1.6983941793441772,1.9097068309783936,-1.7864024639129639
mbpo_stackcube_20261007T182651_ab48dfc3,StackCube-v1,mbpo,real_env_steps,180000,190000,critic_loss,all_update_events_exact_quantiles,4992,0,0.017219314117354747,0.016573933884501457,0.023315384052693844,0.028394294381141678,0.01036304421722889,0.04944559931755066,0.04944559931755066,0.013833126053214073
mbpo_stackcube_20261007T182651_ab48dfc3,StackCube-v1,mbpo,real_env_steps,180000,190000,policy_q_min_mean,all_update_events_exact_quantiles,4992,0,1.818693457553402,1.8181970119476318,1.866655445098877,1.8857280147075652,1.715266466140747,1.9267560243606567,1.9267560243606567,1.8031790256500244
mbpo_stackcube_20261007T182651_ab48dfc3,StackCube-v1,mbpo,real_env_steps,180000,190000,alpha,all_update_events_exact_quantiles,4992,0,0.004198828135252906,0.004208525875583291,0.0042663522530347105,0.004279469884932041,0.004092044197022915,0.004286456853151321,0.004286456853151321,0.004113831091672182
mbpo_stackcube_20261007T182651_ab48dfc3,StackCube-v1,mbpo,real_env_steps,180000,190000,alpha_loss,all_update_events_exact_quantiles,4992,0,9.990026612900949e-06,-2.529643097659573e-06,0.0007310940767638385,0.0010116574028506877,-0.0014642089372500777,0.0016122845700010657,0.0016122845700010657,-0.00032244238536804914
mbpo_stackcube_20261007T182651_ab48dfc3,StackCube-v1,mbpo,real_env_steps,180000,190000,entropy_estimate,all_update_events_exact_quantiles,4992,0,-3.997668917028186,-4.000604152679443,-3.8254366397857664,-3.760549621582031,-4.354313850402832,-3.617398262023926,4.354313850402832,-4.078386306762695
mbpo_stackcube_20261007T182651_ab48dfc3,StackCube-v1,mbpo,policy_gradient_steps,90000,95000,actor_loss,all_update_events_exact_quantiles,5000,0,-1.8175289547204971,-1.817459225654602,-1.7684854388237,-1.7459537851810456,-1.915595531463623,-1.7024967670440674,1.915595531463623,-1.8283581733703613
mbpo_stackcube_20261007T182651_ab48dfc3,StackCube-v1,mbpo,policy_gradient_steps,90000,95000,critic_loss,all_update_events_exact_quantiles,5000,0,0.0168310160074383,0.01624722871929407,0.022872612066566947,0.027850198876112724,0.01036304421722889,0.04944559931755066,0.04944559931755066,0.02014339342713356
mbpo_stackcube_20261007T182651_ab48dfc3,StackCube-v1,mbpo,policy_gradient_steps,90000,95000,policy_q_min_mean,all_update_events_exact_quantiles,5000,0,1.8340640129089356,1.8340703845024109,1.8833105206489562,1.904794374704361,1.718174695968628,1.9327327013015747,1.9327327013015747,1.844353437423706
mbpo_stackcube_20261007T182651_ab48dfc3,StackCube-v1,mbpo,policy_gradient_steps,90000,95000,alpha,all_update_events_exact_quantiles,5000,0,0.004136420055571944,0.004132851492613554,0.004221179499290883,0.004248730088584125,0.0040206811390817165,0.004252851475030184,0.004252851475030184,0.0040685757994651794
mbpo_stackcube_20261007T182651_ab48dfc3,StackCube-v1,mbpo,policy_gradient_steps,90000,95000,alpha_loss,all_update_events_exact_quantiles,5000,0,1.0742328763080878e-05,9.505030902801082e-06,0.0007331490865908564,0.0010116016352549196,-0.0018845044542104006,0.0016122845700010657,0.0018845044542104006,0.0002786208351608366
mbpo_stackcube_20261007T182651_ab48dfc3,StackCube-v1,mbpo,policy_gradient_steps,90000,95000,entropy_estimate,all_update_events_exact_quantiles,5000,0,-3.9974678069591523,-3.9976731538772583,-3.8231261134147645,-3.75795393705368,-4.468310356140137,-3.617398262023926,4.468310356140137,-3.931516408920288
mbpo_stackcube_20261007T182651_ab48dfc3,StackCube-v1,mbpo,real_env_steps,190000,200000,actor_loss,all_update_events_exact_quantiles,5008,0,-1.8417325485200167,-1.8417714834213257,-1.7934963345527648,-1.7746379160881043,-1.9489037990570068,-1.7317384481430054,1.9489037990570068,-1.837889313697815
mbpo_stackcube_20261007T182651_ab48dfc3,StackCube-v1,mbpo,real_env_steps,190000,200000,critic_loss,all_update_events_exact_quantiles,5008,0,0.01589059235807806,0.01542208855971694,0.021311168279498804,0.02602751750499011,0.009750477969646454,0.04132566973567009,0.04132566973567009,0.016169536858797073
mbpo_stackcube_20261007T182651_ab48dfc3,StackCube-v1,mbpo,real_env_steps,190000,200000,policy_q_min_mean,all_update_events_exact_quantiles,5008,0,1.8579526974941596,1.858035385608673,1.9070683479309083,1.9271081721782686,1.747172474861145,1.9646350145339966,1.9646350145339966,1.8543068170547485
mbpo_stackcube_20261007T182651_ab48dfc3,StackCube-v1,mbpo,real_env_steps,190000,200000,alpha,all_update_events_exact_quantiles,5008,0,0.004057716608185845,0.0040563796646893024,0.004107960616238415,0.004115147655829788,0.003959786146879196,0.004119702614843845,0.004119702614843845,0.003960356581956148
mbpo_stackcube_20261007T182651_ab48dfc3,StackCube-v1,mbpo,real_env_steps,190000,200000,alpha_loss,all_update_events_exact_quantiles,5008,0,1.0837758366915731e-05,1.4520854165311903e-05,0.00072072354669217,0.0009504433517577136,-0.0018845044542104006,0.0014468093868345022,0.0018845044542104006,-0.0005771243595518172
mbpo_stackcube_20261007T182651_ab48dfc3,StackCube-v1,mbpo,real_env_steps,190000,200000,entropy_estimate,all_update_events_exact_quantiles,5008,0,-3.9973771955353765,-3.9964264631271362,-3.8230229735374452,-3.766120295524597,-4.468310356140137,-3.6384897232055664,4.468310356140137,-4.145734786987305
mbpo_stackcube_20261007T182651_ab48dfc3,StackCube-v1,mbpo,policy_gradient_steps,95000,100000,actor_loss,all_update_events_exact_quantiles,5000,0,-1.8573041270971298,-1.857194185256958,-1.8083223342895507,-1.7895259428024293,-1.9603928327560425,-1.7616472244262695,1.9603928327560425,-1.9023680686950684
mbpo_stackcube_20261007T182651_ab48dfc3,StackCube-v1,mbpo,policy_gradient_steps,95000,100000,critic_loss,all_update_events_exact_quantiles,5000,0,0.015340598710253835,0.014871578197926283,0.02039077701047063,0.024863298833370222,0.009080640971660614,0.03461732715368271,0.03461732715368271,0.01629166677594185
mbpo_stackcube_20261007T182651_ab48dfc3,StackCube-v1,mbpo,policy_gradient_steps,95000,100000,policy_q_min_mean,all_update_events_exact_quantiles,5000,0,1.8733271441698074,1.873114824295044,1.9219003796577454,1.9447642016410829,1.7780324220657349,1.976222276687622,1.976222276687622,1.9178237915039062
mbpo_stackcube_20261007T182651_ab48dfc3,StackCube-v1,mbpo,policy_gradient_steps,95000,100000,alpha,all_update_events_exact_quantiles,5000,0,0.004008312072511762,0.004023044835776091,0.004066937416791916,0.0040754848718643185,0.003891453379765153,0.0040831174701452255,0.0040831174701452255,0.003922161180526018
mbpo_stackcube_20261007T182651_ab48dfc3,StackCube-v1,mbpo,policy_gradient_steps,95000,100000,alpha_loss,all_update_events_exact_quantiles,5000,0,1.0345701419282704e-05,8.838929716148414e-06,0.0006936970632523299,0.0009601544978795577,-0.0013239842373877764,0.0014468093868345022,0.0014468093868345022,0.00023295951541513205
mbpo_stackcube_20261007T182651_ab48dfc3,StackCube-v1,mbpo,policy_gradient_steps,95000,100000,entropy_estimate,all_update_events_exact_quantiles,5000,0,-3.9974690509319304,-3.997823119163513,-3.8272159099578857,-3.7576709818840026,-4.330656051635742,-3.6384897232055664,4.330656051635742,-3.9406044483184814
mbpo_stackcube_20261007T182651_ab48dfc3,StackCube-v1,mbpo,real_env_steps,200000,210000,actor_loss,all_update_events_exact_quantiles,4992,0,-1.8814606731996322,-1.8815104961395264,-1.832377976179123,-1.811447390317917,-1.9885687828063965,-1.7760777473449707,1.9885687828063965,-1.9388465881347656
mbpo_stackcube_20261007T182651_ab48dfc3,StackCube-v1,mbpo,real_env_steps,200000,210000,critic_loss,all_update_events_exact_quantiles,4992,0,0.014587503148411484,0.014178643934428692,0.01929427199065685,0.023924170918762696,0.009069813415408134,0.033945001661777496,0.033945001661777496,0.01350459735840559
mbpo_stackcube_20261007T182651_ab48dfc3,StackCube-v1,mbpo,real_env_steps,200000,210000,policy_q_min_mean,all_update_events_exact_quantiles,4992,0,1.897181066397864,1.8972004055976868,1.9458723306655883,1.966123104095459,1.7921433448791504,2.0039262771606445,2.0039262771606445,1.953803539276123
mbpo_stackcube_20261007T182651_ab48dfc3,StackCube-v1,mbpo,real_env_steps,200000,210000,alpha,all_update_events_exact_quantiles,4992,0,0.003931674184292579,0.003923117183148861,0.003998863487504422,0.004028148087672889,0.0038649383932352066,0.004035643767565489,0.004035643767565489,0.003879556665197015
mbpo_stackcube_20261007T182651_ab48dfc3,StackCube-v1,mbpo,real_env_steps,200000,210000,alpha_loss,all_update_events_exact_quantiles,4992,0,6.366851642689233e-06,1.8034334061667323e-06,0.0007051821972709149,0.0010227513243444267,-0.0013400502502918243,0.0014329806435853243,0.0014329806435853243,0.0005625510821118951
mbpo_stackcube_20261007T182651_ab48dfc3,StackCube-v1,mbpo,real_env_steps,200000,210000,entropy_estimate,all_update_events_exact_quantiles,4992,0,-3.998435945321734,-3.9995439052581787,-3.8207616090774534,-3.7399768972396847,-4.3389739990234375,-3.6364951133728027,4.3389739990234375,-3.855008125305176
mbpo_stackcube_20261007T182651_ab48dfc3,StackCube-v1,mbpo,policy_gradient_steps,100000,105000,actor_loss,all_update_events_exact_quantiles,5000,0,-1.8979160686731338,-1.8984472155570984,-1.84931064248085,-1.8282491016387938,-2.0045394897460938,-1.7760777473449707,2.0045394897460938,-1.9678902626037598
mbpo_stackcube_20261007T182651_ab48dfc3,StackCube-v1,mbpo,policy_gradient_steps,100000,105000,critic_loss,all_update_events_exact_quantiles,5000,0,0.014137188634462654,0.01372588099911809,0.018562279734760524,0.02354544432833791,0.009069813415408134,0.03182616084814072,0.03182616084814072,0.009777897037565708
mbpo_stackcube_20261007T182651_ab48dfc3,StackCube-v1,mbpo,policy_gradient_steps,100000,105000,policy_q_min_mean,all_update_events_exact_quantiles,5000,0,1.913464730334282,1.9139053225517273,1.9632709801197052,1.981106662750244,1.7921433448791504,2.0196805000305176,2.0196805000305176,1.9831796884536743
mbpo_stackcube_20261007T182651_ab48dfc3,StackCube-v1,mbpo,policy_gradient_steps,100000,105000,alpha,all_update_events_exact_quantiles,5000,0,0.003888377178553492,0.003892639884725213,0.00395564113277942,0.003970727226696909,0.003796500153839588,0.0039807758294045925,0.0039807758294045925,0.0038567332085222006
mbpo_stackcube_20261007T182651_ab48dfc3,StackCube-v1,mbpo,policy_gradient_steps,100000,105000,alpha_loss,all_update_events_exact_quantiles,5000,0,4.898065883389791e-06,1.013381734082941e-05,0.0007049760897643865,0.0010032317973673347,-0.0015054979594424367,0.0015107193030416965,0.0015107193030416965,0.0001368187804473564
mbpo_stackcube_20261007T182651_ab48dfc3,StackCube-v1,mbpo,policy_gradient_steps,100000,105000,entropy_estimate,all_update_events_exact_quantiles,5000,0,-3.998807666730881,-3.9973835945129395,-3.8188353538513184,-3.7424797654151916,-4.388585090637207,-3.6117043495178223,4.388585090637207,-3.96452260017395
mbpo_stackcube_20261007T182651_ab48dfc3,StackCube-v1,mbpo,real_env_steps,210000,220000,actor_loss,all_update_events_exact_quantiles,5008,0,-1.922686058849382,-1.922517478466034,-1.8730184197425843,-1.8546490919589997,-2.035386085510254,-1.8244593143463135,2.035386085510254,-1.9419646263122559
mbpo_stackcube_20261007T182651_ab48dfc3,StackCube-v1,mbpo,real_env_steps,210000,220000,critic_loss,all_update_events_exact_quantiles,5008,0,0.013629254413963543,0.013211376499384642,0.01797960791736841,0.02309948135167363,0.0088985376060009,0.04007897898554802,0.04007897898554802,0.013633287511765957
mbpo_stackcube_20261007T182651_ab48dfc3,StackCube-v1,mbpo,real_env_steps,210000,220000,policy_q_min_mean,all_update_events_exact_quantiles,5008,0,1.9379575169933871,1.9377217888832092,1.985817402601242,2.006497540473938,1.839949607849121,2.050215721130371,2.050215721130371,1.956578254699707
mbpo_stackcube_20261007T182651_ab48dfc3,StackCube-v1,mbpo,real_env_steps,210000,220000,alpha,all_update_events_exact_quantiles,5008,0,0.0038196114450730323,0.003830294474028051,0.0038885680842213333,0.0038987884623929857,0.003714022459462285,0.003907743841409683,0.003907743841409683,0.0037831906229257584
mbpo_stackcube_20261007T182651_ab48dfc3,StackCube-v1,mbpo,real_env_steps,210000,220000,alpha_loss,all_update_events_exact_quantiles,5008,0,7.062109015926206e-06,1.3379096344579011e-05,0.0007049340871162713,0.0009756783128250401,-0.0015054979594424367,0.0016343672759830952,0.0016343672759830952,0.0005191443488001823
mbpo_stackcube_20261007T182651_ab48dfc3,StackCube-v1,mbpo,real_env_steps,210000,220000,entropy_estimate,all_update_events_exact_quantiles,5008,0,-3.9982272034731157,-3.9965052604675293,-3.815961492061615,-3.7448678350448605,-4.390758991241455,-3.5746400356292725,4.390758991241455,-3.862776756286621
mbpo_stackcube_20261007T182651_ab48dfc3,StackCube-v1,mbpo,policy_gradient_steps,105000,110000,actor_loss,all_update_events_exact_quantiles,5000,0,-1.938495389342308,-1.9383912682533264,-1.8903424799442292,-1.8687132430076598,-2.0535712242126465,-1.8371719121932983,2.0535712242126465,-1.9852824211120605
mbpo_stackcube_20261007T182651_ab48dfc3,StackCube-v1,mbpo,policy_gradient_steps,105000,110000,critic_loss,all_update_events_exact_quantiles,5000,0,0.013369936629384757,0.012972227297723293,0.017811355367302894,0.02205345703288915,0.0086381696164608,0.04007897898554802,0.04007897898554802,0.015927661210298538
mbpo_stackcube_20261007T182651_ab48dfc3,StackCube-v1,mbpo,policy_gradient_steps,105000,110000,policy_q_min_mean,all_update_events_exact_quantiles,5000,0,1.9536284944295883,1.953519582748413,2.0014981269836425,2.0220892143249514,1.8528144359588623,2.0689749717712402,2.0689749717712402,2.0001766681671143
mbpo_stackcube_20261007T182651_ab48dfc3,StackCube-v1,mbpo,policy_gradient_steps,105000,110000,alpha,all_update_events_exact_quantiles,5000,0,0.0037848867978900673,0.003776731784455478,0.003868689388036728,0.0038917991262860598,0.003714022459462285,0.003907743841409683,0.003907743841409683,0.003770398674532771
mbpo_stackcube_20261007T182651_ab48dfc3,StackCube-v1,mbpo,policy_gradient_steps,105000,110000,alpha_loss,all_update_events_exact_quantiles,5000,0,6.507776508442475e-06,1.1167769116582349e-05,0.000704489799682051,0.0009805356909055277,-0.0014733978314325213,0.0016343672759830952,0.0016343672759830952,0.00018629773694556206
mbpo_stackcube_20261007T182651_ab48dfc3,StackCube-v1,mbpo,policy_gradient_steps,105000,110000,entropy_estimate,all_update_events_exact_quantiles,5000,0,-3.9983650410652163,-3.997063636779785,-3.814832293987274,-3.7415282273292534,-4.390758991241455,-3.5746400356292725,4.390758991241455,-3.9505858421325684
mbpo_stackcube_20261007T182651_ab48dfc3,StackCube-v1,mbpo,real_env_steps,220000,230000,actor_loss,all_update_events_exact_quantiles,4992,0,-1.9598367976454587,-1.9595047235488892,-1.9138477802276612,-1.893740757703781,-2.062260627746582,-1.8668668270111084,2.062260627746582,-1.9574791193008423
mbpo_stackcube_20261007T182651_ab48dfc3,StackCube-v1,mbpo,real_env_steps,220000,230000,critic_loss,all_update_events_exact_quantiles,4992,0,0.013136478803435473,0.012749174144119024,0.017482904996722937,0.02093612525612116,0.008539870381355286,0.024801217019557953,0.024801217019557953,0.010981684550642967
mbpo_stackcube_20261007T182651_ab48dfc3,StackCube-v1,mbpo,real_env_steps,220000,230000,policy_q_min_mean,all_update_events_exact_quantiles,4992,0,1.9748238683081207,1.974431574344635,2.0209479689598084,2.0418850421905517,1.8828532695770264,2.0775539875030518,2.0775539875030518,1.9728732109069824
mbpo_stackcube_20261007T182651_ab48dfc3,StackCube-v1,mbpo,real_env_steps,220000,230000,alpha,all_update_events_exact_quantiles,4992,0,0.003746935171269191,0.0037413472309708595,0.0037996934959664943,0.0038168326998129485,0.003678713459521532,0.0038308368530124426,0.0038308368530124426,0.0037680461537092924
mbpo_stackcube_20261007T182651_ab48dfc3,StackCube-v1,mbpo,real_env_steps,220000,230000,alpha_loss,all_update_events_exact_quantiles,4992,0,6.802497462643213e-07,1.842410711105913e-06,0.0006618668703595176,0.0009701991302426907,-0.0014035803033038974,0.0013789099175482988,0.0014035803033038974,-0.0003245307016186416
mbpo_stackcube_20261007T182651_ab48dfc3,StackCube-v1,mbpo,real_env_steps,220000,230000,entropy_estimate,all_update_events_exact_quantiles,4992,0,-3.9998876590950365,-3.9995099306106567,-3.823238563537598,-3.741811888217926,-4.3726325035095215,-3.627488613128662,4.3726325035095215,-4.086142063140869
mbpo_stackcube_20261007T182651_ab48dfc3,StackCube-v1,mbpo,policy_gradient_steps,110000,115000,actor_loss,all_update_events_exact_quantiles,5000,0,-1.972704196691513,-1.9725147485733032,-1.9257793426513672,-1.9071972382068634,-2.0690250396728516,-1.869075894355774,2.0690250396728516,-2.0149974822998047
mbpo_stackcube_20261007T182651_ab48dfc3,StackCube-v1,mbpo,policy_gradient_steps,110000,115000,critic_loss,all_update_events_exact_quantiles,5000,0,0.013058273766376078,0.012674393132328987,0.017421911656856536,0.020802483502775432,0.008305545896291733,0.027465105056762695,0.027465105056762695,0.012542719021439552
mbpo_stackcube_20261007T182651_ab48dfc3,StackCube-v1,mbpo,policy_gradient_steps,110000,115000,policy_q_min_mean,all_update_events_exact_quantiles,5000,0,1.9876132636785506,1.9874350428581238,2.0345603227615356,2.055125365257263,1.8839796781539917,2.0844008922576904,2.0844008922576904,2.030104160308838
mbpo_stackcube_20261007T182651_ab48dfc3,StackCube-v1,mbpo,policy_gradient_steps,110000,115000,alpha,all_update_events_exact_quantiles,5000,0,0.003727740048151463,0.0037234952906146646,0.0037874787114560602,0.003796597891487181,0.0036587512586265802,0.0038040168583393097,0.0038040168583393097,0.00374826742336154
mbpo_stackcube_20261007T182651_ab48dfc3,StackCube-v1,mbpo,policy_gradient_steps,110000,115000,alpha_loss,all_update_events_exact_quantiles,5000,0,1.9109892660708283e-06,-2.0859115466009825e-06,0.0006708608765620739,0.0009638059191638603,-0.0014035803033038974,0.0013789099175482988,0.0014035803033038974,-0.00011424964759498835
mbpo_stackcube_20261007T182651_ab48dfc3,StackCube-v1,mbpo,policy_gradient_steps,110000,115000,entropy_estimate,all_update_events_exact_quantiles,5000,0,-3.999557647418976,-4.000553607940674,-3.8202881813049316,-3.7425201416015623,-4.3726325035095215,-3.627488613128662,4.3726325035095215,-4.030481338500977
mbpo_stackcube_20261007T182651_ab48dfc3,StackCube-v1,mbpo,real_env_steps,230000,240000,actor_loss,all_update_events_exact_quantiles,5008,0,-1.9913021713590469,-1.9912851452827454,-1.94451602101326,-1.924484485387802,-2.0922555923461914,-1.877304196357727,2.0922555923461914,-2.025305986404419
mbpo_stackcube_20261007T182651_ab48dfc3,StackCube-v1,mbpo,real_env_steps,230000,240000,critic_loss,all_update_events_exact_quantiles,5008,0,0.012910639393714646,0.012474744580686092,0.017346205469220877,0.020723674856126344,0.0081179765984416,0.027465105056762695,0.027465105056762695,0.013708997517824173
mbpo_stackcube_20261007T182651_ab48dfc3,StackCube-v1,mbpo,real_env_steps,230000,240000,policy_q_min_mean,all_update_events_exact_quantiles,5008,0,2.006059163723129,2.0060747861862183,2.0525257706642153,2.069292657375336,1.8920307159423828,2.105699062347412,2.105699062347412,2.0404038429260254
mbpo_stackcube_20261007T182651_ab48dfc3,StackCube-v1,mbpo,real_env_steps,230000,240000,alpha,all_update_events_exact_quantiles,5008,0,0.0036925029486306934,0.0036922770086675882,0.0037577234324999154,0.0037760759098455308,0.0035981512628495693,0.0037851971574127674,0.0037851971574127674,0.0035982404369860888
mbpo_stackcube_20261007T182651_ab48dfc3,StackCube-v1,mbpo,real_env_steps,230000,240000,alpha_loss,all_update_events_exact_quantiles,5008,0,1.3154616911193013e-05,1.138606239692308e-05,0.0006750609638402238,0.0009722401259932673,-0.0013357389252632856,0.0018276507034897804,0.0018276507034897804,-0.0007055036257952452
mbpo_stackcube_20261007T182651_ab48dfc3,StackCube-v1,mbpo,real_env_steps,230000,240000,entropy_estimate,all_update_events_exact_quantiles,5008,0,-3.9964982230728046,-3.9968764781951904,-3.8177273511886596,-3.7391609144210816,-4.357799530029297,-3.5044450759887695,4.357799530029297,-4.196073532104492
mbpo_stackcube_20261007T182651_ab48dfc3,StackCube-v1,mbpo,policy_gradient_steps,115000,120000,actor_loss,all_update_events_exact_quantiles,5000,0,-2.002201016664505,-2.002480149269104,-1.9555810332298278,-1.9388600635528563,-2.1134369373321533,-1.9069061279296875,2.1134369373321533,-2.021239995956421
mbpo_stackcube_20261007T182651_ab48dfc3,StackCube-v1,mbpo,policy_gradient_steps,115000,120000,critic_loss,all_update_events_exact_quantiles,5000,0,0.012847925739735365,0.012383952736854553,0.0175123343244195,0.020559176057577136,0.0081179765984416,0.02933468297123909,0.02933468297123909,0.012316763401031494
mbpo_stackcube_20261007T182651_ab48dfc3,StackCube-v1,mbpo,policy_gradient_steps,115000,120000,policy_q_min_mean,all_update_events_exact_quantiles,5000,0,2.0168537387371064,2.017248749732971,2.061528134346008,2.080113179683685,1.9216638803482056,2.127981185913086,2.127981185913086,2.03598952293396
mbpo_stackcube_20261007T182651_ab48dfc3,StackCube-v1,mbpo,policy_gradient_steps,115000,120000,alpha,all_update_events_exact_quantiles,5000,0,0.0036651501900982113,0.003660787013359368,0.0037316769012250006,0.0037400278984569013,0.0035981512628495693,0.0037485803477466106,0.0037485803477466106,0.0036375978961586952
mbpo_stackcube_20261007T182651_ab48dfc3,StackCube-v1,mbpo,policy_gradient_steps,115000,120000,alpha_loss,all_update_events_exact_quantiles,5000,0,7.968053807235264e-06,6.764985300833359e-06,0.0006635519821429625,0.0009746272087795662,-0.0016054634470492601,0.0018276507034897804,0.0018276507034897804,-0.0002026643487624824
mbpo_stackcube_20261007T182651_ab48dfc3,StackCube-v1,mbpo,policy_gradient_steps,115000,120000,entropy_estimate,all_update_events_exact_quantiles,5000,0,-3.9979125968933107,-3.99815833568573,-3.8198920845985413,-3.7357051539421082,-4.438821792602539,-3.5044450759887695,4.438821792602539,-4.055727005004883
mbpo_stackcube_20261007T182651_ab48dfc3,StackCube-v1,mbpo,real_env_steps,240000,250000,actor_loss,all_update_events_exact_quantiles,4992,0,-2.019315829190115,-2.0189995765686035,-1.9730538129806519,-1.954384239912033,-2.1252248287200928,-1.9162137508392334,2.1252248287200928,-2.0432584285736084
mbpo_stackcube_20261007T182651_ab48dfc3,StackCube-v1,mbpo,real_env_steps,240000,250000,critic_loss,all_update_events_exact_quantiles,4992,0,0.012688028699090071,0.01218076515942812,0.017432538233697413,0.02068827971816064,0.007876919582486153,0.02933468297123909,0.02933468297123909,0.0147683285176754
mbpo_stackcube_20261007T182651_ab48dfc3,StackCube-v1,mbpo,real_env_steps,240000,250000,policy_q_min_mean,all_update_events_exact_quantiles,4992,0,2.033724282247325,2.0333411693573,2.081170117855072,2.1031872057914733,1.930436134338379,2.139354944229126,2.139354944229126,2.058548927307129
mbpo_stackcube_20261007T182651_ab48dfc3,StackCube-v1,mbpo,real_env_steps,240000,250000,alpha,all_update_events_exact_quantiles,4992,0,0.0036031021966501167,0.003607248538173735,0.003671388002112508,0.003692777520045638,0.0035221336875110865,0.003709086449816823,0.003709086449816823,0.0035499543882906437
mbpo_stackcube_20261007T182651_ab48dfc3,StackCube-v1,mbpo,real_env_steps,240000,250000,alpha_loss,all_update_events_exact_quantiles,4992,0,3.9971633744911715e-06,4.337691279943101e-06,0.0006475335336290298,0.0009445182536728697,-0.0016054634470492601,0.0014975619269534945,0.0016054634470492601,-0.0010896001476794481
mbpo_stackcube_20261007T182651_ab48dfc3,StackCube-v1,mbpo,real_env_steps,240000,250000,entropy_estimate,all_update_events_exact_quantiles,4992,0,-3.9989457715971346,-3.998780131340027,-3.8195024490356446,-3.738230774402618,-4.438821792602539,-3.5800700187683105,4.438821792602539,-4.306906700134277
mbpo_stackcube_20261007T182651_ab48dfc3,StackCube-v1,mbpo,policy_gradient_steps,120000,125000,actor_loss,all_update_events_exact_quantiles,5000,0,-2.0308999806165695,-2.0309897661209106,-1.983691191673279,-1.9672810101509095,-2.1254289150238037,-1.9162137508392334,2.1254289150238037,-2.0473039150238037
mbpo_stackcube_20261007T182651_ab48dfc3,StackCube-v1,mbpo,policy_gradient_steps,120000,125000,critic_loss,all_update_events_exact_quantiles,5000,0,0.012541053339280189,0.012066636700183153,0.017133949510753154,0.020757600720971825,0.007695668376982212,0.0280703604221344,0.0280703604221344,0.011844495311379433
mbpo_stackcube_20261007T182651_ab48dfc3,StackCube-v1,mbpo,policy_gradient_steps,120000,125000,policy_q_min_mean,all_update_events_exact_quantiles,5000,0,2.0451153402805327,2.0451077222824097,2.0923821091651917,2.1101119232177736,1.930436134338379,2.139354944229126,2.139354944229126,2.0609898567199707
mbpo_stackcube_20261007T182651_ab48dfc3,StackCube-v1,mbpo,policy_gradient_steps,120000,125000,alpha,all_update_events_exact_quantiles,5000,0,0.0035556169816292824,0.0035527435829862952,0.0036184350959956647,0.0036422731238417326,0.003486372297629714,0.0036483611911535263,0.0036483611911535263,0.003546683816239238
mbpo_stackcube_20261007T182651_ab48dfc3,StackCube-v1,mbpo,policy_gradient_steps,120000,125000,alpha_loss,all_update_events_exact_quantiles,5000,0,7.179931179416599e-06,7.293270755326375e-06,0.0006459255702793601,0.0009385991498129445,-0.0015413252403959632,0.0014975619269534945,0.0015413252403959632,0.0005000069504603744
mbpo_stackcube_20261007T182651_ab48dfc3,StackCube-v1,mbpo,policy_gradient_steps,120000,125000,entropy_estimate,all_update_events_exact_quantiles,5000,0,-3.998063218164444,-3.997977614402771,-3.8188493490219115,-3.7359727907180784,-4.4341349601745605,-3.5800700187683105,4.4341349601745605,-3.8590142726898193
mbpo_stackcube_20261007T182651_ab48dfc3,StackCube-v1,mbpo,real_env_steps,250000,260000,actor_loss,all_update_events_exact_quantiles,5008,0,-2.047452479220046,-2.047244429588318,-2.001634681224823,-1.981994343996048,-2.139021873474121,-1.9336031675338745,2.139021873474121,-2.0729429721832275
mbpo_stackcube_20261007T182651_ab48dfc3,StackCube-v1,mbpo,real_env_steps,250000,260000,critic_loss,all_update_events_exact_quantiles,5008,0,0.012457908563555393,0.011989844031631947,0.01714976029470562,0.020737117156386375,0.007606929168105125,0.031039122492074966,0.031039122492074966,0.01446596346795559
mbpo_stackcube_20261007T182651_ab48dfc3,StackCube-v1,mbpo,real_env_steps,250000,260000,policy_q_min_mean,all_update_events_exact_quantiles,5008,0,2.061611217217514,2.061408042907715,2.106459069252014,2.1266873359680174,1.948257327079773,2.1539101600646973,2.1539101600646973,2.0868608951568604
mbpo_stackcube_20261007T182651_ab48dfc3,StackCube-v1,mbpo,real_env_steps,250000,260000,alpha,all_update_events_exact_quantiles,5008,0,0.0035390448755586146,0.0035401652567088604,0.0035933028673753144,0.0036038904311135414,0.0034630647860467434,0.0036135935224592686,0.0036135935224592686,0.0035915705375373363
mbpo_stackcube_20261007T182651_ab48dfc3,StackCube-v1,mbpo,real_env_steps,250000,260000,alpha_loss,all_update_events_exact_quantiles,5008,0,-2.591230670801021e-06,-6.691288945148699e-06,0.0006881024455651637,0.0009832655033096675,-0.001469045877456665,0.0015086614293977618,0.0015086614293977618,0.0004526967532001436
mbpo_stackcube_20261007T182651_ab48dfc3,StackCube-v1,mbpo,real_env_steps,250000,260000,entropy_estimate,all_update_events_exact_quantiles,5008,0,-4.000806924110403,-4.001914739608765,-3.806141972541809,-3.722788586616516,-4.410379409790039,-3.580799102783203,4.410379409790039,-3.8739941120147705
mbpo_stackcube_20261007T182651_ab48dfc3,StackCube-v1,mbpo,policy_gradient_steps,125000,130000,actor_loss,all_update_events_exact_quantiles,5000,0,-2.0585843833208086,-2.05852210521698,-2.0131587982177734,-1.993814842700958,-2.1538596153259277,-1.9530483484268188,2.1538596153259277,-2.05216646194458
mbpo_stackcube_20261007T182651_ab48dfc3,StackCube-v1,mbpo,policy_gradient_steps,125000,130000,critic_loss,all_update_events_exact_quantiles,5000,0,0.012455674516409635,0.011948156170547009,0.017525597289204598,0.02129978377372027,0.007606929168105125,0.031039122492074966,0.031039122492074966,0.010151896625757217
mbpo_stackcube_20261007T182651_ab48dfc3,StackCube-v1,mbpo,policy_gradient_steps,125000,130000,policy_q_min_mean,all_update_events_exact_quantiles,5000,0,2.0728099175453187,2.072842836380005,2.1196329593658447,2.138684642314911,1.9670958518981934,2.1681642532348633,2.1681642532348633,2.066211700439453
mbpo_stackcube_20261007T182651_ab48dfc3,StackCube-v1,mbpo,policy_gradient_steps,125000,130000,alpha,all_update_events_exact_quantiles,5000,0,0.003556022628676146,0.0035620605340227485,0.00360282976180315,0.003619197402149439,0.0034630647860467434,0.0036262355279177427,0.0036262355279177427,0.0035678104031831026
mbpo_stackcube_20261007T182651_ab48dfc3,StackCube-v1,mbpo,policy_gradient_steps,125000,130000,alpha_loss,all_update_events_exact_quantiles,5000,0,-1.4581845094653545e-06,-6.234935426618904e-06,0.0006891475117299707,0.0009755302564008163,-0.001485098386183381,0.0015086614293977618,0.0015086614293977618,0.00022483905195258558
mbpo_stackcube_20261007T182651_ab48dfc3,StackCube-v1,mbpo,policy_gradient_steps,125000,130000,entropy_estimate,all_update_events_exact_quantiles,5000,0,-4.000489047908783,-4.001758575439453,-3.8072276949882506,-3.7276192450523373,-4.4121503829956055,-3.580799102783203,4.4121503829956055,-3.936976909637451
mbpo_stackcube_20261007T182651_ab48dfc3,StackCube-v1,mbpo,real_env_steps,260000,270000,actor_loss,all_update_events_exact_quantiles,4992,0,-2.0745632487516374,-2.0746326446533203,-2.0276888608932495,-2.011075382232666,-2.191925525665283,-1.9734070301055908,2.191925525665283,-2.0795302391052246
mbpo_stackcube_20261007T182651_ab48dfc3,StackCube-v1,mbpo,real_env_steps,260000,270000,critic_loss,all_update_events_exact_quantiles,4992,0,0.012371206327747459,0.011815937701612711,0.01746807117015123,0.02157428991049528,0.007834906689822674,0.02994808927178383,0.02994808927178383,0.010271796025335789
mbpo_stackcube_20261007T182651_ab48dfc3,StackCube-v1,mbpo,real_env_steps,260000,270000,policy_q_min_mean,all_update_events_exact_quantiles,4992,0,2.088713864915264,2.0888357162475586,2.134986138343811,2.1544860649108886,1.987623691558838,2.20619797706604,2.20619797706604,2.093275547027588
mbpo_stackcube_20261007T182651_ab48dfc3,StackCube-v1,mbpo,real_env_steps,260000,270000,alpha,all_update_events_exact_quantiles,4992,0,0.0035387773170954553,0.003530627815052867,0.0035964742070063948,0.0036192076094448567,0.003474758006632328,0.0036262355279177427,0.0036262355279177427,0.0035219606943428516
mbpo_stackcube_20261007T182651_ab48dfc3,StackCube-v1,mbpo,real_env_steps,260000,270000,alpha_loss,all_update_events_exact_quantiles,4992,0,4.547338200393661e-06,6.27014014753513e-06,0.0006490586558356879,0.0008871500450186432,-0.001485098386183381,0.0014468003064393997,0.001485098386183381,0.00034217152278870344
mbpo_stackcube_20261007T182651_ab48dfc3,StackCube-v1,mbpo,real_env_steps,260000,270000,entropy_estimate,all_update_events_exact_quantiles,4992,0,-3.99878611195928,-3.998227834701538,-3.816856253147125,-3.749562892913818,-4.4121503829956055,-3.595341205596924,4.4121503829956055,-3.902843952178955
mbpo_stackcube_20261007T182651_ab48dfc3,StackCube-v1,mbpo,policy_gradient_steps,130000,135000,actor_loss,all_update_events_exact_quantiles,5000,0,-2.08246593272686,-2.0829986333847046,-2.0365142583847047,-2.0175007700920107,-2.1956491470336914,-1.9771218299865723,2.1956491470336914,-2.101487159729004
mbpo_stackcube_20261007T182651_ab48dfc3,StackCube-v1,mbpo,policy_gradient_steps,130000,135000,critic_loss,all_update_events_exact_quantiles,5000,0,0.012393938919156789,0.011802857276052237,0.017384015768766404,0.021574861127883208,0.007789630442857742,0.030500467866659164,0.030500467866659164,0.010107113048434258
mbpo_stackcube_20261007T182651_ab48dfc3,StackCube-v1,mbpo,policy_gradient_steps,130000,135000,policy_q_min_mean,all_update_events_exact_quantiles,5000,0,2.0965868875980376,2.097066044807434,2.1413709998130797,2.160529382228851,1.990863561630249,2.210038423538208,2.210038423538208,2.1159725189208984
mbpo_stackcube_20261007T182651_ab48dfc3,StackCube-v1,mbpo,policy_gradient_steps,130000,135000,alpha,all_update_events_exact_quantiles,5000,0,0.0035306766164954753,0.0035278191789984703,0.003573761566076428,0.003580239478033036,0.003474758006632328,0.003584241261705756,0.003584241261705756,0.003545626997947693
mbpo_stackcube_20261007T182651_ab48dfc3,StackCube-v1,mbpo,policy_gradient_steps,130000,135000,alpha_loss,all_update_events_exact_quantiles,5000,0,1.7669008473603754e-06,1.422020432073623e-06,0.0006753866764483973,0.0009230952494544914,-0.0014343906659632921,0.0013456838205456734,0.0014343906659632921,-0.00030314718605950475
mbpo_stackcube_20261007T182651_ab48dfc3,StackCube-v1,mbpo,policy_gradient_steps,130000,135000,entropy_estimate,all_update_events_exact_quantiles,5000,0,-3.9995793934822084,-3.999595522880554,-3.8086528062820433,-3.740286021232605,-4.409918785095215,-3.6190366744995117,4.409918785095215,-4.0854997634887695
mbpo_stackcube_20261007T182651_ab48dfc3,StackCube-v1,mbpo,real_env_steps,270000,280000,actor_loss,all_update_events_exact_quantiles,5008,0,-2.0955341864412964,-2.0949058532714844,-2.0500529646873473,-2.0308239221572877,-2.1956491470336914,-1.9771218299865723,2.1956491470336914,-2.096558094024658
mbpo_stackcube_20261007T182651_ab48dfc3,StackCube-v1,mbpo,real_env_steps,270000,280000,critic_loss,all_update_events_exact_quantiles,5008,0,0.01241979822304439,0.011830056086182594,0.017682167887687675,0.02150054043158889,0.007789630442857742,0.030500467866659164,0.030500467866659164,0.019685855135321617
mbpo_stackcube_20261007T182651_ab48dfc3,StackCube-v1,mbpo,real_env_steps,270000,280000,policy_q_min_mean,all_update_events_exact_quantiles,5008,0,2.1096569557730764,2.1091524362564087,2.1553826570510863,2.1768557620048523,1.990863561630249,2.210038423538208,2.210038423538208,2.110464096069336
mbpo_stackcube_20261007T182651_ab48dfc3,StackCube-v1,mbpo,real_env_steps,270000,280000,alpha,all_update_events_exact_quantiles,5008,0,0.0035301228790761926,0.003531739115715027,0.0035720659187063577,0.0035782742104493084,0.0034727223683148623,0.003584241261705756,0.003584241261705756,0.003558723721653223
mbpo_stackcube_20261007T182651_ab48dfc3,StackCube-v1,mbpo,real_env_steps,270000,280000,alpha_loss,all_update_events_exact_quantiles,5008,0,-2.3039785819622714e-06,-8.1313555710949e-06,0.0006725933577399697,0.0009199606376932938,-0.001514576142653823,0.0014127801405265927,0.001514576142653823,0.0003305850550532341
mbpo_stackcube_20261007T182651_ab48dfc3,StackCube-v1,mbpo,real_env_steps,270000,280000,entropy_estimate,all_update_events_exact_quantiles,5008,0,-4.0007256790281485,-4.002289056777954,-3.8097780466079714,-3.740846972465515,-4.431642532348633,-3.5964231491088867,4.431642532348633,-3.9071156978607178
mbpo_stackcube_20261007T182651_ab48dfc3,StackCube-v1,mbpo,policy_gradient_steps,135000,140000,actor_loss,all_update_events_exact_quantiles,5000,0,-2.1047361582279205,-2.1048132181167603,-2.0594714522361754,-2.040931611061096,-2.1974050998687744,-2.00339674949646,2.1974050998687744,-2.0710458755493164
mbpo_stackcube_20261007T182651_ab48dfc3,StackCube-v1,mbpo,policy_gradient_steps,135000,140000,critic_loss,all_update_events_exact_quantiles,5000,0,0.012310770141519605,0.011692119296640158,0.017880031559616334,0.02127754077315331,0.007481696084141731,0.030596069991588593,0.030596069991588593,0.019117044284939766
mbpo_stackcube_20261007T182651_ab48dfc3,StackCube-v1,mbpo,policy_gradient_steps,135000,140000,policy_q_min_mean,all_update_events_exact_quantiles,5000,0,2.1188989192962646,2.1189571619033813,2.1638871908187864,2.1835307383537295,2.017399787902832,2.2120933532714844,2.2120933532714844,2.0853614807128906
mbpo_stackcube_20261007T182651_ab48dfc3,StackCube-v1,mbpo,policy_gradient_steps,135000,140000,alpha,all_update_events_exact_quantiles,5000,0,0.0035405319650657473,0.003538411809131503,0.003603440325241536,0.0036176112038083376,0.0034727223683148623,0.00362170091830194,0.00362170091830194,0.00355762941762805
mbpo_stackcube_20261007T182651_ab48dfc3,StackCube-v1,mbpo,policy_gradient_steps,135000,140000,alpha_loss,all_update_events_exact_quantiles,5000,0,-6.402719462130335e-07,-7.001497579040006e-06,0.0006426859414204957,0.0009034925897140065,-0.001514576142653823,0.0014127801405265927,0.001514576142653823,-8.529598562745377e-05
mbpo_stackcube_20261007T182651_ab48dfc3,StackCube-v1,mbpo,policy_gradient_steps,135000,140000,entropy_estimate,all_update_events_exact_quantiles,5000,0,-4.000251739597321,-4.001992225646973,-3.819156360626221,-3.745342450141907,-4.431642532348633,-3.5964231491088867,4.431642532348633,-4.023975849151611
mbpo_stackcube_20261007T182651_ab48dfc3,StackCube-v1,mbpo,real_env_steps,280000,290000,actor_loss,all_update_events_exact_quantiles,4992,0,-2.1178367218145957,-2.118027925491333,-2.0713338375091555,-2.051334431171417,-2.2122316360473633,-2.00339674949646,2.2122316360473633,-2.1226518154144287
mbpo_stackcube_20261007T182651_ab48dfc3,StackCube-v1,mbpo,real_env_steps,280000,290000,critic_loss,all_update_events_exact_quantiles,4992,0,0.012219580609757358,0.011551984585821629,0.017827096674591304,0.021507176719605933,0.00747884064912796,0.030596069991588593,0.030596069991588593,0.011495690792798996
mbpo_stackcube_20261007T182651_ab48dfc3,StackCube-v1,mbpo,real_env_steps,280000,290000,policy_q_min_mean,all_update_events_exact_quantiles,4992,0,2.132196043880704,2.1325137615203857,2.177517366409302,2.195744347572327,2.017399787902832,2.227689266204834,2.227689266204834,2.136662483215332
mbpo_stackcube_20261007T182651_ab48dfc3,StackCube-v1,mbpo,real_env_steps,280000,290000,alpha,all_update_events_exact_quantiles,4992,0,0.0035897664367486215,0.0035899054491892457,0.003642885386943817,0.0036550452071242036,0.0035125049762427807,0.0036607859656214714,0.0036607859656214714,0.0035591665655374527
mbpo_stackcube_20261007T182651_ab48dfc3,StackCube-v1,mbpo,real_env_steps,280000,290000,alpha_loss,all_update_events_exact_quantiles,4992,0,-2.5928178706052654e-07,-5.312220309861004e-06,0.00065253836219199,0.0009469060366973281,-0.001450274372473359,0.0013922011712566018,0.001450274372473359,0.0002251652767881751
mbpo_stackcube_20261007T182651_ab48dfc3,StackCube-v1,mbpo,real_env_steps,280000,290000,entropy_estimate,all_update_events_exact_quantiles,4992,0,-4.000147159903859,-4.001479864120483,-3.8181432604789736,-3.7355553126335144,-4.404521942138672,-3.607821464538574,4.404521942138672,-3.9367337226867676
mbpo_stackcube_20261007T182651_ab48dfc3,StackCube-v1,mbpo,policy_gradient_steps,140000,145000,actor_loss,all_update_events_exact_quantiles,5000,0,-2.127074867248535,-2.1275635957717896,-2.081409990787506,-2.062249879837036,-2.220911979675293,-2.0198450088500977,2.220911979675293,-2.164106845855713
mbpo_stackcube_20261007T182651_ab48dfc3,StackCube-v1,mbpo,policy_gradient_steps,140000,145000,critic_loss,all_update_events_exact_quantiles,5000,0,0.012248426597937942,0.011486575473099947,0.017948680184781553,0.021917557977139956,0.00747884064912796,0.03102126717567444,0.03102126717567444,0.009177789092063904
mbpo_stackcube_20261007T182651_ab48dfc3,StackCube-v1,mbpo,policy_gradient_steps,140000,145000,policy_q_min_mean,all_update_events_exact_quantiles,5000,0,2.141499141693115,2.141923189163208,2.1872069358825685,2.206087784767151,2.034397602081299,2.235426425933838,2.235426425933838,2.1785647869110107
mbpo_stackcube_20261007T182651_ab48dfc3,StackCube-v1,mbpo,policy_gradient_steps,140000,145000,alpha,all_update_events_exact_quantiles,5000,0,0.003604614838445559,0.0036119059659540653,0.0036561228334903717,0.0036989341862499713,0.0035125049762427807,0.0037078666500747204,0.0037078666500747204,0.003646407974883914
mbpo_stackcube_20261007T182651_ab48dfc3,StackCube-v1,mbpo,policy_gradient_steps,140000,145000,alpha_loss,all_update_events_exact_quantiles,5000,0,-5.886105658646557e-06,-5.965448508504778e-06,0.0006464367674198004,0.0009439645282691348,-0.0013555939076468349,0.0013922011712566018,0.0013922011712566018,0.00013043879880569875
mbpo_stackcube_20261007T182651_ab48dfc3,StackCube-v1,mbpo,policy_gradient_steps,140000,145000,entropy_estimate,all_update_events_exact_quantiles,5000,0,-4.001711857891083,-4.001638412475586,-3.8216017484664917,-3.7399026107788087,-4.3736748695373535,-3.607821464538574,4.3736748695373535,-3.9642343521118164
mbpo_stackcube_20261007T182651_ab48dfc3,StackCube-v1,mbpo,real_env_steps,290000,300000,actor_loss,all_update_events_exact_quantiles,5008,0,-2.1399968207929843,-2.1404597759246826,-2.0932662725448608,-2.0733562970161437,-2.2443411350250244,-2.031503200531006,2.2443411350250244,-2.1717777252197266
mbpo_stackcube_20261007T182651_ab48dfc3,StackCube-v1,mbpo,real_env_steps,290000,300000,critic_loss,all_update_events_exact_quantiles,5008,0,0.012270816797264123,0.011474760714918375,0.018274689000099896,0.022038203589618218,0.007264753337949514,0.03577377647161484,0.03577377647161484,0.009803208522498608
mbpo_stackcube_20261007T182651_ab48dfc3,StackCube-v1,mbpo,real_env_steps,290000,300000,policy_q_min_mean,all_update_events_exact_quantiles,5008,0,2.1545625125733427,2.155029058456421,2.1996010065078733,2.2159676337242127,2.045926094055176,2.259007453918457,2.259007453918457,2.186305046081543
mbpo_stackcube_20261007T182651_ab48dfc3,StackCube-v1,mbpo,real_env_steps,290000,300000,alpha,all_update_events_exact_quantiles,5008,0,0.003639284840042215,0.0036419888492673635,0.00369728667428717,0.003720708948094398,0.003528227098286152,0.0037343399599194527,0.0037343399599194527,0.003679910209029913
mbpo_stackcube_20261007T182651_ab48dfc3,StackCube-v1,mbpo,real_env_steps,290000,300000,alpha_loss,all_update_events_exact_quantiles,5008,0,-8.647616779923444e-06,-1.5248679119395092e-05,0.00066149445483461,0.0009524214523844428,-0.0013555939076468349,0.0019133285386487842,0.0019133285386487842,0.00019042263738811016
mbpo_stackcube_20261007T182651_ab48dfc3,StackCube-v1,mbpo,real_env_steps,290000,300000,entropy_estimate,all_update_events_exact_quantiles,5008,0,-4.002465049346415,-4.0041913986206055,-3.8182350993156433,-3.7395056438446046,-4.3736748695373535,-3.478463649749756,4.3736748695373535,-3.948246479034424
mbpo_stackcube_20261007T182651_ab48dfc3,StackCube-v1,mbpo,policy_gradient_steps,145000,150000,actor_loss,all_update_events_exact_quantiles,5000,0,-2.149011673927307,-2.1494035720825195,-2.1030173659324647,-2.083817715644836,-2.2443411350250244,-2.031503200531006,2.2443411350250244,-2.168088912963867
mbpo_stackcube_20261007T182651_ab48dfc3,StackCube-v1,mbpo,policy_gradient_steps,145000,150000,critic_loss,all_update_events_exact_quantiles,5000,0,0.012253588856756687,0.011471615172922611,0.018314131535589695,0.022569566704332834,0.007264753337949514,0.03577377647161484,0.03577377647161484,0.012838853523135185
mbpo_stackcube_20261007T182651_ab48dfc3,StackCube-v1,mbpo,policy_gradient_steps,145000,150000,policy_q_min_mean,all_update_events_exact_quantiles,5000,0,2.1636431060791015,2.1640018224716187,2.2085236430168154,2.22716587305069,2.045926094055176,2.259007453918457,2.259007453918457,2.1830179691314697
mbpo_stackcube_20261007T182651_ab48dfc3,StackCube-v1,mbpo,policy_gradient_steps,145000,150000,alpha,all_update_events_exact_quantiles,5000,0,0.0036578948752954603,0.0036548462230712175,0.0037087561795488,0.0037213943735696377,0.003593629924580455,0.0037343399599194527,0.0037343399599194527,0.0036352709867060184
mbpo_stackcube_20261007T182651_ab48dfc3,StackCube-v1,mbpo,policy_gradient_steps,145000,150000,alpha_loss,all_update_events_exact_quantiles,5000,0,1.5352897680713795e-07,-7.25576319382526e-06,0.0006643099681241438,0.0009777350595686586,-0.0012867096811532974,0.0019133285386487842,0.0019133285386487842,-0.00039033187204040587
mbpo_stackcube_20261007T182651_ab48dfc3,StackCube-v1,mbpo,policy_gradient_steps,145000,150000,entropy_estimate,all_update_events_exact_quantiles,5000,0,-4.000036067152023,-4.001997709274292,-3.8182730078697205,-3.7353278779983516,-4.351712703704834,-3.478463649749756,4.351712703704834,-4.107391357421875
mbpo_stackcube_20261007T182651_ab48dfc3,StackCube-v1,mbpo,real_env_steps,300000,310000,actor_loss,all_update_events_exact_quantiles,4992,0,-2.1618228876628938,-2.16211473941803,-2.1169863820075987,-2.097431185245514,-2.2465076446533203,-2.0413565635681152,2.2465076446533203,-2.179083824157715
mbpo_stackcube_20261007T182651_ab48dfc3,StackCube-v1,mbpo,real_env_steps,300000,310000,critic_loss,all_update_events_exact_quantiles,4992,0,0.012228324845730243,0.011423515155911446,0.018053186684846876,0.022905106004327536,0.007681260816752911,0.031122082844376564,0.031122082844376564,0.01807538792490959
mbpo_stackcube_20261007T182651_ab48dfc3,StackCube-v1,mbpo,real_env_steps,300000,310000,policy_q_min_mean,all_update_events_exact_quantiles,4992,0,2.1766020331818323,2.176921248435974,2.2198943734169005,2.238680944442749,2.0558223724365234,2.2612504959106445,2.2612504959106445,2.1938891410827637
mbpo_stackcube_20261007T182651_ab48dfc3,StackCube-v1,mbpo,real_env_steps,300000,310000,alpha,all_update_events_exact_quantiles,4992,0,0.003694074565571963,0.0036840904504060745,0.003807548782788217,0.003846674298401922,0.003593629924580455,0.0038793920539319515,0.0038793920539319515,0.003727504750713706
mbpo_stackcube_20261007T182651_ab48dfc3,StackCube-v1,mbpo,real_env_steps,300000,310000,alpha_loss,all_update_events_exact_quantiles,4992,0,-2.89101823132872e-06,-6.339454557746649e-06,0.0006628850649576634,0.0010008528863545512,-0.0013543247478082776,0.0013719428097829223,0.0013719428097829223,0.00010475527960807085
mbpo_stackcube_20261007T182651_ab48dfc3,StackCube-v1,mbpo,real_env_steps,300000,310000,entropy_estimate,all_update_events_exact_quantiles,4992,0,-4.000869067146992,-4.001703977584839,-3.8212494015693665,-3.7309358906745906,-4.3725433349609375,-3.6277568340301514,4.3725433349609375,-3.9718968868255615
mbpo_stackcube_20261007T182651_ab48dfc3,StackCube-v1,mbpo,policy_gradient_steps,150000,155000,actor_loss,all_update_events_exact_quantiles,5000,0,-2.1696082906246184,-2.169659733772278,-2.1257582545280456,-2.1064765882492065,-2.2711868286132812,-2.068826198577881,2.2711868286132812,-2.1458401679992676
mbpo_stackcube_20261007T182651_ab48dfc3,StackCube-v1,mbpo,policy_gradient_steps,150000,155000,critic_loss,all_update_events_exact_quantiles,5000,0,0.012229073960334062,0.01143165910616517,0.01795580964535475,0.02290447494015098,0.007815694436430931,0.032817013561725616,0.032817013561725616,0.017691226676106453
mbpo_stackcube_20261007T182651_ab48dfc3,StackCube-v1,mbpo,policy_gradient_steps,150000,155000,policy_q_min_mean,all_update_events_exact_quantiles,5000,0,2.1845650081157686,2.1846840381622314,2.2287860989570616,2.2471082329750063,2.083592414855957,2.2858619689941406,2.2858619689941406,2.161602020263672
mbpo_stackcube_20261007T182651_ab48dfc3,StackCube-v1,mbpo,policy_gradient_steps,150000,155000,alpha,all_update_events_exact_quantiles,5000,0,0.0037367777599487456,0.0037440902087837458,0.0038080532569438217,0.0038466396718285977,0.0036312551237642765,0.0038793920539319515,0.0038793920539319515,0.003767115529626608
mbpo_stackcube_20261007T182651_ab48dfc3,StackCube-v1,mbpo,policy_gradient_steps,150000,155000,alpha_loss,all_update_events_exact_quantiles,5000,0,-9.714202041141107e-06,-2.022859189310111e-05,0.0006884305767016486,0.0010305744002107535,-0.001550984801724553,0.0015272845048457384,0.001550984801724553,-0.0006958336452953517
mbpo_stackcube_20261007T182651_ab48dfc3,StackCube-v1,mbpo,policy_gradient_steps,150000,155000,entropy_estimate,all_update_events_exact_quantiles,5000,0,-4.002710124778748,-4.005412578582764,-3.8160250306129457,-3.7263639855384825,-4.412150859832764,-3.595968723297119,4.412150859832764,-4.184739589691162
mbpo_stackcube_20261007T182651_ab48dfc3,StackCube-v1,mbpo,real_env_steps,310000,320000,actor_loss,all_update_events_exact_quantiles,5008,0,-2.1818590357471197,-2.1821465492248535,-2.1354425072669985,-2.1172939348220825,-2.2763428688049316,-2.084003210067749,2.2763428688049316,-2.208993911743164
mbpo_stackcube_20261007T182651_ab48dfc3,StackCube-v1,mbpo,real_env_steps,310000,320000,critic_loss,all_update_events_exact_quantiles,5008,0,0.012285583136683573,0.011557772289961576,0.017720945365726947,0.023223992101848143,0.007481294218450785,0.032817013561725616,0.032817013561725616,0.01061306707561016
mbpo_stackcube_20261007T182651_ab48dfc3,StackCube-v1,mbpo,real_env_steps,310000,320000,policy_q_min_mean,all_update_events_exact_quantiles,5008,0,2.19712468843681,2.1975252628326416,2.2422520756721496,2.261483178138733,2.0984926223754883,2.291128396987915,2.291128396987915,2.224905014038086
mbpo_stackcube_20261007T182651_ab48dfc3,StackCube-v1,mbpo,real_env_steps,310000,320000,alpha,all_update_events_exact_quantiles,5008,0,0.003813187993931608,0.003814960364252329,0.003881945298053324,0.0039011804619804025,0.00368306296877563,0.003905627876520157,0.003905627876520157,0.0038948801811784506
mbpo_stackcube_20261007T182651_ab48dfc3,StackCube-v1,mbpo,real_env_steps,310000,320000,alpha_loss,all_update_events_exact_quantiles,5008,0,-1.3033043940438324e-05,-1.786888788046781e-05,0.0006962396058952435,0.0010286984045524178,-0.001550984801724553,0.0018335820641368628,0.0018335820641368628,-0.0003324153076391667
mbpo_stackcube_20261007T182651_ab48dfc3,StackCube-v1,mbpo,real_env_steps,310000,320000,entropy_estimate,all_update_events_exact_quantiles,5008,0,-4.0035033255053785,-4.004690170288086,-3.818785917758942,-3.7305814170837404,-4.412150859832764,-3.52439546585083,4.412150859832764,-4.085349082946777
mbpo_stackcube_20261007T182651_ab48dfc3,StackCube-v1,mbpo,policy_gradient_steps,155000,160000,actor_loss,all_update_events_exact_quantiles,5000,0,-2.1909076881408693,-2.191286563873291,-2.144916558265686,-2.126144437789917,-2.298278331756592,-2.090386390686035,2.298278331756592,-2.1863174438476562
mbpo_stackcube_20261007T182651_ab48dfc3,StackCube-v1,mbpo,policy_gradient_steps,155000,160000,critic_loss,all_update_events_exact_quantiles,5000,0,0.012204142921976744,0.011507531628012657,0.017467664089053873,0.023046658840030435,0.007481294218450785,0.03260403126478195,0.03260403126478195,0.013132428750395775
mbpo_stackcube_20261007T182651_ab48dfc3,StackCube-v1,mbpo,policy_gradient_steps,155000,160000,policy_q_min_mean,all_update_events_exact_quantiles,5000,0,2.2063661239147185,2.2066606283187866,2.2515436172485352,2.271093828678131,2.1058998107910156,2.314703941345215,2.314703941345215,2.202775478363037
mbpo_stackcube_20261007T182651_ab48dfc3,StackCube-v1,mbpo,policy_gradient_steps,155000,160000,alpha,all_update_events_exact_quantiles,5000,0,0.0038612738439813255,0.0038613694487139583,0.0039100185967981815,0.003954558172263205,0.0037676095962524414,0.003961197100579739,0.003961197100579739,0.003951487131416798
mbpo_stackcube_20261007T182651_ab48dfc3,StackCube-v1,mbpo,policy_gradient_steps,155000,160000,alpha_loss,all_update_events_exact_quantiles,5000,0,-1.3485407587359077e-05,-1.2337559383013286e-05,0.0006766129430616274,0.0009707447729306305,-0.001449813600629568,0.0018335820641368628,0.0018335820641368628,-0.0006529077072627842
mbpo_stackcube_20261007T182651_ab48dfc3,StackCube-v1,mbpo,policy_gradient_steps,155000,160000,entropy_estimate,all_update_events_exact_quantiles,5000,0,-4.0035664021492,-4.003226041793823,-3.825009512901306,-3.747597858905792,-4.378213882446289,-3.52439546585083,4.378213882446289,-4.1652374267578125
mbpo_stackcube_20261007T182651_ab48dfc3,StackCube-v1,mbpo,real_env_steps,320000,330000,actor_loss,all_update_events_exact_quantiles,4992,0,-2.2078823686505737,-2.2077327966690063,-2.1611056089401246,-2.1414202523231505,-2.301868438720703,-2.1045925617218018,2.301868438720703,-2.20438289642334
mbpo_stackcube_20261007T182651_ab48dfc3,StackCube-v1,mbpo,real_env_steps,320000,330000,critic_loss,all_update_events_exact_quantiles,4992,0,0.012126767256585224,0.011473330203443766,0.017209249548614025,0.02187848022207618,0.007865702733397484,0.02823275700211525,0.02823275700211525,0.011298871599137783
mbpo_stackcube_20261007T182651_ab48dfc3,StackCube-v1,mbpo,real_env_steps,320000,330000,policy_q_min_mean,all_update_events_exact_quantiles,4992,0,2.2237051790341353,2.2236602306365967,2.2722070693969725,2.293769669532776,2.1197309494018555,2.3181376457214355,2.3181376457214355,2.2207231521606445
mbpo_stackcube_20261007T182651_ab48dfc3,StackCube-v1,mbpo,real_env_steps,320000,330000,alpha,all_update_events_exact_quantiles,4992,0,0.003952976210618941,0.003978288266807795,0.004029331402853132,0.0040394010860472914,0.003835927462205291,0.00405395682901144,0.00405395682901144,0.004052495583891869
mbpo_stackcube_20261007T182651_ab48dfc3,StackCube-v1,mbpo,real_env_steps,320000,330000,alpha_loss,all_update_events_exact_quantiles,4992,0,-1.102890874303506e-05,-1.1882835678989068e-05,0.0007068485050695016,0.0010150442412123106,-0.0014866996789351106,0.0015914901159703732,0.0015914901159703732,-0.0001292750530410558
mbpo_stackcube_20261007T182651_ab48dfc3,StackCube-v1,mbpo,real_env_steps,320000,330000,entropy_estimate,all_update_events_exact_quantiles,4992,0,-4.002849092802558,-4.002980470657349,-3.821089768409729,-3.741564402580261,-4.37569522857666,-3.6030561923980713,4.37569522857666,-4.03189754486084
mbpo_stackcube_20261007T182651_ab48dfc3,StackCube-v1,mbpo,policy_gradient_steps,160000,165000,actor_loss,all_update_events_exact_quantiles,5000,0,-2.21949242515564,-2.219240665435791,-2.172983944416046,-2.1523078656196595,-2.3254191875457764,-2.1088671684265137,2.3254191875457764,-2.21600341796875
mbpo_stackcube_20261007T182651_ab48dfc3,StackCube-v1,mbpo,policy_gradient_steps,160000,165000,critic_loss,all_update_events_exact_quantiles,5000,0,0.01220836516469717,0.011569335591048002,0.017289796844124797,0.021703976579010506,0.007915930822491646,0.027392638847231865,0.027392638847231865,0.017971187829971313
mbpo_stackcube_20261007T182651_ab48dfc3,StackCube-v1,mbpo,policy_gradient_steps,160000,165000,policy_q_min_mean,all_update_events_exact_quantiles,5000,0,2.2355740584373476,2.2352285385131836,2.2833463549613953,2.3009682369232176,2.125802993774414,2.3407340049743652,2.3407340049743652,2.2319984436035156
mbpo_stackcube_20261007T182651_ab48dfc3,StackCube-v1,mbpo,policy_gradient_steps,160000,165000,alpha,all_update_events_exact_quantiles,5000,0,0.004017635662015528,0.004005006747320294,0.004092250345274806,0.004101896188221872,0.0039516715332865715,0.0041128662414848804,0.0041128662414848804,0.0041062915697693825
mbpo_stackcube_20261007T182651_ab48dfc3,StackCube-v1,mbpo,policy_gradient_steps,160000,165000,alpha_loss,all_update_events_exact_quantiles,5000,0,-1.121265838155523e-05,-1.654182415222749e-05,0.0007272808143170559,0.0010553223884198827,-0.0018737299833446741,0.0015914901159703732,0.0018737299833446741,0.0004280560533516109
mbpo_stackcube_20261007T182651_ab48dfc3,StackCube-v1,mbpo,policy_gradient_steps,160000,165000,entropy_estimate,all_update_events_exact_quantiles,5000,0,-4.0028617872715,-4.004098653793335,-3.819012403488159,-3.7357325100898744,-4.461000442504883,-3.6030561923980713,4.461000442504883,-3.895742416381836
mbpo_stackcube_20261007T182651_ab48dfc3,StackCube-v1,mbpo,real_env_steps,330000,340000,actor_loss,all_update_events_exact_quantiles,5008,0,-2.235630542039871,-2.2357168197631836,-2.1885568857192994,-2.1678651690483095,-2.333397150039673,-2.116703987121582,2.333397150039673,-2.274995803833008
mbpo_stackcube_20261007T182651_ab48dfc3,StackCube-v1,mbpo,real_env_steps,330000,340000,critic_loss,all_update_events_exact_quantiles,5008,0,0.012290270552195358,0.01174853090196848,0.017276147287338967,0.021157396137714387,0.007815887220203876,0.03030623495578766,0.03030623495578766,0.012408341281116009
mbpo_stackcube_20261007T182651_ab48dfc3,StackCube-v1,mbpo,real_env_steps,330000,340000,policy_q_min_mean,all_update_events_exact_quantiles,5008,0,2.2520984419332906,2.25211763381958,2.298542547225952,2.3188215708732605,2.1327662467956543,2.3494560718536377,2.3494560718536377,2.2929375171661377
mbpo_stackcube_20261007T182651_ab48dfc3,StackCube-v1,mbpo,real_env_steps,330000,340000,alpha,all_update_events_exact_quantiles,5008,0,0.004112538813257042,0.00409492920152843,0.004261280898936093,0.004275138024240732,0.003957849461585283,0.004291243851184845,0.004291243851184845,0.004291243851184845
mbpo_stackcube_20261007T182651_ab48dfc3,StackCube-v1,mbpo,real_env_steps,330000,340000,alpha_loss,all_update_events_exact_quantiles,5008,0,-1.793589945554269e-05,-1.8554885173216462e-05,0.0007267722947290165,0.0010527560173068198,-0.0018737299833446741,0.0015429635532200336,0.0018737299833446741,-0.0007808113587088883
mbpo_stackcube_20261007T182651_ab48dfc3,StackCube-v1,mbpo,real_env_steps,330000,340000,entropy_estimate,all_update_events_exact_quantiles,5008,0,-4.004375403014997,-4.004501104354858,-3.8230010271072388,-3.7433539819717403,-4.461000442504883,-3.620105266571045,4.461000442504883,-4.182000637054443
mbpo_stackcube_20261007T182651_ab48dfc3,StackCube-v1,mbpo,policy_gradient_steps,165000,170000,actor_loss,all_update_events_exact_quantiles,5000,0,-2.2467352769374846,-2.246955156326294,-2.197738325595856,-2.178760266304016,-2.34895658493042,-2.124485492706299,2.34895658493042,-2.2456159591674805
mbpo_stackcube_20261007T182651_ab48dfc3,StackCube-v1,mbpo,policy_gradient_steps,165000,170000,critic_loss,all_update_events_exact_quantiles,5000,0,0.012328069498576224,0.011827783659100533,0.017076053097844126,0.02077113766223195,0.007815887220203876,0.03030623495578766,0.03030623495578766,0.010735800489783287
mbpo_stackcube_20261007T182651_ab48dfc3,StackCube-v1,mbpo,policy_gradient_steps,165000,170000,policy_q_min_mean,all_update_events_exact_quantiles,5000,0,2.2636371020317076,2.2639249563217163,2.3122526168823243,2.3325090646743774,2.1406362056732178,2.3655099868774414,2.3655099868774414,2.2626953125
mbpo_stackcube_20261007T182651_ab48dfc3,StackCube-v1,mbpo,policy_gradient_steps,165000,170000,alpha,all_update_events_exact_quantiles,5000,0,0.004220478559099137,0.004226977936923504,0.004399473732337356,0.004409664599224925,0.004044869914650917,0.004420141223818064,0.004420141223818064,0.0043949526734650135
mbpo_stackcube_20261007T182651_ab48dfc3,StackCube-v1,mbpo,policy_gradient_steps,165000,170000,alpha_loss,all_update_events_exact_quantiles,5000,0,-2.014261950898799e-05,-6.296100764302537e-06,0.0007356433023232967,0.001063712942413986,-0.0017618625424802303,0.0016801604069769382,0.0017618625424802303,0.0005036619841121137
mbpo_stackcube_20261007T182651_ab48dfc3,StackCube-v1,mbpo,policy_gradient_steps,165000,170000,entropy_estimate,all_update_events_exact_quantiles,5000,0,-4.004820133638382,-4.001480579376221,-3.8253690004348755,-3.7481938529014585,-4.406213760375977,-3.6152358055114746,4.406213760375977,-3.8854212760925293
mbpo_stackcube_20261007T182651_ab48dfc3,StackCube-v1,mbpo,real_env_steps,340000,350000,actor_loss,all_update_events_exact_quantiles,4992,0,-2.26546138462921,-2.265245795249939,-2.216653275489807,-2.195583598613739,-2.3759264945983887,-2.154728651046753,2.3759264945983887,-2.2697229385375977
mbpo_stackcube_20261007T182651_ab48dfc3,StackCube-v1,mbpo,real_env_steps,340000,350000,critic_loss,all_update_events_exact_quantiles,4992,0,0.012372915264374265,0.011893833987414837,0.016957759391516447,0.02035830315202475,0.007730020210146904,0.02771971933543682,0.02771971933543682,0.009836708195507526
mbpo_stackcube_20261007T182651_ab48dfc3,StackCube-v1,mbpo,real_env_steps,340000,350000,policy_q_min_mean,all_update_events_exact_quantiles,4992,0,2.283166979320156,2.2830816507339478,2.332614207267761,2.355059106349945,2.1723251342773438,2.3945446014404297,2.3945446014404297,2.288069486618042
mbpo_stackcube_20261007T182651_ab48dfc3,StackCube-v1,mbpo,real_env_steps,340000,350000,alpha,all_update_events_exact_quantiles,4992,0,0.004421649913031918,0.0044021401554346085,0.004579248791560531,0.004599765068851411,0.004221311770379543,0.0046062530018389225,0.0046062530018389225,0.0045667183585464954
mbpo_stackcube_20261007T182651_ab48dfc3,StackCube-v1,mbpo,real_env_steps,340000,350000,alpha_loss,all_update_events_exact_quantiles,4992,0,-1.9216456226518065e-05,4.338986400398426e-06,0.000730578223010525,0.0010717601038049908,-0.0017618625424802303,0.0016801604069769382,0.0017618625424802303,-8.075853111222386e-05
mbpo_stackcube_20261007T182651_ab48dfc3,StackCube-v1,mbpo,real_env_steps,340000,350000,entropy_estimate,all_update_events_exact_quantiles,4992,0,-4.004408716295774,-3.999011516571045,-3.8352644443511963,-3.7577523469924925,-4.406213760375977,-3.6152358055114746,4.406213760375977,-4.017685413360596
mbpo_stackcube_20261007T182651_ab48dfc3,StackCube-v1,mbpo,policy_gradient_steps,170000,175000,actor_loss,all_update_events_exact_quantiles,5000,0,-2.277456370639801,-2.277234673500061,-2.229249370098114,-2.210204644203186,-2.3759264945983887,-2.169055938720703,2.3759264945983887,-2.277902603149414
mbpo_stackcube_20261007T182651_ab48dfc3,StackCube-v1,mbpo,policy_gradient_steps,170000,175000,critic_loss,all_update_events_exact_quantiles,5000,0,0.012422037890926003,0.011909803841263056,0.01708068773150444,0.020727924536913637,0.007718455977737904,0.028039414435625076,0.028039414435625076,0.011839491315186024
mbpo_stackcube_20261007T182651_ab48dfc3,StackCube-v1,mbpo,policy_gradient_steps,170000,175000,policy_q_min_mean,all_update_events_exact_quantiles,5000,0,2.295589697742462,2.2952646017074585,2.3449302911758423,2.3652051639556886,2.187439441680908,2.3945446014404297,2.3945446014404297,2.297107458114624
mbpo_stackcube_20261007T182651_ab48dfc3,StackCube-v1,mbpo,policy_gradient_steps,170000,175000,alpha,all_update_events_exact_quantiles,5000,0,0.004529414228443056,0.0045622470788657665,0.004611267009750009,0.004643133701756596,0.004360237158834934,0.00465193297713995,0.00465193297713995,0.004604208283126354
mbpo_stackcube_20261007T182651_ab48dfc3,StackCube-v1,mbpo,policy_gradient_steps,170000,175000,alpha_loss,all_update_events_exact_quantiles,5000,0,-1.5836256259717628e-05,-7.719288987573236e-06,0.0007669307873584331,0.00108717542840168,-0.0017407324630767107,0.0016891802661120892,0.0017407324630767107,-0.0007919037598185241
mbpo_stackcube_20261007T182651_ab48dfc3,StackCube-v1,mbpo,policy_gradient_steps,170000,175000,entropy_estimate,all_update_events_exact_quantiles,5000,0,-4.003586733198166,-4.001676797866821,-3.8327189922332763,-3.7578075265884396,-4.379698753356934,-3.6329469680786133,4.379698753356934,-4.172033309936523
mbpo_stackcube_20261007T182651_ab48dfc3,StackCube-v1,mbpo,real_env_steps,350000,360000,actor_loss,all_update_events_exact_quantiles,5008,0,-2.2929718001677206,-2.2927396297454834,-2.2443610310554503,-2.2246372938156127,-2.3922157287597656,-2.189847707748413,2.3922157287597656,-2.3214712142944336
mbpo_stackcube_20261007T182651_ab48dfc3,StackCube-v1,mbpo,real_env_steps,350000,360000,critic_loss,all_update_events_exact_quantiles,5008,0,0.012366571363036375,0.011844635475426912,0.01680857231840491,0.02056697685271502,0.007718455977737904,0.028039414435625076,0.028039414435625076,0.012391136027872562
mbpo_stackcube_20261007T182651_ab48dfc3,StackCube-v1,mbpo,real_env_steps,350000,360000,policy_q_min_mean,all_update_events_exact_quantiles,5008,0,2.3116313613736974,2.3115921020507812,2.359000325202942,2.378775441646576,2.2073702812194824,2.412067413330078,2.412067413330078,2.340778350830078
mbpo_stackcube_20261007T182651_ab48dfc3,StackCube-v1,mbpo,real_env_steps,350000,360000,alpha,all_update_events_exact_quantiles,5008,0,0.004662180011560129,0.004637810401618481,0.004770148731768131,0.004813475920818746,0.004560777451843023,0.004820755682885647,0.004820755682885647,0.0047226473689079285
mbpo_stackcube_20261007T182651_ab48dfc3,StackCube-v1,mbpo,real_env_steps,350000,360000,alpha_loss,all_update_events_exact_quantiles,5008,0,-1.0964462330485286e-05,-1.5196274034678936e-05,0.0008119033562252294,0.0011436773603782059,-0.0019437370356172323,0.0016891802661120892,0.0019437370356172323,-0.00041618652176111937
mbpo_stackcube_20261007T182651_ab48dfc3,StackCube-v1,mbpo,real_env_steps,350000,360000,entropy_estimate,all_update_events_exact_quantiles,5008,0,-4.002426061005638,-4.003278493881226,-3.8260702013969423,-3.7540823268890375,-4.419262886047363,-3.6329469680786133,4.419262886047363,-4.0881218910217285
mbpo_stackcube_20261007T182651_ab48dfc3,StackCube-v1,mbpo,policy_gradient_steps,175000,180000,actor_loss,all_update_events_exact_quantiles,5000,0,-2.302389664173126,-2.302370548248291,-2.2531946539878844,-2.232020194530487,-2.400404214859009,-2.1963586807250977,2.400404214859009,-2.327631950378418
mbpo_stackcube_20261007T182651_ab48dfc3,StackCube-v1,mbpo,policy_gradient_steps,175000,180000,critic_loss,all_update_events_exact_quantiles,5000,0,0.01223870398811996,0.011807768139988184,0.016373132169246674,0.019729219302535062,0.0077426377683877945,0.0254778154194355,0.0254778154194355,0.010508575476706028
mbpo_stackcube_20261007T182651_ab48dfc3,StackCube-v1,mbpo,policy_gradient_steps,175000,180000,policy_q_min_mean,all_update_events_exact_quantiles,5000,0,2.321340551900864,2.3212852478027344,2.3696861147880552,2.39155668258667,2.2146337032318115,2.4199678897857666,2.4199678897857666,2.3461906909942627
mbpo_stackcube_20261007T182651_ab48dfc3,StackCube-v1,mbpo,policy_gradient_steps,175000,180000,alpha,all_update_events_exact_quantiles,5000,0,0.00473476437702775,0.004733665380626917,0.004818552918732166,0.004829224897548556,0.004588277079164982,0.004838943015784025,0.004838943015784025,0.004789672326296568
mbpo_stackcube_20261007T182651_ab48dfc3,StackCube-v1,mbpo,policy_gradient_steps,175000,180000,alpha_loss,all_update_events_exact_quantiles,5000,0,-1.1978690356045263e-05,-1.2603828508872539e-05,0.0008268059435067699,0.0012086679192725575,-0.0019437370356172323,0.0017925286665558815,0.0019437370356172323,0.0006030693766660988
mbpo_stackcube_20261007T182651_ab48dfc3,StackCube-v1,mbpo,policy_gradient_steps,175000,180000,entropy_estimate,all_update_events_exact_quantiles,5000,0,-4.002618457555771,-4.002654314041138,-3.8264087080955504,-3.746016283035278,-4.419262886047363,-3.6261050701141357,4.419262886047363,-3.874110221862793
mbpo_stackcube_20261007T182651_ab48dfc3,StackCube-v1,mbpo,real_env_steps,360000,370000,actor_loss,all_update_events_exact_quantiles,4992,0,-2.317258724751763,-2.3172855377197266,-2.2682740926742553,-2.2479485130310057,-2.429716110229492,-2.2076966762542725,2.429716110229492,-2.2915091514587402
mbpo_stackcube_20261007T182651_ab48dfc3,StackCube-v1,mbpo,real_env_steps,360000,370000,critic_loss,all_update_events_exact_quantiles,4992,0,0.012173562180228496,0.011762009933590889,0.01608393024653196,0.018936400022357715,0.008314060047268867,0.023915238678455353,0.023915238678455353,0.011226476170122623
mbpo_stackcube_20261007T182651_ab48dfc3,StackCube-v1,mbpo,real_env_steps,360000,370000,policy_q_min_mean,all_update_events_exact_quantiles,4992,0,2.336639870531284,2.3366585969924927,2.3853312015533445,2.403926396369934,2.2259910106658936,2.448906421661377,2.448906421661377,2.311194658279419
mbpo_stackcube_20261007T182651_ab48dfc3,StackCube-v1,mbpo,real_env_steps,360000,370000,alpha,all_update_events_exact_quantiles,4992,0,0.004842068063086257,0.004824790637940168,0.004971118387766182,0.004990607551299035,0.004702950362116098,0.0050012944266200066,0.0050012944266200066,0.004912867676466703
mbpo_stackcube_20261007T182651_ab48dfc3,StackCube-v1,mbpo,real_env_steps,360000,370000,alpha_loss,all_update_events_exact_quantiles,4992,0,-1.3024977501794265e-05,-9.516632417216897e-06,0.0008288065146189181,0.00118635870399885,-0.001926816999912262,0.0017925286665558815,0.001926816999912262,-3.231841401429847e-05
mbpo_stackcube_20261007T182651_ab48dfc3,StackCube-v1,mbpo,real_env_steps,360000,370000,entropy_estimate,all_update_events_exact_quantiles,4992,0,-4.002774327706832,-4.001956224441528,-3.8286381363868713,-3.7538737535476683,-4.403591156005859,-3.6261050701141357,4.403591156005859,-4.006577968597412
mbpo_stackcube_20261007T182651_ab48dfc3,StackCube-v1,mbpo,policy_gradient_steps,180000,185000,actor_loss,all_update_events_exact_quantiles,5000,0,-2.327536051559448,-2.327600598335266,-2.277926528453827,-2.2570530509948727,-2.4352378845214844,-2.20341157913208,2.4352378845214844,-2.3504185676574707
mbpo_stackcube_20261007T182651_ab48dfc3,StackCube-v1,mbpo,policy_gradient_steps,180000,185000,critic_loss,all_update_events_exact_quantiles,5000,0,0.012113952653110027,0.011729922145605087,0.016023352183401587,0.0185718652419746,0.008292756974697113,0.02377341128885746,0.02377341128885746,0.011251302435994148
mbpo_stackcube_20261007T182651_ab48dfc3,StackCube-v1,mbpo,policy_gradient_steps,180000,185000,policy_q_min_mean,all_update_events_exact_quantiles,5000,0,2.3471639883995055,2.34721302986145,2.3949452877044677,2.4176694202423095,2.2227649688720703,2.454824924468994,2.454824924468994,2.3706064224243164
mbpo_stackcube_20261007T182651_ab48dfc3,StackCube-v1,mbpo,policy_gradient_steps,180000,185000,alpha,all_update_events_exact_quantiles,5000,0,0.0049045524787157775,0.004909193608909845,0.004980532033368945,0.004991180305369198,0.004761156160384417,0.0050012944266200066,0.0050012944266200066,0.004934272263199091
mbpo_stackcube_20261007T182651_ab48dfc3,StackCube-v1,mbpo,policy_gradient_steps,180000,185000,alpha_loss,all_update_events_exact_quantiles,5000,0,-9.842464984831167e-06,-2.7187197702005506e-06,0.0008027617383049802,0.001138000198407099,-0.00190283905249089,0.002079248894006014,0.002079248894006014,-0.0004470580315683037
mbpo_stackcube_20261007T182651_ab48dfc3,StackCube-v1,mbpo,policy_gradient_steps,180000,185000,entropy_estimate,all_update_events_exact_quantiles,5000,0,-4.002094676494599,-4.000556707382202,-3.836765670776367,-3.7685481047630307,-4.387544631958008,-3.5814383029937744,4.387544631958008,-4.090585708618164
mbpo_stackcube_20261007T182651_ab48dfc3,StackCube-v1,mbpo,real_env_steps,370000,380000,actor_loss,all_update_events_exact_quantiles,5008,0,-2.344642078771759,-2.3448715209960938,-2.293940818309784,-2.2724165320396423,-2.4562277793884277,-2.20341157913208,2.4562277793884277,-2.382054090499878
mbpo_stackcube_20261007T182651_ab48dfc3,StackCube-v1,mbpo,real_env_steps,370000,380000,critic_loss,all_update_events_exact_quantiles,5008,0,0.011899338590692336,0.011536460369825363,0.01567690577358007,0.018345066998153938,0.008025553077459335,0.023953977972269058,0.023953977972269058,0.012958886101841927
mbpo_stackcube_20261007T182651_ab48dfc3,StackCube-v1,mbpo,real_env_steps,370000,380000,policy_q_min_mean,all_update_events_exact_quantiles,5008,0,2.36444527643938,2.3648165464401245,2.4133610486984254,2.432658386230469,2.2227649688720703,2.4764814376831055,2.4764814376831055,2.4019718170166016
mbpo_stackcube_20261007T182651_ab48dfc3,StackCube-v1,mbpo,real_env_steps,370000,380000,alpha,all_update_events_exact_quantiles,5008,0,0.004949369936989555,0.004940962186083198,0.005033505777828395,0.005046059563755989,0.004880964290350676,0.005056707188487053,0.005056707188487053,0.00500453682616353
mbpo_stackcube_20261007T182651_ab48dfc3,StackCube-v1,mbpo,real_env_steps,370000,380000,alpha_loss,all_update_events_exact_quantiles,5008,0,-5.793782934480592e-06,-3.72343129129149e-06,0.0008137569180689745,0.001172115775989371,-0.00190283905249089,0.002079248894006014,0.002079248894006014,0.00010294833191437647
mbpo_stackcube_20261007T182651_ab48dfc3,StackCube-v1,mbpo,real_env_steps,370000,380000,entropy_estimate,all_update_events_exact_quantiles,5008,0,-4.001232554880194,-4.00075101852417,-3.835712242126465,-3.7644324016571042,-4.387544631958008,-3.5814383029937744,4.387544631958008,-3.979431390762329
mbpo_stackcube_20261007T182651_ab48dfc3,StackCube-v1,mbpo,policy_gradient_steps,185000,190000,actor_loss,all_update_events_exact_quantiles,5000,0,-2.3562603249073026,-2.356676697731018,-2.306283378601074,-2.2867021989822387,-2.4562277793884277,-2.2364420890808105,2.4562277793884277,-2.377133369445801
mbpo_stackcube_20261007T182651_ab48dfc3,StackCube-v1,mbpo,policy_gradient_steps,185000,190000,critic_loss,all_update_events_exact_quantiles,5000,0,0.011761404265649616,0.011407708749175072,0.01533875702880323,0.01787387141957879,0.008025553077459335,0.024034418165683746,0.024034418165683746,0.012799326330423355
mbpo_stackcube_20261007T182651_ab48dfc3,StackCube-v1,mbpo,policy_gradient_steps,185000,190000,policy_q_min_mean,all_update_events_exact_quantiles,5000,0,2.3762657970428465,2.376688241958618,2.424531304836273,2.4451675748825075,2.255589485168457,2.4764814376831055,2.4764814376831055,2.397677421569824
mbpo_stackcube_20261007T182651_ab48dfc3,StackCube-v1,mbpo,policy_gradient_steps,185000,190000,alpha,all_update_events_exact_quantiles,5000,0,0.004999082385841757,0.005010574124753475,0.005098567227832973,0.005111781437881291,0.004885013215243816,0.005117512308061123,0.005117512308061123,0.005057075992226601
mbpo_stackcube_20261007T182651_ab48dfc3,StackCube-v1,mbpo,policy_gradient_steps,185000,190000,alpha_loss,all_update_events_exact_quantiles,5000,0,-9.245647224452113e-06,-1.9127075574942864e-05,0.0008631783246528359,0.0012647940462920827,-0.0016884999349713326,0.0021065326873213053,0.0021065326873213053,-0.00031892716651782393
mbpo_stackcube_20261007T182651_ab48dfc3,StackCube-v1,mbpo,policy_gradient_steps,185000,190000,entropy_estimate,all_update_events_exact_quantiles,5000,0,-4.001917604255676,-4.00383996963501,-3.82614381313324,-3.746923189163208,-4.3370256423950195,-3.5863609313964844,4.3370256423950195,-4.063075542449951
mbpo_stackcube_20261007T182651_ab48dfc3,StackCube-v1,mbpo,real_env_steps,380000,390000,actor_loss,all_update_events_exact_quantiles,4992,0,-2.3728376052891598,-2.3725812435150146,-2.323814535140991,-2.302846713066101,-2.47046160697937,-2.2554678916931152,2.47046160697937,-2.366121530532837
mbpo_stackcube_20261007T182651_ab48dfc3,StackCube-v1,mbpo,real_env_steps,380000,390000,critic_loss,all_update_events_exact_quantiles,4992,0,0.011751197519352457,0.01140572689473629,0.015340186469256877,0.018185410965234045,0.008075685240328312,0.025549205020070076,0.025549205020070076,0.010331768542528152
mbpo_stackcube_20261007T182651_ab48dfc3,StackCube-v1,mbpo,real_env_steps,380000,390000,policy_q_min_mean,all_update_events_exact_quantiles,4992,0,2.3931206331516686,2.392893433570862,2.4437448143959046,2.4636001348495484,2.27531361579895,2.4911906719207764,2.4911906719207764,2.386277198791504
mbpo_stackcube_20261007T182651_ab48dfc3,StackCube-v1,mbpo,real_env_steps,380000,390000,alpha,all_update_events_exact_quantiles,4992,0,0.005069474323812382,0.005070314044132829,0.005118318763561547,0.005132079282775521,0.004988492466509342,0.005143564194440842,0.005143564194440842,0.00508006801828742
mbpo_stackcube_20261007T182651_ab48dfc3,StackCube-v1,mbpo,real_env_steps,380000,390000,alpha_loss,all_update_events_exact_quantiles,4992,0,-5.1945470952811474e-06,-6.957307050470263e-06,0.0008573111670557408,0.001254289320204408,-0.00173969438765198,0.0021065326873213053,0.0021065326873213053,0.00016699524712748826
mbpo_stackcube_20261007T182651_ab48dfc3,StackCube-v1,mbpo,real_env_steps,380000,390000,entropy_estimate,all_update_events_exact_quantiles,4992,0,-4.0010955943606605,-4.001367807388306,-3.8316375851631164,-3.752259736061096,-4.34405517578125,-3.5863609313964844,4.34405517578125,-3.9671311378479004
mbpo_stackcube_20261007T182651_ab48dfc3,StackCube-v1,mbpo,policy_gradient_steps,190000,195000,actor_loss,all_update_events_exact_quantiles,5000,0,-2.383821322250366,-2.384242534637451,-2.3334110379219055,-2.3116492319107054,-2.493638038635254,-2.273813247680664,2.493638038635254,-2.4262609481811523
mbpo_stackcube_20261007T182651_ab48dfc3,StackCube-v1,mbpo,policy_gradient_steps,190000,195000,critic_loss,all_update_events_exact_quantiles,5000,0,0.011768463469482958,0.011374922934919596,0.015461837267503142,0.019103662651032242,0.0077787358313798904,0.028205376118421555,0.028205376118421555,0.009742866270244122
mbpo_stackcube_20261007T182651_ab48dfc3,StackCube-v1,mbpo,policy_gradient_steps,190000,195000,policy_q_min_mean,all_update_events_exact_quantiles,5000,0,2.4041313468933105,2.4044939279556274,2.453994071483612,2.4757031917572023,2.293729782104492,2.5145342350006104,2.5145342350006104,2.4473013877868652
mbpo_stackcube_20261007T182651_ab48dfc3,StackCube-v1,mbpo,policy_gradient_steps,190000,195000,alpha,all_update_events_exact_quantiles,5000,0,0.005077981345076114,0.005075489403679967,0.005124184605665505,0.005132536524906754,0.00501389941200614,0.005143564194440842,0.005143564194440842,0.005037961062043905
mbpo_stackcube_20261007T182651_ab48dfc3,StackCube-v1,mbpo,policy_gradient_steps,190000,195000,alpha_loss,all_update_events_exact_quantiles,5000,0,1.912323612123146e-06,1.0025447409134358e-05,0.0008389415947021918,0.001162650571204723,-0.0020671135280281305,0.0019304673187434673,0.0020671135280281305,-0.0008881064713932574
mbpo_stackcube_20261007T182651_ab48dfc3,StackCube-v1,mbpo,policy_gradient_steps,190000,195000,entropy_estimate,all_update_events_exact_quantiles,5000,0,-3.9996844025611877,-3.9980170726776123,-3.8352651834487914,-3.770884873867035,-4.405088424682617,-3.622239112854004,4.405088424682617,-4.176278114318848
mbpo_stackcube_20261007T182651_ab48dfc3,StackCube-v1,mbpo,real_env_steps,390000,400000,actor_loss,all_update_events_exact_quantiles,5008,0,-2.4029795902605637,-2.4034444093704224,-2.350303590297699,-2.330781717300415,-2.50774884223938,-2.273813247680664,2.50774884223938,-2.418302536010742
mbpo_stackcube_20261007T182651_ab48dfc3,StackCube-v1,mbpo,real_env_steps,390000,400000,critic_loss,all_update_events_exact_quantiles,5008,0,0.011581549073008601,0.011202957481145859,0.015125993406400083,0.018758026398718368,0.0075275348499417305,0.028205376118421555,0.028205376118421555,0.010362965986132622
mbpo_stackcube_20261007T182651_ab48dfc3,StackCube-v1,mbpo,real_env_steps,390000,400000,policy_q_min_mean,all_update_events_exact_quantiles,5008,0,2.423169476441301,2.423656463623047,2.474149000644684,2.495113940238953,2.293729782104492,2.52797794342041,2.52797794342041,2.437944173812866
mbpo_stackcube_20261007T182651_ab48dfc3,StackCube-v1,mbpo,real_env_steps,390000,400000,alpha,all_update_events_exact_quantiles,5008,0,0.005049197156668102,0.00504881190136075,0.00511296670883894,0.005129207479767501,0.004953199066221714,0.005134894046932459,0.005134894046932459,0.0049807061441242695
mbpo_stackcube_20261007T182651_ab48dfc3,StackCube-v1,mbpo,real_env_steps,390000,400000,alpha_loss,all_update_events_exact_quantiles,5008,0,6.978420734607478e-06,1.2110300303902477e-05,0.0008539072121493517,0.0011540845490526422,-0.0020671135280281305,0.0017749395919963717,0.0020671135280281305,0.00028384116012603045
mbpo_stackcube_20261007T182651_ab48dfc3,StackCube-v1,mbpo,real_env_steps,390000,400000,entropy_estimate,all_update_events_exact_quantiles,5008,0,-3.99867726757694,-3.9976065158843994,-3.830873417854309,-3.7717835521697998,-4.405088424682617,-3.648895263671875,4.405088424682617,-3.9430198669433594
mbpo_stackcube_20261007T182651_ab48dfc3,StackCube-v1,mbpo,policy_gradient_steps,195000,200000,actor_loss,all_update_events_exact_quantiles,5000,0,-2.414741249704361,-2.414795756340027,-2.3645530462265016,-2.342856001853943,-2.5273427963256836,-2.308849334716797,2.5273427963256836,-2.479201555252075
mbpo_stackcube_20261007T182651_ab48dfc3,StackCube-v1,mbpo,policy_gradient_steps,195000,200000,critic_loss,all_update_events_exact_quantiles,5000,0,0.011438708029314876,0.011069979052990675,0.014886787161231043,0.01817607339471579,0.0073540061712265015,0.02472320944070816,0.02472320944070816,0.010510655120015144
mbpo_stackcube_20261007T182651_ab48dfc3,StackCube-v1,mbpo,policy_gradient_steps,195000,200000,policy_q_min_mean,all_update_events_exact_quantiles,5000,0,2.434870482826233,2.4348559379577637,2.4846165418624877,2.5058556365966798,2.3280811309814453,2.548015832901001,2.548015832901001,2.500444173812866
mbpo_stackcube_20261007T182651_ab48dfc3,StackCube-v1,mbpo,policy_gradient_steps,195000,200000,alpha,all_update_events_exact_quantiles,5000,0,0.005032151923887431,0.00502769323065877,0.005094561260193586,0.005122689325362444,0.004953199066221714,0.0051406025886535645,0.0051406025886535645,0.00503429863601923
mbpo_stackcube_20261007T182651_ab48dfc3,StackCube-v1,mbpo,policy_gradient_steps,195000,200000,alpha_loss,all_update_events_exact_quantiles,5000,0,-6.231163228221703e-07,-9.253890311811119e-07,0.0008301838533952841,0.0011298567149788153,-0.001719266758300364,0.0017749395919963717,0.0017749395919963717,-0.0011115346569567919
mbpo_stackcube_20261007T182651_ab48dfc3,StackCube-v1,mbpo,policy_gradient_steps,195000,200000,entropy_estimate,all_update_events_exact_quantiles,5000,0,-4.0001908562660216,-4.000184535980225,-3.835447359085083,-3.774719905853271,-4.345180511474609,-3.648895263671875,4.345180511474609,-4.220860958099365
mbpo_stackcube_20261007T182651_ab48dfc3,StackCube-v1,mbpo,real_env_steps,400000,410000,actor_loss,all_update_events_exact_quantiles,4992,0,-2.429464333284742,-2.428766369819641,-2.378825533390045,-2.3596605396270753,-2.5330963134765625,-2.328677177429199,2.5330963134765625,-2.4671413898468018
mbpo_stackcube_20261007T182651_ab48dfc3,StackCube-v1,mbpo,real_env_steps,400000,410000,critic_loss,all_update_events_exact_quantiles,4992,0,0.011309490483724333,0.01096539432182908,0.014496167888864875,0.017747746948152784,0.0073540061712265015,0.023260150104761124,0.023260150104761124,0.018818294629454613
mbpo_stackcube_20261007T182651_ab48dfc3,StackCube-v1,mbpo,real_env_steps,400000,410000,policy_q_min_mean,all_update_events_exact_quantiles,4992,0,2.44970775476824,2.448969006538391,2.5008109331130983,2.520710783004761,2.3487443923950195,2.553945541381836,2.553945541381836,2.487898826599121
mbpo_stackcube_20261007T182651_ab48dfc3,StackCube-v1,mbpo,real_env_steps,400000,410000,alpha,all_update_events_exact_quantiles,4992,0,0.005058213876999127,0.005063919583335519,0.005117015354335308,0.005131917954422534,0.0049707479774951935,0.0051406025886535645,0.0051406025886535645,0.005124244373291731
mbpo_stackcube_20261007T182651_ab48dfc3,StackCube-v1,mbpo,real_env_steps,400000,410000,alpha_loss,all_update_events_exact_quantiles,4992,0,-1.0681581729024914e-05,-4.941153747495264e-06,0.0008234243432525544,0.0011296969407703734,-0.0019324361346662045,0.0017993805231526494,0.0019324361346662045,-0.0002644609776325524
mbpo_stackcube_20261007T182651_ab48dfc3,StackCube-v1,mbpo,real_env_steps,400000,410000,entropy_estimate,all_update_events_exact_quantiles,4992,0,-4.00217824596434,-4.000975847244263,-3.8375261425971985,-3.776499056816101,-4.383209228515625,-3.64589786529541,4.383209228515625,-4.0516204833984375
mbpo_stackcube_20261007T182651_ab48dfc3,StackCube-v1,mbpo,policy_gradient_steps,200000,205000,actor_loss,all_update_events_exact_quantiles,5000,0,-2.439301978826523,-2.4391772747039795,-2.389993906021118,-2.368227620124817,-2.547046422958374,-2.328677177429199,2.547046422958374,-2.4043986797332764
mbpo_stackcube_20261007T182651_ab48dfc3,StackCube-v1,mbpo,policy_gradient_steps,200000,205000,critic_loss,all_update_events_exact_quantiles,5000,0,0.011262483443133534,0.010930299758911133,0.014501867070794108,0.017359403446316726,0.007875332608819008,0.02418198436498642,0.02418198436498642,0.011406383477151394
mbpo_stackcube_20261007T182651_ab48dfc3,StackCube-v1,mbpo,policy_gradient_steps,200000,205000,policy_q_min_mean,all_update_events_exact_quantiles,5000,0,2.459614194440842,2.4594630002975464,2.5104117512702944,2.531189651489258,2.3487443923950195,2.5676097869873047,2.5676097869873047,2.423401117324829
mbpo_stackcube_20261007T182651_ab48dfc3,StackCube-v1,mbpo,policy_gradient_steps,200000,205000,alpha,all_update_events_exact_quantiles,5000,0,0.00507839058144018,0.005080231465399265,0.005123731214553118,0.0051362656382843855,0.005007329396903515,0.005147428717464209,0.005147428717464209,0.0050290971994400024
mbpo_stackcube_20261007T182651_ab48dfc3,StackCube-v1,mbpo,policy_gradient_steps,200000,205000,alpha_loss,all_update_events_exact_quantiles,5000,0,1.3486711988662136e-06,1.3351407687878236e-05,0.0008225370052969083,0.0011204119294416178,-0.0019324361346662045,0.0017993805231526494,0.0019324361346662045,0.0011151994112879038
mbpo_stackcube_20261007T182651_ab48dfc3,StackCube-v1,mbpo,policy_gradient_steps,200000,205000,entropy_estimate,all_update_events_exact_quantiles,5000,0,-3.9997902755737305,-3.9973639249801636,-3.837924528121948,-3.778261022567749,-4.383209228515625,-3.64589786529541,4.383209228515625,-3.778264284133911
mbpo_stackcube_20261007T182651_ab48dfc3,StackCube-v1,mbpo,real_env_steps,410000,420000,actor_loss,all_update_events_exact_quantiles,5008,0,-2.452820571752402,-2.4527941942214966,-2.404235005378723,-2.3849163484573364,-2.5663208961486816,-2.3259992599487305,2.5663208961486816,-2.50417160987854
mbpo_stackcube_20261007T182651_ab48dfc3,StackCube-v1,mbpo,real_env_steps,410000,420000,critic_loss,all_update_events_exact_quantiles,5008,0,0.011194544494153557,0.01086833793669939,0.014505503373220563,0.017038008384406566,0.007875332608819008,0.02418198436498642,0.02418198436498642,0.012668341398239136
mbpo_stackcube_20261007T182651_ab48dfc3,StackCube-v1,mbpo,real_env_steps,410000,420000,policy_q_min_mean,all_update_events_exact_quantiles,5008,0,2.4731636811940434,2.473219156265259,2.5243114471435546,2.545046293735504,2.3455827236175537,2.5870931148529053,2.5870931148529053,2.5240235328674316
mbpo_stackcube_20261007T182651_ab48dfc3,StackCube-v1,mbpo,real_env_steps,410000,420000,alpha,all_update_events_exact_quantiles,5008,0,0.005087237379449708,0.005088859004899859,0.005139415711164474,0.005173578476533294,0.004996653646230698,0.0051912348717451096,0.0051912348717451096,0.005047319456934929
mbpo_stackcube_20261007T182651_ab48dfc3,StackCube-v1,mbpo,real_env_steps,410000,420000,alpha_loss,all_update_events_exact_quantiles,5008,0,5.900454336512257e-06,9.717368811834604e-06,0.0008243654738180338,0.0011484067619312555,-0.0017351142596453428,0.0017040069214999676,0.0017351142596453428,0.0003398478147573769
mbpo_stackcube_20261007T182651_ab48dfc3,StackCube-v1,mbpo,real_env_steps,410000,420000,entropy_estimate,all_update_events_exact_quantiles,5008,0,-3.9989002130854243,-3.9980878829956055,-3.8375707387924196,-3.7747154307365416,-4.347179889678955,-3.663259744644165,4.347179889678955,-3.932675838470459
mbpo_stackcube_20261007T182651_ab48dfc3,StackCube-v1,mbpo,policy_gradient_steps,205000,210000,actor_loss,all_update_events_exact_quantiles,5000,0,-2.4609521220207213,-2.460483431816101,-2.411179304122925,-2.3898423647880556,-2.5830671787261963,-2.3259992599487305,2.5830671787261963,-2.5124406814575195
mbpo_stackcube_20261007T182651_ab48dfc3,StackCube-v1,mbpo,policy_gradient_steps,205000,210000,critic_loss,all_update_events_exact_quantiles,5000,0,0.011157744054868817,0.010857303161174059,0.014331495901569725,0.01670807948336006,0.007749119307845831,0.02200000360608101,0.02200000360608101,0.009713072329759598
mbpo_stackcube_20261007T182651_ab48dfc3,StackCube-v1,mbpo,policy_gradient_steps,205000,210000,policy_q_min_mean,all_update_events_exact_quantiles,5000,0,2.4813249331474303,2.4807724952697754,2.5327764749526978,2.5536280703544616,2.3455827236175537,2.603708028793335,2.603708028793335,2.5338034629821777
mbpo_stackcube_20261007T182651_ab48dfc3,StackCube-v1,mbpo,policy_gradient_steps,205000,210000,alpha,all_update_events_exact_quantiles,5000,0,0.005091368827503174,0.005093074636533856,0.005140730226412415,0.005173608982004225,0.004996653646230698,0.0051912348717451096,0.0051912348717451096,0.005129864905029535
mbpo_stackcube_20261007T182651_ab48dfc3,StackCube-v1,mbpo,policy_gradient_steps,205000,210000,alpha_loss,all_update_events_exact_quantiles,5000,0,-7.4181669486279135e-06,-1.5873498341534287e-05,0.0008260048285592348,0.001151442816480995,-0.0017351142596453428,0.0017040069214999676,0.0017351142596453428,-0.0008456545183435082
mbpo_stackcube_20261007T182651_ab48dfc3,StackCube-v1,mbpo,policy_gradient_steps,205000,210000,entropy_estimate,all_update_events_exact_quantiles,5000,0,-4.001520473527909,-4.003087997436523,-3.837620401382446,-3.773371660709381,-4.347179889678955,-3.663259744644165,4.347179889678955,-4.164866924285889
mbpo_stackcube_20261007T182651_ab48dfc3,StackCube-v1,mbpo,real_env_steps,420000,430000,actor_loss,all_update_events_exact_quantiles,4992,0,-2.474448497239978,-2.474255084991455,-2.4236740350723265,-2.4008718490600587,-2.5830671787261963,-2.361746072769165,2.5830671787261963,-2.4979443550109863
mbpo_stackcube_20261007T182651_ab48dfc3,StackCube-v1,mbpo,real_env_steps,420000,430000,critic_loss,all_update_events_exact_quantiles,4992,0,0.011124625575179473,0.010828612372279167,0.014198184944689274,0.016502586305141453,0.007749119307845831,0.02750151976943016,0.02750151976943016,0.009613004513084888
mbpo_stackcube_20261007T182651_ab48dfc3,StackCube-v1,mbpo,real_env_steps,420000,430000,policy_q_min_mean,all_update_events_exact_quantiles,4992,0,2.4948820589253535,2.494683623313904,2.54660484790802,2.568304262161255,2.381983995437622,2.603708028793335,2.603708028793335,2.5190131664276123
mbpo_stackcube_20261007T182651_ab48dfc3,StackCube-v1,mbpo,real_env_steps,420000,430000,alpha,all_update_events_exact_quantiles,4992,0,0.005105694525506503,0.00510033150203526,0.005185561394318939,0.005205597984604538,0.005019851494580507,0.005216361489146948,0.005216361489146948,0.005208243615925312
mbpo_stackcube_20261007T182651_ab48dfc3,StackCube-v1,mbpo,real_env_steps,420000,430000,alpha_loss,all_update_events_exact_quantiles,4992,0,-1.0913831539337247e-05,-2.7526446501724422e-05,0.0008260560367489232,0.0011553738347720366,-0.0017533148638904095,0.0017102858982980251,0.0017533148638904095,-0.00023446006525773555
mbpo_stackcube_20261007T182651_ab48dfc3,StackCube-v1,mbpo,real_env_steps,420000,430000,entropy_estimate,all_update_events_exact_quantiles,4992,0,-4.002190145974358,-4.005408048629761,-3.838174068927765,-3.7731189131736755,-4.342400550842285,-3.661219596862793,4.342400550842285,-4.045013904571533
mbpo_stackcube_20261007T182651_ab48dfc3,StackCube-v1,mbpo,policy_gradient_steps,210000,215000,actor_loss,all_update_events_exact_quantiles,5000,0,-2.4819112203121185,-2.4820029735565186,-2.432222843170166,-2.4104532313346865,-2.5831456184387207,-2.3734288215637207,2.5831456184387207,-2.5288944244384766
mbpo_stackcube_20261007T182651_ab48dfc3,StackCube-v1,mbpo,policy_gradient_steps,210000,215000,critic_loss,all_update_events_exact_quantiles,5000,0,0.011145973126031458,0.010846438352018595,0.014269066555425525,0.01656600147485733,0.0070198276080191135,0.02750151976943016,0.02750151976943016,0.010755734518170357
mbpo_stackcube_20261007T182651_ab48dfc3,StackCube-v1,mbpo,policy_gradient_steps,210000,215000,policy_q_min_mean,all_update_events_exact_quantiles,5000,0,2.5024720783233643,2.5025776624679565,2.5522869348526003,2.5736183881759644,2.393850564956665,2.603165626525879,2.603165626525879,2.5493757724761963
mbpo_stackcube_20261007T182651_ab48dfc3,StackCube-v1,mbpo,policy_gradient_steps,210000,215000,alpha,all_update_events_exact_quantiles,5000,0,0.005139156817272305,0.005140819353982806,0.005222598416730761,0.005236303661949933,0.005019851494580507,0.005245687440037727,0.005245687440037727,0.005197437014430761
mbpo_stackcube_20261007T182651_ab48dfc3,StackCube-v1,mbpo,policy_gradient_steps,210000,215000,alpha_loss,all_update_events_exact_quantiles,5000,0,-4.282734065418481e-06,-1.1444899428170174e-05,0.0008611600147560243,0.0011907958413939926,-0.0017533148638904095,0.001777496188879013,0.001777496188879013,0.00030783345573581755
mbpo_stackcube_20261007T182651_ab48dfc3,StackCube-v1,mbpo,policy_gradient_steps,210000,215000,entropy_estimate,all_update_events_exact_quantiles,5000,0,-4.0008926903247835,-4.002236843109131,-3.83359375,-3.7685547208786008,-4.342400550842285,-3.6595568656921387,4.342400550842285,-3.940770387649536
mbpo_stackcube_20261007T182651_ab48dfc3,StackCube-v1,mbpo,real_env_steps,430000,440000,actor_loss,all_update_events_exact_quantiles,5008,0,-2.492984981201708,-2.4929925203323364,-2.441980481147766,-2.4204488730430604,-2.619925022125244,-2.3734288215637207,2.619925022125244,-2.4780478477478027
mbpo_stackcube_20261007T182651_ab48dfc3,StackCube-v1,mbpo,real_env_steps,430000,440000,critic_loss,all_update_events_exact_quantiles,5008,0,0.011111847370935115,0.010799615178257227,0.01413533198647201,0.01746744208037854,0.0070198276080191135,0.027298249304294586,0.027298249304294586,0.01168050803244114
mbpo_stackcube_20261007T182651_ab48dfc3,StackCube-v1,mbpo,real_env_steps,430000,440000,policy_q_min_mean,all_update_events_exact_quantiles,5008,0,2.513695549707824,2.5137070417404175,2.564574885368347,2.583911054134369,2.393850564956665,2.641017198562622,2.641017198562622,2.499255418777466
mbpo_stackcube_20261007T182651_ab48dfc3,StackCube-v1,mbpo,real_env_steps,430000,440000,alpha,all_update_events_exact_quantiles,5008,0,0.005177833245618614,0.0051752564031630754,0.0052295209839940075,0.005240115881897509,0.005106338299810886,0.005246930755674839,0.005246930755674839,0.005188935901969671
mbpo_stackcube_20261007T182651_ab48dfc3,StackCube-v1,mbpo,real_env_steps,430000,440000,alpha_loss,all_update_events_exact_quantiles,5008,0,7.788615674510361e-07,5.228626832831651e-06,0.0008664833469083529,0.0012361264636274439,-0.001794768963009119,0.0019950461573898792,0.0019950461573898792,-0.000454529479611665
mbpo_stackcube_20261007T182651_ab48dfc3,StackCube-v1,mbpo,real_env_steps,430000,440000,entropy_estimate,all_update_events_exact_quantiles,5008,0,-3.9999146317712033,-3.998991847038269,-3.8328949928283693,-3.762023243904114,-4.34799861907959,-3.6132683753967285,4.34799861907959,-4.087607383728027
mbpo_stackcube_20261007T182651_ab48dfc3,StackCube-v1,mbpo,policy_gradient_steps,215000,220000,actor_loss,all_update_events_exact_quantiles,5000,0,-2.5018984421253205,-2.501646041870117,-2.4504526615142823,-2.428185760974884,-2.619925022125244,-2.381889820098877,2.619925022125244,-2.471369504928589
mbpo_stackcube_20261007T182651_ab48dfc3,StackCube-v1,mbpo,policy_gradient_steps,215000,220000,critic_loss,all_update_events_exact_quantiles,5000,0,0.011010413034725934,0.010684906505048275,0.014043406629934908,0.01735100384801626,0.0075839306227862835,0.027298249304294586,0.027298249304294586,0.010190403088927269
mbpo_stackcube_20261007T182651_ab48dfc3,StackCube-v1,mbpo,policy_gradient_steps,215000,220000,policy_q_min_mean,all_update_events_exact_quantiles,5000,0,2.5226344856262206,2.52248215675354,2.573693263530731,2.5949406170845033,2.4024529457092285,2.641017198562622,2.641017198562622,2.492422103881836
mbpo_stackcube_20261007T182651_ab48dfc3,StackCube-v1,mbpo,policy_gradient_steps,215000,220000,alpha,all_update_events_exact_quantiles,5000,0,0.005183962520956993,0.005185104673728347,0.005228896788321435,0.005237940149381757,0.005106338299810886,0.005246930755674839,0.005246930755674839,0.005201589781790972
mbpo_stackcube_20261007T182651_ab48dfc3,StackCube-v1,mbpo,policy_gradient_steps,215000,220000,alpha_loss,all_update_events_exact_quantiles,5000,0,-1.9837392974295653e-07,8.962735591921955e-06,0.0008331367163918913,0.0011797631147783298,-0.001794768963009119,0.0019950461573898792,0.0019950461573898792,-0.00024763657711446285
mbpo_stackcube_20261007T182651_ab48dfc3,StackCube-v1,mbpo,policy_gradient_steps,215000,220000,entropy_estimate,all_update_events_exact_quantiles,5000,0,-4.000096470212936,-3.9982588291168213,-3.8391637802124023,-3.7718153905868523,-4.34799861907959,-3.6132683753967285,4.34799861907959,-4.047611236572266
mbpo_stackcube_20261007T182651_ab48dfc3,StackCube-v1,mbpo,real_env_steps,440000,450000,actor_loss,all_update_events_exact_quantiles,4992,0,-2.5156898624621906,-2.5159950256347656,-2.4636163115501404,-2.441767590045929,-2.6332030296325684,-2.381889820098877,2.6332030296325684,-2.49131178855896
mbpo_stackcube_20261007T182651_ab48dfc3,StackCube-v1,mbpo,real_env_steps,440000,450000,critic_loss,all_update_events_exact_quantiles,4992,0,0.010860963759720713,0.010584053117781878,0.013850933406502008,0.01639455815777184,0.007619570475071669,0.024772170931100845,0.024772170931100845,0.010007721371948719
mbpo_stackcube_20261007T182651_ab48dfc3,StackCube-v1,mbpo,real_env_steps,440000,450000,policy_q_min_mean,all_update_events_exact_quantiles,4992,0,2.536446655073609,2.5366350412368774,2.587785232067108,2.607085566520691,2.4024529457092285,2.6553001403808594,2.6553001403808594,2.5121278762817383
mbpo_stackcube_20261007T182651_ab48dfc3,StackCube-v1,mbpo,real_env_steps,440000,450000,alpha,all_update_events_exact_quantiles,4992,0,0.0051897554055754785,0.005196064244955778,0.005232216534204781,0.005249958881177008,0.005107752978801727,0.00525495782494545,0.00525495782494545,0.005160672590136528
mbpo_stackcube_20261007T182651_ab48dfc3,StackCube-v1,mbpo,real_env_steps,440000,450000,alpha_loss,all_update_events_exact_quantiles,4992,0,2.2531103393948097e-06,1.6175279597518966e-05,0.00080277525994461,0.001109458291903139,-0.0018325294367969036,0.001540841069072485,0.0018325294367969036,-0.00017362461949232966
mbpo_stackcube_20261007T182651_ab48dfc3,StackCube-v1,mbpo,real_env_steps,440000,450000,entropy_estimate,all_update_events_exact_quantiles,4992,0,-3.9996262457794867,-3.9968687295913696,-3.845616149902344,-3.786338813304901,-4.355541229248047,-3.7044453620910645,4.355541229248047,-4.033644676208496
mbpo_stackcube_20261007T182651_ab48dfc3,StackCube-v1,mbpo,policy_gradient_steps,220000,225000,actor_loss,all_update_events_exact_quantiles,5000,0,-2.5252515749931335,-2.525343894958496,-2.4730789422988892,-2.4524059462547303,-2.6380937099456787,-2.419142961502075,2.6380937099456787,-2.528703212738037
mbpo_stackcube_20261007T182651_ab48dfc3,StackCube-v1,mbpo,policy_gradient_steps,220000,225000,critic_loss,all_update_events_exact_quantiles,5000,0,0.010715156121645123,0.01044619781896472,0.013564426917582754,0.015938277542591098,0.0071746958419680595,0.02421003207564354,0.02421003207564354,0.009817026555538177
mbpo_stackcube_20261007T182651_ab48dfc3,StackCube-v1,mbpo,policy_gradient_steps,220000,225000,policy_q_min_mean,all_update_events_exact_quantiles,5000,0,2.5459941182613375,2.5461699962615967,2.5987459659576415,2.617428550720215,2.4394450187683105,2.6594629287719727,2.6594629287719727,2.5497231483459473
mbpo_stackcube_20261007T182651_ab48dfc3,StackCube-v1,mbpo,policy_gradient_steps,220000,225000,alpha,all_update_events_exact_quantiles,5000,0,0.0051861006108112635,0.005190019495785236,0.005239385506138205,0.005263176541775465,0.005107752978801727,0.00526765501126647,0.00526765501126647,0.005164599511772394
mbpo_stackcube_20261007T182651_ab48dfc3,StackCube-v1,mbpo,policy_gradient_steps,220000,225000,alpha_loss,all_update_events_exact_quantiles,5000,0,1.8888282524130772e-06,1.6572517779422924e-05,0.0008212097774958238,0.0011493358993902817,-0.0018325294367969036,0.0017217894783243537,0.0018325294367969036,-0.0003664152172859758
mbpo_stackcube_20261007T182651_ab48dfc3,StackCube-v1,mbpo,policy_gradient_steps,220000,225000,entropy_estimate,all_update_events_exact_quantiles,5000,0,-3.99969941444397,-3.996797800064087,-3.841622996330261,-3.778321928977966,-4.355541229248047,-3.6695470809936523,4.355541229248047,-4.070962905883789
mbpo_stackcube_20261007T182651_ab48dfc3,StackCube-v1,mbpo,real_env_steps,450000,460000,actor_loss,all_update_events_exact_quantiles,5008,0,-2.536541447376672,-2.5368950366973877,-2.484718132019043,-2.4626950740814206,-2.657515287399292,-2.4343183040618896,2.657515287399292,-2.53238582611084
mbpo_stackcube_20261007T182651_ab48dfc3,StackCube-v1,mbpo,real_env_steps,450000,460000,critic_loss,all_update_events_exact_quantiles,5008,0,0.010654541639928756,0.010369563475251198,0.013586288457736372,0.0159030468761921,0.0071746958419680595,0.02421003207564354,0.02421003207564354,0.009764175862073898
mbpo_stackcube_20261007T182651_ab48dfc3,StackCube-v1,mbpo,real_env_steps,450000,460000,policy_q_min_mean,all_update_events_exact_quantiles,5008,0,2.5572939396571046,2.5577447414398193,2.6070138812065125,2.626569576263428,2.4558944702148438,2.677929401397705,2.677929401397705,2.5530314445495605
mbpo_stackcube_20261007T182651_ab48dfc3,StackCube-v1,mbpo,real_env_steps,450000,460000,alpha,all_update_events_exact_quantiles,5008,0,0.0051866892409829285,0.005182336084544659,0.005248809396289289,0.005280950884334743,0.005109142046421766,0.005299231968820095,0.005299231968820095,0.005260631442070007
mbpo_stackcube_20261007T182651_ab48dfc3,StackCube-v1,mbpo,real_env_steps,450000,460000,alpha_loss,all_update_events_exact_quantiles,5008,0,-5.814089964738864e-06,-1.0568692232482135e-06,0.000850279309088364,0.0011761281709186738,-0.0018332110485062003,0.0018616586457937956,0.0018616586457937956,0.00040365889435634017
mbpo_stackcube_20261007T182651_ab48dfc3,StackCube-v1,mbpo,real_env_steps,450000,460000,entropy_estimate,all_update_events_exact_quantiles,5008,0,-4.001180398911714,-4.000204563140869,-3.8365944385528565,-3.773802762031555,-4.357975959777832,-3.640984535217285,4.357975959777832,-3.923292636871338
mbpo_stackcube_20261007T182651_ab48dfc3,StackCube-v1,mbpo,policy_gradient_steps,225000,230000,actor_loss,all_update_events_exact_quantiles,5000,0,-2.5433345941066743,-2.5433123111724854,-2.492588448524475,-2.4712799525260927,-2.661250352859497,-2.4343183040618896,2.661250352859497,-2.5277493000030518
mbpo_stackcube_20261007T182651_ab48dfc3,StackCube-v1,mbpo,policy_gradient_steps,225000,230000,critic_loss,all_update_events_exact_quantiles,5000,0,0.010668863901868463,0.010394581127911806,0.013582404609769583,0.01590729296207429,0.007521064952015877,0.024007311090826988,0.024007311090826988,0.009829139336943626
mbpo_stackcube_20261007T182651_ab48dfc3,StackCube-v1,mbpo,policy_gradient_steps,225000,230000,policy_q_min_mean,all_update_events_exact_quantiles,5000,0,2.5641261266231536,2.564128041267395,2.6145070075988768,2.6341989302635196,2.4558944702148438,2.6819238662719727,2.6819238662719727,2.548548460006714
mbpo_stackcube_20261007T182651_ab48dfc3,StackCube-v1,mbpo,policy_gradient_steps,225000,230000,alpha,all_update_events_exact_quantiles,5000,0,0.005197720492444932,0.005194071214646101,0.005264774127863347,0.005283897342160344,0.005109142046421766,0.005299231968820095,0.005299231968820095,0.005168696399778128
mbpo_stackcube_20261007T182651_ab48dfc3,StackCube-v1,mbpo,policy_gradient_steps,225000,230000,alpha_loss,all_update_events_exact_quantiles,5000,0,-6.52400041508372e-07,-3.288507286924869e-06,0.0008494296402204783,0.001159932726295668,-0.0018332110485062003,0.0018616586457937956,0.0018616586457937956,-0.0001288584026042372
mbpo_stackcube_20261007T182651_ab48dfc3,StackCube-v1,mbpo,policy_gradient_steps,225000,230000,entropy_estimate,all_update_events_exact_quantiles,5000,0,-4.0001870257377625,-4.000635385513306,-3.8365304231643678,-3.7761266803741456,-4.357975959777832,-3.640984535217285,4.357975959777832,-4.024935722351074
mbpo_stackcube_20261007T182651_ab48dfc3,StackCube-v1,mbpo,real_env_steps,460000,470000,actor_loss,all_update_events_exact_quantiles,4992,0,-2.5551581036012907,-2.5551469326019287,-2.504751682281494,-2.4821221804618836,-2.662882089614868,-2.4271461963653564,2.662882089614868,-2.58683705329895
mbpo_stackcube_20261007T182651_ab48dfc3,StackCube-v1,mbpo,real_env_steps,460000,470000,critic_loss,all_update_events_exact_quantiles,4992,0,0.010572014527264027,0.010289707221090794,0.013404264859855176,0.01578595655038953,0.007000430021435022,0.02672402933239937,0.02672402933239937,0.012177775613963604
mbpo_stackcube_20261007T182651_ab48dfc3,StackCube-v1,mbpo,real_env_steps,460000,470000,policy_q_min_mean,all_update_events_exact_quantiles,4992,0,2.5759922555910473,2.575946569442749,2.6265596628189085,2.648651571273804,2.4478659629821777,2.684030532836914,2.684030532836914,2.607626438140869
mbpo_stackcube_20261007T182651_ab48dfc3,StackCube-v1,mbpo,real_env_steps,460000,470000,alpha,all_update_events_exact_quantiles,4992,0,0.005209743415504748,0.005206932546570897,0.00526589285582304,0.005278428946621716,0.005132387392222881,0.005284372251480818,0.005284372251480818,0.005172643810510635
mbpo_stackcube_20261007T182651_ab48dfc3,StackCube-v1,mbpo,real_env_steps,460000,470000,alpha_loss,all_update_events_exact_quantiles,4992,0,4.891396943735461e-06,8.806953701423481e-06,0.0008270497084595261,0.0011490352370310578,-0.0022069010883569717,0.001702302834019065,0.0022069010883569717,-9.742887050379068e-05
mbpo_stackcube_20261007T182651_ab48dfc3,StackCube-v1,mbpo,real_env_steps,460000,470000,entropy_estimate,all_update_events_exact_quantiles,4992,0,-3.999116278468416,-3.9983078241348267,-3.841291618347168,-3.7786018872261047,-4.421306610107422,-3.6738266944885254,4.421306610107422,-4.018834114074707
mbpo_stackcube_20261007T182651_ab48dfc3,StackCube-v1,mbpo,policy_gradient_steps,230000,235000,actor_loss,all_update_events_exact_quantiles,5000,0,-2.5632273710727693,-2.5626046657562256,-2.511666464805603,-2.4919681096076967,-2.6747283935546875,-2.4271461963653564,2.6747283935546875,-2.6320300102233887
mbpo_stackcube_20261007T182651_ab48dfc3,StackCube-v1,mbpo,policy_gradient_steps,230000,235000,critic_loss,all_update_events_exact_quantiles,5000,0,0.010564440624602139,0.010281566996127367,0.013442869996652007,0.015851057358086118,0.007000430021435022,0.02672402933239937,0.02672402933239937,0.009850962087512016
mbpo_stackcube_20261007T182651_ab48dfc3,StackCube-v1,mbpo,policy_gradient_steps,230000,235000,policy_q_min_mean,all_update_events_exact_quantiles,5000,0,2.584065967273712,2.583407759666443,2.634489858150482,2.654654242992401,2.4478659629821777,2.6957788467407227,2.6957788467407227,2.652675151824951
mbpo_stackcube_20261007T182651_ab48dfc3,StackCube-v1,mbpo,policy_gradient_steps,230000,235000,alpha,all_update_events_exact_quantiles,5000,0,0.0052094616114161905,0.005206063622608781,0.005253654811531306,0.00527199290227145,0.005132387392222881,0.005279453471302986,0.005279453471302986,0.005190049298107624
mbpo_stackcube_20261007T182651_ab48dfc3,StackCube-v1,mbpo,policy_gradient_steps,230000,235000,alpha_loss,all_update_events_exact_quantiles,5000,0,-7.690847691264935e-07,-4.446941602509469e-06,0.0008385032444493848,0.0011804022605065262,-0.0022069010883569717,0.001702302834019065,0.0022069010883569717,0.00011351796274539083
mbpo_stackcube_20261007T182651_ab48dfc3,StackCube-v1,mbpo,policy_gradient_steps,230000,235000,entropy_estimate,all_update_events_exact_quantiles,5000,0,-4.000208418989182,-4.000854253768921,-3.8388969421386716,-3.77284325838089,-4.421306610107422,-3.6738266944885254,4.421306610107422,-3.978126049041748
mbpo_stackcube_20261007T182651_ab48dfc3,StackCube-v1,mbpo,real_env_steps,470000,480000,actor_loss,all_update_events_exact_quantiles,5008,0,-2.5748187669169025,-2.575635313987732,-2.523817753791809,-2.503019080162048,-2.6916494369506836,-2.466702461242676,2.6916494369506836,-2.620575189590454
mbpo_stackcube_20261007T182651_ab48dfc3,StackCube-v1,mbpo,real_env_steps,470000,480000,critic_loss,all_update_events_exact_quantiles,5008,0,0.010542634781319856,0.010275284294039011,0.013387589808553457,0.01579470816999676,0.007366112899035215,0.023497624322772026,0.023497624322772026,0.013079815544188023
mbpo_stackcube_20261007T182651_ab48dfc3,StackCube-v1,mbpo,real_env_steps,470000,480000,policy_q_min_mean,all_update_events_exact_quantiles,5008,0,2.5956578507495762,2.5965083837509155,2.646286392211914,2.6677090311050415,2.4875197410583496,2.7123003005981445,2.7123003005981445,2.640678882598877
mbpo_stackcube_20261007T182651_ab48dfc3,StackCube-v1,mbpo,real_env_steps,470000,480000,alpha,all_update_events_exact_quantiles,5008,0,0.005210192159960826,0.005209882976487279,0.005247375858016312,0.00525610463693738,0.005152001045644283,0.005261484067887068,0.005261484067887068,0.005152001045644283
mbpo_stackcube_20261007T182651_ab48dfc3,StackCube-v1,mbpo,real_env_steps,470000,480000,alpha_loss,all_update_events_exact_quantiles,5008,0,1.6990476751017265e-06,-2.7282858354737982e-06,0.0008702381775947287,0.0012248209374956793,-0.002000866923481226,0.0017445730045437813,0.002000866923481226,0.0005060188705101609
mbpo_stackcube_20261007T182651_ab48dfc3,StackCube-v1,mbpo,real_env_steps,470000,480000,entropy_estimate,all_update_events_exact_quantiles,5008,0,-3.9997318166608626,-4.000523567199707,-3.83319776058197,-3.7660961604118346,-4.384603977203369,-3.665482997894287,4.384603977203369,-3.901790142059326
mbpo_stackcube_20261007T182651_ab48dfc3,StackCube-v1,mbpo,policy_gradient_steps,235000,240000,actor_loss,all_update_events_exact_quantiles,5000,0,-2.5811522491455077,-2.5812333822250366,-2.529156744480133,-2.507824568748474,-2.700208902359009,-2.4663708209991455,2.700208902359009,-2.5368247032165527
mbpo_stackcube_20261007T182651_ab48dfc3,StackCube-v1,mbpo,policy_gradient_steps,235000,240000,critic_loss,all_update_events_exact_quantiles,5000,0,0.010451070300582796,0.010197512805461884,0.013118695281445983,0.015380545938387521,0.007448174059391022,0.02122598886489868,0.02122598886489868,0.01112972479313612
mbpo_stackcube_20261007T182651_ab48dfc3,StackCube-v1,mbpo,policy_gradient_steps,235000,240000,policy_q_min_mean,all_update_events_exact_quantiles,5000,0,2.601971132183075,2.6021238565444946,2.653009366989136,2.6741236996650697,2.4873571395874023,2.7214109897613525,2.7214109897613525,2.557446002960205
mbpo_stackcube_20261007T182651_ab48dfc3,StackCube-v1,mbpo,policy_gradient_steps,235000,240000,alpha,all_update_events_exact_quantiles,5000,0,0.005204208749346435,0.005207151174545288,0.0052421430591493845,0.005250645019114018,0.005141671281307936,0.0052586751990020275,0.0052586751990020275,0.005228331778198481
mbpo_stackcube_20261007T182651_ab48dfc3,StackCube-v1,mbpo,policy_gradient_steps,235000,240000,alpha_loss,all_update_events_exact_quantiles,5000,0,-2.0782088082341945e-06,-8.14873055787757e-06,0.000841656542615965,0.0011881860613357277,-0.002000866923481226,0.0017445730045437813,0.002000866923481226,0.00029311643447726965
mbpo_stackcube_20261007T182651_ab48dfc3,StackCube-v1,mbpo,policy_gradient_steps,235000,240000,entropy_estimate,all_update_events_exact_quantiles,5000,0,-4.000458971071243,-4.001569747924805,-3.8378488659858703,-3.772817778587341,-4.384603977203369,-3.665482997894287,4.384603977203369,-3.943939685821533
mbpo_stackcube_20261007T182651_ab48dfc3,StackCube-v1,mbpo,real_env_steps,480000,490000,actor_loss,all_update_events_exact_quantiles,4992,0,-2.5905755872432237,-2.590235471725464,-2.5389001846313475,-2.5153087377548218,-2.7048566341400146,-2.4663708209991455,2.7048566341400146,-2.6201422214508057
mbpo_stackcube_20261007T182651_ab48dfc3,StackCube-v1,mbpo,real_env_steps,480000,490000,critic_loss,all_update_events_exact_quantiles,4992,0,0.01031644774010578,0.010084583424031734,0.012911808444187043,0.014735303195193417,0.0071733975782990456,0.019690072163939476,0.019690072163939476,0.009277395904064178
mbpo_stackcube_20261007T182651_ab48dfc3,StackCube-v1,mbpo,real_env_steps,480000,490000,policy_q_min_mean,all_update_events_exact_quantiles,4992,0,2.611492111467016,2.6111910343170166,2.6625218987464905,2.6852865862846373,2.4873571395874023,2.7253293991088867,2.7253293991088867,2.6416373252868652
mbpo_stackcube_20261007T182651_ab48dfc3,StackCube-v1,mbpo,real_env_steps,480000,490000,alpha,all_update_events_exact_quantiles,4992,0,0.005226591174645224,0.005223591811954975,0.005303244176320732,0.005332036800682545,0.005141671281307936,0.005337774753570557,0.005337774753570557,0.005301835481077433
mbpo_stackcube_20261007T182651_ab48dfc3,StackCube-v1,mbpo,real_env_steps,480000,490000,alpha_loss,all_update_events_exact_quantiles,4992,0,-1.0279957992090716e-05,-7.257345714606345e-06,0.0008167141058947891,0.0011708577163517492,-0.0019567154813557863,0.001755485194735229,0.0019567154813557863,-0.0002871331525966525
mbpo_stackcube_20261007T182651_ab48dfc3,StackCube-v1,mbpo,real_env_steps,480000,490000,entropy_estimate,all_update_events_exact_quantiles,4992,0,-4.002034205991106,-4.001392364501953,-3.8435039639472963,-3.775469172000885,-4.373286724090576,-3.6661829948425293,4.373286724090576,-4.0541558265686035
mbpo_stackcube_20261007T182651_ab48dfc3,StackCube-v1,mbpo,policy_gradient_steps,240000,245000,actor_loss,all_update_events_exact_quantiles,5000,0,-2.598130509519577,-2.5984199047088623,-2.54562109708786,-2.523292531967163,-2.712460994720459,-2.477921485900879,2.712460994720459,-2.6355929374694824
mbpo_stackcube_20261007T182651_ab48dfc3,StackCube-v1,mbpo,policy_gradient_steps,240000,245000,critic_loss,all_update_events_exact_quantiles,5000,0,0.010240489391423762,0.010017503052949905,0.01291487654671073,0.014671294949948793,0.006817449815571308,0.02041848935186863,0.02041848935186863,0.009125734679400921
mbpo_stackcube_20261007T182651_ab48dfc3,StackCube-v1,mbpo,policy_gradient_steps,240000,245000,policy_q_min_mean,all_update_events_exact_quantiles,5000,0,2.619098036289215,2.6194586753845215,2.67130047082901,2.690423696041107,2.49749755859375,2.7344207763671875,2.7344207763671875,2.6565990447998047
mbpo_stackcube_20261007T182651_ab48dfc3,StackCube-v1,mbpo,policy_gradient_steps,240000,245000,alpha,all_update_events_exact_quantiles,5000,0,0.005242146391328424,0.005243111634626985,0.005303708976134658,0.005332033969461918,0.005149473901838064,0.005337774753570557,0.005337774753570557,0.005203512031584978
mbpo_stackcube_20261007T182651_ab48dfc3,StackCube-v1,mbpo,policy_gradient_steps,240000,245000,alpha_loss,all_update_events_exact_quantiles,5000,0,1.0767006508103804e-06,1.7250877135666087e-05,0.0008301790017867462,0.001195458520669491,-0.0019567154813557863,0.001960347406566143,0.001960347406566143,-0.00019378011347725987
mbpo_stackcube_20261007T182651_ab48dfc3,StackCube-v1,mbpo,policy_gradient_steps,240000,245000,entropy_estimate,all_update_events_exact_quantiles,5000,0,-3.999861233854294,-3.9967103004455566,-3.8414155006408692,-3.7718748879432678,-4.373286724090576,-3.625288486480713,4.373286724090576,-4.037243366241455
mbpo_stackcube_20261007T182651_ab48dfc3,StackCube-v1,mbpo,real_env_steps,490000,500000,actor_loss,all_update_events_exact_quantiles,5008,0,-2.609226694741188,-2.6094192266464233,-2.556974184513092,-2.535027279853821,-2.7151031494140625,-2.496166229248047,2.7151031494140625,-2.600904941558838
mbpo_stackcube_20261007T182651_ab48dfc3,StackCube-v1,mbpo,real_env_steps,490000,500000,critic_loss,all_update_events_exact_quantiles,5008,0,0.010183844084742839,0.009936322458088398,0.012963266298174857,0.014964742204174406,0.006817449815571308,0.02041848935186863,0.02041848935186863,0.00982842966914177
mbpo_stackcube_20261007T182651_ab48dfc3,StackCube-v1,mbpo,real_env_steps,490000,500000,policy_q_min_mean,all_update_events_exact_quantiles,5008,0,2.6301829380254014,2.63038969039917,2.6813639640808105,2.7011690187454223,2.516568183898926,2.735682964324951,2.735682964324951,2.6227216720581055
mbpo_stackcube_20261007T182651_ab48dfc3,StackCube-v1,mbpo,real_env_steps,490000,500000,alpha,all_update_events_exact_quantiles,5008,0,0.00524053234084786,0.005242830142378807,0.00529517272952944,0.005317456740885973,0.005149473901838064,0.005322233308106661,0.005322233308106661,0.005206262227147818
mbpo_stackcube_20261007T182651_ab48dfc3,StackCube-v1,mbpo,real_env_steps,490000,500000,alpha_loss,all_update_events_exact_quantiles,5008,0,5.960655484865454e-06,1.0718304110923782e-05,0.0008418709941906854,0.0012147294287569825,-0.0018806089647114277,0.001960347406566143,0.001960347406566143,-0.000992799294181168
mbpo_stackcube_20261007T182651_ab48dfc3,StackCube-v1,mbpo,real_env_steps,490000,500000,entropy_estimate,all_update_events_exact_quantiles,5008,0,-3.99892772272372,-3.9979571104049683,-3.839548206329346,-3.768743577003479,-4.358689308166504,-3.625288486480713,4.358689308166504,-4.190704345703125
mbpo_stackcube_20261007T182651_ab48dfc3,StackCube-v1,mbpo,policy_gradient_steps,245000,250000,actor_loss,all_update_events_exact_quantiles,3016,0,-2.6123002588907034,-2.612388491630554,-2.5605600476264954,-2.537197279930115,-2.7151031494140625,-2.496166229248047,2.7151031494140625,-2.600904941558838
mbpo_stackcube_20261007T182651_ab48dfc3,StackCube-v1,mbpo,policy_gradient_steps,245000,250000,critic_loss,all_update_events_exact_quantiles,3016,0,0.010195017205730367,0.009940303396433592,0.013003853615373373,0.01508756149560213,0.007128979545086622,0.0197026077657938,0.0197026077657938,0.00982842966914177
mbpo_stackcube_20261007T182651_ab48dfc3,StackCube-v1,mbpo,policy_gradient_steps,245000,250000,policy_q_min_mean,all_update_events_exact_quantiles,3016,0,2.6332677936364233,2.633389949798584,2.684073567390442,2.703667402267456,2.516568183898926,2.735682964324951,2.735682964324951,2.6227216720581055
mbpo_stackcube_20261007T182651_ab48dfc3,StackCube-v1,mbpo,policy_gradient_steps,245000,250000,alpha,all_update_events_exact_quantiles,3016,0,0.005241811083566733,0.005241521634161472,0.005291615379974246,0.00531901337672025,0.005178914871066809,0.005322233308106661,0.005322233308106661,0.005206262227147818
mbpo_stackcube_20261007T182651_ab48dfc3,StackCube-v1,mbpo,policy_gradient_steps,245000,250000,alpha_loss,all_update_events_exact_quantiles,3016,0,-2.959400515932965e-07,1.6162230167537928e-06,0.0008366578404093161,0.0012255313980858767,-0.0017843334935605526,0.0016278009861707687,0.0017843334935605526,-0.000992799294181168
mbpo_stackcube_20261007T182651_ab48dfc3,StackCube-v1,mbpo,policy_gradient_steps,245000,250000,entropy_estimate,all_update_events_exact_quantiles,3016,0,-4.000116308187616,-3.9996918439865112,-3.8407227993011475,-3.76636643409729,-4.3389081954956055,-3.6889853477478027,4.3389081954956055,-4.190704345703125
mbpo_stackcube_20261007T182651_ab48dfc3,StackCube-v1,mbpo,real_env_steps,0,10000,train_episode/episode_return,raw_finished_episodes,192,0,2.4551472202098616,2.0439308360219,5.143709660321473,6.243564793467522,0.28678570687770844,6.5878249406814575,6.5878249406814575,1.0579500198364258
mbpo_stackcube_20261007T182651_ab48dfc3,StackCube-v1,mbpo,real_env_steps,0,10000,train_episode/episode_length,raw_finished_episodes,192,0,50.0,50.0,50.0,50.0,50.0,50.0,50.0,50.0
mbpo_stackcube_20261007T182651_ab48dfc3,StackCube-v1,mbpo,real_env_steps,0,10000,train_episode/success_once,raw_finished_episodes,192,0,0.0,0.0,0.0,0.0,0.0,0.0,0.0,0.0
mbpo_stackcube_20261007T182651_ab48dfc3,StackCube-v1,mbpo,real_env_steps,0,10000,train_episode/success_at_end,raw_finished_episodes,192,0,0.0,0.0,0.0,0.0,0.0,0.0,0.0,0.0
mbpo_stackcube_20261007T182651_ab48dfc3,StackCube-v1,mbpo,real_env_steps,10000,20000,train_episode/episode_return,raw_finished_episodes,192,0,2.8575291663097837,2.7618248462677,5.237610936164855,6.074885298907757,0.4094890356063843,6.292278155684471,6.292278155684471,0.8899140059947968
mbpo_stackcube_20261007T182651_ab48dfc3,StackCube-v1,mbpo,real_env_steps,10000,20000,train_episode/episode_length,raw_finished_episodes,192,0,50.0,50.0,50.0,50.0,50.0,50.0,50.0,50.0
mbpo_stackcube_20261007T182651_ab48dfc3,StackCube-v1,mbpo,real_env_steps,10000,20000,train_episode/success_once,raw_finished_episodes,192,0,0.0,0.0,0.0,0.0,0.0,0.0,0.0,0.0
mbpo_stackcube_20261007T182651_ab48dfc3,StackCube-v1,mbpo,real_env_steps,10000,20000,train_episode/success_at_end,raw_finished_episodes,192,0,0.0,0.0,0.0,0.0,0.0,0.0,0.0,0.0
mbpo_stackcube_20261007T182651_ab48dfc3,StackCube-v1,mbpo,real_env_steps,20000,30000,train_episode/episode_return,raw_finished_episodes,192,0,4.763827765981357,4.799720138311386,7.390515398979186,8.208355935066939,0.19747959077358246,8.577013865113258,8.577013865113258,7.674517035484314
mbpo_stackcube_20261007T182651_ab48dfc3,StackCube-v1,mbpo,real_env_steps,20000,30000,train_episode/episode_length,raw_finished_episodes,192,0,50.0,50.0,50.0,50.0,50.0,50.0,50.0,50.0
mbpo_stackcube_20261007T182651_ab48dfc3,StackCube-v1,mbpo,real_env_steps,20000,30000,train_episode/success_once,raw_finished_episodes,192,0,0.0,0.0,0.0,0.0,0.0,0.0,0.0,0.0
mbpo_stackcube_20261007T182651_ab48dfc3,StackCube-v1,mbpo,real_env_steps,20000,30000,train_episode/success_at_end,raw_finished_episodes,192,0,0.0,0.0,0.0,0.0,0.0,0.0,0.0,0.0
mbpo_stackcube_20261007T182651_ab48dfc3,StackCube-v1,mbpo,real_env_steps,30000,40000,train_episode/episode_return,raw_finished_episodes,224,0,6.945444732771388,7.177995264530182,9.166315429657697,9.744551835060122,0.48667871952056885,10.922506257891655,10.922506257891655,6.188691809773445
mbpo_stackcube_20261007T182651_ab48dfc3,StackCube-v1,mbpo,real_env_steps,30000,40000,train_episode/episode_length,raw_finished_episodes,224,0,50.0,50.0,50.0,50.0,50.0,50.0,50.0,50.0
mbpo_stackcube_20261007T182651_ab48dfc3,StackCube-v1,mbpo,real_env_steps,30000,40000,train_episode/success_once,raw_finished_episodes,224,0,0.0,0.0,0.0,0.0,0.0,0.0,0.0,0.0
mbpo_stackcube_20261007T182651_ab48dfc3,StackCube-v1,mbpo,real_env_steps,30000,40000,train_episode/success_at_end,raw_finished_episodes,224,0,0.0,0.0,0.0,0.0,0.0,0.0,0.0,0.0
mbpo_stackcube_20261007T182651_ab48dfc3,StackCube-v1,mbpo,real_env_steps,40000,50000,train_episode/episode_return,raw_finished_episodes,192,0,9.962244055311507,8.768402233719826,23.474800167977804,26.31722623154521,0.9676523655653,26.539240404963493,26.539240404963493,9.090188562870026
mbpo_stackcube_20261007T182651_ab48dfc3,StackCube-v1,mbpo,real_env_steps,40000,50000,train_episode/episode_length,raw_finished_episodes,192,0,50.0,50.0,50.0,50.0,50.0,50.0,50.0,50.0
mbpo_stackcube_20261007T182651_ab48dfc3,StackCube-v1,mbpo,real_env_steps,40000,50000,train_episode/success_once,raw_finished_episodes,192,0,0.0,0.0,0.0,0.0,0.0,0.0,0.0,0.0
mbpo_stackcube_20261007T182651_ab48dfc3,StackCube-v1,mbpo,real_env_steps,40000,50000,train_episode/success_at_end,raw_finished_episodes,192,0,0.0,0.0,0.0,0.0,0.0,0.0,0.0,0.0
mbpo_stackcube_20261007T182651_ab48dfc3,StackCube-v1,mbpo,real_env_steps,50000,60000,train_episode/episode_return,raw_finished_episodes,192,0,19.426001728357125,23.634612947702408,26.567794068157674,27.232749853879213,3.3344171196222305,27.653688207268715,27.653688207268715,24.774802401661873
mbpo_stackcube_20261007T182651_ab48dfc3,StackCube-v1,mbpo,real_env_steps,50000,60000,train_episode/episode_length,raw_finished_episodes,192,0,50.0,50.0,50.0,50.0,50.0,50.0,50.0,50.0
mbpo_stackcube_20261007T182651_ab48dfc3,StackCube-v1,mbpo,real_env_steps,50000,60000,train_episode/success_once,raw_finished_episodes,192,0,0.0,0.0,0.0,0.0,0.0,0.0,0.0,0.0
mbpo_stackcube_20261007T182651_ab48dfc3,StackCube-v1,mbpo,real_env_steps,50000,60000,train_episode/success_at_end,raw_finished_episodes,192,0,0.0,0.0,0.0,0.0,0.0,0.0,0.0,0.0
mbpo_stackcube_20261007T182651_ab48dfc3,StackCube-v1,mbpo,real_env_steps,60000,70000,train_episode/episode_return,raw_finished_episodes,192,0,21.501807736000046,24.290300652384758,27.046867037564517,27.7237204451859,3.475725695490837,28.887551695108414,28.887551695108414,15.219917342066765
mbpo_stackcube_20261007T182651_ab48dfc3,StackCube-v1,mbpo,real_env_steps,60000,70000,train_episode/episode_length,raw_finished_episodes,192,0,50.0,50.0,50.0,50.0,50.0,50.0,50.0,50.0
mbpo_stackcube_20261007T182651_ab48dfc3,StackCube-v1,mbpo,real_env_steps,60000,70000,train_episode/success_once,raw_finished_episodes,192,0,0.0,0.0,0.0,0.0,0.0,0.0,0.0,0.0
mbpo_stackcube_20261007T182651_ab48dfc3,StackCube-v1,mbpo,real_env_steps,60000,70000,train_episode/success_at_end,raw_finished_episodes,192,0,0.0,0.0,0.0,0.0,0.0,0.0,0.0,0.0
mbpo_stackcube_20261007T182651_ab48dfc3,StackCube-v1,mbpo,real_env_steps,70000,80000,train_episode/episode_return,raw_finished_episodes,224,0,21.77078458680106,24.20343105494976,26.969083295762537,27.743528018891812,4.3271342515945435,29.338116109371185,29.338116109371185,23.767145961523056
mbpo_stackcube_20261007T182651_ab48dfc3,StackCube-v1,mbpo,real_env_steps,70000,80000,train_episode/episode_length,raw_finished_episodes,224,0,50.0,50.0,50.0,50.0,50.0,50.0,50.0,50.0
mbpo_stackcube_20261007T182651_ab48dfc3,StackCube-v1,mbpo,real_env_steps,70000,80000,train_episode/success_once,raw_finished_episodes,224,0,0.0,0.0,0.0,0.0,0.0,0.0,0.0,0.0
mbpo_stackcube_20261007T182651_ab48dfc3,StackCube-v1,mbpo,real_env_steps,70000,80000,train_episode/success_at_end,raw_finished_episodes,224,0,0.0,0.0,0.0,0.0,0.0,0.0,0.0,0.0
mbpo_stackcube_20261007T182651_ab48dfc3,StackCube-v1,mbpo,real_env_steps,80000,90000,train_episode/episode_return,raw_finished_episodes,192,0,20.67383117818584,23.903524719178677,26.316017835587264,27.06903995245695,2.2510324865579605,27.60136179625988,27.60136179625988,11.56223751604557
mbpo_stackcube_20261007T182651_ab48dfc3,StackCube-v1,mbpo,real_env_steps,80000,90000,train_episode/episode_length,raw_finished_episodes,192,0,50.0,50.0,50.0,50.0,50.0,50.0,50.0,50.0
mbpo_stackcube_20261007T182651_ab48dfc3,StackCube-v1,mbpo,real_env_steps,80000,90000,train_episode/success_once,raw_finished_episodes,192,0,0.0,0.0,0.0,0.0,0.0,0.0,0.0,0.0
mbpo_stackcube_20261007T182651_ab48dfc3,StackCube-v1,mbpo,real_env_steps,80000,90000,train_episode/success_at_end,raw_finished_episodes,192,0,0.0,0.0,0.0,0.0,0.0,0.0,0.0,0.0
mbpo_stackcube_20261007T182651_ab48dfc3,StackCube-v1,mbpo,real_env_steps,90000,100000,train_episode/episode_return,raw_finished_episodes,192,0,20.86173517482045,24.07490210980177,26.60776845961809,27.286846453249456,3.465862050652504,27.651704967021942,27.651704967021942,23.682306692004204
mbpo_stackcube_20261007T182651_ab48dfc3,StackCube-v1,mbpo,real_env_steps,90000,100000,train_episode/episode_length,raw_finished_episodes,192,0,50.0,50.0,50.0,50.0,50.0,50.0,50.0,50.0
mbpo_stackcube_20261007T182651_ab48dfc3,StackCube-v1,mbpo,real_env_steps,90000,100000,train_episode/success_once,raw_finished_episodes,192,0,0.0,0.0,0.0,0.0,0.0,0.0,0.0,0.0
mbpo_stackcube_20261007T182651_ab48dfc3,StackCube-v1,mbpo,real_env_steps,90000,100000,train_episode/success_at_end,raw_finished_episodes,192,0,0.0,0.0,0.0,0.0,0.0,0.0,0.0,0.0
mbpo_stackcube_20261007T182651_ab48dfc3,StackCube-v1,mbpo,real_env_steps,100000,110000,train_episode/episode_return,raw_finished_episodes,192,0,21.33509560402793,24.268955416977406,26.705849331617355,27.41576450765133,0.6669476330280304,27.905431047081947,27.905431047081947,25.352055847644806
mbpo_stackcube_20261007T182651_ab48dfc3,StackCube-v1,mbpo,real_env_steps,100000,110000,train_episode/episode_length,raw_finished_episodes,192,0,50.0,50.0,50.0,50.0,50.0,50.0,50.0,50.0
mbpo_stackcube_20261007T182651_ab48dfc3,StackCube-v1,mbpo,real_env_steps,100000,110000,train_episode/success_once,raw_finished_episodes,192,0,0.0,0.0,0.0,0.0,0.0,0.0,0.0,0.0
mbpo_stackcube_20261007T182651_ab48dfc3,StackCube-v1,mbpo,real_env_steps,100000,110000,train_episode/success_at_end,raw_finished_episodes,192,0,0.0,0.0,0.0,0.0,0.0,0.0,0.0,0.0
mbpo_stackcube_20261007T182651_ab48dfc3,StackCube-v1,mbpo,real_env_steps,110000,120000,train_episode/episode_return,raw_finished_episodes,224,0,21.830185970890202,24.467152565717697,26.848267020285128,27.551060590445996,7.139384016394615,28.568205073475838,28.568205073475838,25.258675903081894
mbpo_stackcube_20261007T182651_ab48dfc3,StackCube-v1,mbpo,real_env_steps,110000,120000,train_episode/episode_length,raw_finished_episodes,224,0,50.0,50.0,50.0,50.0,50.0,50.0,50.0,50.0
mbpo_stackcube_20261007T182651_ab48dfc3,StackCube-v1,mbpo,real_env_steps,110000,120000,train_episode/success_once,raw_finished_episodes,224,0,0.0,0.0,0.0,0.0,0.0,0.0,0.0,0.0
mbpo_stackcube_20261007T182651_ab48dfc3,StackCube-v1,mbpo,real_env_steps,110000,120000,train_episode/success_at_end,raw_finished_episodes,224,0,0.0,0.0,0.0,0.0,0.0,0.0,0.0,0.0
mbpo_stackcube_20261007T182651_ab48dfc3,StackCube-v1,mbpo,real_env_steps,120000,130000,train_episode/episode_return,raw_finished_episodes,192,0,22.962610008893535,24.837407507002354,27.087762742489577,27.627273242771626,6.620497673749924,27.918261498212814,27.918261498212814,23.426016449928284
mbpo_stackcube_20261007T182651_ab48dfc3,StackCube-v1,mbpo,real_env_steps,120000,130000,train_episode/episode_length,raw_finished_episodes,192,0,50.0,50.0,50.0,50.0,50.0,50.0,50.0,50.0
mbpo_stackcube_20261007T182651_ab48dfc3,StackCube-v1,mbpo,real_env_steps,120000,130000,train_episode/success_once,raw_finished_episodes,192,0,0.0,0.0,0.0,0.0,0.0,0.0,0.0,0.0
mbpo_stackcube_20261007T182651_ab48dfc3,StackCube-v1,mbpo,real_env_steps,120000,130000,train_episode/success_at_end,raw_finished_episodes,192,0,0.0,0.0,0.0,0.0,0.0,0.0,0.0,0.0
mbpo_stackcube_20261007T182651_ab48dfc3,StackCube-v1,mbpo,real_env_steps,130000,140000,train_episode/episode_return,raw_finished_episodes,192,0,22.330476105368387,24.70012367516756,27.06761168837547,27.871802395731212,6.038967236876488,27.890684112906456,27.890684112906456,23.53350180387497
mbpo_stackcube_20261007T182651_ab48dfc3,StackCube-v1,mbpo,real_env_steps,130000,140000,train_episode/episode_length,raw_finished_episodes,192,0,50.0,50.0,50.0,50.0,50.0,50.0,50.0,50.0
mbpo_stackcube_20261007T182651_ab48dfc3,StackCube-v1,mbpo,real_env_steps,130000,140000,train_episode/success_once,raw_finished_episodes,192,0,0.0,0.0,0.0,0.0,0.0,0.0,0.0,0.0
mbpo_stackcube_20261007T182651_ab48dfc3,StackCube-v1,mbpo,real_env_steps,130000,140000,train_episode/success_at_end,raw_finished_episodes,192,0,0.0,0.0,0.0,0.0,0.0,0.0,0.0,0.0
mbpo_stackcube_20261007T182651_ab48dfc3,StackCube-v1,mbpo,real_env_steps,140000,150000,train_episode/episode_return,raw_finished_episodes,192,0,23.319419449505705,25.029028058052063,27.216689407080413,27.77748137369752,5.572960734367371,28.33842931687832,28.33842931687832,26.298384308815002
mbpo_stackcube_20261007T182651_ab48dfc3,StackCube-v1,mbpo,real_env_steps,140000,150000,train_episode/episode_length,raw_finished_episodes,192,0,50.0,50.0,50.0,50.0,50.0,50.0,50.0,50.0
mbpo_stackcube_20261007T182651_ab48dfc3,StackCube-v1,mbpo,real_env_steps,140000,150000,train_episode/success_once,raw_finished_episodes,192,0,0.0,0.0,0.0,0.0,0.0,0.0,0.0,0.0
mbpo_stackcube_20261007T182651_ab48dfc3,StackCube-v1,mbpo,real_env_steps,140000,150000,train_episode/success_at_end,raw_finished_episodes,192,0,0.0,0.0,0.0,0.0,0.0,0.0,0.0,0.0
mbpo_stackcube_20261007T182651_ab48dfc3,StackCube-v1,mbpo,real_env_steps,150000,160000,train_episode/episode_return,raw_finished_episodes,224,0,23.517726138167614,24.70023951679468,27.2612586311996,27.662291203588246,8.654804810881615,27.81995341181755,27.81995341181755,24.265121042728424
mbpo_stackcube_20261007T182651_ab48dfc3,StackCube-v1,mbpo,real_env_steps,150000,160000,train_episode/episode_length,raw_finished_episodes,224,0,50.0,50.0,50.0,50.0,50.0,50.0,50.0,50.0
mbpo_stackcube_20261007T182651_ab48dfc3,StackCube-v1,mbpo,real_env_steps,150000,160000,train_episode/success_once,raw_finished_episodes,224,0,0.0,0.0,0.0,0.0,0.0,0.0,0.0,0.0
mbpo_stackcube_20261007T182651_ab48dfc3,StackCube-v1,mbpo,real_env_steps,150000,160000,train_episode/success_at_end,raw_finished_episodes,224,0,0.0,0.0,0.0,0.0,0.0,0.0,0.0,0.0
mbpo_stackcube_20261007T182651_ab48dfc3,StackCube-v1,mbpo,real_env_steps,160000,170000,train_episode/episode_return,raw_finished_episodes,192,0,23.375566065932315,25.325549110770226,27.516650822013617,28.264859124571085,3.2425556778907776,28.627839639782906,28.627839639782906,25.448065996170044
mbpo_stackcube_20261007T182651_ab48dfc3,StackCube-v1,mbpo,real_env_steps,160000,170000,train_episode/episode_length,raw_finished_episodes,192,0,50.0,50.0,50.0,50.0,50.0,50.0,50.0,50.0
mbpo_stackcube_20261007T182651_ab48dfc3,StackCube-v1,mbpo,real_env_steps,160000,170000,train_episode/success_once,raw_finished_episodes,192,0,0.0,0.0,0.0,0.0,0.0,0.0,0.0,0.0
mbpo_stackcube_20261007T182651_ab48dfc3,StackCube-v1,mbpo,real_env_steps,160000,170000,train_episode/success_at_end,raw_finished_episodes,192,0,0.0,0.0,0.0,0.0,0.0,0.0,0.0,0.0
mbpo_stackcube_20261007T182651_ab48dfc3,StackCube-v1,mbpo,real_env_steps,170000,180000,train_episode/episode_return,raw_finished_episodes,192,0,24.151321289750438,25.519442297518253,27.843501766771077,28.54190097674728,6.616118386387825,30.357973098754883,30.357973098754883,26.19319912791252
mbpo_stackcube_20261007T182651_ab48dfc3,StackCube-v1,mbpo,real_env_steps,170000,180000,train_episode/episode_length,raw_finished_episodes,192,0,50.0,50.0,50.0,50.0,50.0,50.0,50.0,50.0
mbpo_stackcube_20261007T182651_ab48dfc3,StackCube-v1,mbpo,real_env_steps,170000,180000,train_episode/success_once,raw_finished_episodes,192,0,0.0,0.0,0.0,0.0,0.0,0.0,0.0,0.0
mbpo_stackcube_20261007T182651_ab48dfc3,StackCube-v1,mbpo,real_env_steps,170000,180000,train_episode/success_at_end,raw_finished_episodes,192,0,0.0,0.0,0.0,0.0,0.0,0.0,0.0,0.0
mbpo_stackcube_20261007T182651_ab48dfc3,StackCube-v1,mbpo,real_env_steps,180000,190000,train_episode/episode_return,raw_finished_episodes,192,0,24.167590262989204,25.432106494903564,27.695114160329105,29.873610466867685,8.22352534532547,30.196954295039177,30.196954295039177,25.920139491558075
mbpo_stackcube_20261007T182651_ab48dfc3,StackCube-v1,mbpo,real_env_steps,180000,190000,train_episode/episode_length,raw_finished_episodes,192,0,50.0,50.0,50.0,50.0,50.0,50.0,50.0,50.0
mbpo_stackcube_20261007T182651_ab48dfc3,StackCube-v1,mbpo,real_env_steps,180000,190000,train_episode/success_once,raw_finished_episodes,192,0,0.0,0.0,0.0,0.0,0.0,0.0,0.0,0.0
mbpo_stackcube_20261007T182651_ab48dfc3,StackCube-v1,mbpo,real_env_steps,180000,190000,train_episode/success_at_end,raw_finished_episodes,192,0,0.0,0.0,0.0,0.0,0.0,0.0,0.0,0.0
mbpo_stackcube_20261007T182651_ab48dfc3,StackCube-v1,mbpo,real_env_steps,190000,200000,train_episode/episode_return,raw_finished_episodes,224,0,24.93993671670822,25.742467284202576,27.732535734027625,28.644629404842856,7.3217793405056,28.90178495645523,28.90178495645523,24.911060005426407
mbpo_stackcube_20261007T182651_ab48dfc3,StackCube-v1,mbpo,real_env_steps,190000,200000,train_episode/episode_length,raw_finished_episodes,224,0,50.0,50.0,50.0,50.0,50.0,50.0,50.0,50.0
mbpo_stackcube_20261007T182651_ab48dfc3,StackCube-v1,mbpo,real_env_steps,190000,200000,train_episode/success_once,raw_finished_episodes,224,0,0.0,0.0,0.0,0.0,0.0,0.0,0.0,0.0
mbpo_stackcube_20261007T182651_ab48dfc3,StackCube-v1,mbpo,real_env_steps,190000,200000,train_episode/success_at_end,raw_finished_episodes,224,0,0.0,0.0,0.0,0.0,0.0,0.0,0.0,0.0
mbpo_stackcube_20261007T182651_ab48dfc3,StackCube-v1,mbpo,real_env_steps,200000,210000,train_episode/episode_return,raw_finished_episodes,192,0,25.20239970064722,25.8212673291564,28.01980370506644,29.727113237977033,9.075152441859245,31.17563572525978,31.17563572525978,23.47488209605217
mbpo_stackcube_20261007T182651_ab48dfc3,StackCube-v1,mbpo,real_env_steps,200000,210000,train_episode/episode_length,raw_finished_episodes,192,0,50.0,50.0,50.0,50.0,50.0,50.0,50.0,50.0
mbpo_stackcube_20261007T182651_ab48dfc3,StackCube-v1,mbpo,real_env_steps,200000,210000,train_episode/success_once,raw_finished_episodes,192,0,0.0,0.0,0.0,0.0,0.0,0.0,0.0,0.0
mbpo_stackcube_20261007T182651_ab48dfc3,StackCube-v1,mbpo,real_env_steps,200000,210000,train_episode/success_at_end,raw_finished_episodes,192,0,0.0,0.0,0.0,0.0,0.0,0.0,0.0,0.0
mbpo_stackcube_20261007T182651_ab48dfc3,StackCube-v1,mbpo,real_env_steps,210000,220000,train_episode/episode_return,raw_finished_episodes,192,0,25.61006144566151,26.374168649315834,28.6390156134963,30.46674036115408,9.075505942106247,31.25764936208725,31.25764936208725,27.550813749432564
mbpo_stackcube_20261007T182651_ab48dfc3,StackCube-v1,mbpo,real_env_steps,210000,220000,train_episode/episode_length,raw_finished_episodes,192,0,50.0,50.0,50.0,50.0,50.0,50.0,50.0,50.0
mbpo_stackcube_20261007T182651_ab48dfc3,StackCube-v1,mbpo,real_env_steps,210000,220000,train_episode/success_once,raw_finished_episodes,192,0,0.0,0.0,0.0,0.0,0.0,0.0,0.0,0.0
mbpo_stackcube_20261007T182651_ab48dfc3,StackCube-v1,mbpo,real_env_steps,210000,220000,train_episode/success_at_end,raw_finished_episodes,192,0,0.0,0.0,0.0,0.0,0.0,0.0,0.0,0.0
mbpo_stackcube_20261007T182651_ab48dfc3,StackCube-v1,mbpo,real_env_steps,220000,230000,train_episode/episode_return,raw_finished_episodes,192,0,25.353533760722105,26.528628401458263,28.769068406522273,30.83972508817911,8.012619256973267,31.429276555776596,31.429276555776596,26.66563794016838
mbpo_stackcube_20261007T182651_ab48dfc3,StackCube-v1,mbpo,real_env_steps,220000,230000,train_episode/episode_length,raw_finished_episodes,192,0,50.0,50.0,50.0,50.0,50.0,50.0,50.0,50.0
mbpo_stackcube_20261007T182651_ab48dfc3,StackCube-v1,mbpo,real_env_steps,220000,230000,train_episode/success_once,raw_finished_episodes,192,0,0.0,0.0,0.0,0.0,0.0,0.0,0.0,0.0
mbpo_stackcube_20261007T182651_ab48dfc3,StackCube-v1,mbpo,real_env_steps,220000,230000,train_episode/success_at_end,raw_finished_episodes,192,0,0.0,0.0,0.0,0.0,0.0,0.0,0.0,0.0
mbpo_stackcube_20261007T182651_ab48dfc3,StackCube-v1,mbpo,real_env_steps,230000,240000,train_episode/episode_return,raw_finished_episodes,224,0,25.918982851784676,26.726284742355347,29.892969232797622,31.458034610301258,8.917043834924698,32.4235273450613,32.4235273450613,27.8851997256279
mbpo_stackcube_20261007T182651_ab48dfc3,StackCube-v1,mbpo,real_env_steps,230000,240000,train_episode/episode_length,raw_finished_episodes,224,0,50.0,50.0,50.0,50.0,50.0,50.0,50.0,50.0
mbpo_stackcube_20261007T182651_ab48dfc3,StackCube-v1,mbpo,real_env_steps,230000,240000,train_episode/success_once,raw_finished_episodes,224,0,0.0,0.0,0.0,0.0,0.0,0.0,0.0,0.0
mbpo_stackcube_20261007T182651_ab48dfc3,StackCube-v1,mbpo,real_env_steps,230000,240000,train_episode/success_at_end,raw_finished_episodes,224,0,0.0,0.0,0.0,0.0,0.0,0.0,0.0,0.0
mbpo_stackcube_20261007T182651_ab48dfc3,StackCube-v1,mbpo,real_env_steps,240000,250000,train_episode/episode_return,raw_finished_episodes,192,0,26.064618623505037,26.7360123321414,29.05082591623068,31.709739727526905,8.626134186983109,34.04712991416454,34.04712991416454,27.063523963093758
mbpo_stackcube_20261007T182651_ab48dfc3,StackCube-v1,mbpo,real_env_steps,240000,250000,train_episode/episode_length,raw_finished_episodes,192,0,50.0,50.0,50.0,50.0,50.0,50.0,50.0,50.0
mbpo_stackcube_20261007T182651_ab48dfc3,StackCube-v1,mbpo,real_env_steps,240000,250000,train_episode/success_once,raw_finished_episodes,192,0,0.0,0.0,0.0,0.0,0.0,0.0,0.0,0.0
mbpo_stackcube_20261007T182651_ab48dfc3,StackCube-v1,mbpo,real_env_steps,240000,250000,train_episode/success_at_end,raw_finished_episodes,192,0,0.0,0.0,0.0,0.0,0.0,0.0,0.0,0.0
mbpo_stackcube_20261007T182651_ab48dfc3,StackCube-v1,mbpo,real_env_steps,250000,260000,train_episode/episode_return,raw_finished_episodes,192,0,26.40871439028221,27.146955631673336,30.230170932412147,32.83714215725661,8.902937695384026,33.59639562666416,33.59639562666416,27.45753699541092
mbpo_stackcube_20261007T182651_ab48dfc3,StackCube-v1,mbpo,real_env_steps,250000,260000,train_episode/episode_length,raw_finished_episodes,192,0,50.0,50.0,50.0,50.0,50.0,50.0,50.0,50.0
mbpo_stackcube_20261007T182651_ab48dfc3,StackCube-v1,mbpo,real_env_steps,250000,260000,train_episode/success_once,raw_finished_episodes,192,0,0.0,0.0,0.0,0.0,0.0,0.0,0.0,0.0
mbpo_stackcube_20261007T182651_ab48dfc3,StackCube-v1,mbpo,real_env_steps,250000,260000,train_episode/success_at_end,raw_finished_episodes,192,0,0.0,0.0,0.0,0.0,0.0,0.0,0.0,0.0
mbpo_stackcube_20261007T182651_ab48dfc3,StackCube-v1,mbpo,real_env_steps,260000,270000,train_episode/episode_return,raw_finished_episodes,192,0,26.178001227245357,26.9934364259243,29.57112416177988,31.84020069435239,7.426624163985252,33.82649523019791,33.82649523019791,27.469352647662163
mbpo_stackcube_20261007T182651_ab48dfc3,StackCube-v1,mbpo,real_env_steps,260000,270000,train_episode/episode_length,raw_finished_episodes,192,0,50.0,50.0,50.0,50.0,50.0,50.0,50.0,50.0
mbpo_stackcube_20261007T182651_ab48dfc3,StackCube-v1,mbpo,real_env_steps,260000,270000,train_episode/success_once,raw_finished_episodes,192,0,0.0,0.0,0.0,0.0,0.0,0.0,0.0,0.0
mbpo_stackcube_20261007T182651_ab48dfc3,StackCube-v1,mbpo,real_env_steps,260000,270000,train_episode/success_at_end,raw_finished_episodes,192,0,0.0,0.0,0.0,0.0,0.0,0.0,0.0,0.0
mbpo_stackcube_20261007T182651_ab48dfc3,StackCube-v1,mbpo,real_env_steps,270000,280000,train_episode/episode_return,raw_finished_episodes,224,0,26.31296648464299,27.025488041341305,31.28156363144517,32.97731998592616,8.480386763811111,34.54232104122639,34.54232104122639,26.354614093899727
mbpo_stackcube_20261007T182651_ab48dfc3,StackCube-v1,mbpo,real_env_steps,270000,280000,train_episode/episode_length,raw_finished_episodes,224,0,50.0,50.0,50.0,50.0,50.0,50.0,50.0,50.0
mbpo_stackcube_20261007T182651_ab48dfc3,StackCube-v1,mbpo,real_env_steps,270000,280000,train_episode/success_once,raw_finished_episodes,224,0,0.0,0.0,0.0,0.0,0.0,0.0,0.0,0.0
mbpo_stackcube_20261007T182651_ab48dfc3,StackCube-v1,mbpo,real_env_steps,270000,280000,train_episode/success_at_end,raw_finished_episodes,224,0,0.0,0.0,0.0,0.0,0.0,0.0,0.0,0.0
mbpo_stackcube_20261007T182651_ab48dfc3,StackCube-v1,mbpo,real_env_steps,280000,290000,train_episode/episode_return,raw_finished_episodes,192,0,25.739006579543155,26.77869901061058,31.057185846567155,32.00397392034531,8.902621895074844,32.35043066740036,32.35043066740036,11.236520186066628
mbpo_stackcube_20261007T182651_ab48dfc3,StackCube-v1,mbpo,real_env_steps,280000,290000,train_episode/episode_length,raw_finished_episodes,192,0,50.0,50.0,50.0,50.0,50.0,50.0,50.0,50.0
mbpo_stackcube_20261007T182651_ab48dfc3,StackCube-v1,mbpo,real_env_steps,280000,290000,train_episode/success_once,raw_finished_episodes,192,0,0.0,0.0,0.0,0.0,0.0,0.0,0.0,0.0
mbpo_stackcube_20261007T182651_ab48dfc3,StackCube-v1,mbpo,real_env_steps,280000,290000,train_episode/success_at_end,raw_finished_episodes,192,0,0.0,0.0,0.0,0.0,0.0,0.0,0.0,0.0
mbpo_stackcube_20261007T182651_ab48dfc3,StackCube-v1,mbpo,real_env_steps,290000,300000,train_episode/episode_return,raw_finished_episodes,192,0,26.771969848312438,27.381637059152126,32.272144925594326,33.142327615022666,7.694186195731163,34.208180263638496,34.208180263638496,28.944492265582085
mbpo_stackcube_20261007T182651_ab48dfc3,StackCube-v1,mbpo,real_env_steps,290000,300000,train_episode/episode_length,raw_finished_episodes,192,0,50.0,50.0,50.0,50.0,50.0,50.0,50.0,50.0
mbpo_stackcube_20261007T182651_ab48dfc3,StackCube-v1,mbpo,real_env_steps,290000,300000,train_episode/success_once,raw_finished_episodes,192,0,0.0,0.0,0.0,0.0,0.0,0.0,0.0,0.0
mbpo_stackcube_20261007T182651_ab48dfc3,StackCube-v1,mbpo,real_env_steps,290000,300000,train_episode/success_at_end,raw_finished_episodes,192,0,0.0,0.0,0.0,0.0,0.0,0.0,0.0,0.0
mbpo_stackcube_20261007T182651_ab48dfc3,StackCube-v1,mbpo,real_env_steps,300000,310000,train_episode/episode_return,raw_finished_episodes,192,0,27.34341417439282,27.461394280195236,33.56093513667583,35.00276163116097,9.169735863804817,35.436258271336555,35.436258271336555,28.18869099020958
mbpo_stackcube_20261007T182651_ab48dfc3,StackCube-v1,mbpo,real_env_steps,300000,310000,train_episode/episode_length,raw_finished_episodes,192,0,50.0,50.0,50.0,50.0,50.0,50.0,50.0,50.0
mbpo_stackcube_20261007T182651_ab48dfc3,StackCube-v1,mbpo,real_env_steps,300000,310000,train_episode/success_once,raw_finished_episodes,192,0,0.0,0.0,0.0,0.0,0.0,0.0,0.0,0.0
mbpo_stackcube_20261007T182651_ab48dfc3,StackCube-v1,mbpo,real_env_steps,300000,310000,train_episode/success_at_end,raw_finished_episodes,192,0,0.0,0.0,0.0,0.0,0.0,0.0,0.0,0.0
mbpo_stackcube_20261007T182651_ab48dfc3,StackCube-v1,mbpo,real_env_steps,310000,320000,train_episode/episode_return,raw_finished_episodes,224,0,27.854542807542853,28.03440860658884,33.877442217618224,35.00756867289543,8.363538220524788,35.37201726436615,35.37201726436615,28.08680033683777
mbpo_stackcube_20261007T182651_ab48dfc3,StackCube-v1,mbpo,real_env_steps,310000,320000,train_episode/episode_length,raw_finished_episodes,224,0,50.0,50.0,50.0,50.0,50.0,50.0,50.0,50.0
mbpo_stackcube_20261007T182651_ab48dfc3,StackCube-v1,mbpo,real_env_steps,310000,320000,train_episode/success_once,raw_finished_episodes,224,0,0.0,0.0,0.0,0.0,0.0,0.0,0.0,0.0
mbpo_stackcube_20261007T182651_ab48dfc3,StackCube-v1,mbpo,real_env_steps,310000,320000,train_episode/success_at_end,raw_finished_episodes,224,0,0.0,0.0,0.0,0.0,0.0,0.0,0.0,0.0
mbpo_stackcube_20261007T182651_ab48dfc3,StackCube-v1,mbpo,real_env_steps,320000,330000,train_episode/episode_return,raw_finished_episodes,192,0,29.16011887253262,29.849609933793545,34.66147886738181,35.555254799425605,5.519968345761299,35.565338149666786,35.565338149666786,30.822200447320938
mbpo_stackcube_20261007T182651_ab48dfc3,StackCube-v1,mbpo,real_env_steps,320000,330000,train_episode/episode_length,raw_finished_episodes,192,0,50.0,50.0,50.0,50.0,50.0,50.0,50.0,50.0
mbpo_stackcube_20261007T182651_ab48dfc3,StackCube-v1,mbpo,real_env_steps,320000,330000,train_episode/success_once,raw_finished_episodes,192,0,0.0,0.0,0.0,0.0,0.0,0.0,0.0,0.0
mbpo_stackcube_20261007T182651_ab48dfc3,StackCube-v1,mbpo,real_env_steps,320000,330000,train_episode/success_at_end,raw_finished_episodes,192,0,0.0,0.0,0.0,0.0,0.0,0.0,0.0,0.0
mbpo_stackcube_20261007T182651_ab48dfc3,StackCube-v1,mbpo,real_env_steps,330000,340000,train_episode/episode_return,raw_finished_episodes,192,0,29.523605855880305,31.564960293471813,35.013661436736584,35.30156179949641,8.169335499405861,35.58242505788803,35.58242505788803,33.39975951611996
mbpo_stackcube_20261007T182651_ab48dfc3,StackCube-v1,mbpo,real_env_steps,330000,340000,train_episode/episode_length,raw_finished_episodes,192,0,50.0,50.0,50.0,50.0,50.0,50.0,50.0,50.0
mbpo_stackcube_20261007T182651_ab48dfc3,StackCube-v1,mbpo,real_env_steps,330000,340000,train_episode/success_once,raw_finished_episodes,192,0,0.0,0.0,0.0,0.0,0.0,0.0,0.0,0.0
mbpo_stackcube_20261007T182651_ab48dfc3,StackCube-v1,mbpo,real_env_steps,330000,340000,train_episode/success_at_end,raw_finished_episodes,192,0,0.0,0.0,0.0,0.0,0.0,0.0,0.0,0.0
mbpo_stackcube_20261007T182651_ab48dfc3,StackCube-v1,mbpo,real_env_steps,340000,350000,train_episode/episode_return,raw_finished_episodes,192,0,31.19949428232697,33.34061421453953,35.279014414548875,35.71919734865427,8.871480092406273,36.00113946199417,36.00113946199417,36.00113946199417
mbpo_stackcube_20261007T182651_ab48dfc3,StackCube-v1,mbpo,real_env_steps,340000,350000,train_episode/episode_length,raw_finished_episodes,192,0,50.0,50.0,50.0,50.0,50.0,50.0,50.0,50.0
mbpo_stackcube_20261007T182651_ab48dfc3,StackCube-v1,mbpo,real_env_steps,340000,350000,train_episode/success_once,raw_finished_episodes,192,0,0.005208333333333333,0.0,0.0,0.0,0.0,1.0,1.0,0.0
mbpo_stackcube_20261007T182651_ab48dfc3,StackCube-v1,mbpo,real_env_steps,340000,350000,train_episode/success_at_end,raw_finished_episodes,192,0,0.0,0.0,0.0,0.0,0.0,0.0,0.0,0.0
mbpo_stackcube_20261007T182651_ab48dfc3,StackCube-v1,mbpo,real_env_steps,350000,360000,train_episode/episode_return,raw_finished_episodes,224,0,31.057911808269896,33.005474261939526,35.43760218471289,35.89319909021258,7.23412711918354,36.043181359767914,36.043181359767914,13.815940633416176
mbpo_stackcube_20261007T182651_ab48dfc3,StackCube-v1,mbpo,real_env_steps,350000,360000,train_episode/episode_length,raw_finished_episodes,224,0,50.0,50.0,50.0,50.0,50.0,50.0,50.0,50.0
mbpo_stackcube_20261007T182651_ab48dfc3,StackCube-v1,mbpo,real_env_steps,350000,360000,train_episode/success_once,raw_finished_episodes,224,0,0.0,0.0,0.0,0.0,0.0,0.0,0.0,0.0
mbpo_stackcube_20261007T182651_ab48dfc3,StackCube-v1,mbpo,real_env_steps,350000,360000,train_episode/success_at_end,raw_finished_episodes,224,0,0.0,0.0,0.0,0.0,0.0,0.0,0.0,0.0
mbpo_stackcube_20261007T182651_ab48dfc3,StackCube-v1,mbpo,real_env_steps,360000,370000,train_episode/episode_return,raw_finished_episodes,192,0,31.285996375295024,33.223606146872044,35.22095573842525,35.58247340351343,9.592066034674644,35.82039585709572,35.82039585709572,32.47156564891338
mbpo_stackcube_20261007T182651_ab48dfc3,StackCube-v1,mbpo,real_env_steps,360000,370000,train_episode/episode_length,raw_finished_episodes,192,0,50.0,50.0,50.0,50.0,50.0,50.0,50.0,50.0
mbpo_stackcube_20261007T182651_ab48dfc3,StackCube-v1,mbpo,real_env_steps,360000,370000,train_episode/success_once,raw_finished_episodes,192,0,0.0,0.0,0.0,0.0,0.0,0.0,0.0,0.0
mbpo_stackcube_20261007T182651_ab48dfc3,StackCube-v1,mbpo,real_env_steps,360000,370000,train_episode/success_at_end,raw_finished_episodes,192,0,0.0,0.0,0.0,0.0,0.0,0.0,0.0,0.0
mbpo_stackcube_20261007T182651_ab48dfc3,StackCube-v1,mbpo,real_env_steps,370000,380000,train_episode/episode_return,raw_finished_episodes,192,0,31.85316129339238,33.4899540245533,35.5067322589457,35.95214328944683,8.788586661219597,36.159728303551674,36.159728303551674,33.685760244727135
mbpo_stackcube_20261007T182651_ab48dfc3,StackCube-v1,mbpo,real_env_steps,370000,380000,train_episode/episode_length,raw_finished_episodes,192,0,50.0,50.0,50.0,50.0,50.0,50.0,50.0,50.0
mbpo_stackcube_20261007T182651_ab48dfc3,StackCube-v1,mbpo,real_env_steps,370000,380000,train_episode/success_once,raw_finished_episodes,192,0,0.0,0.0,0.0,0.0,0.0,0.0,0.0,0.0
mbpo_stackcube_20261007T182651_ab48dfc3,StackCube-v1,mbpo,real_env_steps,370000,380000,train_episode/success_at_end,raw_finished_episodes,192,0,0.0,0.0,0.0,0.0,0.0,0.0,0.0,0.0
mbpo_stackcube_20261007T182651_ab48dfc3,StackCube-v1,mbpo,real_env_steps,380000,390000,train_episode/episode_return,raw_finished_episodes,192,0,31.95307465378816,33.53503666073084,35.53734749108553,35.853379573524,8.735841915011406,35.932697489857674,35.932697489857674,9.636874735355377
mbpo_stackcube_20261007T182651_ab48dfc3,StackCube-v1,mbpo,real_env_steps,380000,390000,train_episode/episode_length,raw_finished_episodes,192,0,50.0,50.0,50.0,50.0,50.0,50.0,50.0,50.0
mbpo_stackcube_20261007T182651_ab48dfc3,StackCube-v1,mbpo,real_env_steps,380000,390000,train_episode/success_once,raw_finished_episodes,192,0,0.0,0.0,0.0,0.0,0.0,0.0,0.0,0.0
mbpo_stackcube_20261007T182651_ab48dfc3,StackCube-v1,mbpo,real_env_steps,380000,390000,train_episode/success_at_end,raw_finished_episodes,192,0,0.0,0.0,0.0,0.0,0.0,0.0,0.0,0.0
mbpo_stackcube_20261007T182651_ab48dfc3,StackCube-v1,mbpo,real_env_steps,390000,400000,train_episode/episode_return,raw_finished_episodes,224,0,32.559595664697035,33.76538886874914,35.49349493309855,35.97704113662243,8.16557414829731,36.348539754748344,36.348539754748344,30.665831804275513
mbpo_stackcube_20261007T182651_ab48dfc3,StackCube-v1,mbpo,real_env_steps,390000,400000,train_episode/episode_length,raw_finished_episodes,224,0,50.0,50.0,50.0,50.0,50.0,50.0,50.0,50.0
mbpo_stackcube_20261007T182651_ab48dfc3,StackCube-v1,mbpo,real_env_steps,390000,400000,train_episode/success_once,raw_finished_episodes,224,0,0.0,0.0,0.0,0.0,0.0,0.0,0.0,0.0
mbpo_stackcube_20261007T182651_ab48dfc3,StackCube-v1,mbpo,real_env_steps,390000,400000,train_episode/success_at_end,raw_finished_episodes,224,0,0.0,0.0,0.0,0.0,0.0,0.0,0.0,0.0
mbpo_stackcube_20261007T182651_ab48dfc3,StackCube-v1,mbpo,real_env_steps,400000,410000,train_episode/episode_return,raw_finished_episodes,192,0,32.46759008895606,33.95995680987835,35.52476658076048,35.92694420471788,7.300058916211128,36.61013740301132,36.61013740301132,33.932281628251076
mbpo_stackcube_20261007T182651_ab48dfc3,StackCube-v1,mbpo,real_env_steps,400000,410000,train_episode/episode_length,raw_finished_episodes,192,0,50.0,50.0,50.0,50.0,50.0,50.0,50.0,50.0
mbpo_stackcube_20261007T182651_ab48dfc3,StackCube-v1,mbpo,real_env_steps,400000,410000,train_episode/success_once,raw_finished_episodes,192,0,0.0,0.0,0.0,0.0,0.0,0.0,0.0,0.0
mbpo_stackcube_20261007T182651_ab48dfc3,StackCube-v1,mbpo,real_env_steps,400000,410000,train_episode/success_at_end,raw_finished_episodes,192,0,0.0,0.0,0.0,0.0,0.0,0.0,0.0,0.0
mbpo_stackcube_20261007T182651_ab48dfc3,StackCube-v1,mbpo,real_env_steps,410000,420000,train_episode/episode_return,raw_finished_episodes,192,0,31.493195354783285,34.053997449576855,35.6829288199544,35.97009283691645,6.129201263189316,36.07752242684364,36.07752242684364,35.17721875011921
mbpo_stackcube_20261007T182651_ab48dfc3,StackCube-v1,mbpo,real_env_steps,410000,420000,train_episode/episode_length,raw_finished_episodes,192,0,50.0,50.0,50.0,50.0,50.0,50.0,50.0,50.0
mbpo_stackcube_20261007T182651_ab48dfc3,StackCube-v1,mbpo,real_env_steps,410000,420000,train_episode/success_once,raw_finished_episodes,192,0,0.0,0.0,0.0,0.0,0.0,0.0,0.0,0.0
mbpo_stackcube_20261007T182651_ab48dfc3,StackCube-v1,mbpo,real_env_steps,410000,420000,train_episode/success_at_end,raw_finished_episodes,192,0,0.0,0.0,0.0,0.0,0.0,0.0,0.0,0.0
mbpo_stackcube_20261007T182651_ab48dfc3,StackCube-v1,mbpo,real_env_steps,420000,430000,train_episode/episode_return,raw_finished_episodes,192,0,31.532413550186902,33.90611709654331,35.403265215456486,35.710332918763164,5.974950939416885,35.89897361397743,35.89897361397743,35.79208563268185
mbpo_stackcube_20261007T182651_ab48dfc3,StackCube-v1,mbpo,real_env_steps,420000,430000,train_episode/episode_length,raw_finished_episodes,192,0,50.0,50.0,50.0,50.0,50.0,50.0,50.0,50.0
mbpo_stackcube_20261007T182651_ab48dfc3,StackCube-v1,mbpo,real_env_steps,420000,430000,train_episode/success_once,raw_finished_episodes,192,0,0.0,0.0,0.0,0.0,0.0,0.0,0.0,0.0
mbpo_stackcube_20261007T182651_ab48dfc3,StackCube-v1,mbpo,real_env_steps,420000,430000,train_episode/success_at_end,raw_finished_episodes,192,0,0.0,0.0,0.0,0.0,0.0,0.0,0.0,0.0
mbpo_stackcube_20261007T182651_ab48dfc3,StackCube-v1,mbpo,real_env_steps,430000,440000,train_episode/episode_return,raw_finished_episodes,224,0,32.12113643464233,33.96911533176899,35.599648765474555,35.96344193026424,6.651595756411552,36.25511713325977,36.25511713325977,33.676757484674454
mbpo_stackcube_20261007T182651_ab48dfc3,StackCube-v1,mbpo,real_env_steps,430000,440000,train_episode/episode_length,raw_finished_episodes,224,0,50.0,50.0,50.0,50.0,50.0,50.0,50.0,50.0
mbpo_stackcube_20261007T182651_ab48dfc3,StackCube-v1,mbpo,real_env_steps,430000,440000,train_episode/success_once,raw_finished_episodes,224,0,0.0,0.0,0.0,0.0,0.0,0.0,0.0,0.0
mbpo_stackcube_20261007T182651_ab48dfc3,StackCube-v1,mbpo,real_env_steps,430000,440000,train_episode/success_at_end,raw_finished_episodes,224,0,0.0,0.0,0.0,0.0,0.0,0.0,0.0,0.0
mbpo_stackcube_20261007T182651_ab48dfc3,StackCube-v1,mbpo,real_env_steps,440000,450000,train_episode/episode_return,raw_finished_episodes,192,0,32.73247284504274,34.15298455953598,35.49615291580558,35.86288406893611,9.551702246069908,36.13778883218765,36.13778883218765,33.61847998201847
mbpo_stackcube_20261007T182651_ab48dfc3,StackCube-v1,mbpo,real_env_steps,440000,450000,train_episode/episode_length,raw_finished_episodes,192,0,50.0,50.0,50.0,50.0,50.0,50.0,50.0,50.0
mbpo_stackcube_20261007T182651_ab48dfc3,StackCube-v1,mbpo,real_env_steps,440000,450000,train_episode/success_once,raw_finished_episodes,192,0,0.0,0.0,0.0,0.0,0.0,0.0,0.0,0.0
mbpo_stackcube_20261007T182651_ab48dfc3,StackCube-v1,mbpo,real_env_steps,440000,450000,train_episode/success_at_end,raw_finished_episodes,192,0,0.0,0.0,0.0,0.0,0.0,0.0,0.0,0.0
mbpo_stackcube_20261007T182651_ab48dfc3,StackCube-v1,mbpo,real_env_steps,450000,460000,train_episode/episode_return,raw_finished_episodes,192,0,32.56881598771239,33.98365817219019,35.47051079943776,35.987792560309174,7.175044938921928,36.05030795931816,36.05030795931816,32.26090407371521
mbpo_stackcube_20261007T182651_ab48dfc3,StackCube-v1,mbpo,real_env_steps,450000,460000,train_episode/episode_length,raw_finished_episodes,192,0,50.0,50.0,50.0,50.0,50.0,50.0,50.0,50.0
mbpo_stackcube_20261007T182651_ab48dfc3,StackCube-v1,mbpo,real_env_steps,450000,460000,train_episode/success_once,raw_finished_episodes,192,0,0.0,0.0,0.0,0.0,0.0,0.0,0.0,0.0
mbpo_stackcube_20261007T182651_ab48dfc3,StackCube-v1,mbpo,real_env_steps,450000,460000,train_episode/success_at_end,raw_finished_episodes,192,0,0.0,0.0,0.0,0.0,0.0,0.0,0.0,0.0
mbpo_stackcube_20261007T182651_ab48dfc3,StackCube-v1,mbpo,real_env_steps,460000,470000,train_episode/episode_return,raw_finished_episodes,192,0,32.50316180622516,34.33027573674917,35.665488532185556,35.94793370634317,6.212528929114342,35.979895159602165,35.979895159602165,34.5025691986084
mbpo_stackcube_20261007T182651_ab48dfc3,StackCube-v1,mbpo,real_env_steps,460000,470000,train_episode/episode_length,raw_finished_episodes,192,0,50.0,50.0,50.0,50.0,50.0,50.0,50.0,50.0
mbpo_stackcube_20261007T182651_ab48dfc3,StackCube-v1,mbpo,real_env_steps,460000,470000,train_episode/success_once,raw_finished_episodes,192,0,0.015625,0.0,0.0,1.0,0.0,1.0,1.0,0.0
mbpo_stackcube_20261007T182651_ab48dfc3,StackCube-v1,mbpo,real_env_steps,460000,470000,train_episode/success_at_end,raw_finished_episodes,192,0,0.0,0.0,0.0,0.0,0.0,0.0,0.0,0.0
mbpo_stackcube_20261007T182651_ab48dfc3,StackCube-v1,mbpo,real_env_steps,470000,480000,train_episode/episode_return,raw_finished_episodes,224,0,32.81492807516562,34.11613180488348,35.617030492424966,35.90039783269167,9.245861321687698,36.01452128589153,36.01452128589153,35.560684502124786
mbpo_stackcube_20261007T182651_ab48dfc3,StackCube-v1,mbpo,real_env_steps,470000,480000,train_episode/episode_length,raw_finished_episodes,224,0,50.0,50.0,50.0,50.0,50.0,50.0,50.0,50.0
mbpo_stackcube_20261007T182651_ab48dfc3,StackCube-v1,mbpo,real_env_steps,470000,480000,train_episode/success_once,raw_finished_episodes,224,0,0.004464285714285714,0.0,0.0,0.0,0.0,1.0,1.0,0.0
mbpo_stackcube_20261007T182651_ab48dfc3,StackCube-v1,mbpo,real_env_steps,470000,480000,train_episode/success_at_end,raw_finished_episodes,224,0,0.0,0.0,0.0,0.0,0.0,0.0,0.0,0.0
mbpo_stackcube_20261007T182651_ab48dfc3,StackCube-v1,mbpo,real_env_steps,480000,490000,train_episode/episode_return,raw_finished_episodes,192,0,32.799855516059324,34.384340301156044,35.71404077261686,35.97244696334005,8.888508960604668,36.42338041961193,36.42338041961193,33.87073469161987
mbpo_stackcube_20261007T182651_ab48dfc3,StackCube-v1,mbpo,real_env_steps,480000,490000,train_episode/episode_length,raw_finished_episodes,192,0,50.0,50.0,50.0,50.0,50.0,50.0,50.0,50.0
mbpo_stackcube_20261007T182651_ab48dfc3,StackCube-v1,mbpo,real_env_steps,480000,490000,train_episode/success_once,raw_finished_episodes,192,0,0.0,0.0,0.0,0.0,0.0,0.0,0.0,0.0
mbpo_stackcube_20261007T182651_ab48dfc3,StackCube-v1,mbpo,real_env_steps,480000,490000,train_episode/success_at_end,raw_finished_episodes,192,0,0.0,0.0,0.0,0.0,0.0,0.0,0.0,0.0
mbpo_stackcube_20261007T182651_ab48dfc3,StackCube-v1,mbpo,real_env_steps,490000,500000,train_episode/episode_return,raw_finished_episodes,192,0,33.00532469712198,33.98255309462547,35.603119131177664,35.96740425661206,9.63891164958477,36.33516313135624,36.33516313135624,34.50713407993317
mbpo_stackcube_20261007T182651_ab48dfc3,StackCube-v1,mbpo,real_env_steps,490000,500000,train_episode/episode_length,raw_finished_episodes,192,0,50.0,50.0,50.0,50.0,50.0,50.0,50.0,50.0
mbpo_stackcube_20261007T182651_ab48dfc3,StackCube-v1,mbpo,real_env_steps,490000,500000,train_episode/success_once,raw_finished_episodes,192,0,0.005208333333333333,0.0,0.0,0.0,0.0,1.0,1.0,0.0
mbpo_stackcube_20261007T182651_ab48dfc3,StackCube-v1,mbpo,real_env_steps,490000,500000,train_episode/success_at_end,raw_finished_episodes,192,0,0.0,0.0,0.0,0.0,0.0,0.0,0.0,0.0
