run,task,algorithm,axis,bin_start,bin_end,metric,aggregation,count,nonfinite,mean,median,p95,p99,minimum,maximum,abs_maximum,last
sac_stackcube_20261007T163640_e814ffc5,StackCube-v1,sac,all,0,,actor_loss,all_update_events_exact_quantiles,248016,0,-2.375901907265003,-2.398045778274536,-1.0274129211902618,-0.7565534234046936,-9.800600051879883,0.8600362539291382,9.800600051879883,-2.9439468383789062
sac_stackcube_20261007T163640_e814ffc5,StackCube-v1,sac,real_env_steps,0,10000,actor_loss,all_update_events_exact_quantiles,3008,0,-8.33768015965433,-8.58765459060669,-5.91409158706665,-3.650990920066855,-9.800600051879883,0.8600362539291382,9.800600051879883,-6.906664848327637
sac_stackcube_20261007T163640_e814ffc5,StackCube-v1,sac,policy_gradient_steps,0,5000,actor_loss,all_update_events_exact_quantiles,5000,0,-7.240950148726999,-7.242302179336548,-4.661032199859619,-4.476137228012084,-9.800600051879883,0.8600362539291382,9.800600051879883,-4.4713640213012695
sac_stackcube_20261007T163640_e814ffc5,StackCube-v1,sac,all,0,,critic_loss,all_update_events_exact_quantiles,248016,0,0.008023670934339613,0.006865543778985739,0.009415957145392895,0.023862555902451302,0.0009718512883409858,12.1575288772583,12.1575288772583,0.008320123888552189
sac_stackcube_20261007T163640_e814ffc5,StackCube-v1,sac,real_env_steps,0,10000,critic_loss,all_update_events_exact_quantiles,3008,0,0.12166506391169721,0.03849983029067516,0.12137657105922701,2.3052463674545285,0.014629965648055077,12.1575288772583,12.1575288772583,0.019476164132356644
sac_stackcube_20261007T163640_e814ffc5,StackCube-v1,sac,policy_gradient_steps,0,5000,critic_loss,all_update_events_exact_quantiles,5000,0,0.07825461084581911,0.023663203231990337,0.08693402446806436,0.7079249066114448,0.006031421013176441,12.1575288772583,12.1575288772583,0.009609723463654518
sac_stackcube_20261007T163640_e814ffc5,StackCube-v1,sac,all,0,,policy_q_min_mean,all_update_events_exact_quantiles,248016,0,2.3459629662810673,2.402909755706787,2.9821767807006836,5.784179234504701,-0.1773103028535843,7.807073593139648,7.807073593139648,2.9604763984680176
sac_stackcube_20261007T163640_e814ffc5,StackCube-v1,sac,real_env_steps,0,10000,policy_q_min_mean,all_update_events_exact_quantiles,3008,0,6.489515300355901,6.8385841846466064,7.746254801750183,7.774704532623291,-0.1773103028535843,7.807073593139648,7.807073593139648,5.663692474365234
sac_stackcube_20261007T163640_e814ffc5,StackCube-v1,sac,policy_gradient_steps,0,5000,policy_q_min_mean,all_update_events_exact_quantiles,5000,0,5.731841610426455,5.765064239501953,7.729457592964172,7.769714012145996,-0.1773103028535843,7.807073593139648,7.807073593139648,3.6850898265838623
sac_stackcube_20261007T163640_e814ffc5,StackCube-v1,sac,all,0,,alpha,all_update_events_exact_quantiles,248016,0,0.01966688534254493,0.004000975517556071,0.055322008207440376,0.5171249210834511,0.002891545882448554,0.9997000694274902,0.9997000694274902,0.004039496183395386
sac_stackcube_20261007T163640_e814ffc5,StackCube-v1,sac,real_env_steps,0,10000,alpha,all_update_events_exact_quantiles,3008,0,0.680687236064609,0.6585432589054108,0.9538535952568055,0.9902241039276123,0.45609956979751587,0.9997000694274902,0.9997000694274902,0.45609956979751587
sac_stackcube_20261007T163640_e814ffc5,StackCube-v1,sac,policy_gradient_steps,0,5000,alpha,all_update_events_exact_quantiles,5000,0,0.5549824415683746,0.514721006155014,0.9259564280509949,0.9838950490951539,0.28820469975471497,0.9997000694274902,0.9997000694274902,0.28820469975471497
sac_stackcube_20261007T163640_e814ffc5,StackCube-v1,sac,all,0,,alpha_loss,all_update_events_exact_quantiles,248016,0,0.10862254532894124,5.979376146569848e-05,0.35448329895734787,3.4797837972641004,-0.0019332895753905177,6.609200477600098,6.609200477600098,-0.0003694485640153289
sac_stackcube_20261007T163640_e814ffc5,StackCube-v1,sac,real_env_steps,0,10000,alpha_loss,all_update_events_exact_quantiles,3008,0,4.571637071906887,4.428422927856445,6.381757354736328,6.56050244808197,3.067800998687744,6.609200477600098,6.609200477600098,3.067800998687744
sac_stackcube_20261007T163640_e814ffc5,StackCube-v1,sac,policy_gradient_steps,0,5000,alpha_loss,all_update_events_exact_quantiles,5000,0,3.729607743883133,3.4635788202285767,6.2102415561676025,6.536589279174805,1.9382656812667847,6.609200477600098,6.609200477600098,1.939354419708252
sac_stackcube_20261007T163640_e814ffc5,StackCube-v1,sac,all,0,,entropy_estimate,all_update_events_exact_quantiles,248016,0,-3.4183933806663234,-3.9836835861206055,2.4047839641571045,2.731681764125824,-4.519165992736816,2.7604894638061523,4.519165992736816,-4.091447830200195
sac_stackcube_20261007T163640_e814ffc5,StackCube-v1,sac,real_env_steps,0,10000,entropy_estimate,all_update_events_exact_quantiles,3008,0,2.7196547728926044,2.7299519777297974,2.7434565305709837,2.748990862369537,-0.7860349416732788,2.7587013244628906,2.7587013244628906,2.7245776653289795
sac_stackcube_20261007T163640_e814ffc5,StackCube-v1,sac,policy_gradient_steps,0,5000,entropy_estimate,all_update_events_exact_quantiles,5000,0,2.7237246266283095,2.729862928390503,2.7433297872543334,2.7492392659187317,-0.7860349416732788,2.7604894638061523,2.7604894638061523,2.7275617122650146
sac_stackcube_20261007T163640_e814ffc5,StackCube-v1,sac,real_env_steps,10000,20000,actor_loss,all_update_events_exact_quantiles,5008,0,-4.210845203683399,-3.9943751096725464,-2.514756894111634,-2.4204821538925168,-6.93798303604126,-2.3874309062957764,6.93798303604126,-2.3875627517700195
sac_stackcube_20261007T163640_e814ffc5,StackCube-v1,sac,real_env_steps,10000,20000,critic_loss,all_update_events_exact_quantiles,5008,0,0.008028421914089656,0.006662887521088123,0.016978811752051116,0.020620322190225148,0.0021707734558731318,0.02692430466413498,0.02692430466413498,0.00265789357945323
sac_stackcube_20261007T163640_e814ffc5,StackCube-v1,sac,real_env_steps,10000,20000,policy_q_min_mean,all_update_events_exact_quantiles,5008,0,3.47153638417538,3.2947261333465576,5.362072086334228,5.6030223131179815,1.9906842708587646,5.6939802169799805,5.6939802169799805,1.995957851409912
sac_stackcube_20261007T163640_e814ffc5,StackCube-v1,sac,real_env_steps,10000,20000,alpha,all_update_events_exact_quantiles,5008,0,0.27119384406687924,0.25664959847927094,0.4299383372068405,0.4506409344077111,0.14633166790008545,0.4559919834136963,0.4559919834136963,0.14633166790008545
sac_stackcube_20261007T163640_e814ffc5,StackCube-v1,sac,real_env_steps,10000,20000,alpha_loss,all_update_events_exact_quantiles,5008,0,1.8243316188930703,1.727952003479004,2.8955195665359494,3.0362467050552375,0.9770622849464417,3.071582317352295,3.071582317352295,0.9770622849464417
sac_stackcube_20261007T163640_e814ffc5,StackCube-v1,sac,real_env_steps,10000,20000,entropy_estimate,all_update_events_exact_quantiles,5008,0,2.72333308311697,2.724414348602295,2.7409101486206056,2.7469829988479613,2.6755471229553223,2.7604894638061523,2.7604894638061523,2.6755471229553223
sac_stackcube_20261007T163640_e814ffc5,StackCube-v1,sac,policy_gradient_steps,5000,10000,actor_loss,all_update_events_exact_quantiles,5000,0,-2.7900032493829725,-2.6521503925323486,-1.7524162471294402,-1.6952588069438932,-4.477909088134766,-1.6635676622390747,4.477909088134766,-1.6793851852416992
sac_stackcube_20261007T163640_e814ffc5,StackCube-v1,sac,policy_gradient_steps,5000,10000,critic_loss,all_update_events_exact_quantiles,5000,0,0.0038717792900744828,0.0033239307813346386,0.0074213900137692695,0.008661532942205672,0.0013898331671953201,0.010555705055594444,0.010555705055594444,0.0016453241696581244
sac_stackcube_20261007T163640_e814ffc5,StackCube-v1,sac,policy_gradient_steps,5000,10000,policy_q_min_mean,all_update_events_exact_quantiles,5000,0,2.3213498220443727,2.2066781520843506,3.4785256505012514,3.6295978689193724,1.4154542684555054,3.691835403442383,3.691835403442383,1.4341208934783936
sac_stackcube_20261007T163640_e814ffc5,StackCube-v1,sac,policy_gradient_steps,5000,10000,alpha,all_update_events_exact_quantiles,5000,0,0.1730597632870078,0.164213627576828,0.2722782015800476,0.284890820980072,0.09404389560222626,0.28813931345939636,0.28813931345939636,0.09404389560222626
sac_stackcube_20261007T163640_e814ffc5,StackCube-v1,sac,policy_gradient_steps,5000,10000,alpha_loss,all_update_events_exact_quantiles,5000,0,1.1610478084564209,1.1016910672187805,1.8329079627990723,1.919241189956665,0.6215232610702515,1.941397786140442,1.941397786140442,0.6215232610702515
sac_stackcube_20261007T163640_e814ffc5,StackCube-v1,sac,policy_gradient_steps,5000,10000,entropy_estimate,all_update_events_exact_quantiles,5000,0,2.699570275592804,2.7091482877731323,2.734070527553558,2.741648259162903,2.577423572540283,2.760345935821533,2.760345935821533,2.607395648956299
sac_stackcube_20261007T163640_e814ffc5,StackCube-v1,sac,real_env_steps,20000,30000,actor_loss,all_update_events_exact_quantiles,4992,0,-1.6131566341441028,-1.5487662553787231,-1.1316616535186768,-1.1038796138763427,-2.408097743988037,-1.0793511867523193,2.408097743988037,-1.117197036743164
sac_stackcube_20261007T163640_e814ffc5,StackCube-v1,sac,real_env_steps,20000,30000,critic_loss,all_update_events_exact_quantiles,4992,0,0.0018324427473999094,0.0017192467348650098,0.0027451686561107635,0.003149016059469432,0.0010317109990864992,0.004423638805747032,0.004423638805747032,0.0013023708015680313
sac_stackcube_20261007T163640_e814ffc5,StackCube-v1,sac,real_env_steps,20000,30000,policy_q_min_mean,all_update_events_exact_quantiles,4992,0,1.3835644104685156,1.3307812809944153,1.9147671639919281,1.9840097987651826,0.9683889746665955,2.0156338214874268,2.0156338214874268,1.0045913457870483
sac_stackcube_20261007T163640_e814ffc5,StackCube-v1,sac,real_env_steps,20000,30000,alpha,all_update_events_exact_quantiles,4992,0,0.08836835513013797,0.08393513783812523,0.13836511746048927,0.14467640802264214,0.04843885824084282,0.14629895985126495,0.14629895985126495,0.04843885824084282
sac_stackcube_20261007T163640_e814ffc5,StackCube-v1,sac,real_env_steps,20000,30000,alpha_loss,all_update_events_exact_quantiles,4992,0,0.5831440827952554,0.5530717670917511,0.9265331506729126,0.9702636295557022,0.304709255695343,0.9830000400543213,0.9830000400543213,0.30640357732772827
sac_stackcube_20261007T163640_e814ffc5,StackCube-v1,sac,real_env_steps,20000,30000,entropy_estimate,all_update_events_exact_quantiles,4992,0,2.564992369654087,2.591844081878662,2.699282777309418,2.7125012350082396,2.257634162902832,2.7305908203125,2.7305908203125,2.324190616607666
sac_stackcube_20261007T163640_e814ffc5,StackCube-v1,sac,policy_gradient_steps,10000,15000,actor_loss,all_update_events_exact_quantiles,5000,0,-1.2100731557607651,-1.1658737063407898,-0.9308411777019501,-0.912395823597908,-1.690304160118103,-0.8953626751899719,1.690304160118103,-0.9062120914459229
sac_stackcube_20261007T163640_e814ffc5,StackCube-v1,sac,policy_gradient_steps,10000,15000,critic_loss,all_update_events_exact_quantiles,5000,0,0.0015068486384116114,0.0014771473361179233,0.0019237232685554773,0.0021517141745425765,0.0009719599038362503,0.002901805564761162,0.002901805564761162,0.0011268248781561852
sac_stackcube_20261007T163640_e814ffc5,StackCube-v1,sac,policy_gradient_steps,10000,15000,policy_q_min_mean,all_update_events_exact_quantiles,5000,0,1.0723253874063492,1.0361981987953186,1.3809884428977968,1.4200752341747285,0.8327659964561462,1.4441454410552979,1.4441454410552979,0.8444429636001587
sac_stackcube_20261007T163640_e814ffc5,StackCube-v1,sac,policy_gradient_steps,10000,15000,alpha,all_update_events_exact_quantiles,5000,0,0.05696908255890012,0.05413523688912392,0.0889478363096714,0.09298467434942723,0.03142392262816429,0.09402299672365189,0.09402299672365189,0.03142392262816429
sac_stackcube_20261007T163640_e814ffc5,StackCube-v1,sac,policy_gradient_steps,10000,15000,alpha_loss,all_update_events_exact_quantiles,5000,0,0.36567419287264347,0.3462287187576294,0.5878674417734147,0.6163874256610871,0.18506738543510437,0.624859094619751,0.624859094619751,0.1874920129776001
sac_stackcube_20261007T163640_e814ffc5,StackCube-v1,sac,policy_gradient_steps,10000,15000,entropy_estimate,all_update_events_exact_quantiles,5000,0,2.3597807225227356,2.3974798917770386,2.6119534492492678,2.635650007724762,1.8330838680267334,2.669729709625244,2.669729709625244,1.9652495384216309
sac_stackcube_20261007T163640_e814ffc5,StackCube-v1,sac,real_env_steps,30000,40000,actor_loss,all_update_events_exact_quantiles,5008,0,-0.8980374306964036,-0.8798858523368835,-0.7815036326646805,-0.7709215635061263,-1.1139929294586182,-0.7569943070411682,1.1139929294586182,-0.7785784602165222
sac_stackcube_20261007T163640_e814ffc5,StackCube-v1,sac,real_env_steps,30000,40000,critic_loss,all_update_events_exact_quantiles,5008,0,0.0015798694769208045,0.0015427612233906984,0.0021006531082093712,0.002395700556226075,0.0009718512883409858,0.0027928221970796585,0.0027928221970796585,0.0020835783798247576
sac_stackcube_20261007T163640_e814ffc5,StackCube-v1,sac,real_env_steps,30000,40000,policy_q_min_mean,all_update_events_exact_quantiles,5008,0,0.8410671241700459,0.8281601667404175,0.9624398380517959,0.985276163816452,0.7349227666854858,1.003122091293335,1.003122091293335,0.7571650743484497
sac_stackcube_20261007T163640_e814ffc5,StackCube-v1,sac,real_env_steps,30000,40000,alpha,all_update_events_exact_quantiles,5008,0,0.029570142853076752,0.02814126294106245,0.04584886953234672,0.04790053602308035,0.016521373763680458,0.04842826724052429,0.04842826724052429,0.016521373763680458
sac_stackcube_20261007T163640_e814ffc5,StackCube-v1,sac,real_env_steps,30000,40000,alpha_loss,all_update_events_exact_quantiles,5008,0,0.17527637063873747,0.1648956909775734,0.2882319658994675,0.30270203769207,0.08485715836286545,0.3082394003868103,0.3082394003868103,0.08751276135444641
sac_stackcube_20261007T163640_e814ffc5,StackCube-v1,sac,real_env_steps,30000,40000,entropy_estimate,all_update_events_exact_quantiles,5008,0,1.8305662379811367,1.85765939950943,2.2883208870887755,2.337621169090271,1.1083210706710815,2.4218411445617676,2.4218411445617676,1.2958303689956665
sac_stackcube_20261007T163640_e814ffc5,StackCube-v1,sac,policy_gradient_steps,15000,20000,actor_loss,all_update_events_exact_quantiles,5000,0,-0.8036299668192863,-0.7906604111194611,-0.7438074231147767,-0.7349588346481323,-0.937360405921936,-0.7131784558296204,0.937360405921936,-0.7560056447982788
sac_stackcube_20261007T163640_e814ffc5,StackCube-v1,sac,policy_gradient_steps,15000,20000,critic_loss,all_update_events_exact_quantiles,5000,0,0.0018491794442525133,0.0018068269710056484,0.002525047294329852,0.0028400622098706664,0.0009718512883409858,0.0033986021298915148,0.0033986021298915148,0.002586295595392585
sac_stackcube_20261007T163640_e814ffc5,StackCube-v1,sac,policy_gradient_steps,15000,20000,policy_q_min_mean,all_update_events_exact_quantiles,5000,0,0.775492659664154,0.7657342255115509,0.8412210285663605,0.8545203900337219,0.7048696875572205,0.8770711421966553,0.8770711421966553,0.750325083732605
sac_stackcube_20261007T163640_e814ffc5,StackCube-v1,sac,policy_gradient_steps,15000,20000,alpha,all_update_events_exact_quantiles,5000,0,0.0193297304129228,0.018418384715914726,0.029769810289144518,0.031080556847155095,0.010937199927866459,0.03141714632511139,0.03141714632511139,0.010937199927866459
sac_stackcube_20261007T163640_e814ffc5,StackCube-v1,sac,policy_gradient_steps,15000,20000,alpha_loss,all_update_events_exact_quantiles,5000,0,0.10547261812314392,0.09891767799854279,0.1760642521083355,0.18504529252648355,0.048044659197330475,0.19083867967128754,0.19083867967128754,0.049438297748565674
sac_stackcube_20261007T163640_e814ffc5,StackCube-v1,sac,policy_gradient_steps,15000,20000,entropy_estimate,all_update_events_exact_quantiles,5000,0,1.3371904845774174,1.3687618374824524,1.9154919505119323,1.9861057090759278,0.3909863233566284,2.1242525577545166,2.1242525577545166,0.5192762017250061
sac_stackcube_20261007T163640_e814ffc5,StackCube-v1,sac,real_env_steps,40000,50000,actor_loss,all_update_events_exact_quantiles,4992,0,-0.7609143351706175,-0.7568364441394806,-0.7336439728736878,-0.725751963853836,-0.8538656830787659,-0.7120854258537292,0.8538656830787659,-0.8118118047714233
sac_stackcube_20261007T163640_e814ffc5,StackCube-v1,sac,real_env_steps,40000,50000,critic_loss,all_update_events_exact_quantiles,4992,0,0.002964574578888856,0.002615445526316762,0.005216435319744051,0.006180365951731802,0.001270171022042632,0.008878405205905437,0.008878405205905437,0.005558772943913937
sac_stackcube_20261007T163640_e814ffc5,StackCube-v1,sac,real_env_steps,40000,50000,policy_q_min_mean,all_update_events_exact_quantiles,4992,0,0.7560740334387773,0.7496024370193481,0.8125435531139373,0.8363822567462922,0.7048696875572205,0.8598280549049377,0.8598280549049377,0.820468544960022
sac_stackcube_20261007T163640_e814ffc5,StackCube-v1,sac,real_env_steps,40000,50000,alpha,all_update_events_exact_quantiles,4992,0,0.010326123128507812,0.00984909338876605,0.015675246156752108,0.01634542975574732,0.006092443130910397,0.016517899930477142,0.016517899930477142,0.006092443130910397
sac_stackcube_20261007T163640_e814ffc5,StackCube-v1,sac,real_env_steps,40000,50000,alpha_loss,all_update_events_exact_quantiles,4992,0,0.046153151009863135,0.043308075517416,0.08061079271137714,0.08510916322469712,0.015464328229427338,0.08827924728393555,0.08827924728393555,0.015717122703790665
sac_stackcube_20261007T163640_e814ffc5,StackCube-v1,sac,real_env_steps,40000,50000,entropy_estimate,all_update_events_exact_quantiles,4992,0,0.29169945180388496,0.40218037366867065,1.1501145601272582,1.2370571160316468,-1.489184021949768,1.353875994682312,1.489184021949768,-1.4206559658050537
sac_stackcube_20261007T163640_e814ffc5,StackCube-v1,sac,policy_gradient_steps,20000,25000,actor_loss,all_update_events_exact_quantiles,5000,0,-0.8194286100387573,-0.7887512445449829,-0.7345144212245941,-0.7261072272062301,-1.0113376379013062,-0.7120854258537292,1.0113376379013062,-0.9955053329467773
sac_stackcube_20261007T163640_e814ffc5,StackCube-v1,sac,policy_gradient_steps,20000,25000,critic_loss,all_update_events_exact_quantiles,5000,0,0.004610565069573931,0.004624307621270418,0.0072602734901011,0.008108825841918589,0.0017146237660199404,0.010180887766182423,0.010180887766182423,0.0067250714637339115
sac_stackcube_20261007T163640_e814ffc5,StackCube-v1,sac,policy_gradient_steps,20000,25000,policy_q_min_mean,all_update_events_exact_quantiles,5000,0,0.8233257948279381,0.7931856513023376,0.9669128477573395,0.9881923091411592,0.7068974375724792,1.0219330787658691,1.0219330787658691,1.0062223672866821
sac_stackcube_20261007T163640_e814ffc5,StackCube-v1,sac,policy_gradient_steps,20000,25000,alpha,all_update_events_exact_quantiles,5000,0,0.007019167628698051,0.006664493586868048,0.010388752352446318,0.01082320511341095,0.004458331968635321,0.010934973135590553,0.010934973135590553,0.004458331968635321
sac_stackcube_20261007T163640_e814ffc5,StackCube-v1,sac,policy_gradient_steps,20000,25000,alpha_loss,all_update_events_exact_quantiles,5000,0,0.024184669640567154,0.02202048059552908,0.04675705451518297,0.049649552628397944,0.005687595345079899,0.05202149972319603,0.05202149972319603,0.007119089365005493
sac_stackcube_20261007T163640_e814ffc5,StackCube-v1,sac,policy_gradient_steps,20000,25000,entropy_estimate,all_update_events_exact_quantiles,5000,0,-0.7961821428680792,-0.7107301950454712,0.5035752803087236,0.6161638164520266,-2.75777530670166,0.8054956793785095,2.75777530670166,-2.4034411907196045
sac_stackcube_20261007T163640_e814ffc5,StackCube-v1,sac,real_env_steps,50000,60000,actor_loss,all_update_events_exact_quantiles,5008,0,-0.9956981911660193,-0.9999673664569855,-0.8495650887489319,-0.82619791328907,-1.2143442630767822,-0.7931708097457886,1.2143442630767822,-1.1149003505706787
sac_stackcube_20261007T163640_e814ffc5,StackCube-v1,sac,real_env_steps,50000,60000,critic_loss,all_update_events_exact_quantiles,5008,0,0.0071577627827173855,0.007169907912611961,0.0090636083856225,0.009914365261793139,0.003684861119836569,0.012707204557955265,0.012707204557955265,0.007359055802226067
sac_stackcube_20261007T163640_e814ffc5,StackCube-v1,sac,real_env_steps,50000,60000,policy_q_min_mean,all_update_events_exact_quantiles,5008,0,1.0062498606789037,1.01066392660141,1.1434608936309814,1.1682608211040497,0.8002761602401733,1.2264947891235352,1.2264947891235352,1.1267073154449463
sac_stackcube_20261007T163640_e814ffc5,StackCube-v1,sac,real_env_steps,50000,60000,alpha,all_update_events_exact_quantiles,5008,0,0.004302643801908741,0.004144893493503332,0.005838759755715728,0.006039522555656732,0.0031695212237536907,0.0060914321802556515,0.0060914321802556515,0.0031695212237536907
sac_stackcube_20261007T163640_e814ffc5,StackCube-v1,sac,real_env_steps,50000,60000,alpha_loss,all_update_events_exact_quantiles,5008,0,0.0066612413456039014,0.00554742431268096,0.015623107645660637,0.017286677882075312,-0.0006509032100439072,0.01889786310493946,0.01889786310493946,0.0008718158933334053
sac_stackcube_20261007T163640_e814ffc5,StackCube-v1,sac,real_env_steps,50000,60000,entropy_estimate,all_update_events_exact_quantiles,5008,0,-2.596212092168129,-2.6599416732788086,-1.3184984862804414,-1.1177586424350732,-4.204730033874512,-0.8385306000709534,4.204730033874512,-3.724954605102539
sac_stackcube_20261007T163640_e814ffc5,StackCube-v1,sac,policy_gradient_steps,25000,30000,actor_loss,all_update_events_exact_quantiles,5000,0,-1.1052045501708985,-1.111208438873291,-0.9815958380699158,-0.958524066209793,-1.2777537107467651,-0.9272438287734985,1.2777537107467651,-1.2557066679000854
sac_stackcube_20261007T163640_e814ffc5,StackCube-v1,sac,policy_gradient_steps,25000,30000,critic_loss,all_update_events_exact_quantiles,5000,0,0.007836586442496627,0.007768327835947275,0.009417653502896427,0.01031399683095515,0.005332457832992077,0.012707204557955265,0.012707204557955265,0.010060518980026245
sac_stackcube_20261007T163640_e814ffc5,StackCube-v1,sac,policy_gradient_steps,25000,30000,policy_q_min_mean,all_update_events_exact_quantiles,5000,0,1.116881880879402,1.1227121949195862,1.2330076813697814,1.257241141796112,0.9370917081832886,1.2903664112091064,1.2903664112091064,1.2685534954071045
sac_stackcube_20261007T163640_e814ffc5,StackCube-v1,sac,policy_gradient_steps,25000,30000,alpha,all_update_events_exact_quantiles,5000,0,0.003456189280655235,0.003293242189101875,0.004299943265505135,0.0044254134874790905,0.0030537943821400404,0.004457647446542978,0.004457647446542978,0.0030864549335092306
sac_stackcube_20261007T163640_e814ffc5,StackCube-v1,sac,policy_gradient_steps,25000,30000,alpha_loss,all_update_events_exact_quantiles,5000,0,0.0021485245887673953,0.0014619967550970614,0.006401743483729663,0.0074635551404207984,-0.0013751690275967121,0.008403830230236053,0.008403830230236053,-0.0005015461938455701
sac_stackcube_20261007T163640_e814ffc5,StackCube-v1,sac,policy_gradient_steps,25000,30000,entropy_estimate,all_update_events_exact_quantiles,5000,0,-3.4400998264312745,-3.5515570640563965,-2.5079653739929197,-2.288197638988495,-4.449478626251221,-2.110751152038574,4.449478626251221,-4.16250467300415
sac_stackcube_20261007T163640_e814ffc5,StackCube-v1,sac,real_env_steps,60000,70000,actor_loss,all_update_events_exact_quantiles,4992,0,-1.23232785340112,-1.2351259589195251,-1.1429678738117217,-1.1200569224357604,-1.3974988460540771,-1.0723639726638794,1.3974988460540771,-1.3107943534851074
sac_stackcube_20261007T163640_e814ffc5,StackCube-v1,sac,real_env_steps,60000,70000,critic_loss,all_update_events_exact_quantiles,4992,0,0.00789663572262119,0.007800685940310359,0.00944431135430932,0.010386899765580894,0.005504986271262169,0.01648790016770363,0.01648790016770363,0.006931995507329702
sac_stackcube_20261007T163640_e814ffc5,StackCube-v1,sac,real_env_steps,60000,70000,policy_q_min_mean,all_update_events_exact_quantiles,4992,0,1.2451392065208309,1.2477813959121704,1.3291113674640656,1.3519911873340607,1.0839083194732666,1.4125480651855469,1.4125480651855469,1.3247148990631104
sac_stackcube_20261007T163640_e814ffc5,StackCube-v1,sac,real_env_steps,60000,70000,alpha,all_update_events_exact_quantiles,4992,0,0.003201696225891609,0.0031539490446448326,0.0034378624404780567,0.0034611860103905203,0.0030537943821400404,0.003474925411865115,0.003474925411865115,0.003474925411865115
sac_stackcube_20261007T163640_e814ffc5,StackCube-v1,sac,real_env_steps,60000,70000,alpha_loss,all_update_events_exact_quantiles,4992,0,-4.812388326423062e-06,-1.3914868759457022e-05,0.0008247762278188014,0.0012507252907380474,-0.00148441968485713,0.002168175997212529,0.002168175997212529,-2.2437838197220117e-05
sac_stackcube_20261007T163640_e814ffc5,StackCube-v1,sac,real_env_steps,60000,70000,entropy_estimate,all_update_events_exact_quantiles,4992,0,-4.000712221154036,-4.004411697387695,-3.737333905696869,-3.6005737733840943,-4.464687347412109,-3.305258274078369,4.464687347412109,-4.006457805633545
sac_stackcube_20261007T163640_e814ffc5,StackCube-v1,sac,policy_gradient_steps,30000,35000,actor_loss,all_update_events_exact_quantiles,5000,0,-1.2935356218099594,-1.2936040163040161,-1.2163360059261321,-1.1937764596939087,-1.453674077987671,-1.1626299619674683,1.453674077987671,-1.3864529132843018
sac_stackcube_20261007T163640_e814ffc5,StackCube-v1,sac,policy_gradient_steps,30000,35000,critic_loss,all_update_events_exact_quantiles,5000,0,0.007751617694739252,0.007651498774066567,0.009297606348991395,0.010196506101638083,0.005504986271262169,0.01648790016770363,0.01648790016770363,0.007117092609405518
sac_stackcube_20261007T163640_e814ffc5,StackCube-v1,sac,policy_gradient_steps,30000,35000,policy_q_min_mean,all_update_events_exact_quantiles,5000,0,1.3071107924938201,1.3072762489318848,1.3827536642551421,1.405514714717865,1.1746225357055664,1.4690769910812378,1.4690769910812378,1.4009236097335815
sac_stackcube_20261007T163640_e814ffc5,StackCube-v1,sac,policy_gradient_steps,30000,35000,alpha,all_update_events_exact_quantiles,5000,0,0.003373525639763102,0.0033978690626099706,0.003549516398925334,0.003555016650352627,0.0030865829903632402,0.0035585437435656786,0.0035585437435656786,0.003556943731382489
sac_stackcube_20261007T163640_e814ffc5,StackCube-v1,sac,policy_gradient_steps,30000,35000,alpha_loss,all_update_events_exact_quantiles,5000,0,-8.144339590326126e-05,-7.479294072254561e-05,0.0006413612136384472,0.000943148078513332,-0.00148441968485713,0.00138667575083673,0.00148441968485713,-0.00024331576423719525
sac_stackcube_20261007T163640_e814ffc5,StackCube-v1,sac,policy_gradient_steps,30000,35000,entropy_estimate,all_update_events_exact_quantiles,5000,0,-4.024978804683685,-4.022495269775391,-3.811940813064575,-3.723995735645294,-4.464687347412109,-3.589585781097412,4.464687347412109,-4.068408012390137
sac_stackcube_20261007T163640_e814ffc5,StackCube-v1,sac,real_env_steps,70000,80000,actor_loss,all_update_events_exact_quantiles,5008,0,-1.3764001157717964,-1.3764373660087585,-1.3014636278152465,-1.2772255837917328,-1.5103386640548706,-1.2206780910491943,1.5103386640548706,-1.4380189180374146
sac_stackcube_20261007T163640_e814ffc5,StackCube-v1,sac,real_env_steps,70000,80000,critic_loss,all_update_events_exact_quantiles,5008,0,0.007369284814959332,0.007295512827113271,0.0087784752715379,0.009696959489956502,0.005223551765084267,0.012589438818395138,0.012589438818395138,0.006979452911764383
sac_stackcube_20261007T163640_e814ffc5,StackCube-v1,sac,real_env_steps,70000,80000,policy_q_min_mean,all_update_events_exact_quantiles,5008,0,1.3907632382390218,1.3909047842025757,1.467080008983612,1.489803057909012,1.23466157913208,1.5256304740905762,1.5256304740905762,1.4530179500579834
sac_stackcube_20261007T163640_e814ffc5,StackCube-v1,sac,real_env_steps,70000,80000,alpha,all_update_events_exact_quantiles,5008,0,0.0035866321427725292,0.003585467115044594,0.003681035013869405,0.0036867587175220254,0.003475273260846734,0.0036901349667459726,0.0036901349667459726,0.003669311059638858
sac_stackcube_20261007T163640_e814ffc5,StackCube-v1,sac,real_env_steps,70000,80000,alpha_loss,all_update_events_exact_quantiles,5008,0,-1.674813607698856e-05,-1.0681487765396014e-05,0.0006838781118858599,0.0009599669929593809,-0.001456348691135645,0.0013380642049014568,0.001456348691135645,-0.0003215157485101372
sac_stackcube_20261007T163640_e814ffc5,StackCube-v1,sac,real_env_steps,70000,80000,entropy_estimate,all_update_events_exact_quantiles,5008,0,-4.0047413437320785,-4.003010034561157,-3.8087098360061646,-3.7316419100761413,-4.405200004577637,-3.6177287101745605,4.405200004577637,-4.087620735168457
sac_stackcube_20261007T163640_e814ffc5,StackCube-v1,sac,policy_gradient_steps,35000,40000,actor_loss,all_update_events_exact_quantiles,5000,0,-1.4259063278198243,-1.4268860816955566,-1.3557625532150268,-1.3286976325511932,-1.5780643224716187,-1.2784324884414673,1.5780643224716187,-1.459057092666626
sac_stackcube_20261007T163640_e814ffc5,StackCube-v1,sac,policy_gradient_steps,35000,40000,critic_loss,all_update_events_exact_quantiles,5000,0,0.00720791117073968,0.0071324382442981005,0.008561099460348488,0.009426820017397407,0.005223551765084267,0.012589438818395138,0.012589438818395138,0.006114366464316845
sac_stackcube_20261007T163640_e814ffc5,StackCube-v1,sac,policy_gradient_steps,35000,40000,policy_q_min_mean,all_update_events_exact_quantiles,5000,0,1.4405296887159347,1.4415470957756042,1.5104851961135863,1.5337014949321748,1.2922418117523193,1.5934687852859497,1.5934687852859497,1.4733834266662598
sac_stackcube_20261007T163640_e814ffc5,StackCube-v1,sac,policy_gradient_steps,35000,40000,alpha,all_update_events_exact_quantiles,5000,0,0.003653138347575441,0.00366650044452399,0.0036971895024180412,0.003703821450471878,0.0035571560729295015,0.0037105069495737553,0.0037105069495737553,0.003694254672154784
sac_stackcube_20261007T163640_e814ffc5,StackCube-v1,sac,policy_gradient_steps,35000,40000,alpha_loss,all_update_events_exact_quantiles,5000,0,-1.0916943760094e-05,-8.384668035432696e-06,0.0006968418543692681,0.0009601919015403849,-0.001456348691135645,0.0014831958105787635,0.0014831958105787635,0.00045242387568578124
sac_stackcube_20261007T163640_e814ffc5,StackCube-v1,sac,policy_gradient_steps,35000,40000,entropy_estimate,all_update_events_exact_quantiles,5000,0,-4.003064591979981,-4.002282381057739,-3.8084808349609376,-3.7363659453392026,-4.401313304901123,-3.5995101928710938,4.401313304901123,-3.8775479793548584
sac_stackcube_20261007T163640_e814ffc5,StackCube-v1,sac,real_env_steps,80000,90000,actor_loss,all_update_events_exact_quantiles,4992,0,-1.4924416314237392,-1.4939625263214111,-1.4254587590694427,-1.4041690957546233,-1.6164027452468872,-1.3684035539627075,1.6164027452468872,-1.5186333656311035
sac_stackcube_20261007T163640_e814ffc5,StackCube-v1,sac,real_env_steps,80000,90000,critic_loss,all_update_events_exact_quantiles,4992,0,0.007002788977656447,0.0069279668387025595,0.008324797032400966,0.009244892913848163,0.0050891125574707985,0.011860489845275879,0.011860489845275879,0.007801612839102745
sac_stackcube_20261007T163640_e814ffc5,StackCube-v1,sac,real_env_steps,80000,90000,policy_q_min_mean,all_update_events_exact_quantiles,4992,0,1.5073105650595748,1.5088253021240234,1.571261042356491,1.5929556047916413,1.382840871810913,1.6322579383850098,1.6322579383850098,1.5329291820526123
sac_stackcube_20261007T163640_e814ffc5,StackCube-v1,sac,real_env_steps,80000,90000,alpha,all_update_events_exact_quantiles,4992,0,0.003715237701982961,0.0037149277050048113,0.0037653793464414776,0.0037760075554251673,0.0036560322623699903,0.0037831671070307493,0.0037831671070307493,0.00377449463121593
sac_stackcube_20261007T163640_e814ffc5,StackCube-v1,sac,real_env_steps,80000,90000,alpha_loss,all_update_events_exact_quantiles,4992,0,-8.067129008337268e-06,-2.6760026230476797e-06,0.0007106426579412071,0.0009819461405277256,-0.0019332895753905177,0.0017037737416103482,0.0019332895753905177,0.0008025807328522205
sac_stackcube_20261007T163640_e814ffc5,StackCube-v1,sac,real_env_steps,80000,90000,entropy_estimate,all_update_events_exact_quantiles,4992,0,-4.002220687098228,-4.000721216201782,-3.8086197257041934,-3.734817097187042,-4.519165992736816,-3.543793201446533,4.519165992736816,-3.7873735427856445
sac_stackcube_20261007T163640_e814ffc5,StackCube-v1,sac,policy_gradient_steps,40000,45000,actor_loss,all_update_events_exact_quantiles,5000,0,-1.5318376026391982,-1.5327129364013672,-1.4706891059875489,-1.4481466507911682,-1.647860050201416,-1.4171996116638184,1.647860050201416,-1.5496654510498047
sac_stackcube_20261007T163640_e814ffc5,StackCube-v1,sac,policy_gradient_steps,40000,45000,critic_loss,all_update_events_exact_quantiles,5000,0,0.006881735461577773,0.006804642966017127,0.008199211163446306,0.009005969697609546,0.005013376474380493,0.011860489845275879,0.011860489845275879,0.007098873145878315
sac_stackcube_20261007T163640_e814ffc5,StackCube-v1,sac,policy_gradient_steps,40000,45000,policy_q_min_mean,all_update_events_exact_quantiles,5000,0,1.5468453973531724,1.5477277040481567,1.6075910687446595,1.6322324466705322,1.4323959350585938,1.662909746170044,1.662909746170044,1.5644116401672363
sac_stackcube_20261007T163640_e814ffc5,StackCube-v1,sac,policy_gradient_steps,40000,45000,alpha,all_update_events_exact_quantiles,5000,0,0.0037511931990273297,0.003749696770682931,0.0038011965923942627,0.00380861688638106,0.003692343831062317,0.003813544288277626,0.003813544288277626,0.003729752264916897
sac_stackcube_20261007T163640_e814ffc5,StackCube-v1,sac,policy_gradient_steps,40000,45000,alpha_loss,all_update_events_exact_quantiles,5000,0,-3.0507899879012256e-06,4.24384415964596e-06,0.0006854397535789758,0.000947363000595944,-0.0019332895753905177,0.0017037737416103482,0.0019332895753905177,0.00017260653839912266
sac_stackcube_20261007T163640_e814ffc5,StackCube-v1,sac,policy_gradient_steps,40000,45000,entropy_estimate,all_update_events_exact_quantiles,5000,0,-4.000873005056381,-3.9988702535629272,-3.8175538182258606,-3.749326770305633,-4.519165992736816,-3.543793201446533,4.519165992736816,-3.953721046447754
sac_stackcube_20261007T163640_e814ffc5,StackCube-v1,sac,real_env_steps,90000,100000,actor_loss,all_update_events_exact_quantiles,5008,0,-1.5843505556352984,-1.5845054984092712,-1.5257227659225463,-1.5040816497802734,-1.7101397514343262,-1.4563939571380615,1.7101397514343262,-1.608707308769226
sac_stackcube_20261007T163640_e814ffc5,StackCube-v1,sac,real_env_steps,90000,100000,critic_loss,all_update_events_exact_quantiles,5008,0,0.006847644458151461,0.006763277342543006,0.00824904623441398,0.009039454963058236,0.004866098053753376,0.011600899510085583,0.011600899510085583,0.005836164578795433
sac_stackcube_20261007T163640_e814ffc5,StackCube-v1,sac,real_env_steps,90000,100000,policy_q_min_mean,all_update_events_exact_quantiles,5008,0,1.5993698922732769,1.5993893146514893,1.6580902695655821,1.6834249198436737,1.471434473991394,1.7251917123794556,1.7251917123794556,1.6233785152435303
sac_stackcube_20261007T163640_e814ffc5,StackCube-v1,sac,real_env_steps,90000,100000,alpha,all_update_events_exact_quantiles,5008,0,0.0037552593248474527,0.0037514028372243047,0.0038011934608221053,0.003808594986330718,0.003715232480317354,0.003813544288277626,0.003813544288277626,0.003759673796594143
sac_stackcube_20261007T163640_e814ffc5,StackCube-v1,sac,real_env_steps,90000,100000,alpha_loss,all_update_events_exact_quantiles,5008,0,1.7128312994025883e-06,3.133100108243525e-07,0.0006823619129136203,0.000949709744891153,-0.0013602938270196319,0.0014200583100318909,0.0014200583100318909,0.0003697750507853925
sac_stackcube_20261007T163640_e814ffc5,StackCube-v1,sac,real_env_steps,90000,100000,entropy_estimate,all_update_events_exact_quantiles,5008,0,-3.999592748265297,-3.9999176263809204,-3.818718409538269,-3.7493932032585144,-4.362932205200195,-3.625142812728882,4.362932205200195,-3.901662826538086
sac_stackcube_20261007T163640_e814ffc5,StackCube-v1,sac,policy_gradient_steps,45000,50000,actor_loss,all_update_events_exact_quantiles,5000,0,-1.6166020451784133,-1.6164507865905762,-1.559565645456314,-1.5363716757297516,-1.7239689826965332,-1.5083930492401123,1.7239689826965332,-1.6627750396728516
sac_stackcube_20261007T163640_e814ffc5,StackCube-v1,sac,policy_gradient_steps,45000,50000,critic_loss,all_update_events_exact_quantiles,5000,0,0.006745443960931152,0.006657845806330442,0.008116623060777784,0.009016885971650485,0.004675815347582102,0.011600899510085583,0.011600899510085583,0.006410227157175541
sac_stackcube_20261007T163640_e814ffc5,StackCube-v1,sac,policy_gradient_steps,45000,50000,policy_q_min_mean,all_update_events_exact_quantiles,5000,0,1.63154324760437,1.6314976215362549,1.6892328321933747,1.7109017539024354,1.523297667503357,1.7381527423858643,1.7381527423858643,1.6771585941314697
sac_stackcube_20261007T163640_e814ffc5,StackCube-v1,sac,policy_gradient_steps,45000,50000,alpha,all_update_events_exact_quantiles,5000,0,0.003736211233679205,0.0037402795860543847,0.003762731223832816,0.003770140092819929,0.003682349808514118,0.003779822262004018,0.003779822262004018,0.0036862746346741915
sac_stackcube_20261007T163640_e814ffc5,StackCube-v1,sac,policy_gradient_steps,45000,50000,alpha_loss,all_update_events_exact_quantiles,5000,0,3.677303871154436e-06,-5.245856300462037e-07,0.0006755953305400908,0.0009678924659965565,-0.001377403736114502,0.0014007622376084328,0.0014007622376084328,0.0003630637947935611
sac_stackcube_20261007T163640_e814ffc5,StackCube-v1,sac,policy_gradient_steps,45000,50000,entropy_estimate,all_update_events_exact_quantiles,5000,0,-3.9990566960811615,-4.00014066696167,-3.820213997364044,-3.7412111258506773,-4.368588447570801,-3.6261754035949707,4.368588447570801,-3.9015204906463623
sac_stackcube_20261007T163640_e814ffc5,StackCube-v1,sac,real_env_steps,100000,110000,actor_loss,all_update_events_exact_quantiles,4992,0,-1.6630801057490783,-1.6626662611961365,-1.6058696031570434,-1.5845015692710875,-1.7813801765441895,-1.527138113975525,1.7813801765441895,-1.690093755722046
sac_stackcube_20261007T163640_e814ffc5,StackCube-v1,sac,real_env_steps,100000,110000,critic_loss,all_update_events_exact_quantiles,4992,0,0.006619930624135752,0.006540951551869512,0.007957110879942775,0.008835713667795063,0.004675815347582102,0.01034509763121605,0.01034509763121605,0.0068311989307403564
sac_stackcube_20261007T163640_e814ffc5,StackCube-v1,sac,real_env_steps,100000,110000,policy_q_min_mean,all_update_events_exact_quantiles,4992,0,1.67779317459999,1.6773837804794312,1.7355428695678712,1.7557089948654176,1.5423504114151,1.7954559326171875,1.7954559326171875,1.7045559883117676
sac_stackcube_20261007T163640_e814ffc5,StackCube-v1,sac,real_env_steps,100000,110000,alpha,all_update_events_exact_quantiles,4992,0,0.003680971613460152,0.003684738650918007,0.0037492613308131697,0.0037652534898370504,0.003605923382565379,0.0037702566478401423,0.0037702566478401423,0.003605923382565379
sac_stackcube_20261007T163640_e814ffc5,StackCube-v1,sac,real_env_steps,100000,110000,alpha_loss,all_update_events_exact_quantiles,4992,0,1.0940161665655814e-05,1.0682500942493789e-05,0.0006591717043193056,0.0009311424178304152,-0.001562264165841043,0.0017495109932497144,0.0017495109932497144,-3.7245066778268665e-05
sac_stackcube_20261007T163640_e814ffc5,StackCube-v1,sac,real_env_steps,100000,110000,entropy_estimate,all_update_events_exact_quantiles,4992,0,-3.9970708291213484,-3.997107982635498,-3.8221668124198915,-3.746834964752197,-4.423924922943115,-3.5215206146240234,4.423924922943115,-4.0103278160095215
sac_stackcube_20261007T163640_e814ffc5,StackCube-v1,sac,policy_gradient_steps,50000,55000,actor_loss,all_update_events_exact_quantiles,5000,0,-1.6926734583616256,-1.69322669506073,-1.6371294736862183,-1.6147634494304657,-1.812265396118164,-1.5845122337341309,1.812265396118164,-1.7466707229614258
sac_stackcube_20261007T163640_e814ffc5,StackCube-v1,sac,policy_gradient_steps,50000,55000,critic_loss,all_update_events_exact_quantiles,5000,0,0.006539477589726448,0.006450992310419679,0.00791061702184379,0.008745258804410697,0.004441894590854645,0.010383708402514458,0.010383708402514458,0.005739004351198673
sac_stackcube_20261007T163640_e814ffc5,StackCube-v1,sac,policy_gradient_steps,50000,55000,policy_q_min_mean,all_update_events_exact_quantiles,5000,0,1.7072425083637237,1.7078242301940918,1.762700468301773,1.785865570306778,1.5990632772445679,1.8260337114334106,1.8260337114334106,1.7608534097671509
sac_stackcube_20261007T163640_e814ffc5,StackCube-v1,sac,policy_gradient_steps,50000,55000,alpha,all_update_events_exact_quantiles,5000,0,0.0036424092849716544,0.003633543150499463,0.0036896932404488327,0.003694605631753802,0.003587962593883276,0.003702380694448948,0.003702380694448948,0.003673239378258586
sac_stackcube_20261007T163640_e814ffc5,StackCube-v1,sac,policy_gradient_steps,50000,55000,alpha_loss,all_update_events_exact_quantiles,5000,0,5.976709453534568e-07,1.7760557966539636e-06,0.0006609685573494062,0.0009184276033192885,-0.001562264165841043,0.0017495109932497144,0.0017495109932497144,0.0005101974820718169
sac_stackcube_20261007T163640_e814ffc5,StackCube-v1,sac,policy_gradient_steps,50000,55000,entropy_estimate,all_update_events_exact_quantiles,5000,0,-3.9998852439880372,-3.9995163679122925,-3.8191632270812987,-3.7471846389770507,-4.423924922943115,-3.5215206146240234,4.423924922943115,-3.8611037731170654
sac_stackcube_20261007T163640_e814ffc5,StackCube-v1,sac,real_env_steps,110000,120000,actor_loss,all_update_events_exact_quantiles,5008,0,-1.7349238874622808,-1.734064757823944,-1.6789738833904266,-1.6572594666481018,-1.8405914306640625,-1.6336488723754883,1.8405914306640625,-1.7606964111328125
sac_stackcube_20261007T163640_e814ffc5,StackCube-v1,sac,real_env_steps,110000,120000,critic_loss,all_update_events_exact_quantiles,5008,0,0.00621391321651819,0.00612321961671114,0.007491806196048855,0.008252348126843573,0.004181272350251675,0.010383708402514458,0.010383708402514458,0.00587070919573307
sac_stackcube_20261007T163640_e814ffc5,StackCube-v1,sac,real_env_steps,110000,120000,policy_q_min_mean,all_update_events_exact_quantiles,5008,0,1.7493050057714739,1.748400866985321,1.8058486104011535,1.8264288687705994,1.6477103233337402,1.8553353548049927,1.8553353548049927,1.7750022411346436
sac_stackcube_20261007T163640_e814ffc5,StackCube-v1,sac,real_env_steps,110000,120000,alpha,all_update_events_exact_quantiles,5008,0,0.003596930362090034,0.0036030745832249522,0.003658305085264146,0.0036720717628486456,0.0034959143958985806,0.003676340915262699,0.003676340915262699,0.0035163473803550005
sac_stackcube_20261007T163640_e814ffc5,StackCube-v1,sac,real_env_steps,110000,120000,alpha_loss,all_update_events_exact_quantiles,5008,0,6.6738024048817945e-06,1.112476093112491e-05,0.0006616870930884033,0.000928793750354089,-0.0016054599545896053,0.0014887453289702535,0.0016054599545896053,-0.00024043220037128776
sac_stackcube_20261007T163640_e814ffc5,StackCube-v1,sac,real_env_steps,110000,120000,entropy_estimate,all_update_events_exact_quantiles,5008,0,-3.9981772713958263,-3.996924042701721,-3.816145467758179,-3.741869282722473,-4.455761909484863,-3.5894556045532227,4.455761909484863,-4.068375587463379
sac_stackcube_20261007T163640_e814ffc5,StackCube-v1,sac,policy_gradient_steps,55000,60000,actor_loss,all_update_events_exact_quantiles,5000,0,-1.7626885376930237,-1.763131022453308,-1.704620373249054,-1.683188784122467,-1.8711011409759521,-1.6450612545013428,1.8711011409759521,-1.80397629737854
sac_stackcube_20261007T163640_e814ffc5,StackCube-v1,sac,policy_gradient_steps,55000,60000,critic_loss,all_update_events_exact_quantiles,5000,0,0.006038526652753353,0.005953560583293438,0.0072134220739826565,0.008015178935602307,0.004181272350251675,0.009784743189811707,0.009784743189811707,0.007403322029858828
sac_stackcube_20261007T163640_e814ffc5,StackCube-v1,sac,policy_gradient_steps,55000,60000,policy_q_min_mean,all_update_events_exact_quantiles,5000,0,1.7768307274580002,1.777214229106903,1.834162324666977,1.8550776410102845,1.6598364114761353,1.8849306106567383,1.8849306106567383,1.8184034824371338
sac_stackcube_20261007T163640_e814ffc5,StackCube-v1,sac,policy_gradient_steps,55000,60000,alpha,all_update_events_exact_quantiles,5000,0,0.003538673384021968,0.0035372974816709757,0.0036250289645977317,0.003663369764108211,0.0034482793416827917,0.0036731516011059284,0.0036731516011059284,0.0034960659686475992
sac_stackcube_20261007T163640_e814ffc5,StackCube-v1,sac,policy_gradient_steps,55000,60000,alpha_loss,all_update_events_exact_quantiles,5000,0,1.2644395312236157e-05,1.9978120690211654e-05,0.000649569497909397,0.0009053094644332314,-0.0016054599545896053,0.0013721364084631205,0.0016054599545896053,-0.00044597467058338225
sac_stackcube_20261007T163640_e814ffc5,StackCube-v1,sac,policy_gradient_steps,55000,60000,entropy_estimate,all_update_events_exact_quantiles,5000,0,-3.9965265010356905,-3.994358539581299,-3.816454768180847,-3.7423277139663695,-4.455761909484863,-3.6194686889648438,4.455761909484863,-4.127593040466309
sac_stackcube_20261007T163640_e814ffc5,StackCube-v1,sac,real_env_steps,120000,130000,actor_loss,all_update_events_exact_quantiles,4992,0,-1.8045938118623617,-1.8044397234916687,-1.7493716061115265,-1.7233405196666718,-1.9267239570617676,-1.686086654663086,1.9267239570617676,-1.8477530479431152
sac_stackcube_20261007T163640_e814ffc5,StackCube-v1,sac,real_env_steps,120000,130000,critic_loss,all_update_events_exact_quantiles,4992,0,0.005899250610337521,0.005815199576318264,0.0070598931983113285,0.008020453620702032,0.0043254271149635315,0.011231295764446259,0.011231295764446259,0.0056628999300301075
sac_stackcube_20261007T163640_e814ffc5,StackCube-v1,sac,real_env_steps,120000,130000,policy_q_min_mean,all_update_events_exact_quantiles,4992,0,1.8184136503065627,1.8182763457298279,1.8734050512313842,1.8941776490211486,1.700317621231079,1.94010591506958,1.94010591506958,1.8610601425170898
sac_stackcube_20261007T163640_e814ffc5,StackCube-v1,sac,real_env_steps,120000,130000,alpha,all_update_events_exact_quantiles,4992,0,0.003457261286922193,0.00346426316536963,0.003503063728567213,0.0035196822043508293,0.003387230448424816,0.0035251379013061523,0.0035251379013061523,0.00339234946295619
sac_stackcube_20261007T163640_e814ffc5,StackCube-v1,sac,real_env_steps,120000,130000,alpha_loss,all_update_events_exact_quantiles,4992,0,9.30521877324672e-06,1.2690274161286652e-05,0.0006479717441834509,0.0008965503022773195,-0.001343122567050159,0.0012870491482317448,0.001343122567050159,0.00026295590214431286
sac_stackcube_20261007T163640_e814ffc5,StackCube-v1,sac,real_env_steps,120000,130000,entropy_estimate,all_update_events_exact_quantiles,4992,0,-3.9973586900398517,-3.996297001838684,-3.8124228835105898,-3.742281935214996,-4.387523174285889,-3.625702381134033,4.387523174285889,-3.922490119934082
sac_stackcube_20261007T163640_e814ffc5,StackCube-v1,sac,policy_gradient_steps,60000,65000,actor_loss,all_update_events_exact_quantiles,5000,0,-1.831435106229782,-1.831449806690216,-1.7748168110847473,-1.754753190279007,-1.972878336906433,-1.686086654663086,1.972878336906433,-1.8845064640045166
sac_stackcube_20261007T163640_e814ffc5,StackCube-v1,sac,policy_gradient_steps,60000,65000,critic_loss,all_update_events_exact_quantiles,5000,0,0.00576544491071254,0.005684886127710342,0.006905759661458433,0.007768513755872849,0.004294005688279867,0.011231295764446259,0.011231295764446259,0.005773654207587242
sac_stackcube_20261007T163640_e814ffc5,StackCube-v1,sac,policy_gradient_steps,60000,65000,policy_q_min_mean,all_update_events_exact_quantiles,5000,0,1.8451140048265458,1.8451603651046753,1.9014409542083741,1.9231991112232207,1.700317621231079,1.9862059354782104,1.9862059354782104,1.8977582454681396
sac_stackcube_20261007T163640_e814ffc5,StackCube-v1,sac,policy_gradient_steps,60000,65000,alpha,all_update_events_exact_quantiles,5000,0,0.0034224618766456843,0.003411519341170788,0.0034895312623120845,0.0034998239716514945,0.0033551782835274935,0.0035022497177124023,0.0035022497177124023,0.0033551782835274935
sac_stackcube_20261007T163640_e814ffc5,StackCube-v1,sac,policy_gradient_steps,60000,65000,alpha_loss,all_update_events_exact_quantiles,5000,0,1.1062335983297089e-05,1.499332211096771e-05,0.0006369439361151309,0.0008762319129891698,-0.0013695432571694255,0.001285329693928361,0.0013695432571694255,0.0001696669787634164
sac_stackcube_20261007T163640_e814ffc5,StackCube-v1,sac,policy_gradient_steps,60000,65000,entropy_estimate,all_update_events_exact_quantiles,5000,0,-3.9968228089809417,-3.9956681728363037,-3.8139402389526365,-3.7434310722351074,-4.403819561004639,-3.625702381134033,4.403819561004639,-3.949434280395508
sac_stackcube_20261007T163640_e814ffc5,StackCube-v1,sac,real_env_steps,130000,140000,actor_loss,all_update_events_exact_quantiles,5008,0,-1.8698561869252224,-1.8699586391448975,-1.8153489470481874,-1.7931169641017914,-1.9845614433288574,-1.7372384071350098,1.9845614433288574,-1.8916330337524414
sac_stackcube_20261007T163640_e814ffc5,StackCube-v1,sac,real_env_steps,130000,140000,critic_loss,all_update_events_exact_quantiles,5008,0,0.005585696167177179,0.0054974970407783985,0.006684048846364019,0.007566120428964502,0.00399783905595541,0.01152036339044571,0.01152036339044571,0.004807731136679649
sac_stackcube_20261007T163640_e814ffc5,StackCube-v1,sac,real_env_steps,130000,140000,policy_q_min_mean,all_update_events_exact_quantiles,5008,0,1.8833264723991434,1.8834501504898071,1.936396050453186,1.9574889731407166,1.7511959075927734,1.9978524446487427,1.9978524446487427,1.90463387966156
sac_stackcube_20261007T163640_e814ffc5,StackCube-v1,sac,real_env_steps,130000,140000,alpha,all_update_events_exact_quantiles,5008,0,0.003368865308091833,0.0033638504100963473,0.0034111259039491413,0.003417823361232877,0.0033114878460764885,0.003422056557610631,0.003422056557610631,0.0033208061940968037
sac_stackcube_20261007T163640_e814ffc5,StackCube-v1,sac,real_env_steps,130000,140000,alpha_loss,all_update_events_exact_quantiles,5008,0,5.233340778739747e-06,3.1048075470607728e-06,0.0006256842752918599,0.0008721841417718679,-0.0013695432571694255,0.0013566517736762762,0.0013695432571694255,0.00028282226412557065
sac_stackcube_20261007T163640_e814ffc5,StackCube-v1,sac,real_env_steps,130000,140000,entropy_estimate,all_update_events_exact_quantiles,5008,0,-3.9984894410585063,-3.999074697494507,-3.813658046722413,-3.741249437332153,-4.403819561004639,-3.5933852195739746,4.403819561004639,-3.9148364067077637
sac_stackcube_20261007T163640_e814ffc5,StackCube-v1,sac,policy_gradient_steps,65000,70000,actor_loss,all_update_events_exact_quantiles,5000,0,-1.8931484107494354,-1.8932867646217346,-1.840598326921463,-1.8202464497089386,-2.0008015632629395,-1.7626904249191284,2.0008015632629395,-1.9723715782165527
sac_stackcube_20261007T163640_e814ffc5,StackCube-v1,sac,policy_gradient_steps,65000,70000,critic_loss,all_update_events_exact_quantiles,5000,0,0.005487481188960373,0.005398015026003122,0.0066164806485176095,0.007545019527897243,0.00390697130933404,0.01152036339044571,0.01152036339044571,0.006002401001751423
sac_stackcube_20261007T163640_e814ffc5,StackCube-v1,sac,policy_gradient_steps,65000,70000,policy_q_min_mean,all_update_events_exact_quantiles,5000,0,1.9064657733678818,1.9065542817115784,1.9583748936653138,1.9812471902370452,1.7757883071899414,2.0137887001037598,2.0137887001037598,1.9851791858673096
sac_stackcube_20261007T163640_e814ffc5,StackCube-v1,sac,policy_gradient_steps,65000,70000,alpha,all_update_events_exact_quantiles,5000,0,0.003331348372111097,0.0033409225288778543,0.003369152988307178,0.0033773716376163066,0.0032456640619784594,0.0033867296297103167,0.0033867296297103167,0.0032502419780939817
sac_stackcube_20261007T163640_e814ffc5,StackCube-v1,sac,policy_gradient_steps,65000,70000,alpha_loss,all_update_events_exact_quantiles,5000,0,8.114252790255705e-06,9.677901289251167e-06,0.0006367592955939473,0.000881187623599545,-0.0013416619040071964,0.0014245007187128067,0.0014245007187128067,0.00019487569807097316
sac_stackcube_20261007T163640_e814ffc5,StackCube-v1,sac,policy_gradient_steps,65000,70000,entropy_estimate,all_update_events_exact_quantiles,5000,0,-3.997591166305542,-3.997081995010376,-3.8092998266220093,-3.734198350906372,-4.404850959777832,-3.572986125946045,4.404850959777832,-3.940049171447754
sac_stackcube_20261007T163640_e814ffc5,StackCube-v1,sac,real_env_steps,140000,150000,actor_loss,all_update_events_exact_quantiles,4992,0,-1.9254401035797901,-1.9253699779510498,-1.874525660276413,-1.852592078447342,-2.0362560749053955,-1.803481101989746,2.0362560749053955,-1.9434008598327637
sac_stackcube_20261007T163640_e814ffc5,StackCube-v1,sac,real_env_steps,140000,150000,critic_loss,all_update_events_exact_quantiles,4992,0,0.005437290822252787,0.0053476253524422646,0.006601619673892856,0.007498791445977986,0.00390697130933404,0.010269252583384514,0.010269252583384514,0.004735871683806181
sac_stackcube_20261007T163640_e814ffc5,StackCube-v1,sac,real_env_steps,140000,150000,policy_q_min_mean,all_update_events_exact_quantiles,4992,0,1.9384783518094666,1.9383912086486816,1.9895970165729522,2.0101215505599974,1.8167754411697388,2.0482144355773926,2.0482144355773926,1.9560673236846924
sac_stackcube_20261007T163640_e814ffc5,StackCube-v1,sac,real_env_steps,140000,150000,alpha,all_update_events_exact_quantiles,4992,0,0.0032621915474103447,0.003256250638514757,0.003325151209719479,0.0033384855301119387,0.003182946238666773,0.0033427097368985415,0.0033427097368985415,0.003182946238666773
sac_stackcube_20261007T163640_e814ffc5,StackCube-v1,sac,real_env_steps,140000,150000,alpha_loss,all_update_events_exact_quantiles,4992,0,1.0627739477251032e-05,1.9316452380735427e-05,0.0006172735505970195,0.0008557793212821714,-0.0013416619040071964,0.0014245007187128067,0.0014245007187128067,6.663246313109994e-05
sac_stackcube_20261007T163640_e814ffc5,StackCube-v1,sac,real_env_steps,140000,150000,entropy_estimate,all_update_events_exact_quantiles,4992,0,-3.9967780547359815,-3.9941622018814087,-3.8092940926551817,-3.7395115351676935,-4.414507865905762,-3.572986125946045,4.414507865905762,-3.979067802429199
sac_stackcube_20261007T163640_e814ffc5,StackCube-v1,sac,policy_gradient_steps,70000,75000,actor_loss,all_update_events_exact_quantiles,5000,0,-1.9438809637784957,-1.9438916444778442,-1.8933221042156219,-1.8751600170135498,-2.0567331314086914,-1.827967643737793,2.0567331314086914,-1.9679888486862183
sac_stackcube_20261007T163640_e814ffc5,StackCube-v1,sac,policy_gradient_steps,70000,75000,critic_loss,all_update_events_exact_quantiles,5000,0,0.005479193063732237,0.005391042912378907,0.0066731365397572516,0.0075597686367109415,0.0036768242716789246,0.010269252583384514,0.010269252583384514,0.005484148859977722
sac_stackcube_20261007T163640_e814ffc5,StackCube-v1,sac,policy_gradient_steps,70000,75000,policy_q_min_mean,all_update_events_exact_quantiles,5000,0,1.9567284834861756,1.9568365812301636,2.0060155987739563,2.0280184054374697,1.8410714864730835,2.0690784454345703,2.0690784454345703,1.9802063703536987
sac_stackcube_20261007T163640_e814ffc5,StackCube-v1,sac,policy_gradient_steps,70000,75000,alpha,all_update_events_exact_quantiles,5000,0,0.003213856642553583,0.0032167761819437146,0.003264622064307332,0.0032753396406769754,0.0031359579879790545,0.0032839681953191757,0.0032839681953191757,0.003142664209008217
sac_stackcube_20261007T163640_e814ffc5,StackCube-v1,sac,policy_gradient_steps,70000,75000,alpha_loss,all_update_events_exact_quantiles,5000,0,7.992037739677471e-06,8.677059668116271e-06,0.0006228461366845296,0.0008660734747536488,-0.0013402486220002174,0.00128016690723598,0.0013402486220002174,0.000352678878698498
sac_stackcube_20261007T163640_e814ffc5,StackCube-v1,sac,policy_gradient_steps,70000,75000,entropy_estimate,all_update_events_exact_quantiles,5000,0,-3.997551787948608,-3.9972978830337524,-3.806429612636566,-3.7291027975082396,-4.414507865905762,-3.5970139503479004,4.414507865905762,-3.8877720832824707
sac_stackcube_20261007T163640_e814ffc5,StackCube-v1,sac,real_env_steps,150000,160000,actor_loss,all_update_events_exact_quantiles,5008,0,-1.9710976261014757,-1.971103847026825,-1.9204762160778046,-1.9007714068889616,-2.092613458633423,-1.863464117050171,2.092613458633423,-2.037356376647949
sac_stackcube_20261007T163640_e814ffc5,StackCube-v1,sac,real_env_steps,150000,160000,critic_loss,all_update_events_exact_quantiles,5008,0,0.005384701667982079,0.005299584940075874,0.006524179712869227,0.007299501490779228,0.0036768242716789246,0.00905284658074379,0.00905284658074379,0.005203546024858952
sac_stackcube_20261007T163640_e814ffc5,StackCube-v1,sac,real_env_steps,150000,160000,policy_q_min_mean,all_update_events_exact_quantiles,5008,0,1.9837229229009952,1.983747661113739,2.0336225390434266,2.0532780957221983,1.876345157623291,2.1050920486450195,2.1050920486450195,2.050159454345703
sac_stackcube_20261007T163640_e814ffc5,StackCube-v1,sac,real_env_steps,150000,160000,alpha,all_update_events_exact_quantiles,5008,0,0.003157271984389971,0.003159204265102744,0.003197515744250268,0.003218572069890797,0.0030999802984297276,0.00322609581053257,0.00322609581053257,0.0031296645756810904
sac_stackcube_20261007T163640_e814ffc5,StackCube-v1,sac,real_env_steps,150000,160000,alpha_loss,all_update_events_exact_quantiles,5008,0,3.833053468248942e-06,8.191454980988055e-07,0.000593256638967432,0.0008803063503000886,-0.0013738356065005064,0.0013477056054398417,0.0013738356065005064,-0.00028519751504063606
sac_stackcube_20261007T163640_e814ffc5,StackCube-v1,sac,real_env_steps,150000,160000,entropy_estimate,all_update_events_exact_quantiles,5008,0,-3.9988376537736614,-3.9997384548187256,-3.8126846075057985,-3.7214694166183473,-4.4360127449035645,-3.5721073150634766,4.4360127449035645,-4.091133117675781
sac_stackcube_20261007T163640_e814ffc5,StackCube-v1,sac,policy_gradient_steps,75000,80000,actor_loss,all_update_events_exact_quantiles,5000,0,-1.990810725402832,-1.9913817048072815,-1.9405265867710113,-1.9207038569450376,-2.106452226638794,-1.8952572345733643,2.106452226638794,-2.046293020248413
sac_stackcube_20261007T163640_e814ffc5,StackCube-v1,sac,policy_gradient_steps,75000,80000,critic_loss,all_update_events_exact_quantiles,5000,0,0.0052748985309153795,0.005199772538617253,0.006425168341957033,0.007064087335020308,0.0038646201137453318,0.011588509194552898,0.011588509194552898,0.00611466821283102
sac_stackcube_20261007T163640_e814ffc5,StackCube-v1,sac,policy_gradient_steps,75000,80000,policy_q_min_mean,all_update_events_exact_quantiles,5000,0,2.0033475734949113,2.0039987564086914,2.0521363973617555,2.0702504086494447,1.9082908630371094,2.119424819946289,2.119424819946289,2.0585460662841797
sac_stackcube_20261007T163640_e814ffc5,StackCube-v1,sac,policy_gradient_steps,75000,80000,alpha,all_update_events_exact_quantiles,5000,0,0.0031345586428418756,0.0031358879059553146,0.003170106851030141,0.003172422016505152,0.003084426047280431,0.0031748912297189236,0.0031748912297189236,0.0031261786352843046
sac_stackcube_20261007T163640_e814ffc5,StackCube-v1,sac,policy_gradient_steps,75000,80000,alpha_loss,all_update_events_exact_quantiles,5000,0,1.3982223965285811e-06,1.662163413129747e-06,0.0005660397931933404,0.0008291685651056487,-0.0013738356065005064,0.0013477056054398417,0.0013738356065005064,0.00025226856814697385
sac_stackcube_20261007T163640_e814ffc5,StackCube-v1,sac,policy_gradient_steps,75000,80000,entropy_estimate,all_update_events_exact_quantiles,5000,0,-3.999603520822525,-3.999468445777893,-3.8190053939819335,-3.733800280094146,-4.4360127449035645,-3.5721073150634766,4.4360127449035645,-3.9193079471588135
sac_stackcube_20261007T163640_e814ffc5,StackCube-v1,sac,real_env_steps,160000,170000,actor_loss,all_update_events_exact_quantiles,4992,0,-2.0186779365564385,-2.018322467803955,-1.9703298211097717,-1.9491658914089203,-2.147264003753662,-1.9163360595703125,2.147264003753662,-2.0386064052581787
sac_stackcube_20261007T163640_e814ffc5,StackCube-v1,sac,real_env_steps,160000,170000,critic_loss,all_update_events_exact_quantiles,4992,0,0.00515754417401928,0.005087647121399641,0.006184067344292998,0.006922192191705109,0.003786282381042838,0.011588509194552898,0.011588509194552898,0.004671616479754448
sac_stackcube_20261007T163640_e814ffc5,StackCube-v1,sac,real_env_steps,160000,170000,policy_q_min_mean,all_update_events_exact_quantiles,4992,0,2.03113827161873,2.030854105949402,2.080471134185791,2.1028761506080627,1.928848385810852,2.1593241691589355,2.1593241691589355,2.0511670112609863
sac_stackcube_20261007T163640_e814ffc5,StackCube-v1,sac,real_env_steps,160000,170000,alpha,all_update_events_exact_quantiles,4992,0,0.00311592418862953,0.003114792052656412,0.003144533827435225,0.0031475887657143177,0.003079427871853113,0.0031505085062235594,0.0031505085062235594,0.0030837995000183582
sac_stackcube_20261007T163640_e814ffc5,StackCube-v1,sac,real_env_steps,160000,170000,alpha_loss,all_update_events_exact_quantiles,4992,0,3.3989789340711677e-06,1.0482195648364723e-05,0.0005549050460103898,0.0008033284428529443,-0.0012599555775523186,0.0012538463342934847,0.0012599555775523186,-0.00022564090613741428
sac_stackcube_20261007T163640_e814ffc5,StackCube-v1,sac,real_env_steps,160000,170000,entropy_estimate,all_update_events_exact_quantiles,4992,0,-3.9989537639209094,-3.9966514110565186,-3.8223194599151613,-3.743367621898651,-4.40119743347168,-3.5987401008605957,4.40119743347168,-4.073171138763428
sac_stackcube_20261007T163640_e814ffc5,StackCube-v1,sac,policy_gradient_steps,80000,85000,actor_loss,all_update_events_exact_quantiles,5000,0,-2.036991113114357,-2.0374300479888916,-1.9858567118644714,-1.963687437772751,-2.147264003753662,-1.932732105255127,2.147264003753662,-2.0350866317749023
sac_stackcube_20261007T163640_e814ffc5,StackCube-v1,sac,policy_gradient_steps,80000,85000,critic_loss,all_update_events_exact_quantiles,5000,0,0.005056418193271383,0.004995663184672594,0.0060249352362006904,0.006734621063806117,0.003695209277793765,0.008943678811192513,0.008943678811192513,0.004704717546701431
sac_stackcube_20261007T163640_e814ffc5,StackCube-v1,sac,policy_gradient_steps,80000,85000,policy_q_min_mean,all_update_events_exact_quantiles,5000,0,2.049356863975525,2.0497196912765503,2.099577856063843,2.120978264808655,1.9448764324188232,2.1593241691589355,2.1593241691589355,2.047323703765869
sac_stackcube_20261007T163640_e814ffc5,StackCube-v1,sac,policy_gradient_steps,80000,85000,alpha,all_update_events_exact_quantiles,5000,0,0.003092878612782806,0.0030981176532804966,0.003131305775605142,0.003140964168123901,0.0030329134315252304,0.0031486430671066046,0.0031486430671066046,0.003043979639187455
sac_stackcube_20261007T163640_e814ffc5,StackCube-v1,sac,policy_gradient_steps,80000,85000,alpha_loss,all_update_events_exact_quantiles,5000,0,5.829404215910472e-06,1.1165306204929948e-05,0.0005520613020053136,0.0007884041930083205,-0.0012131750117987394,0.0012538463342934847,0.0012538463342934847,-6.193085573613644e-05
sac_stackcube_20261007T163640_e814ffc5,StackCube-v1,sac,policy_gradient_steps,80000,85000,entropy_estimate,all_update_events_exact_quantiles,5000,0,-3.9981573341846466,-3.9964053630828857,-3.8216495037078855,-3.745202016830444,-4.390314102172852,-3.5987401008605957,4.390314102172852,-4.020346641540527
sac_stackcube_20261007T163640_e814ffc5,StackCube-v1,sac,real_env_steps,170000,180000,actor_loss,all_update_events_exact_quantiles,5008,0,-2.0651261772210607,-2.064980626106262,-2.016141438484192,-1.9946134865283967,-2.168517589569092,-1.9550302028656006,2.168517589569092,-2.096545457839966
sac_stackcube_20261007T163640_e814ffc5,StackCube-v1,sac,real_env_steps,170000,180000,critic_loss,all_update_events_exact_quantiles,5008,0,0.0049305557785295365,0.004868151852861047,0.00584389241412282,0.006595283462665981,0.003658265108242631,0.008034445345401764,0.008034445345401764,0.00481390580534935
sac_stackcube_20261007T163640_e814ffc5,StackCube-v1,sac,real_env_steps,170000,180000,policy_q_min_mean,all_update_events_exact_quantiles,5008,0,2.0773023005348805,2.0771913528442383,2.12628356218338,2.143786461353302,1.9672819375991821,2.180601119995117,2.180601119995117,2.108461856842041
sac_stackcube_20261007T163640_e814ffc5,StackCube-v1,sac,real_env_steps,170000,180000,alpha,all_update_events_exact_quantiles,5008,0,0.003045354113421632,0.0030440755654126406,0.003087178175337613,0.0030944204749539495,0.0030048831831663847,0.0030997926369309425,0.0030997926369309425,0.003018544754013419
sac_stackcube_20261007T163640_e814ffc5,StackCube-v1,sac,real_env_steps,170000,180000,alpha_loss,all_update_events_exact_quantiles,5008,0,5.343038119768119e-06,8.979908670880832e-06,0.0005633385269902645,0.0008116899535525596,-0.0013672143686562777,0.0014132631476968527,0.0014132631476968527,0.00015920826990623027
sac_stackcube_20261007T163640_e814ffc5,StackCube-v1,sac,real_env_steps,170000,180000,entropy_estimate,all_update_events_exact_quantiles,5008,0,-3.9982968030836634,-3.9970659017562866,-3.8155946731567383,-3.7339114332199093,-4.451152801513672,-3.5374393463134766,4.451152801513672,-3.947263479232788
sac_stackcube_20261007T163640_e814ffc5,StackCube-v1,sac,policy_gradient_steps,85000,90000,actor_loss,all_update_events_exact_quantiles,5000,0,-2.080596620082855,-2.0809240341186523,-2.03316468000412,-2.015766088962555,-2.1742939949035645,-1.9711352586746216,2.1742939949035645,-2.1254405975341797
sac_stackcube_20261007T163640_e814ffc5,StackCube-v1,sac,policy_gradient_steps,85000,90000,critic_loss,all_update_events_exact_quantiles,5000,0,0.004970943693863228,0.004883217625319958,0.005971669289283455,0.0068848779518157245,0.003658265108242631,0.00808142963796854,0.00808142963796854,0.004617431201040745
sac_stackcube_20261007T163640_e814ffc5,StackCube-v1,sac,policy_gradient_steps,85000,90000,policy_q_min_mean,all_update_events_exact_quantiles,5000,0,2.0926736220121382,2.093043327331543,2.1383516788482666,2.1586110496521,1.983319878578186,2.186049461364746,2.186049461364746,2.137284755706787
sac_stackcube_20261007T163640_e814ffc5,StackCube-v1,sac,policy_gradient_steps,85000,90000,alpha,all_update_events_exact_quantiles,5000,0,0.003020103062922135,0.003023973200470209,0.0030534395133145153,0.003062719434965402,0.0029439812060445547,0.0030669793486595154,0.0030669793486595154,0.003000101540237665
sac_stackcube_20261007T163640_e814ffc5,StackCube-v1,sac,policy_gradient_steps,85000,90000,alpha_loss,all_update_events_exact_quantiles,5000,0,3.444815556576941e-06,6.401816790457815e-06,0.0005589804466580974,0.0008098931016866122,-0.0013672143686562777,0.0014132631476968527,0.0014132631476968527,0.00015609219553880394
sac_stackcube_20261007T163640_e814ffc5,StackCube-v1,sac,policy_gradient_steps,85000,90000,entropy_estimate,all_update_events_exact_quantiles,5000,0,-3.998910645866394,-3.9978853464126587,-3.8145827054977417,-3.733136978149414,-4.451152801513672,-3.5374393463134766,4.451152801513672,-3.9479691982269287
sac_stackcube_20261007T163640_e814ffc5,StackCube-v1,sac,real_env_steps,180000,190000,actor_loss,all_update_events_exact_quantiles,4992,0,-2.100285506162506,-2.1004735231399536,-2.0536853194236757,-2.03185182094574,-2.199429988861084,-1.994264841079712,2.199429988861084,-2.09567928314209
sac_stackcube_20261007T163640_e814ffc5,StackCube-v1,sac,real_env_steps,180000,190000,critic_loss,all_update_events_exact_quantiles,4992,0,0.005106013011101869,0.005008904961869121,0.006222051940858363,0.007217032974585891,0.003729778341948986,0.010593848302960396,0.010593848302960396,0.0050239767879247665
sac_stackcube_20261007T163640_e814ffc5,StackCube-v1,sac,real_env_steps,180000,190000,policy_q_min_mean,all_update_events_exact_quantiles,4992,0,2.1122484938838544,2.112441062927246,2.1585018157958986,2.1781455421447755,2.006275177001953,2.2111945152282715,2.2111945152282715,2.107468605041504
sac_stackcube_20261007T163640_e814ffc5,StackCube-v1,sac,real_env_steps,180000,190000,alpha,all_update_events_exact_quantiles,4992,0,0.0029912223951377645,0.002992910798639059,0.0030243912246078254,0.0030300305387936533,0.0029439812060445547,0.0030335846822708845,0.0030335846822708845,0.002987238112837076
sac_stackcube_20261007T163640_e814ffc5,StackCube-v1,sac,real_env_steps,180000,190000,alpha_loss,all_update_events_exact_quantiles,4992,0,1.9293548041478293e-06,4.705871106125414e-06,0.0005512816656846553,0.0007899247686145833,-0.0014461330138146877,0.0011806937400251627,0.0014461330138146877,0.00015918505960144103
sac_stackcube_20261007T163640_e814ffc5,StackCube-v1,sac,real_env_steps,180000,190000,entropy_estimate,all_update_events_exact_quantiles,4992,0,-3.9994063668717175,-3.998443365097046,-3.8146934390068052,-3.7358636426925655,-4.4838547706604,-3.6041297912597656,4.4838547706604,-3.946709156036377
sac_stackcube_20261007T163640_e814ffc5,StackCube-v1,sac,policy_gradient_steps,90000,95000,actor_loss,all_update_events_exact_quantiles,5000,0,-2.1133919774532317,-2.11426043510437,-2.064943218231201,-2.045744080543518,-2.209059476852417,-2.0062758922576904,2.209059476852417,-2.1559746265411377
sac_stackcube_20261007T163640_e814ffc5,StackCube-v1,sac,policy_gradient_steps,90000,95000,critic_loss,all_update_events_exact_quantiles,5000,0,0.0051124809628818185,0.005020946264266968,0.006218939018435777,0.007106074737384916,0.003699266817420721,0.019275447353720665,0.019275447353720665,0.004718501586467028
sac_stackcube_20261007T163640_e814ffc5,StackCube-v1,sac,policy_gradient_steps,90000,95000,policy_q_min_mean,all_update_events_exact_quantiles,5000,0,2.1253286386966703,2.12620747089386,2.1729309916496278,2.1921094965934755,2.01763916015625,2.220248222351074,2.220248222351074,2.168260097503662
sac_stackcube_20261007T163640_e814ffc5,StackCube-v1,sac,policy_gradient_steps,90000,95000,alpha,all_update_events_exact_quantiles,5000,0,0.00298427849560976,0.0029836344765499234,0.003008220810443163,0.0030162114929407837,0.0029531484469771385,0.0030201890040189028,0.0030201890040189028,0.0029914318583905697
sac_stackcube_20261007T163640_e814ffc5,StackCube-v1,sac,policy_gradient_steps,90000,95000,alpha_loss,all_update_events_exact_quantiles,5000,0,4.6173009941412604e-07,6.658818165306002e-06,0.0005512527481187135,0.0007752344000618905,-0.0014461330138146877,0.0011193116661161184,0.0014461330138146877,-0.0003212995361536741
sac_stackcube_20261007T163640_e814ffc5,StackCube-v1,sac,policy_gradient_steps,90000,95000,entropy_estimate,all_update_events_exact_quantiles,5000,0,-3.9998954932689665,-3.997755765914917,-3.8145969986915587,-3.739951658248901,-4.4838547706604,-3.6285791397094727,4.4838547706604,-4.107421875
sac_stackcube_20261007T163640_e814ffc5,StackCube-v1,sac,real_env_steps,190000,200000,actor_loss,all_update_events_exact_quantiles,5008,0,-2.1331974117995833,-2.1328753232955933,-2.0852519989013674,-2.0647519636154175,-2.2246665954589844,-2.0271811485290527,2.2246665954589844,-2.0835697650909424
sac_stackcube_20261007T163640_e814ffc5,StackCube-v1,sac,real_env_steps,190000,200000,critic_loss,all_update_events_exact_quantiles,5008,0,0.005170868725490611,0.00508410157635808,0.006252400018274784,0.007060642209835352,0.003699266817420721,0.019275447353720665,0.019275447353720665,0.0054116933606565
sac_stackcube_20261007T163640_e814ffc5,StackCube-v1,sac,real_env_steps,190000,200000,policy_q_min_mean,all_update_events_exact_quantiles,5008,0,2.14504746702342,2.1447815895080566,2.19237802028656,2.211436686515808,2.0388967990875244,2.2359049320220947,2.2359049320220947,2.095036506652832
sac_stackcube_20261007T163640_e814ffc5,StackCube-v1,sac,real_env_steps,190000,200000,alpha,all_update_events_exact_quantiles,5008,0,0.0029633294892056246,0.0029662081506103277,0.002996393188368529,0.003016210370697081,0.002922837622463703,0.0030201890040189028,0.0030201890040189028,0.0029460906516760588
sac_stackcube_20261007T163640_e814ffc5,StackCube-v1,sac,real_env_steps,190000,200000,alpha_loss,all_update_events_exact_quantiles,5008,0,3.2974745040562926e-06,5.171552402316593e-06,0.0005566960229771209,0.0007871318352408708,-0.0012243783567100763,0.0011720021720975637,0.0012243783567100763,0.000317711615934968
sac_stackcube_20261007T163640_e814ffc5,StackCube-v1,sac,real_env_steps,190000,200000,entropy_estimate,all_update_events_exact_quantiles,5008,0,-3.998940138152232,-3.998257040977478,-3.812638628482819,-3.73399001121521,-4.412579536437988,-3.6029751300811768,4.412579536437988,-3.8921585083007812
sac_stackcube_20261007T163640_e814ffc5,StackCube-v1,sac,policy_gradient_steps,95000,100000,actor_loss,all_update_events_exact_quantiles,5000,0,-2.145561002922058,-2.14541494846344,-2.0988299369812013,-2.079425220489502,-2.259284019470215,-2.0408341884613037,2.259284019470215,-2.1246566772460938
sac_stackcube_20261007T163640_e814ffc5,StackCube-v1,sac,policy_gradient_steps,95000,100000,critic_loss,all_update_events_exact_quantiles,5000,0,0.005248753381660208,0.005156253697350621,0.006337067647837103,0.007316854088567206,0.003808824811130762,0.014532428234815598,0.014532428234815598,0.007093030493706465
sac_stackcube_20261007T163640_e814ffc5,StackCube-v1,sac,policy_gradient_steps,95000,100000,policy_q_min_mean,all_update_events_exact_quantiles,5000,0,2.1573346666336057,2.157121181488037,2.2045760631561278,2.223467621803284,2.0528862476348877,2.2703754901885986,2.2703754901885986,2.136599063873291
sac_stackcube_20261007T163640_e814ffc5,StackCube-v1,sac,policy_gradient_steps,95000,100000,alpha,all_update_events_exact_quantiles,5000,0,0.002944884009985253,0.0029430014546960592,0.002975263854023069,0.002988462997600436,0.0028986502438783646,0.002992724534124136,0.002992724534124136,0.002917591016739607
sac_stackcube_20261007T163640_e814ffc5,StackCube-v1,sac,policy_gradient_steps,95000,100000,alpha_loss,all_update_events_exact_quantiles,5000,0,5.933431294761249e-06,4.0424056351184845e-06,0.0005528899491764605,0.0007922020769910893,-0.0012243783567100763,0.0011720021720975637,0.0012243783567100763,-0.0002722093486227095
sac_stackcube_20261007T163640_e814ffc5,StackCube-v1,sac,policy_gradient_steps,95000,100000,entropy_estimate,all_update_events_exact_quantiles,5000,0,-3.9980457653045653,-3.9986205101013184,-3.813112223148346,-3.7318689227104187,-4.412579536437988,-3.6029751300811768,4.412579536437988,-4.093300819396973
sac_stackcube_20261007T163640_e814ffc5,StackCube-v1,sac,real_env_steps,200000,210000,actor_loss,all_update_events_exact_quantiles,4992,0,-2.1669718678085466,-2.166476249694824,-2.1179974913597106,-2.0975744628906248,-2.259284019470215,-2.048427104949951,2.259284019470215,-2.1720845699310303
sac_stackcube_20261007T163640_e814ffc5,StackCube-v1,sac,real_env_steps,200000,210000,critic_loss,all_update_events_exact_quantiles,4992,0,0.005271521856999383,0.00519779697060585,0.006297003524377942,0.007143983710557224,0.003967054188251495,0.011131614446640015,0.011131614446640015,0.0052535030990839005
sac_stackcube_20261007T163640_e814ffc5,StackCube-v1,sac,real_env_steps,200000,210000,policy_q_min_mean,all_update_events_exact_quantiles,4992,0,2.1787296193532453,2.1781662702560425,2.2282360911369326,2.2497505259513857,2.0607151985168457,2.2712841033935547,2.2712841033935547,2.183527708053589
sac_stackcube_20261007T163640_e814ffc5,StackCube-v1,sac,real_env_steps,200000,210000,alpha,all_update_events_exact_quantiles,4992,0,0.002939484484765368,0.002939334139227867,0.0029603223549202083,0.0029666865640319883,0.0028986502438783646,0.002970814472064376,0.002970814472064376,0.0029435530304908752
sac_stackcube_20261007T163640_e814ffc5,StackCube-v1,sac,real_env_steps,200000,210000,alpha_loss,all_update_events_exact_quantiles,4992,0,1.885176007549606e-07,-1.500127837061882e-06,0.0005520474631339311,0.0007747951510827994,-0.0013442165218293667,0.0012213978916406631,0.0013442165218293667,0.00033048720797523856
sac_stackcube_20261007T163640_e814ffc5,StackCube-v1,sac,real_env_steps,200000,210000,entropy_estimate,all_update_events_exact_quantiles,4992,0,-3.9999933594790025,-4.0005104541778564,-3.8123171091079713,-3.7365756916999815,-4.458288669586182,-3.582812547683716,4.458288669586182,-3.8877198696136475
sac_stackcube_20261007T163640_e814ffc5,StackCube-v1,sac,policy_gradient_steps,100000,105000,actor_loss,all_update_events_exact_quantiles,5000,0,-2.1815839220523836,-2.182303309440613,-2.1329304575920105,-2.1110859894752503,-2.280320167541504,-2.074815034866333,2.280320167541504,-2.215658187866211
sac_stackcube_20261007T163640_e814ffc5,StackCube-v1,sac,policy_gradient_steps,100000,105000,critic_loss,all_update_events_exact_quantiles,5000,0,0.005253144486248493,0.005181265529245138,0.0062503072433173655,0.0070551246078684945,0.003925728145986795,0.00874406099319458,0.00874406099319458,0.005588104482740164
sac_stackcube_20261007T163640_e814ffc5,StackCube-v1,sac,policy_gradient_steps,100000,105000,policy_q_min_mean,all_update_events_exact_quantiles,5000,0,2.1933359988212584,2.1940923929214478,2.2416696429252623,2.2603294110298155,2.086820602416992,2.2918035984039307,2.2918035984039307,2.2275609970092773
sac_stackcube_20261007T163640_e814ffc5,StackCube-v1,sac,policy_gradient_steps,100000,105000,alpha,all_update_events_exact_quantiles,5000,0,0.002937645791191608,0.0029376527527347207,0.0029596627224236726,0.00296668371418491,0.0029043322429060936,0.002970814472064376,0.002970814472064376,0.0029354305006563663
sac_stackcube_20261007T163640_e814ffc5,StackCube-v1,sac,policy_gradient_steps,100000,105000,alpha_loss,all_update_events_exact_quantiles,5000,0,-1.506487778169685e-06,-5.181573214940727e-08,0.0005483289423864339,0.0007786138169467453,-0.0013442165218293667,0.0012213978916406631,0.0013442165218293667,-0.00016222440171986818
sac_stackcube_20261007T163640_e814ffc5,StackCube-v1,sac,policy_gradient_steps,100000,105000,entropy_estimate,all_update_events_exact_quantiles,5000,0,-4.000571547079086,-4.000017523765564,-3.813838315010071,-3.734673748016357,-4.458288669586182,-3.582812547683716,4.458288669586182,-4.055269241333008
sac_stackcube_20261007T163640_e814ffc5,StackCube-v1,sac,real_env_steps,210000,220000,actor_loss,all_update_events_exact_quantiles,5008,0,-2.2042600974773827,-2.204254984855652,-2.154221534729004,-2.133751788139343,-2.3030881881713867,-2.0825986862182617,2.3030881881713867,-2.2200450897216797
sac_stackcube_20261007T163640_e814ffc5,StackCube-v1,sac,real_env_steps,210000,220000,critic_loss,all_update_events_exact_quantiles,5008,0,0.005248771179445124,0.00517974654212594,0.006216265051625668,0.007062067212536932,0.003819905687123537,0.00923134759068489,0.00923134759068489,0.004911523312330246
sac_stackcube_20261007T163640_e814ffc5,StackCube-v1,sac,real_env_steps,210000,220000,policy_q_min_mean,all_update_events_exact_quantiles,5008,0,2.215998487303051,2.216064453125,2.2650992035865785,2.2811270499229432,2.0942649841308594,2.3148083686828613,2.3148083686828613,2.2321462631225586
sac_stackcube_20261007T163640_e814ffc5,StackCube-v1,sac,real_env_steps,210000,220000,alpha,all_update_events_exact_quantiles,5008,0,0.002934733379301957,0.002935572643764317,0.0029512064647860825,0.0029574771109037103,0.0029043322429060936,0.002964005572721362,0.002964005572721362,0.0029359583277255297
sac_stackcube_20261007T163640_e814ffc5,StackCube-v1,sac,real_env_steps,210000,220000,alpha_loss,all_update_events_exact_quantiles,5008,0,5.523898775668196e-07,5.503796273842454e-06,0.0005413266975665464,0.0007733924849890182,-0.0011767419055104256,0.0012430439237505198,0.0012430439237505198,-0.00035789565299637616
sac_stackcube_20261007T163640_e814ffc5,StackCube-v1,sac,real_env_steps,210000,220000,entropy_estimate,all_update_events_exact_quantiles,5008,0,-3.9998649068343375,-3.9981253147125244,-3.815367650985718,-3.737382023334503,-4.399142265319824,-3.577462673187256,4.399142265319824,-4.121905326843262
sac_stackcube_20261007T163640_e814ffc5,StackCube-v1,sac,policy_gradient_steps,105000,110000,actor_loss,all_update_events_exact_quantiles,5000,0,-2.2183278790950776,-2.2188690900802612,-2.1694554567337034,-2.1495276594161985,-2.322108268737793,-2.113555669784546,2.322108268737793,-2.23123836517334
sac_stackcube_20261007T163640_e814ffc5,StackCube-v1,sac,policy_gradient_steps,105000,110000,critic_loss,all_update_events_exact_quantiles,5000,0,0.005336703810747713,0.005261491751298308,0.006371560343541206,0.007269013756886128,0.003819905687123537,0.010818642564117908,0.010818642564117908,0.0048219431191682816
sac_stackcube_20261007T163640_e814ffc5,StackCube-v1,sac,policy_gradient_steps,105000,110000,policy_q_min_mean,all_update_events_exact_quantiles,5000,0,2.2300733675956725,2.2305994033813477,2.2766544342041017,2.295169472694397,2.1255433559417725,2.3335814476013184,2.3335814476013184,2.243150472640991
sac_stackcube_20261007T163640_e814ffc5,StackCube-v1,sac,policy_gradient_steps,105000,110000,alpha,all_update_events_exact_quantiles,5000,0,0.002936605551280081,0.0029370931442826986,0.002956909989006817,0.0029694408271461726,0.002891545882448554,0.002980923280119896,0.002980923280119896,0.0029274700209498405
sac_stackcube_20261007T163640_e814ffc5,StackCube-v1,sac,policy_gradient_steps,105000,110000,alpha_loss,all_update_events_exact_quantiles,5000,0,9.392069418026949e-07,5.884427082492039e-06,0.0005497053381986919,0.0007740371057298036,-0.001201866427436471,0.0012430439237505198,0.0012430439237505198,-0.0002012476761592552
sac_stackcube_20261007T163640_e814ffc5,StackCube-v1,sac,policy_gradient_steps,105000,110000,entropy_estimate,all_update_events_exact_quantiles,5000,0,-3.999733465957642,-3.9979987144470215,-3.812791442871094,-3.7353734779357906,-4.4073896408081055,-3.577462673187256,4.4073896408081055,-4.0687384605407715
sac_stackcube_20261007T163640_e814ffc5,StackCube-v1,sac,real_env_steps,220000,230000,actor_loss,all_update_events_exact_quantiles,4992,0,-2.2373200917186646,-2.2370283603668213,-2.190362882614136,-2.17111204624176,-2.3327877521514893,-2.124817132949829,2.3327877521514893,-2.255303144454956
sac_stackcube_20261007T163640_e814ffc5,StackCube-v1,sac,real_env_steps,220000,230000,critic_loss,all_update_events_exact_quantiles,4992,0,0.005510276761738052,0.005443310597911477,0.006558915809728205,0.007426066007465126,0.003919808194041252,0.010818642564117908,0.010818642564117908,0.005363388918340206
sac_stackcube_20261007T163640_e814ffc5,StackCube-v1,sac,real_env_steps,220000,230000,policy_q_min_mean,all_update_events_exact_quantiles,4992,0,2.249162170988245,2.2489192485809326,2.2961538314819334,2.315693488121033,2.136770725250244,2.3446848392486572,2.3446848392486572,2.266953945159912
sac_stackcube_20261007T163640_e814ffc5,StackCube-v1,sac,real_env_steps,220000,230000,alpha,all_update_events_exact_quantiles,4992,0,0.0029587376686835433,0.00296067469753325,0.00300091200042516,0.003032688428647816,0.002891545882448554,0.003034109715372324,0.003034109715372324,0.0030332691967487335
sac_stackcube_20261007T163640_e814ffc5,StackCube-v1,sac,real_env_steps,220000,230000,alpha_loss,all_update_events_exact_quantiles,4992,0,-7.208237307146157e-06,-3.2636307878419757e-06,0.0005338616960216313,0.0007610115729039541,-0.001201866427436471,0.0011706533841788769,0.001201866427436471,0.0004830091493204236
sac_stackcube_20261007T163640_e814ffc5,StackCube-v1,sac,real_env_steps,220000,230000,entropy_estimate,all_update_events_exact_quantiles,4992,0,-4.00246835552538,-4.00108528137207,-3.8197704672813417,-3.7422284507751464,-4.4073896408081055,-3.6089119911193848,4.4073896408081055,-3.8407702445983887
sac_stackcube_20261007T163640_e814ffc5,StackCube-v1,sac,policy_gradient_steps,110000,115000,actor_loss,all_update_events_exact_quantiles,5000,0,-2.2501737935066224,-2.2505898475646973,-2.2023213386535643,-2.1851546144485474,-2.3464250564575195,-2.1483514308929443,2.3464250564575195,-2.2444865703582764
sac_stackcube_20261007T163640_e814ffc5,StackCube-v1,sac,policy_gradient_steps,110000,115000,critic_loss,all_update_events_exact_quantiles,5000,0,0.005565420089662075,0.005503773456439376,0.006590977776795626,0.007347955903969705,0.003919808194041252,0.010565404780209064,0.010565404780209064,0.006582214497029781
sac_stackcube_20261007T163640_e814ffc5,StackCube-v1,sac,policy_gradient_steps,110000,115000,policy_q_min_mean,all_update_events_exact_quantiles,5000,0,2.26215055642128,2.2625309228897095,2.3089788794517516,2.329712700843811,2.160203456878662,2.358433246612549,2.358433246612549,2.256171464920044
sac_stackcube_20261007T163640_e814ffc5,StackCube-v1,sac,policy_gradient_steps,110000,115000,alpha,all_update_events_exact_quantiles,5000,0,0.0029923865811433644,0.002985251834616065,0.0030446841614320875,0.0030570479715242983,0.0029250490479171276,0.003059091977775097,0.003059091977775097,0.003022342687472701
sac_stackcube_20261007T163640_e814ffc5,StackCube-v1,sac,policy_gradient_steps,110000,115000,alpha_loss,all_update_events_exact_quantiles,5000,0,-7.293924934492679e-06,-5.99255054112291e-06,0.00053376296418719,0.0007563216821290553,-0.0012089789379388094,0.0011972791980952024,0.0012089789379388094,0.00040500256000086665
sac_stackcube_20261007T163640_e814ffc5,StackCube-v1,sac,policy_gradient_steps,110000,115000,entropy_estimate,all_update_events_exact_quantiles,5000,0,-4.002504447460175,-4.002018213272095,-3.8222400903701783,-3.74664657831192,-4.3992509841918945,-3.6030921936035156,4.3992509841918945,-3.866002082824707
sac_stackcube_20261007T163640_e814ffc5,StackCube-v1,sac,real_env_steps,230000,240000,actor_loss,all_update_events_exact_quantiles,5008,0,-2.2717275067735403,-2.27186381816864,-2.221722626686096,-2.2015738344192504,-2.3788294792175293,-2.179453134536743,2.3788294792175293,-2.291348457336426
sac_stackcube_20261007T163640_e814ffc5,StackCube-v1,sac,real_env_steps,230000,240000,critic_loss,all_update_events_exact_quantiles,5008,0,0.005659931213423884,0.005591337801888585,0.0066258325008675435,0.007418252630159259,0.004164936486631632,0.010565404780209064,0.010565404780209064,0.005792626645416021
sac_stackcube_20261007T163640_e814ffc5,StackCube-v1,sac,real_env_steps,230000,240000,policy_q_min_mean,all_update_events_exact_quantiles,5008,0,2.2838727256741387,2.2839869260787964,2.3332937479019167,2.3557727241516115,2.192075252532959,2.3909120559692383,2.3909120559692383,2.303413152694702
sac_stackcube_20261007T163640_e814ffc5,StackCube-v1,sac,real_env_steps,230000,240000,alpha,all_update_events_exact_quantiles,5008,0,0.003035197805915662,0.0030287851113826036,0.0030924206250347195,0.003104101524222642,0.0029814636800438166,0.0031101428903639317,0.0031101428903639317,0.0030868067406117916
sac_stackcube_20261007T163640_e814ffc5,StackCube-v1,sac,real_env_steps,230000,240000,alpha_loss,all_update_events_exact_quantiles,5008,0,-4.4708673545500325e-06,-2.5712688511703163e-06,0.0005369178310502319,0.0007535120175452903,-0.001316604670137167,0.0011972791980952024,0.001316604670137167,0.00027963658794760704
sac_stackcube_20261007T163640_e814ffc5,StackCube-v1,sac,real_env_steps,230000,240000,entropy_estimate,all_update_events_exact_quantiles,5008,0,-4.001512633773466,-4.000845432281494,-3.8228759169578552,-3.750711784362793,-4.426165580749512,-3.6030921936035156,4.426165580749512,-3.9093871116638184
sac_stackcube_20261007T163640_e814ffc5,StackCube-v1,sac,policy_gradient_steps,115000,120000,actor_loss,all_update_events_exact_quantiles,5000,0,-2.2864908512592317,-2.286379337310791,-2.2363816618919374,-2.2182831978797912,-2.409341335296631,-2.18537974357605,2.409341335296631,-2.255873680114746
sac_stackcube_20261007T163640_e814ffc5,StackCube-v1,sac,policy_gradient_steps,115000,120000,critic_loss,all_update_events_exact_quantiles,5000,0,0.005875648614019156,0.005796206882223487,0.007000870117917657,0.008032230036333205,0.00434384448453784,0.010787748731672764,0.010787748731672764,0.007937000133097172
sac_stackcube_20261007T163640_e814ffc5,StackCube-v1,sac,policy_gradient_steps,115000,120000,policy_q_min_mean,all_update_events_exact_quantiles,5000,0,2.2987985587596893,2.298661947250366,2.348249316215515,2.3693495106697084,2.1974573135375977,2.4219746589660645,2.4219746589660645,2.2683987617492676
sac_stackcube_20261007T163640_e814ffc5,StackCube-v1,sac,policy_gradient_steps,115000,120000,alpha,all_update_events_exact_quantiles,5000,0,0.0030749480033293365,0.003079084330238402,0.003135314874816686,0.003143362835980952,0.0029814636800438166,0.003145800670608878,0.003145800670608878,0.0031310885678976774
sac_stackcube_20261007T163640_e814ffc5,StackCube-v1,sac,policy_gradient_steps,115000,120000,alpha_loss,all_update_events_exact_quantiles,5000,0,-8.001152972065028e-06,-5.080142727820203e-06,0.0005311445536790416,0.0007553468184778472,-0.001316604670137167,0.0011309534311294556,0.001316604670137167,-1.1637384886853397e-06
sac_stackcube_20261007T163640_e814ffc5,StackCube-v1,sac,policy_gradient_steps,115000,120000,entropy_estimate,all_update_events_exact_quantiles,5000,0,-4.002652289342881,-4.001655101776123,-3.82777019739151,-3.7538997244834897,-4.426165580749512,-3.631025552749634,4.426165580749512,-4.000371932983398
sac_stackcube_20261007T163640_e814ffc5,StackCube-v1,sac,real_env_steps,240000,250000,actor_loss,all_update_events_exact_quantiles,4992,0,-2.3064502032043843,-2.306830883026123,-2.257187032699585,-2.23619323015213,-2.409341335296631,-2.200122594833374,2.409341335296631,-2.347423791885376
sac_stackcube_20261007T163640_e814ffc5,StackCube-v1,sac,real_env_steps,240000,250000,critic_loss,all_update_events_exact_quantiles,4992,0,0.006285363477311479,0.006181372329592705,0.00754436741117388,0.009013132881373174,0.00434384448453784,0.012223318219184875,0.012223318219184875,0.005933495704084635
sac_stackcube_20261007T163640_e814ffc5,StackCube-v1,sac,real_env_steps,240000,250000,policy_q_min_mean,all_update_events_exact_quantiles,4992,0,2.3190725348794308,2.319477081298828,2.3686105370521546,2.3891204309463503,2.2129244804382324,2.4219746589660645,2.4219746589660645,2.3604049682617188
sac_stackcube_20261007T163640_e814ffc5,StackCube-v1,sac,real_env_steps,240000,250000,alpha,all_update_events_exact_quantiles,4992,0,0.003153216256041793,0.0031508285319432616,0.003211588051635772,0.0032306409161537886,0.0030840199906378984,0.003235738491639495,0.003235738491639495,0.0032267943024635315
sac_stackcube_20261007T163640_e814ffc5,StackCube-v1,sac,real_env_steps,240000,250000,alpha_loss,all_update_events_exact_quantiles,4992,0,-9.579344224929488e-06,-1.327552308794111e-05,0.0005462110391817987,0.0007702978636370979,-0.0012161838822066784,0.0013952747685834765,0.0013952747685834765,-7.387006189674139e-05
sac_stackcube_20261007T163640_e814ffc5,StackCube-v1,sac,real_env_steps,240000,250000,entropy_estimate,all_update_events_exact_quantiles,4992,0,-4.003082645054047,-4.0042643547058105,-3.8263359665870667,-3.755983982086182,-4.383296012878418,-3.561277389526367,4.383296012878418,-4.022892475128174
sac_stackcube_20261007T163640_e814ffc5,StackCube-v1,sac,policy_gradient_steps,120000,125000,actor_loss,all_update_events_exact_quantiles,5000,0,-2.3196413140773773,-2.3199100494384766,-2.2699011087417604,-2.248162851333618,-2.4372074604034424,-2.216989517211914,2.4372074604034424,-2.3341681957244873
sac_stackcube_20261007T163640_e814ffc5,StackCube-v1,sac,policy_gradient_steps,120000,125000,critic_loss,all_update_events_exact_quantiles,5000,0,0.006484098454099149,0.006364331813529134,0.007826793380081654,0.009298317162320019,0.004796640947461128,0.012652494013309479,0.012652494013309479,0.0067812055349349976
sac_stackcube_20261007T163640_e814ffc5,StackCube-v1,sac,policy_gradient_steps,120000,125000,policy_q_min_mean,all_update_events_exact_quantiles,5000,0,2.3324728242874144,2.332870841026306,2.38131639957428,2.4009598469734192,2.229519844055176,2.450152635574341,2.450152635574341,2.3472723960876465
sac_stackcube_20261007T163640_e814ffc5,StackCube-v1,sac,policy_gradient_steps,120000,125000,alpha,all_update_events_exact_quantiles,5000,0,0.003205164335295558,0.0031963929068297148,0.003267963114194572,0.003281927027273923,0.003128838026896119,0.0032871547155082226,0.0032871547155082226,0.0032860138453543186
sac_stackcube_20261007T163640_e814ffc5,StackCube-v1,sac,policy_gradient_steps,120000,125000,alpha_loss,all_update_events_exact_quantiles,5000,0,-1.0978698852704837e-05,-1.4109878975432366e-05,0.0005504382046638059,0.0007808775454759603,-0.0014983343426138163,0.0013952747685834765,0.0014983343426138163,4.0028971852734685e-05
sac_stackcube_20261007T163640_e814ffc5,StackCube-v1,sac,policy_gradient_steps,120000,125000,entropy_estimate,all_update_events_exact_quantiles,5000,0,-4.003471937084198,-4.004415512084961,-3.828476572036743,-3.755199658870697,-4.463746070861816,-3.561277389526367,4.463746070861816,-3.9878182411193848
sac_stackcube_20261007T163640_e814ffc5,StackCube-v1,sac,real_env_steps,250000,260000,actor_loss,all_update_events_exact_quantiles,5008,0,-2.342324243471645,-2.3426735401153564,-2.2910285234451293,-2.2704345870018003,-2.4695792198181152,-2.216989517211914,2.4695792198181152,-2.3609890937805176
sac_stackcube_20261007T163640_e814ffc5,StackCube-v1,sac,real_env_steps,250000,260000,critic_loss,all_update_events_exact_quantiles,5008,0,0.006770147744230718,0.006655901204794645,0.008160616224631666,0.009464805126190192,0.005046260077506304,0.014355974271893501,0.014355974271893501,0.006337503902614117
sac_stackcube_20261007T163640_e814ffc5,StackCube-v1,sac,real_env_steps,250000,260000,policy_q_min_mean,all_update_events_exact_quantiles,5008,0,2.3555392850035677,2.3558822870254517,2.4054816246032713,2.428441336154938,2.229519844055176,2.4829177856445312,2.4829177856445312,2.3747363090515137
sac_stackcube_20261007T163640_e814ffc5,StackCube-v1,sac,real_env_steps,250000,260000,alpha,all_update_events_exact_quantiles,5008,0,0.0033009503590082155,0.003303628182038665,0.0033791881636716426,0.0033921456011012196,0.0032154666259884834,0.0033942717127501965,0.0033942717127501965,0.0033911317586898804
sac_stackcube_20261007T163640_e814ffc5,StackCube-v1,sac,real_env_steps,250000,260000,alpha_loss,all_update_events_exact_quantiles,5008,0,-1.1376246612880918e-05,-8.84957262314856e-06,0.0005514707067050035,0.000798826095997356,-0.0014983343426138163,0.0012293027248233557,0.0014983343426138163,-0.00018181133782491088
sac_stackcube_20261007T163640_e814ffc5,StackCube-v1,sac,real_env_steps,250000,260000,entropy_estimate,all_update_events_exact_quantiles,5008,0,-4.003490131027021,-4.002700567245483,-3.8321808576583862,-3.758188519477844,-4.463746070861816,-3.6333842277526855,4.463746070861816,-4.053610324859619
sac_stackcube_20261007T163640_e814ffc5,StackCube-v1,sac,policy_gradient_steps,125000,130000,actor_loss,all_update_events_exact_quantiles,5000,0,-2.359275519657135,-2.358856439590454,-2.3069081783294676,-2.286227421760559,-2.4938206672668457,-2.2470908164978027,2.4938206672668457,-2.4152660369873047
sac_stackcube_20261007T163640_e814ffc5,StackCube-v1,sac,policy_gradient_steps,125000,130000,critic_loss,all_update_events_exact_quantiles,5000,0,0.0069374676207080484,0.006825032643973827,0.008320750435814261,0.009560734815895559,0.0051343608647584915,0.014355974271893501,0.014355974271893501,0.006573567166924477
sac_stackcube_20261007T163640_e814ffc5,StackCube-v1,sac,policy_gradient_steps,125000,130000,policy_q_min_mean,all_update_events_exact_quantiles,5000,0,2.3727374414920805,2.372306227684021,2.4268034219741823,2.4502164554595947,2.2607219219207764,2.507032871246338,2.507032871246338,2.4287073612213135
sac_stackcube_20261007T163640_e814ffc5,StackCube-v1,sac,policy_gradient_steps,125000,130000,alpha,all_update_events_exact_quantiles,5000,0,0.0033633308329619467,0.0033719957573339343,0.003430286538787186,0.0034419329604133964,0.003282580990344286,0.0034526607487350702,0.0034526607487350702,0.0034126623068004847
sac_stackcube_20261007T163640_e814ffc5,StackCube-v1,sac,policy_gradient_steps,125000,130000,alpha_loss,all_update_events_exact_quantiles,5000,0,-8.704038554060389e-06,-3.85632120014634e-06,0.0005629812774714083,0.0008056714362464851,-0.001336113316938281,0.0012293027248233557,0.001336113316938281,0.00021067206398583949
sac_stackcube_20261007T163640_e814ffc5,StackCube-v1,sac,policy_gradient_steps,125000,130000,entropy_estimate,all_update_events_exact_quantiles,5000,0,-4.00265106844902,-4.001158237457275,-3.83340847492218,-3.7606499505043027,-4.40587043762207,-3.6333842277526855,4.40587043762207,-3.938272476196289
sac_stackcube_20261007T163640_e814ffc5,StackCube-v1,sac,real_env_steps,260000,270000,actor_loss,all_update_events_exact_quantiles,4992,0,-2.3851045978566012,-2.384866952896118,-2.3311118721961974,-2.308162965774536,-2.495544910430908,-2.2756543159484863,2.495544910430908,-2.4271068572998047
sac_stackcube_20261007T163640_e814ffc5,StackCube-v1,sac,real_env_steps,260000,270000,critic_loss,all_update_events_exact_quantiles,4992,0,0.007162403313999768,0.007032110122963786,0.008520956756547094,0.010037528267130256,0.0052878824062645435,0.017804816365242004,0.017804816365242004,0.006671947427093983
sac_stackcube_20261007T163640_e814ffc5,StackCube-v1,sac,real_env_steps,260000,270000,policy_q_min_mean,all_update_events_exact_quantiles,4992,0,2.3989708937991123,2.398753523826599,2.452035331726074,2.4729404211044312,2.2897348403930664,2.5101349353790283,2.5101349353790283,2.441206932067871
sac_stackcube_20261007T163640_e814ffc5,StackCube-v1,sac,real_env_steps,260000,270000,alpha,all_update_events_exact_quantiles,4992,0,0.0034640016992619703,0.0034668873995542526,0.0035655840416438877,0.0035867511131800712,0.0033722829539328814,0.0035928927827626467,0.0035928927827626467,0.0035417135804891586
sac_stackcube_20261007T163640_e814ffc5,StackCube-v1,sac,real_env_steps,260000,270000,alpha_loss,all_update_events_exact_quantiles,4992,0,-1.0409673438679863e-05,-8.529161277692765e-06,0.0005699175875633954,0.0008410771965282043,-0.0014310820261016488,0.0011972518404945731,0.0014310820261016488,6.680386286461726e-05
sac_stackcube_20261007T163640_e814ffc5,StackCube-v1,sac,real_env_steps,260000,270000,entropy_estimate,all_update_events_exact_quantiles,4992,0,-4.003053991888196,-4.0024614334106445,-3.8356560587882997,-3.75830118894577,-4.402800559997559,-3.6555705070495605,4.402800559997559,-3.981137990951538
sac_stackcube_20261007T163640_e814ffc5,StackCube-v1,sac,policy_gradient_steps,130000,135000,actor_loss,all_update_events_exact_quantiles,5000,0,-2.402534920835495,-2.4022200107574463,-2.34987930059433,-2.3259572553634644,-2.5136070251464844,-2.2911062240600586,2.5136070251464844,-2.4644734859466553
sac_stackcube_20261007T163640_e814ffc5,StackCube-v1,sac,policy_gradient_steps,130000,135000,critic_loss,all_update_events_exact_quantiles,5000,0,0.0072815873910672966,0.00712830969132483,0.008734600525349379,0.010541479317471389,0.00539756566286087,0.017804816365242004,0.017804816365242004,0.007020091637969017
sac_stackcube_20261007T163640_e814ffc5,StackCube-v1,sac,policy_gradient_steps,130000,135000,policy_q_min_mean,all_update_events_exact_quantiles,5000,0,2.416708002662659,2.416407346725464,2.4698505640029906,2.4924437522888185,2.305178165435791,2.5278711318969727,2.5278711318969727,2.479602575302124
sac_stackcube_20261007T163640_e814ffc5,StackCube-v1,sac,policy_gradient_steps,130000,135000,alpha,all_update_events_exact_quantiles,5000,0,0.0035394411638379098,0.0035369019024074078,0.0036532237427309155,0.0036622809595428405,0.0034120490308851004,0.003665860742330551,0.003665860742330551,0.0036352742463350296
sac_stackcube_20261007T163640_e814ffc5,StackCube-v1,sac,policy_gradient_steps,130000,135000,alpha_loss,all_update_events_exact_quantiles,5000,0,-1.5494110398867634e-05,-1.4386732800630853e-05,0.0005696240172255785,0.0008544862898997967,-0.0014310820261016488,0.0011972518404945731,0.0014310820261016488,-0.0005898043746128678
sac_stackcube_20261007T163640_e814ffc5,StackCube-v1,sac,policy_gradient_steps,130000,135000,entropy_estimate,all_update_events_exact_quantiles,5000,0,-4.004449431371689,-4.004109144210815,-3.839092695713043,-3.7604114627838134,-4.402800559997559,-3.6555705070495605,4.402800559997559,-4.162266731262207
sac_stackcube_20261007T163640_e814ffc5,StackCube-v1,sac,real_env_steps,270000,280000,actor_loss,all_update_events_exact_quantiles,5008,0,-2.429122106573833,-2.4292407035827637,-2.3758439660072326,-2.353297924995422,-2.543509006500244,-2.3222765922546387,2.543509006500244,-2.434342861175537
sac_stackcube_20261007T163640_e814ffc5,StackCube-v1,sac,real_env_steps,270000,280000,critic_loss,all_update_events_exact_quantiles,5008,0,0.0074843404942546215,0.0073262101504951715,0.008967973990365861,0.010977501235902317,0.00539756566286087,0.016797272488474846,0.016797272488474846,0.008253095671534538
sac_stackcube_20261007T163640_e814ffc5,StackCube-v1,sac,real_env_steps,270000,280000,policy_q_min_mean,all_update_events_exact_quantiles,5008,0,2.443753001503289,2.4438711404800415,2.4971606731414795,2.5215873765945434,2.3365225791931152,2.5585622787475586,2.5585622787475586,2.449244976043701
sac_stackcube_20261007T163640_e814ffc5,StackCube-v1,sac,real_env_steps,270000,280000,alpha,all_update_events_exact_quantiles,5008,0,0.0036548604729760904,0.0036548514617606997,0.0037389249075204132,0.0037595676770433785,0.0035123424604535103,0.0037686608266085386,0.0037686608266085386,0.0037207622081041336
sac_stackcube_20261007T163640_e814ffc5,StackCube-v1,sac,real_env_steps,270000,280000,alpha_loss,all_update_events_exact_quantiles,5008,0,-1.1597580384496802e-05,-3.2631542126182467e-06,0.000588575893198139,0.0008732103789225241,-0.0012371060438454151,0.001212483155541122,0.0012371060438454151,-1.688351039774716e-05
sac_stackcube_20261007T163640_e814ffc5,StackCube-v1,sac,real_env_steps,270000,280000,entropy_estimate,all_update_events_exact_quantiles,5008,0,-4.003250485934769,-4.000900745391846,-3.838877058029175,-3.7612995910644527,-4.339621543884277,-3.6719212532043457,4.339621543884277,-4.004537105560303
sac_stackcube_20261007T163640_e814ffc5,StackCube-v1,sac,policy_gradient_steps,135000,140000,actor_loss,all_update_events_exact_quantiles,5000,0,-2.4460276291370393,-2.4463095664978027,-2.3919763565063477,-2.3716270971298217,-2.5605530738830566,-2.3229103088378906,2.5605530738830566,-2.477961778640747
sac_stackcube_20261007T163640_e814ffc5,StackCube-v1,sac,policy_gradient_steps,135000,140000,critic_loss,all_update_events_exact_quantiles,5000,0,0.007606282850168645,0.007461329223588109,0.009135876083746554,0.011118575427681222,0.005751834250986576,0.01901259645819664,0.01901259645819664,0.00810698140412569
sac_stackcube_20261007T163640_e814ffc5,StackCube-v1,sac,policy_gradient_steps,135000,140000,policy_q_min_mean,all_update_events_exact_quantiles,5000,0,2.460886445951462,2.4610670804977417,2.5163287043571474,2.5394641160964966,2.3372879028320312,2.575531244277954,2.575531244277954,2.4929041862487793
sac_stackcube_20261007T163640_e814ffc5,StackCube-v1,sac,policy_gradient_steps,135000,140000,alpha,all_update_events_exact_quantiles,5000,0,0.003712342111254111,0.0037204683758318424,0.0037691705860197545,0.003776315054856241,0.0036155616398900747,0.0037831924855709076,0.0037831924855709076,0.0037790185306221247
sac_stackcube_20261007T163640_e814ffc5,StackCube-v1,sac,policy_gradient_steps,135000,140000,alpha_loss,all_update_events_exact_quantiles,5000,0,-9.564796281483723e-06,-4.656161763705313e-06,0.0006062547588953749,0.0008786764967953792,-0.0012371060438454151,0.001212483155541122,0.0012371060438454151,0.0001717222621664405
sac_stackcube_20261007T163640_e814ffc5,StackCube-v1,sac,policy_gradient_steps,135000,140000,entropy_estimate,all_update_events_exact_quantiles,5000,0,-4.002625268268585,-4.001254081726074,-3.8365397572517397,-3.7623597788810725,-4.339621543884277,-3.6719212532043457,4.339621543884277,-3.9545538425445557
sac_stackcube_20261007T163640_e814ffc5,StackCube-v1,sac,real_env_steps,280000,290000,actor_loss,all_update_events_exact_quantiles,4992,0,-2.4738490162178493,-2.4736950397491455,-2.417625868320465,-2.3957459783554076,-2.5828311443328857,-2.3593266010284424,2.5828311443328857,-2.508984327316284
sac_stackcube_20261007T163640_e814ffc5,StackCube-v1,sac,real_env_steps,280000,290000,critic_loss,all_update_events_exact_quantiles,4992,0,0.007701564266589673,0.007566580316051841,0.009215825144201517,0.010913786925375462,0.005884939339011908,0.01901259645819664,0.01901259645819664,0.007004872430115938
sac_stackcube_20261007T163640_e814ffc5,StackCube-v1,sac,real_env_steps,280000,290000,policy_q_min_mean,all_update_events_exact_quantiles,4992,0,2.4890348751288958,2.488851547241211,2.545440661907196,2.5673961210250855,2.3745479583740234,2.5977225303649902,2.5977225303649902,2.5247530937194824
sac_stackcube_20261007T163640_e814ffc5,StackCube-v1,sac,real_env_steps,280000,290000,alpha,all_update_events_exact_quantiles,4992,0,0.003793694289645198,0.0037885132478550076,0.0038711346220225095,0.0038853154168464244,0.003689028322696686,0.0038900692015886307,0.0038900692015886307,0.0038854661397635937
sac_stackcube_20261007T163640_e814ffc5,StackCube-v1,sac,real_env_steps,280000,290000,alpha_loss,all_update_events_exact_quantiles,4992,0,-1.1212873510238262e-05,-1.5237779734889045e-05,0.0006133075774414463,0.0008749178849393502,-0.0013265213929116726,0.0013628066517412663,0.0013628066517412663,-0.00022759742569178343
sac_stackcube_20261007T163640_e814ffc5,StackCube-v1,sac,real_env_steps,280000,290000,entropy_estimate,all_update_events_exact_quantiles,4992,0,-4.002997736327159,-4.003994941711426,-3.838702416419983,-3.7705988550186156,-4.34410285949707,-3.6465959548950195,4.34410285949707,-4.058579444885254
sac_stackcube_20261007T163640_e814ffc5,StackCube-v1,sac,policy_gradient_steps,140000,145000,actor_loss,all_update_events_exact_quantiles,5000,0,-2.493218798494339,-2.494103193283081,-2.4359543085098267,-2.4127924489974975,-2.6260275840759277,-2.380826950073242,2.6260275840759277,-2.5283405780792236
sac_stackcube_20261007T163640_e814ffc5,StackCube-v1,sac,policy_gradient_steps,140000,145000,critic_loss,all_update_events_exact_quantiles,5000,0,0.007710660379938781,0.00758012942969799,0.009183760033920407,0.010915064727887515,0.0055421870201826096,0.016710571944713593,0.016710571944713593,0.007465254049748182
sac_stackcube_20261007T163640_e814ffc5,StackCube-v1,sac,policy_gradient_steps,140000,145000,policy_q_min_mean,all_update_events_exact_quantiles,5000,0,2.508646105384827,2.50953471660614,2.563290023803711,2.5859115886688233,2.395923614501953,2.6409218311309814,2.6409218311309814,2.5435404777526855
sac_stackcube_20261007T163640_e814ffc5,StackCube-v1,sac,policy_gradient_steps,140000,145000,alpha,all_update_events_exact_quantiles,5000,0,0.003854489863757044,0.0038592572091147304,0.003920897375792265,0.003944027875550091,0.0037573007866740227,0.0039498633705079556,0.0039498633705079556,0.0039361645467579365
sac_stackcube_20261007T163640_e814ffc5,StackCube-v1,sac,policy_gradient_steps,140000,145000,alpha_loss,all_update_events_exact_quantiles,5000,0,-9.472096315585077e-06,-1.8869328414439224e-05,0.0006253798870602623,0.0008862573094666014,-0.0013265213929116726,0.0013628066517412663,0.0013628066517412663,0.0005460322718136013
sac_stackcube_20261007T163640_e814ffc5,StackCube-v1,sac,policy_gradient_steps,140000,145000,entropy_estimate,all_update_events_exact_quantiles,5000,0,-4.002505115032196,-4.004963159561157,-3.837977707386017,-3.770607361793518,-4.34410285949707,-3.6465959548950195,4.34410285949707,-3.8612899780273438
sac_stackcube_20261007T163640_e814ffc5,StackCube-v1,sac,real_env_steps,290000,300000,actor_loss,all_update_events_exact_quantiles,5008,0,-2.519733495653247,-2.5196545124053955,-2.4667157411575316,-2.43770453453064,-2.6356139183044434,-2.4120311737060547,2.6356139183044434,-2.5549211502075195
sac_stackcube_20261007T163640_e814ffc5,StackCube-v1,sac,real_env_steps,290000,300000,critic_loss,all_update_events_exact_quantiles,5008,0,0.007790831130960534,0.0076644083019346,0.009320975141599774,0.01111130989156664,0.0055421870201826096,0.015149131417274475,0.015149131417274475,0.008019864559173584
sac_stackcube_20261007T163640_e814ffc5,StackCube-v1,sac,real_env_steps,290000,300000,policy_q_min_mean,all_update_events_exact_quantiles,5008,0,2.5354666996021242,2.5354418754577637,2.589005208015442,2.6123793578147887,2.427389621734619,2.6511597633361816,2.6511597633361816,2.5703372955322266
sac_stackcube_20261007T163640_e814ffc5,StackCube-v1,sac,real_env_steps,290000,300000,alpha,all_update_events_exact_quantiles,5008,0,0.003932157710978252,0.003938666312023997,0.0039933960186317565,0.004005062202923,0.003848250024020672,0.004008360672742128,0.004008360672742128,0.003972428850829601
sac_stackcube_20261007T163640_e814ffc5,StackCube-v1,sac,real_env_steps,290000,300000,alpha_loss,all_update_events_exact_quantiles,5008,0,-4.64174924779048e-06,-1.1471533071016893e-05,0.0006320025015156715,0.0008907376538263645,-0.0013915970921516418,0.001317300251685083,0.0013915970921516418,0.00047913784510456026
sac_stackcube_20261007T163640_e814ffc5,StackCube-v1,sac,real_env_steps,290000,300000,entropy_estimate,all_update_events_exact_quantiles,5008,0,-4.001229626206925,-4.002933502197266,-3.839673113822937,-3.7739921402931214,-4.3539628982543945,-3.6695401668548584,4.3539628982543945,-3.8794281482696533
sac_stackcube_20261007T163640_e814ffc5,StackCube-v1,sac,policy_gradient_steps,145000,150000,actor_loss,all_update_events_exact_quantiles,5000,0,-2.535239387178421,-2.535124897956848,-2.482772672176361,-2.461340365409851,-2.664461612701416,-2.4195733070373535,2.664461612701416,-2.6299705505371094
sac_stackcube_20261007T163640_e814ffc5,StackCube-v1,sac,policy_gradient_steps,145000,150000,critic_loss,all_update_events_exact_quantiles,5000,0,0.007842154401820152,0.007696400862187147,0.009469608496874572,0.01119753945618868,0.0058202119544148445,0.015374980866909027,0.015374980866909027,0.007715181447565556
sac_stackcube_20261007T163640_e814ffc5,StackCube-v1,sac,policy_gradient_steps,145000,150000,policy_q_min_mean,all_update_events_exact_quantiles,5000,0,2.5511117488861084,2.5509873628616333,2.604786729812622,2.625579936504364,2.435107946395874,2.6803550720214844,2.6803550720214844,2.6463394165039062
sac_stackcube_20261007T163640_e814ffc5,StackCube-v1,sac,policy_gradient_steps,145000,150000,alpha,all_update_events_exact_quantiles,5000,0,0.003966499166190624,0.003963385010138154,0.004021799005568027,0.004043851881287992,0.003913392312824726,0.004049654118716717,0.004049654118716717,0.00403176061809063
sac_stackcube_20261007T163640_e814ffc5,StackCube-v1,sac,policy_gradient_steps,145000,150000,alpha_loss,all_update_events_exact_quantiles,5000,0,-6.44058999750996e-06,-9.135645086644217e-06,0.0006078508449718356,0.0008555481780786084,-0.0013915970921516418,0.001317300251685083,0.0013915970921516418,-0.00024293462047353387
sac_stackcube_20261007T163640_e814ffc5,StackCube-v1,sac,policy_gradient_steps,145000,150000,entropy_estimate,all_update_events_exact_quantiles,5000,0,-4.001662211799622,-4.002296447753906,-3.8471829652786256,-3.7836691045761106,-4.3539628982543945,-3.6695401668548584,4.3539628982543945,-4.060258865356445
sac_stackcube_20261007T163640_e814ffc5,StackCube-v1,sac,real_env_steps,300000,310000,actor_loss,all_update_events_exact_quantiles,4992,0,-2.5602816354292326,-2.56062114238739,-2.505677914619446,-2.483734097480774,-2.704195261001587,-2.4427876472473145,2.704195261001587,-2.644132375717163
sac_stackcube_20261007T163640_e814ffc5,StackCube-v1,sac,real_env_steps,300000,310000,critic_loss,all_update_events_exact_quantiles,4992,0,0.007757080215248071,0.007618235424160957,0.009373528277501462,0.010930013014003639,0.005586407613009214,0.015374980866909027,0.015374980866909027,0.007454182952642441
sac_stackcube_20261007T163640_e814ffc5,StackCube-v1,sac,real_env_steps,300000,310000,policy_q_min_mean,all_update_events_exact_quantiles,4992,0,2.576330072174852,2.57667875289917,2.6317336559295654,2.6547149300575255,2.4589321613311768,2.7200798988342285,2.7200798988342285,2.660842180252075
sac_stackcube_20261007T163640_e814ffc5,StackCube-v1,sac,real_env_steps,300000,310000,alpha,all_update_events_exact_quantiles,4992,0,0.004010620671835614,0.004022250417619944,0.004049504757858813,0.004057605024427175,0.003941090777516365,0.004062033724039793,0.004062033724039793,0.004052383359521627
sac_stackcube_20261007T163640_e814ffc5,StackCube-v1,sac,real_env_steps,300000,310000,alpha_loss,all_update_events_exact_quantiles,4992,0,-6.0178784337949764e-06,-1.041842915583402e-05,0.0006197422510012984,0.0008557519980240618,-0.001318038790486753,0.001309964805841446,0.001318038790486753,-0.0005021347897127271
sac_stackcube_20261007T163640_e814ffc5,StackCube-v1,sac,real_env_steps,300000,310000,entropy_estimate,all_update_events_exact_quantiles,4992,0,-4.0015475284308195,-4.002589225769043,-3.845761501789093,-3.7881445145606993,-4.325949668884277,-3.6754040718078613,4.325949668884277,-4.123926162719727
sac_stackcube_20261007T163640_e814ffc5,StackCube-v1,sac,policy_gradient_steps,150000,155000,actor_loss,all_update_events_exact_quantiles,5000,0,-2.577277001094818,-2.576973080635071,-2.523455190658569,-2.4979373836517333,-2.704195261001587,-2.459825038909912,2.704195261001587,-2.6242899894714355
sac_stackcube_20261007T163640_e814ffc5,StackCube-v1,sac,policy_gradient_steps,150000,155000,critic_loss,all_update_events_exact_quantiles,5000,0,0.007686928416229784,0.007555987220257521,0.009218587819486857,0.010669362042099237,0.005586407613009214,0.013942399062216282,0.013942399062216282,0.00775571446865797
sac_stackcube_20261007T163640_e814ffc5,StackCube-v1,sac,policy_gradient_steps,150000,155000,policy_q_min_mean,all_update_events_exact_quantiles,5000,0,2.5934762955665587,2.593161106109619,2.6487757086753847,2.67278014421463,2.4756810665130615,2.7200798988342285,2.7200798988342285,2.640080690383911
sac_stackcube_20261007T163640_e814ffc5,StackCube-v1,sac,policy_gradient_steps,150000,155000,alpha,all_update_events_exact_quantiles,5000,0,0.004049293658975512,0.00404049688950181,0.004109503421932459,0.004127714675851166,0.00398814445361495,0.00413271551951766,0.00413271551951766,0.004077420569956303
sac_stackcube_20261007T163640_e814ffc5,StackCube-v1,sac,policy_gradient_steps,150000,155000,alpha_loss,all_update_events_exact_quantiles,5000,0,-2.1556341198447624e-06,-5.606307240668684e-06,0.0006428230000892654,0.0008778903080383317,-0.001386449672281742,0.001309964805841446,0.001386449672281742,0.000522494490724057
sac_stackcube_20261007T163640_e814ffc5,StackCube-v1,sac,policy_gradient_steps,150000,155000,entropy_estimate,all_update_events_exact_quantiles,5000,0,-4.000579674959183,-4.001379489898682,-3.841660499572754,-3.7840390729904176,-4.339545726776123,-3.6754040718078613,4.339545726776123,-3.871882438659668
sac_stackcube_20261007T163640_e814ffc5,StackCube-v1,sac,real_env_steps,310000,320000,actor_loss,all_update_events_exact_quantiles,5008,0,-2.6001100287365078,-2.5999929904937744,-2.545588290691376,-2.5260768246650698,-2.7243900299072266,-2.490464687347412,2.7243900299072266,-2.55287504196167
sac_stackcube_20261007T163640_e814ffc5,StackCube-v1,sac,real_env_steps,310000,320000,critic_loss,all_update_events_exact_quantiles,5008,0,0.007612424086780843,0.007491136435419321,0.009042344661429523,0.010346049526706352,0.005549187771975994,0.012748649343848228,0.012748649343848228,0.00772478710860014
sac_stackcube_20261007T163640_e814ffc5,StackCube-v1,sac,real_env_steps,310000,320000,policy_q_min_mean,all_update_events_exact_quantiles,5008,0,2.6164447325772753,2.616371989250183,2.6718170285224914,2.692062163352966,2.5065011978149414,2.7402913570404053,2.7402913570404053,2.56950044631958
sac_stackcube_20261007T163640_e814ffc5,StackCube-v1,sac,real_env_steps,310000,320000,alpha,all_update_events_exact_quantiles,5008,0,0.004082626723494684,0.004083261592313647,0.004126905743032694,0.0041332949232310056,0.004025803413242102,0.004137647338211536,0.004137647338211536,0.004127055872231722
sac_stackcube_20261007T163640_e814ffc5,StackCube-v1,sac,real_env_steps,310000,320000,alpha_loss,all_update_events_exact_quantiles,5008,0,-4.254178397438058e-06,-3.154156729578972e-06,0.0006336563616059717,0.0008902900852262974,-0.0014457178767770529,0.001314519322477281,0.0014457178767770529,-0.00011659300798783079
sac_stackcube_20261007T163640_e814ffc5,StackCube-v1,sac,real_env_steps,310000,320000,entropy_estimate,all_update_events_exact_quantiles,5008,0,-4.001085617624152,-4.000773668289185,-3.8447969555854797,-3.7810266733169553,-4.356561660766602,-3.6800942420959473,4.356561660766602,-4.028249740600586
sac_stackcube_20261007T163640_e814ffc5,StackCube-v1,sac,policy_gradient_steps,155000,160000,actor_loss,all_update_events_exact_quantiles,5000,0,-2.6143524549484254,-2.6147018671035767,-2.5598717212677,-2.5404084587097167,-2.744706630706787,-2.506755828857422,2.744706630706787,-2.6359927654266357
sac_stackcube_20261007T163640_e814ffc5,StackCube-v1,sac,policy_gradient_steps,155000,160000,critic_loss,all_update_events_exact_quantiles,5000,0,0.007588317526038736,0.007467150222510099,0.008994770329445602,0.010254068849608305,0.005549187771975994,0.013671314343810081,0.013671314343810081,0.008074614219367504
sac_stackcube_20261007T163640_e814ffc5,StackCube-v1,sac,policy_gradient_steps,155000,160000,policy_q_min_mean,all_update_events_exact_quantiles,5000,0,2.6307182469844816,2.631107807159424,2.68441698551178,2.705480649471283,2.5228676795959473,2.7608556747436523,2.7608556747436523,2.6520907878875732
sac_stackcube_20261007T163640_e814ffc5,StackCube-v1,sac,policy_gradient_steps,155000,160000,alpha,all_update_events_exact_quantiles,5000,0,0.004090728498809039,0.004089344525709748,0.00413025429006666,0.004135962892323732,0.004025845322757959,0.004144119564443827,0.004144119564443827,0.004120995290577412
sac_stackcube_20261007T163640_e814ffc5,StackCube-v1,sac,policy_gradient_steps,155000,160000,alpha_loss,all_update_events_exact_quantiles,5000,0,-2.909664471735596e-06,3.550958354026079e-07,0.0006317485996987671,0.0008926988305756825,-0.0014457178767770529,0.0013660778058692813,0.0014457178767770529,0.00038863960071466863
sac_stackcube_20261007T163640_e814ffc5,StackCube-v1,sac,policy_gradient_steps,155000,160000,entropy_estimate,all_update_events_exact_quantiles,5000,0,-4.000758110141754,-3.999912977218628,-3.845282864570618,-3.780957021713257,-4.356561660766602,-3.663227081298828,4.356561660766602,-3.9057068824768066
sac_stackcube_20261007T163640_e814ffc5,StackCube-v1,sac,real_env_steps,320000,330000,actor_loss,all_update_events_exact_quantiles,4992,0,-2.634048518079978,-2.634644389152527,-2.5786906361579893,-2.5562955570220947,-2.7477340698242188,-2.5164599418640137,2.7477340698242188,-2.645263671875
sac_stackcube_20261007T163640_e814ffc5,StackCube-v1,sac,real_env_steps,320000,330000,critic_loss,all_update_events_exact_quantiles,4992,0,0.0075710164715135945,0.007431517820805311,0.009061770234256982,0.010499361185356978,0.005498428829014301,0.014790873974561691,0.014790873974561691,0.008776279166340828
sac_stackcube_20261007T163640_e814ffc5,StackCube-v1,sac,real_env_steps,320000,330000,policy_q_min_mean,all_update_events_exact_quantiles,4992,0,2.6504232925959887,2.6510320901870728,2.706056809425354,2.72581600189209,2.5332846641540527,2.7635998725891113,2.7635998725891113,2.6617801189422607
sac_stackcube_20261007T163640_e814ffc5,StackCube-v1,sac,real_env_steps,320000,330000,alpha,all_update_events_exact_quantiles,4992,0,0.004093978643094231,0.004097459372133017,0.0041278466582298275,0.004135601040907204,0.004033163655549288,0.004144119564443827,0.004144119564443827,0.004094401840120554
sac_stackcube_20261007T163640_e814ffc5,StackCube-v1,sac,real_env_steps,320000,330000,alpha_loss,all_update_events_exact_quantiles,4992,0,1.1652296846839304e-06,8.99583574209828e-06,0.0006205515004694462,0.0008511136274319148,-0.0013815932907164097,0.0013660778058692813,0.0013815932907164097,-0.00014454376650974154
sac_stackcube_20261007T163640_e814ffc5,StackCube-v1,sac,real_env_steps,320000,330000,entropy_estimate,all_update_events_exact_quantiles,4992,0,-3.9997614443015594,-3.9978113174438477,-3.8486222624778748,-3.792053599357605,-4.3374433517456055,-3.663227081298828,4.3374433517456055,-4.035314559936523
sac_stackcube_20261007T163640_e814ffc5,StackCube-v1,sac,policy_gradient_steps,160000,165000,actor_loss,all_update_events_exact_quantiles,5000,0,-2.6463252512931823,-2.6465660333633423,-2.5911108255386353,-2.567653386592865,-2.7562527656555176,-2.5164599418640137,2.7562527656555176,-2.679833173751831
sac_stackcube_20261007T163640_e814ffc5,StackCube-v1,sac,policy_gradient_steps,160000,165000,critic_loss,all_update_events_exact_quantiles,5000,0,0.007524305223487317,0.007378709968179464,0.009051753394305705,0.010415437724441298,0.005498428829014301,0.014790873974561691,0.014790873974561691,0.0060605211183428764
sac_stackcube_20261007T163640_e814ffc5,StackCube-v1,sac,policy_gradient_steps,160000,165000,policy_q_min_mean,all_update_events_exact_quantiles,5000,0,2.6627370914459227,2.6629014015197754,2.7186514496803285,2.7376469779014587,2.5332846641540527,2.772871494293213,2.772871494293213,2.696681261062622
sac_stackcube_20261007T163640_e814ffc5,StackCube-v1,sac,policy_gradient_steps,160000,165000,alpha,all_update_events_exact_quantiles,5000,0,0.00410313427131623,0.0041071209125220776,0.004144005477428436,0.0041600201139226555,0.004033163655549288,0.0041639674454927444,0.0041639674454927444,0.004100916441529989
sac_stackcube_20261007T163640_e814ffc5,StackCube-v1,sac,policy_gradient_steps,160000,165000,alpha_loss,all_update_events_exact_quantiles,5000,0,7.088781352649676e-07,4.053676093462855e-06,0.0006204823963344097,0.0008374420739710339,-0.0013565865810960531,0.0013260775012895465,0.0013565865810960531,-0.0004458753392100334
sac_stackcube_20261007T163640_e814ffc5,StackCube-v1,sac,policy_gradient_steps,160000,165000,entropy_estimate,all_update_events_exact_quantiles,5000,0,-3.999871329641342,-3.999017596244812,-3.848699998855591,-3.796640794277191,-4.329991340637207,-3.67498517036438,4.329991340637207,-4.108735084533691
sac_stackcube_20261007T163640_e814ffc5,StackCube-v1,sac,real_env_steps,330000,340000,actor_loss,all_update_events_exact_quantiles,5008,0,-2.664941929590207,-2.665079355239868,-2.6110249876976015,-2.5877549123764036,-2.8209524154663086,-2.5399329662323,2.8209524154663086,-2.7189059257507324
sac_stackcube_20261007T163640_e814ffc5,StackCube-v1,sac,real_env_steps,330000,340000,critic_loss,all_update_events_exact_quantiles,5008,0,0.007512161422657748,0.007378354901447892,0.009057105192914604,0.010335737271234395,0.005697157233953476,0.01510138250887394,0.01510138250887394,0.006496226415038109
sac_stackcube_20261007T163640_e814ffc5,StackCube-v1,sac,real_env_steps,330000,340000,policy_q_min_mean,all_update_events_exact_quantiles,5008,0,2.6814726281661194,2.681658387184143,2.734842836856842,2.757184844017029,2.55619215965271,2.83782696723938,2.83782696723938,2.7354164123535156
sac_stackcube_20261007T163640_e814ffc5,StackCube-v1,sac,real_env_steps,330000,340000,alpha,all_update_events_exact_quantiles,5008,0,0.0041320704897425285,0.004129668232053518,0.004174716374836862,0.004187070061452687,0.0040848758071660995,0.004197860602289438,0.004197860602289438,0.004154033958911896
sac_stackcube_20261007T163640_e814ffc5,StackCube-v1,sac,real_env_steps,330000,340000,alpha_loss,all_update_events_exact_quantiles,5008,0,-2.464904266667791e-06,-2.4846740416251123e-06,0.0006191065825987607,0.0008490431855898356,-0.0012335808714851737,0.0012506672646850348,0.0012506672646850348,0.00010867996752494946
sac_stackcube_20261007T163640_e814ffc5,StackCube-v1,sac,real_env_steps,330000,340000,entropy_estimate,all_update_events_exact_quantiles,5008,0,-4.000643854086011,-4.000601053237915,-3.8504759550094607,-3.7946382141113277,-4.2999587059021,-3.6969025135040283,4.2999587059021,-3.973842144012451
sac_stackcube_20261007T163640_e814ffc5,StackCube-v1,sac,policy_gradient_steps,165000,170000,actor_loss,all_update_events_exact_quantiles,5000,0,-2.6769915145397185,-2.677578330039978,-2.6223834991455077,-2.600161693096161,-2.8209524154663086,-2.5615129470825195,2.8209524154663086,-2.695603370666504
sac_stackcube_20261007T163640_e814ffc5,StackCube-v1,sac,policy_gradient_steps,165000,170000,critic_loss,all_update_events_exact_quantiles,5000,0,0.007507946290355175,0.007361923111602664,0.009052262082695961,0.010658377930521972,0.005737618543207645,0.015612020157277584,0.015612020157277584,0.007155857514590025
sac_stackcube_20261007T163640_e814ffc5,StackCube-v1,sac,policy_gradient_steps,165000,170000,policy_q_min_mean,all_update_events_exact_quantiles,5000,0,2.6935405630588534,2.69415020942688,2.7472041726112364,2.769946312904358,2.5776238441467285,2.83782696723938,2.83782696723938,2.7118189334869385
sac_stackcube_20261007T163640_e814ffc5,StackCube-v1,sac,policy_gradient_steps,165000,170000,alpha,all_update_events_exact_quantiles,5000,0,0.00413730198731646,0.004134726244956255,0.004176959162577987,0.004187135463580489,0.004089615773409605,0.004197860602289438,0.004197860602289438,0.004103341605514288
sac_stackcube_20261007T163640_e814ffc5,StackCube-v1,sac,policy_gradient_steps,165000,170000,alpha_loss,all_update_events_exact_quantiles,5000,0,1.5699365103500894e-07,3.183202352374792e-06,0.0006212853186298162,0.0008670194982551045,-0.0012829825282096863,0.0012506672646850348,0.0012829825282096863,0.00019793830870185047
sac_stackcube_20261007T163640_e814ffc5,StackCube-v1,sac,policy_gradient_steps,165000,170000,entropy_estimate,all_update_events_exact_quantiles,5000,0,-4.0000063914775845,-3.9992284774780273,-3.849923241138458,-3.7909671211242673,-4.3103437423706055,-3.6969025135040283,4.3103437423706055,-3.9517621994018555
sac_stackcube_20261007T163640_e814ffc5,StackCube-v1,sac,real_env_steps,340000,350000,actor_loss,all_update_events_exact_quantiles,4992,0,-2.6959510857287126,-2.6962403059005737,-2.640908622741699,-2.6162635135650634,-2.819920301437378,-2.5615129470825195,2.819920301437378,-2.739003896713257
sac_stackcube_20261007T163640_e814ffc5,StackCube-v1,sac,real_env_steps,340000,350000,critic_loss,all_update_events_exact_quantiles,4992,0,0.0074476584608745705,0.0073057792615145445,0.00896748756058514,0.010372803732752808,0.005663513205945492,0.015612020157277584,0.015612020157277584,0.006841287948191166
sac_stackcube_20261007T163640_e814ffc5,StackCube-v1,sac,real_env_steps,340000,350000,policy_q_min_mean,all_update_events_exact_quantiles,4992,0,2.712545059955655,2.7130448818206787,2.765897262096405,2.7873517370224,2.5776238441467285,2.836113452911377,2.836113452911377,2.754776954650879
sac_stackcube_20261007T163640_e814ffc5,StackCube-v1,sac,real_env_steps,340000,350000,alpha,all_update_events_exact_quantiles,4992,0,0.004148311435505419,0.004149734508246183,0.0041816114680841565,0.0041881120624020695,0.004089615773409605,0.0041969818994402885,0.0041969818994402885,0.004163741134107113
sac_stackcube_20261007T163640_e814ffc5,StackCube-v1,sac,real_env_steps,340000,350000,alpha_loss,all_update_events_exact_quantiles,4992,0,-7.373897090427561e-07,3.312987246317789e-06,0.0006312442914349958,0.0008849315281258906,-0.0014505422441288829,0.0015673305606469512,0.0015673305606469512,0.0008828775025904179
sac_stackcube_20261007T163640_e814ffc5,StackCube-v1,sac,real_env_steps,340000,350000,entropy_estimate,all_update_events_exact_quantiles,4992,0,-4.000220338169199,-3.999202251434326,-3.848184955120087,-3.787083714008331,-4.349762916564941,-3.6244635581970215,4.349762916564941,-3.7879772186279297
sac_stackcube_20261007T163640_e814ffc5,StackCube-v1,sac,policy_gradient_steps,170000,175000,actor_loss,all_update_events_exact_quantiles,5000,0,-2.7083782032966615,-2.7083075046539307,-2.654790771007538,-2.6309012627601622,-2.8317832946777344,-2.5656981468200684,2.8317832946777344,-2.6913094520568848
sac_stackcube_20261007T163640_e814ffc5,StackCube-v1,sac,policy_gradient_steps,170000,175000,critic_loss,all_update_events_exact_quantiles,5000,0,0.00741638241764158,0.007286884356290102,0.008920618705451489,0.010208491366356617,0.005663513205945492,0.014110131189227104,0.014110131189227104,0.007650358602404594
sac_stackcube_20261007T163640_e814ffc5,StackCube-v1,sac,policy_gradient_steps,170000,175000,policy_q_min_mean,all_update_events_exact_quantiles,5000,0,2.7250430516719817,2.725013494491577,2.779003691673279,2.797764446735382,2.582228660583496,2.8471384048461914,2.8471384048461914,2.7076544761657715
sac_stackcube_20261007T163640_e814ffc5,StackCube-v1,sac,policy_gradient_steps,170000,175000,alpha,all_update_events_exact_quantiles,5000,0,0.004165273962821812,0.004166354658082128,0.004202183592133224,0.004226327864453197,0.004103516228497028,0.004232867620885372,0.004232867620885372,0.004162055440247059
sac_stackcube_20261007T163640_e814ffc5,StackCube-v1,sac,policy_gradient_steps,170000,175000,alpha_loss,all_update_events_exact_quantiles,5000,0,-3.8003100282367087e-06,-5.207399226492271e-06,0.0006274858111282813,0.0008952111314283687,-0.001546940067782998,0.0016592113533988595,0.0016592113533988595,0.00030098046408966184
sac_stackcube_20261007T163640_e814ffc5,StackCube-v1,sac,policy_gradient_steps,170000,175000,entropy_estimate,all_update_events_exact_quantiles,5000,0,-4.000963922786712,-4.001247882843018,-3.8490234375,-3.7855617594718933,-4.370312213897705,-3.607395648956299,4.370312213897705,-3.9276750087738037
sac_stackcube_20261007T163640_e814ffc5,StackCube-v1,sac,real_env_steps,350000,360000,actor_loss,all_update_events_exact_quantiles,5008,0,-2.7244150263908953,-2.724712371826172,-2.669172298908234,-2.6474157428741454,-2.8588740825653076,-2.619272232055664,2.8588740825653076,-2.719064712524414
sac_stackcube_20261007T163640_e814ffc5,StackCube-v1,sac,real_env_steps,350000,360000,critic_loss,all_update_events_exact_quantiles,5008,0,0.007338645245664911,0.00721773412078619,0.008815645379945634,0.010018727462738757,0.005230492912232876,0.012645985931158066,0.012645985931158066,0.00664778146892786
sac_stackcube_20261007T163640_e814ffc5,StackCube-v1,sac,real_env_steps,350000,360000,policy_q_min_mean,all_update_events_exact_quantiles,5008,0,2.741097672678792,2.7413285970687866,2.7939343810081483,2.8161281037330625,2.635425090789795,2.8755407333374023,2.8755407333374023,2.735685348510742
sac_stackcube_20261007T163640_e814ffc5,StackCube-v1,sac,real_env_steps,350000,360000,alpha,all_update_events_exact_quantiles,5008,0,0.004170795826549336,0.004170973785221577,0.004214220610447228,0.004226320716552437,0.004114684648811817,0.004232867620885372,0.004232867620885372,0.004157260060310364
sac_stackcube_20261007T163640_e814ffc5,StackCube-v1,sac,real_env_steps,350000,360000,alpha_loss,all_update_events_exact_quantiles,5008,0,5.448869127628775e-07,-2.4082728486973792e-06,0.0006367982714436945,0.0008796459855511786,-0.001546940067782998,0.0016592113533988595,0.0016592113533988595,1.022845390252769e-05
sac_stackcube_20261007T163640_e814ffc5,StackCube-v1,sac,real_env_steps,350000,360000,entropy_estimate,all_update_events_exact_quantiles,5008,0,-3.9999164424765223,-4.00057578086853,-3.8476121544837953,-3.7902181196212767,-4.370312213897705,-3.607395648956299,4.370312213897705,-3.99753999710083
sac_stackcube_20261007T163640_e814ffc5,StackCube-v1,sac,policy_gradient_steps,175000,180000,actor_loss,all_update_events_exact_quantiles,5000,0,-2.7352479815006254,-2.7359609603881836,-2.6805333495140076,-2.657330276966095,-2.8588740825653076,-2.620753288269043,2.8588740825653076,-2.763465404510498
sac_stackcube_20261007T163640_e814ffc5,StackCube-v1,sac,policy_gradient_steps,175000,180000,critic_loss,all_update_events_exact_quantiles,5000,0,0.007326539100334048,0.007200400112196803,0.008813130063936114,0.010098928008228543,0.005230492912232876,0.013277716934680939,0.013277716934680939,0.007760542444884777
sac_stackcube_20261007T163640_e814ffc5,StackCube-v1,sac,policy_gradient_steps,175000,180000,policy_q_min_mean,all_update_events_exact_quantiles,5000,0,2.751903461885452,2.7525479793548584,2.8080010414123535,2.8277837204933167,2.6377480030059814,2.8755407333374023,2.8755407333374023,2.7800259590148926
sac_stackcube_20261007T163640_e814ffc5,StackCube-v1,sac,policy_gradient_steps,175000,180000,alpha,all_update_events_exact_quantiles,5000,0,0.00416396111547947,0.004163203993812203,0.004201052966527641,0.0042162861023098235,0.004114684648811817,0.004220967646688223,0.004220967646688223,0.004158137831836939
sac_stackcube_20261007T163640_e814ffc5,StackCube-v1,sac,policy_gradient_steps,175000,180000,alpha_loss,all_update_events_exact_quantiles,5000,0,3.689798697450897e-07,-4.917808837490156e-06,0.0006307560193818064,0.0008790851989760996,-0.0015413324581459165,0.001459908438846469,0.0015413324581459165,7.073635060805827e-05
sac_stackcube_20261007T163640_e814ffc5,StackCube-v1,sac,policy_gradient_steps,175000,180000,entropy_estimate,all_update_events_exact_quantiles,5000,0,-3.9999555894374845,-4.001176118850708,-3.848540258407593,-3.7901772689819335,-4.369613170623779,-3.649249792098999,4.369613170623779,-3.98298716545105
sac_stackcube_20261007T163640_e814ffc5,StackCube-v1,sac,real_env_steps,360000,370000,actor_loss,all_update_events_exact_quantiles,4992,0,-2.749608147364014,-2.7497079372406006,-2.6959523439407347,-2.6720127773284914,-2.8648157119750977,-2.6380834579467773,2.8648157119750977,-2.7663047313690186
sac_stackcube_20261007T163640_e814ffc5,StackCube-v1,sac,real_env_steps,360000,370000,critic_loss,all_update_events_exact_quantiles,4992,0,0.007421778948087311,0.00726105528883636,0.00906505724415183,0.010918738953769207,0.005500342696905136,0.013590630143880844,0.013590630143880844,0.006780623458325863
sac_stackcube_20261007T163640_e814ffc5,StackCube-v1,sac,real_env_steps,360000,370000,policy_q_min_mean,all_update_events_exact_quantiles,4992,0,2.7662033196061087,2.766268491744995,2.819229555130005,2.840460596084595,2.654982805252075,2.8815698623657227,2.8815698623657227,2.782423257827759
sac_stackcube_20261007T163640_e814ffc5,StackCube-v1,sac,real_env_steps,360000,370000,alpha,all_update_events_exact_quantiles,4992,0,0.004148796962209207,0.004147556610405445,0.00417696398217231,0.00418832590803504,0.0041126953437924385,0.0041958331130445,0.0041958331130445,0.004154295194894075
sac_stackcube_20261007T163640_e814ffc5,StackCube-v1,sac,real_env_steps,360000,370000,alpha_loss,all_update_events_exact_quantiles,4992,0,1.7806699431205814e-08,-1.4951983757782727e-06,0.0006358623388223349,0.0009008693002397205,-0.0013504880480468273,0.0013592662289738655,0.0013592662289738655,0.0004986440762877464
sac_stackcube_20261007T163640_e814ffc5,StackCube-v1,sac,real_env_steps,360000,370000,entropy_estimate,all_update_events_exact_quantiles,4992,0,-4.000035695062998,-4.00036096572876,-3.8472325563430787,-3.7832233572006224,-4.326877117156982,-3.672818422317505,4.326877117156982,-3.8799710273742676
sac_stackcube_20261007T163640_e814ffc5,StackCube-v1,sac,policy_gradient_steps,180000,185000,actor_loss,all_update_events_exact_quantiles,5000,0,-2.7575844460487366,-2.7577264308929443,-2.7036847352981566,-2.680688886642456,-2.875053882598877,-2.6437840461730957,2.875053882598877,-2.844224452972412
sac_stackcube_20261007T163640_e814ffc5,StackCube-v1,sac,policy_gradient_steps,180000,185000,critic_loss,all_update_events_exact_quantiles,5000,0,0.00744102276628837,0.007263251813128591,0.009173215460032224,0.011020567892119292,0.005500342696905136,0.01527315005660057,0.01527315005660057,0.008121038787066936
sac_stackcube_20261007T163640_e814ffc5,StackCube-v1,sac,policy_gradient_steps,180000,185000,policy_q_min_mean,all_update_events_exact_quantiles,5000,0,2.774157447910309,2.7742854356765747,2.826785659790039,2.849041533470154,2.6601104736328125,2.8915953636169434,2.8915953636169434,2.860147476196289
sac_stackcube_20261007T163640_e814ffc5,StackCube-v1,sac,policy_gradient_steps,180000,185000,alpha,all_update_events_exact_quantiles,5000,0,0.004143922018166632,0.0041423209477216005,0.004172037192620337,0.004198818975128233,0.004099215380847454,0.004210769198834896,0.004210769198834896,0.004122923128306866
sac_stackcube_20261007T163640_e814ffc5,StackCube-v1,sac,policy_gradient_steps,180000,185000,alpha_loss,all_update_events_exact_quantiles,5000,0,2.71751183863671e-06,-1.6947888070717454e-07,0.0006434662442188715,0.0008970587019575762,-0.0013504880480468273,0.0013592662289738655,0.0013592662289738655,0.0005704873474314809
sac_stackcube_20261007T163640_e814ffc5,StackCube-v1,sac,policy_gradient_steps,180000,185000,entropy_estimate,all_update_events_exact_quantiles,5000,0,-3.9993885178565978,-4.000040769577026,-3.84471275806427,-3.784066090583801,-4.326877117156982,-3.672818422317505,4.326877117156982,-3.8616461753845215
sac_stackcube_20261007T163640_e814ffc5,StackCube-v1,sac,real_env_steps,370000,380000,actor_loss,all_update_events_exact_quantiles,5008,0,-2.771677619066482,-2.7719836235046387,-2.7192713975906373,-2.6947184324264524,-2.914644718170166,-2.6472136974334717,2.914644718170166,-2.825222969055176
sac_stackcube_20261007T163640_e814ffc5,StackCube-v1,sac,real_env_steps,370000,380000,critic_loss,all_update_events_exact_quantiles,5008,0,0.007388548098709851,0.007219328777864575,0.009044783702120184,0.011243716459721347,0.005337037146091461,0.01527315005660057,0.01527315005660057,0.007839169353246689
sac_stackcube_20261007T163640_e814ffc5,StackCube-v1,sac,real_env_steps,370000,380000,policy_q_min_mean,all_update_events_exact_quantiles,5008,0,2.788205266665346,2.788463592529297,2.840950107574463,2.8614907240867615,2.664060115814209,2.9309535026550293,2.9309535026550293,2.84132981300354
sac_stackcube_20261007T163640_e814ffc5,StackCube-v1,sac,real_env_steps,370000,380000,alpha,all_update_events_exact_quantiles,5008,0,0.004132753060297511,0.004133387701585889,0.0041784262517467145,0.004198789554648101,0.004074305295944214,0.004210769198834896,0.004210769198834896,0.00410012062638998
sac_stackcube_20261007T163640_e814ffc5,StackCube-v1,sac,real_env_steps,370000,380000,alpha_loss,all_update_events_exact_quantiles,5008,0,3.4103972975804563e-06,5.423253242042847e-06,0.0006398866913514204,0.0008934101875638591,-0.0015434017404913902,0.0014729017857462168,0.0015434017404913902,0.0002944456646218896
sac_stackcube_20261007T163640_e814ffc5,StackCube-v1,sac,real_env_steps,370000,380000,entropy_estimate,all_update_events_exact_quantiles,5008,0,-3.999222830318795,-3.9986891746520996,-3.8449881553649905,-3.7845938754081723,-4.376252174377441,-3.6393280029296875,4.376252174377441,-3.9281888008117676
sac_stackcube_20261007T163640_e814ffc5,StackCube-v1,sac,policy_gradient_steps,185000,190000,actor_loss,all_update_events_exact_quantiles,5000,0,-2.779678589439392,-2.7798547744750977,-2.7265867590904236,-2.704807548522949,-2.914644718170166,-2.6639552116394043,2.914644718170166,-2.7948496341705322
sac_stackcube_20261007T163640_e814ffc5,StackCube-v1,sac,policy_gradient_steps,185000,190000,critic_loss,all_update_events_exact_quantiles,5000,0,0.007475334120355547,0.00728914700448513,0.009261175617575647,0.011565639320760969,0.005337037146091461,0.01719612441956997,0.01719612441956997,0.008135776966810226
sac_stackcube_20261007T163640_e814ffc5,StackCube-v1,sac,policy_gradient_steps,185000,190000,policy_q_min_mean,all_update_events_exact_quantiles,5000,0,2.796169584655762,2.7963727712631226,2.8479525685310363,2.8704591894149782,2.6806583404541016,2.9309535026550293,2.9309535026550293,2.8114399909973145
sac_stackcube_20261007T163640_e814ffc5,StackCube-v1,sac,policy_gradient_steps,185000,190000,alpha,all_update_events_exact_quantiles,5000,0,0.0041222762234508995,0.004118903074413538,0.00417102687060833,0.004181002862751484,0.00406288169324398,0.004189805593341589,0.004189805593341589,0.004149164073169231
sac_stackcube_20261007T163640_e814ffc5,StackCube-v1,sac,policy_gradient_steps,185000,190000,alpha_loss,all_update_events_exact_quantiles,5000,0,-1.9097370754025177e-06,3.65253072232008e-06,0.0006406383443390951,0.0008915108238579709,-0.0015434017404913902,0.0014729017857462168,0.0015434017404913902,5.812878953292966e-06
sac_stackcube_20261007T163640_e814ffc5,StackCube-v1,sac,policy_gradient_steps,185000,190000,entropy_estimate,all_update_events_exact_quantiles,5000,0,-4.000508196735382,-3.999121904373169,-3.844741153717041,-3.7845574903488157,-4.376252174377441,-3.6393280029296875,4.376252174377441,-3.998599052429199
sac_stackcube_20261007T163640_e814ffc5,StackCube-v1,sac,real_env_steps,380000,390000,actor_loss,all_update_events_exact_quantiles,4992,0,-2.7904782513490853,-2.7908928394317627,-2.7367231369018556,-2.71310898065567,-2.9274439811706543,-2.6613359451293945,2.9274439811706543,-2.8410134315490723
sac_stackcube_20261007T163640_e814ffc5,StackCube-v1,sac,real_env_steps,380000,390000,critic_loss,all_update_events_exact_quantiles,4992,0,0.007589511235075919,0.007385023636743426,0.009458778565749525,0.011997070936486125,0.005341154523193836,0.018998414278030396,0.018998414278030396,0.007244129665195942
sac_stackcube_20261007T163640_e814ffc5,StackCube-v1,sac,real_env_steps,380000,390000,policy_q_min_mean,all_update_events_exact_quantiles,4992,0,2.8069580452373395,2.8072855472564697,2.860452711582184,2.8804710149765014,2.6774227619171143,2.943760395050049,2.943760395050049,2.857234477996826
sac_stackcube_20261007T163640_e814ffc5,StackCube-v1,sac,real_env_steps,380000,390000,alpha,all_update_events_exact_quantiles,4992,0,0.004119887127625332,0.004118163604289293,0.004165036324411631,0.0041748307272791866,0.00406288169324398,0.004178659990429878,0.004178659990429878,0.004110564477741718
sac_stackcube_20261007T163640_e814ffc5,StackCube-v1,sac,real_env_steps,380000,390000,alpha_loss,all_update_events_exact_quantiles,4992,0,-2.4990997469733253e-07,-1.098422217182815e-06,0.0006534118205308914,0.0009222139127086854,-0.0013951262226328254,0.0013729713391512632,0.0013951262226328254,0.00022265888401307166
sac_stackcube_20261007T163640_e814ffc5,StackCube-v1,sac,real_env_steps,380000,390000,entropy_estimate,all_update_events_exact_quantiles,4992,0,-4.0001086068268,-4.000265836715698,-3.84139621257782,-3.776087875366211,-4.337407112121582,-3.669278621673584,4.337407112121582,-3.9458370208740234
sac_stackcube_20261007T163640_e814ffc5,StackCube-v1,sac,policy_gradient_steps,190000,195000,actor_loss,all_update_events_exact_quantiles,5000,0,-2.7982418906211852,-2.7985353469848633,-2.743857038021088,-2.722049493789673,-2.9359331130981445,-2.652909994125366,2.9359331130981445,-2.8489272594451904
sac_stackcube_20261007T163640_e814ffc5,StackCube-v1,sac,policy_gradient_steps,190000,195000,critic_loss,all_update_events_exact_quantiles,5000,0,0.007611119444295764,0.007406250573694706,0.009510108828544616,0.011969853807240726,0.005401207599788904,0.018998414278030396,0.018998414278030396,0.006703514605760574
sac_stackcube_20261007T163640_e814ffc5,StackCube-v1,sac,policy_gradient_steps,190000,195000,policy_q_min_mean,all_update_events_exact_quantiles,5000,0,2.814694472646713,2.8149644136428833,2.8675464153289796,2.8902692651748656,2.669173002243042,2.952425956726074,2.952425956726074,2.8649649620056152
sac_stackcube_20261007T163640_e814ffc5,StackCube-v1,sac,policy_gradient_steps,190000,195000,alpha,all_update_events_exact_quantiles,5000,0,0.004113514060061425,0.004115034593269229,0.004151970078237355,0.004165589772164822,0.004056240431964397,0.004169488791376352,0.004169488791376352,0.004130251239985228
sac_stackcube_20261007T163640_e814ffc5,StackCube-v1,sac,policy_gradient_steps,190000,195000,alpha_loss,all_update_events_exact_quantiles,5000,0,1.4916534342773958e-06,3.439218744460959e-06,0.0006371381023200229,0.0008871514402562767,-0.0013994965702295303,0.0013729713391512632,0.0013994965702295303,0.00048325880197808146
sac_stackcube_20261007T163640_e814ffc5,StackCube-v1,sac,policy_gradient_steps,190000,195000,entropy_estimate,all_update_events_exact_quantiles,5000,0,-3.9996870390892028,-3.9991679191589355,-3.8458653807640077,-3.784701497554779,-4.342325210571289,-3.669278621673584,4.342325210571289,-3.88299560546875
sac_stackcube_20261007T163640_e814ffc5,StackCube-v1,sac,real_env_steps,390000,400000,actor_loss,all_update_events_exact_quantiles,5008,0,-2.8104767056699758,-2.81101393699646,-2.7567422866821287,-2.735546495914459,-2.9359331130981445,-2.652909994125366,2.9359331130981445,-2.8452889919281006
sac_stackcube_20261007T163640_e814ffc5,StackCube-v1,sac,real_env_steps,390000,400000,critic_loss,all_update_events_exact_quantiles,5008,0,0.007582162028757302,0.007387139834463596,0.009488669130951166,0.011606623753905296,0.0055670710280537605,0.01838276907801628,0.01838276907801628,0.010741771198809147
sac_stackcube_20261007T163640_e814ffc5,StackCube-v1,sac,real_env_steps,390000,400000,policy_q_min_mean,all_update_events_exact_quantiles,5008,0,2.826841469818411,2.8274152278900146,2.8790573954582213,2.9004313850402834,2.669173002243042,2.952425956726074,2.952425956726074,2.860799789428711
sac_stackcube_20261007T163640_e814ffc5,StackCube-v1,sac,real_env_steps,390000,400000,alpha,all_update_events_exact_quantiles,5008,0,0.004091596825307938,0.004086642991751432,0.004134514299221337,0.004147519138641655,0.00403854064643383,0.004166096448898315,0.004166096448898315,0.004086005501449108
sac_stackcube_20261007T163640_e814ffc5,StackCube-v1,sac,real_env_steps,390000,400000,alpha_loss,all_update_events_exact_quantiles,5008,0,1.6410070630124469e-06,1.1698848538799211e-06,0.0006136715557659044,0.0008764601993607361,-0.0013994965702295303,0.001357927219942212,0.0013994965702295303,0.0008349362760782242
sac_stackcube_20261007T163640_e814ffc5,StackCube-v1,sac,real_env_steps,390000,400000,entropy_estimate,all_update_events_exact_quantiles,5008,0,-3.9996407758980133,-3.9997119903564453,-3.85003525018692,-3.786729986667633,-4.342325210571289,-3.6739749908447266,4.342325210571289,-3.7956786155700684
sac_stackcube_20261007T163640_e814ffc5,StackCube-v1,sac,policy_gradient_steps,195000,200000,actor_loss,all_update_events_exact_quantiles,5000,0,-2.81868933095932,-2.8191356658935547,-2.765493607521057,-2.744207763671875,-2.948629379272461,-2.699476718902588,2.948629379272461,-2.8523507118225098
sac_stackcube_20261007T163640_e814ffc5,StackCube-v1,sac,policy_gradient_steps,195000,200000,critic_loss,all_update_events_exact_quantiles,5000,0,0.007533612305205315,0.007344294572249055,0.009362139552831652,0.011337455613538652,0.005420232191681862,0.016514141112565994,0.016514141112565994,0.007807619869709015
sac_stackcube_20261007T163640_e814ffc5,StackCube-v1,sac,policy_gradient_steps,195000,200000,policy_q_min_mean,all_update_events_exact_quantiles,5000,0,2.8350556333065033,2.8355307579040527,2.8882604598999024,2.9082293367385863,2.7151503562927246,2.964780330657959,2.964780330657959,2.8686609268188477
sac_stackcube_20261007T163640_e814ffc5,StackCube-v1,sac,policy_gradient_steps,195000,200000,alpha,all_update_events_exact_quantiles,5000,0,0.004091707255877554,0.004085679538547993,0.0041393420426175,0.004149640128016472,0.00403854064643383,0.0041543664410710335,0.0041543664410710335,0.004130979999899864
sac_stackcube_20261007T163640_e814ffc5,StackCube-v1,sac,policy_gradient_steps,195000,200000,alpha_loss,all_update_events_exact_quantiles,5000,0,5.239833903033286e-07,3.036984708160162e-08,0.0006148117769043894,0.000879384432337249,-0.0012852626387029886,0.0013764011673629284,0.0013764011673629284,0.00021770976309198886
sac_stackcube_20261007T163640_e814ffc5,StackCube-v1,sac,policy_gradient_steps,195000,200000,entropy_estimate,all_update_events_exact_quantiles,5000,0,-3.999914923906326,-3.999992609024048,-3.8494162440299986,-3.7854658555984497,-4.314420223236084,-3.664684295654297,4.314420223236084,-3.9473094940185547
sac_stackcube_20261007T163640_e814ffc5,StackCube-v1,sac,real_env_steps,400000,410000,actor_loss,all_update_events_exact_quantiles,4992,0,-2.8308852281994543,-2.8313839435577393,-2.777241313457489,-2.75620059967041,-2.948629379272461,-2.7139806747436523,2.948629379272461,-2.793241024017334
sac_stackcube_20261007T163640_e814ffc5,StackCube-v1,sac,real_env_steps,400000,410000,critic_loss,all_update_events_exact_quantiles,4992,0,0.007549604645949633,0.007344830082729459,0.009462627675384281,0.011864112876355653,0.005420232191681862,0.018323395401239395,0.018323395401239395,0.006741579622030258
sac_stackcube_20261007T163640_e814ffc5,StackCube-v1,sac,real_env_steps,400000,410000,policy_q_min_mean,all_update_events_exact_quantiles,4992,0,2.8472892236537657,2.8478100299835205,2.8986706137657166,2.9209422636032105,2.7308273315429688,2.964780330657959,2.964780330657959,2.8093602657318115
sac_stackcube_20261007T163640_e814ffc5,StackCube-v1,sac,real_env_steps,400000,410000,alpha,all_update_events_exact_quantiles,4992,0,0.0041008636478345115,0.0041013434529304504,0.004139405046589673,0.004149652495980263,0.004053423181176186,0.0041543664410710335,0.0041543664410710335,0.004085290711373091
sac_stackcube_20261007T163640_e814ffc5,StackCube-v1,sac,real_env_steps,400000,410000,alpha_loss,all_update_events_exact_quantiles,4992,0,-5.431986894476582e-07,4.798150257556699e-06,0.0006129571178462356,0.0008685425174189753,-0.0016806634375825524,0.0013764011673629284,0.0016806634375825524,0.00021951700909994543
sac_stackcube_20261007T163640_e814ffc5,StackCube-v1,sac,real_env_steps,400000,410000,entropy_estimate,all_update_events_exact_quantiles,4992,0,-4.000179512951618,-3.998831272125244,-3.8509878754615783,-3.787127301692962,-4.413887977600098,-3.664684295654297,4.413887977600098,-3.946259021759033
sac_stackcube_20261007T163640_e814ffc5,StackCube-v1,sac,policy_gradient_steps,200000,205000,actor_loss,all_update_events_exact_quantiles,5000,0,-2.838705220365524,-2.8387231826782227,-2.785676908493042,-2.76323926448822,-2.954037666320801,-2.726144790649414,2.954037666320801,-2.889955759048462
sac_stackcube_20261007T163640_e814ffc5,StackCube-v1,sac,policy_gradient_steps,200000,205000,critic_loss,all_update_events_exact_quantiles,5000,0,0.0075619066108949485,0.007356622721999884,0.009467637911438944,0.011647903397679342,0.005348988343030214,0.019092988222837448,0.019092988222837448,0.006432475056499243
sac_stackcube_20261007T163640_e814ffc5,StackCube-v1,sac,policy_gradient_steps,200000,205000,policy_q_min_mean,all_update_events_exact_quantiles,5000,0,2.85507852602005,2.8551656007766724,2.9064332008361817,2.9270237565040587,2.742379903793335,2.970914602279663,2.970914602279663,2.906582832336426
sac_stackcube_20261007T163640_e814ffc5,StackCube-v1,sac,policy_gradient_steps,200000,205000,alpha,all_update_events_exact_quantiles,5000,0,0.00409480871995911,0.004093283321708441,0.0041290236404165626,0.004139581802301109,0.004032525699585676,0.004143339116126299,0.004143339116126299,0.004032525699585676
sac_stackcube_20261007T163640_e814ffc5,StackCube-v1,sac,policy_gradient_steps,200000,205000,alpha_loss,all_update_events_exact_quantiles,5000,0,6.0046177350159265e-06,1.2201620847918093e-05,0.0006333270779578016,0.0009121619112556801,-0.0016806634375825524,0.0013302783481776714,0.0016806634375825524,-0.0004955495824106038
sac_stackcube_20261007T163640_e814ffc5,StackCube-v1,sac,policy_gradient_steps,200000,205000,entropy_estimate,all_update_events_exact_quantiles,5000,0,-3.998572975063324,-3.9970215559005737,-3.845359182357788,-3.7768512177467346,-4.413887977600098,-3.675281524658203,4.413887977600098,-4.12287712097168
sac_stackcube_20261007T163640_e814ffc5,StackCube-v1,sac,real_env_steps,410000,420000,actor_loss,all_update_events_exact_quantiles,5008,0,-2.849314719533768,-2.8501795530319214,-2.796591651439667,-2.7715783810615537,-2.954037666320801,-2.7346675395965576,2.954037666320801,-2.8472044467926025
sac_stackcube_20261007T163640_e814ffc5,StackCube-v1,sac,real_env_steps,410000,420000,critic_loss,all_update_events_exact_quantiles,5008,0,0.007572219878254375,0.007374711334705353,0.009449880709871647,0.011604733159765606,0.005348988343030214,0.020341264083981514,0.020341264083981514,0.008699944242835045
sac_stackcube_20261007T163640_e814ffc5,StackCube-v1,sac,real_env_steps,410000,420000,policy_q_min_mean,all_update_events_exact_quantiles,5008,0,2.865624662976676,2.866474986076355,2.91783812046051,2.9389456987380984,2.751429557800293,2.970914602279663,2.970914602279663,2.863295555114746
sac_stackcube_20261007T163640_e814ffc5,StackCube-v1,sac,real_env_steps,410000,420000,alpha,all_update_events_exact_quantiles,5008,0,0.004078133596507565,0.004080537473782897,0.004111850401386619,0.004119556089863181,0.004006612114608288,0.004130936693400145,0.004130936693400145,0.004054822959005833
sac_stackcube_20261007T163640_e814ffc5,StackCube-v1,sac,real_env_steps,410000,420000,alpha_loss,all_update_events_exact_quantiles,5008,0,2.615435808426894e-06,7.202033884823322e-07,0.0006304054171778261,0.0009119695000117668,-0.0013149308506399393,0.001577050774358213,0.001577050774358213,0.00012962914479430765
sac_stackcube_20261007T163640_e814ffc5,StackCube-v1,sac,real_env_steps,410000,420000,entropy_estimate,all_update_events_exact_quantiles,5008,0,-3.9994022056412772,-3.999823808670044,-3.845654845237732,-3.776952173709869,-4.328113079071045,-3.614520788192749,4.328113079071045,-3.968033790588379
sac_stackcube_20261007T163640_e814ffc5,StackCube-v1,sac,policy_gradient_steps,205000,210000,actor_loss,all_update_events_exact_quantiles,5000,0,-2.8563115414619444,-2.856942057609558,-2.8038036584854127,-2.780474617481232,-2.95235276222229,-2.7413392066955566,2.95235276222229,-2.8859338760375977
sac_stackcube_20261007T163640_e814ffc5,StackCube-v1,sac,policy_gradient_steps,205000,210000,critic_loss,all_update_events_exact_quantiles,5000,0,0.007535732382256538,0.007330195978283882,0.009322830429300667,0.011741451481357221,0.005119414068758488,0.020341264083981514,0.020341264083981514,0.007634718902409077
sac_stackcube_20261007T163640_e814ffc5,StackCube-v1,sac,policy_gradient_steps,205000,210000,policy_q_min_mean,all_update_events_exact_quantiles,5000,0,2.8726084325790406,2.873233675956726,2.924909973144531,2.9467137479782104,2.7577223777770996,2.968843936920166,2.968843936920166,2.9025936126708984
sac_stackcube_20261007T163640_e814ffc5,StackCube-v1,sac,policy_gradient_steps,205000,210000,alpha,all_update_events_exact_quantiles,5000,0,0.004073903085757047,0.004073010524734855,0.004109407472424209,0.004116599503904581,0.004006612114608288,0.004126656334847212,0.004126656334847212,0.0040543763898313046
sac_stackcube_20261007T163640_e814ffc5,StackCube-v1,sac,policy_gradient_steps,205000,210000,alpha_loss,all_update_events_exact_quantiles,5000,0,-1.296341335910256e-06,-6.424830644391477e-06,0.0006192352564539761,0.0009000022348482163,-0.0013149308506399393,0.001577050774358213,0.001577050774358213,-0.0004399833851493895
sac_stackcube_20261007T163640_e814ffc5,StackCube-v1,sac,policy_gradient_steps,205000,210000,entropy_estimate,all_update_events_exact_quantiles,5000,0,-4.000364751863479,-4.001572608947754,-3.8483648896217346,-3.7793141174316403,-4.328113079071045,-3.614520788192749,4.328113079071045,-4.108503341674805
sac_stackcube_20261007T163640_e814ffc5,StackCube-v1,sac,real_env_steps,420000,430000,actor_loss,all_update_events_exact_quantiles,4992,0,-2.8671264792195497,-2.867350459098816,-2.8141051888465882,-2.790921847820282,-2.972834587097168,-2.755751132965088,2.972834587097168,-2.8497767448425293
sac_stackcube_20261007T163640_e814ffc5,StackCube-v1,sac,real_env_steps,420000,430000,critic_loss,all_update_events_exact_quantiles,4992,0,0.0075307130596812405,0.0073154091369360685,0.009379314817488193,0.011960184182971725,0.005119414068758488,0.018486345186829567,0.018486345186829567,0.006851774640381336
sac_stackcube_20261007T163640_e814ffc5,StackCube-v1,sac,real_env_steps,420000,430000,policy_q_min_mean,all_update_events_exact_quantiles,4992,0,2.883461206721572,2.883655548095703,2.9356353521347045,2.955816195011139,2.7717361450195312,2.9887773990631104,2.9887773990631104,2.8657355308532715
sac_stackcube_20261007T163640_e814ffc5,StackCube-v1,sac,real_env_steps,420000,430000,alpha,all_update_events_exact_quantiles,4992,0,0.004083722665643272,0.004083089297637343,0.004133521555922925,0.004144812468439341,0.0040152897126972675,0.004149496089667082,0.004149496089667082,0.004053597338497639
sac_stackcube_20261007T163640_e814ffc5,StackCube-v1,sac,real_env_steps,420000,430000,alpha_loss,all_update_events_exact_quantiles,4992,0,1.659293447941169e-07,9.088505976251327e-06,0.000610683322884142,0.0008912039169808859,-0.0014158131089061499,0.0014293631538748741,0.0014293631538748741,0.00025619391817599535
sac_stackcube_20261007T163640_e814ffc5,StackCube-v1,sac,real_env_steps,420000,430000,entropy_estimate,all_update_events_exact_quantiles,4992,0,-4.000006474506779,-3.9977669715881348,-3.850852680206299,-3.7825954127311707,-4.347970485687256,-3.6476521492004395,4.347970485687256,-3.936800956726074
sac_stackcube_20261007T163640_e814ffc5,StackCube-v1,sac,policy_gradient_steps,210000,215000,actor_loss,all_update_events_exact_quantiles,5000,0,-2.8737733488082884,-2.8738478422164917,-2.8219701051712036,-2.7965494632720946,-2.982468843460083,-2.7381529808044434,2.982468843460083,-2.8678770065307617
sac_stackcube_20261007T163640_e814ffc5,StackCube-v1,sac,policy_gradient_steps,210000,215000,critic_loss,all_update_events_exact_quantiles,5000,0,0.007587661868985743,0.007371631218120456,0.00954063180834055,0.012146409461274762,0.005533157382160425,0.018486345186829567,0.018486345186829567,0.008684433065354824
sac_stackcube_20261007T163640_e814ffc5,StackCube-v1,sac,policy_gradient_steps,210000,215000,policy_q_min_mean,all_update_events_exact_quantiles,5000,0,2.890085977220535,2.8902124166488647,2.9418522357940673,2.9628385710716247,2.754931688308716,2.9991133213043213,2.9991133213043213,2.8837389945983887
sac_stackcube_20261007T163640_e814ffc5,StackCube-v1,sac,policy_gradient_steps,210000,215000,alpha,all_update_events_exact_quantiles,5000,0,0.00407759461523965,0.004072187934070826,0.004133497155271471,0.004144801292568445,0.004028328228741884,0.004149496089667082,0.004149496089667082,0.004092906601727009
sac_stackcube_20261007T163640_e814ffc5,StackCube-v1,sac,policy_gradient_steps,210000,215000,alpha_loss,all_update_events_exact_quantiles,5000,0,-2.2774191904318288e-06,9.305656931246631e-06,0.0005919299524975943,0.0008609627425903463,-0.0014158131089061499,0.0014293631538748741,0.0014293631538748741,0.0005120265996083617
sac_stackcube_20261007T163640_e814ffc5,StackCube-v1,sac,policy_gradient_steps,210000,215000,entropy_estimate,all_update_events_exact_quantiles,5000,0,-4.0006048265457155,-3.997709274291992,-3.8556280732154846,-3.7890729045867917,-4.347970485687256,-3.6476521492004395,4.347970485687256,-3.8749170303344727
sac_stackcube_20261007T163640_e814ffc5,StackCube-v1,sac,real_env_steps,430000,440000,actor_loss,all_update_events_exact_quantiles,5008,0,-2.8838607020461904,-2.8839001655578613,-2.8317407965660095,-2.8092157459259033,-2.9992480278015137,-2.7381529808044434,2.9992480278015137,-2.837027072906494
sac_stackcube_20261007T163640_e814ffc5,StackCube-v1,sac,real_env_steps,430000,440000,critic_loss,all_update_events_exact_quantiles,5008,0,0.007644855454504585,0.007427555741742253,0.009687617374584076,0.012111502457410115,0.005379753187298775,0.016537131741642952,0.016537131741642952,0.0069175283424556255
sac_stackcube_20261007T163640_e814ffc5,StackCube-v1,sac,real_env_steps,430000,440000,policy_q_min_mean,all_update_events_exact_quantiles,5008,0,2.9001488025767355,2.9002201557159424,2.952750098705292,2.974313588142395,2.754931688308716,3.0149295330047607,3.0149295330047607,2.8530936241149902
sac_stackcube_20261007T163640_e814ffc5,StackCube-v1,sac,real_env_steps,430000,440000,alpha,all_update_events_exact_quantiles,5008,0,0.00407134413489694,0.0040720433462411165,0.00410010595805943,0.004106255257502198,0.004022464156150818,0.0041127679869532585,0.0041127679869532585,0.004098988603800535
sac_stackcube_20261007T163640_e814ffc5,StackCube-v1,sac,real_env_steps,430000,440000,alpha_loss,all_update_events_exact_quantiles,5008,0,-2.7587777960213487e-06,-4.173489287495613e-06,0.0006203500437550241,0.0008786754141328866,-0.0014499103417620063,0.0014694399433210492,0.0014694399433210492,0.00033162353793159127
sac_stackcube_20261007T163640_e814ffc5,StackCube-v1,sac,real_env_steps,430000,440000,entropy_estimate,all_update_events_exact_quantiles,5008,0,-4.000722165258167,-4.001027345657349,-3.847412645816803,-3.7845557165145873,-4.357421875,-3.641108751296997,4.357421875,-3.9191079139709473
sac_stackcube_20261007T163640_e814ffc5,StackCube-v1,sac,policy_gradient_steps,215000,220000,actor_loss,all_update_events_exact_quantiles,5000,0,-2.890273117160797,-2.890492796897888,-2.8378666400909425,-2.815263237953186,-3.014580249786377,-2.770829677581787,3.014580249786377,-2.8537673950195312
sac_stackcube_20261007T163640_e814ffc5,StackCube-v1,sac,policy_gradient_steps,215000,220000,critic_loss,all_update_events_exact_quantiles,5000,0,0.007680809318739921,0.007471149321645498,0.009714630292728543,0.01189526478759945,0.005379753187298775,0.015871137380599976,0.015871137380599976,0.007087803445756435
sac_stackcube_20261007T163640_e814ffc5,StackCube-v1,sac,policy_gradient_steps,215000,220000,policy_q_min_mean,all_update_events_exact_quantiles,5000,0,2.9066142505168915,2.9069299697875977,2.9590837955474854,2.9801430821418764,2.7868685722351074,3.030154228210449,3.030154228210449,2.8701090812683105
sac_stackcube_20261007T163640_e814ffc5,StackCube-v1,sac,policy_gradient_steps,215000,220000,alpha,all_update_events_exact_quantiles,5000,0,0.004084338003396988,0.0040860893204808235,0.004110319283790886,0.004138999641872943,0.004022464156150818,0.0041472092270851135,0.0041472092270851135,0.0041472092270851135
sac_stackcube_20261007T163640_e814ffc5,StackCube-v1,sac,policy_gradient_steps,215000,220000,alpha_loss,all_update_events_exact_quantiles,5000,0,-3.8240324640355535e-06,-1.2452248483896255e-05,0.0006339379702694715,0.000885640316409991,-0.001462204265408218,0.0014828960411250591,0.0014828960411250591,0.00024603502242825925
sac_stackcube_20261007T163640_e814ffc5,StackCube-v1,sac,policy_gradient_steps,215000,220000,entropy_estimate,all_update_events_exact_quantiles,5000,0,-4.000975531435013,-4.003046989440918,-3.844879174232483,-3.7835033392906188,-4.357511520385742,-3.639195203781128,4.357511520385742,-3.940671682357788
sac_stackcube_20261007T163640_e814ffc5,StackCube-v1,sac,real_env_steps,440000,450000,actor_loss,all_update_events_exact_quantiles,4992,0,-2.9000345297539845,-2.8998963832855225,-2.8491332292556764,-2.8264202213287355,-3.014580249786377,-2.7726874351501465,3.014580249786377,-2.928056240081787
sac_stackcube_20261007T163640_e814ffc5,StackCube-v1,sac,real_env_steps,440000,450000,critic_loss,all_update_events_exact_quantiles,4992,0,0.007719489105511457,0.007478355895727873,0.009819868812337517,0.01209591361694038,0.005414662417024374,0.015876401215791702,0.015876401215791702,0.0062758843414485455
sac_stackcube_20261007T163640_e814ffc5,StackCube-v1,sac,real_env_steps,440000,450000,policy_q_min_mean,all_update_events_exact_quantiles,4992,0,2.9164147155407147,2.916266918182373,2.9677258253097536,2.989790606498718,2.789482593536377,3.030154228210449,3.030154228210449,2.944453001022339
sac_stackcube_20261007T163640_e814ffc5,StackCube-v1,sac,real_env_steps,440000,450000,alpha,all_update_events_exact_quantiles,4992,0,0.004095007312198271,0.004095704294741154,0.004122427362017333,0.00414021790958941,0.004040024243295193,0.004147300496697426,0.004147300496697426,0.004095932934433222
sac_stackcube_20261007T163640_e814ffc5,StackCube-v1,sac,real_env_steps,440000,450000,alpha_loss,all_update_events_exact_quantiles,4992,0,-1.549473176090452e-07,-5.610971129499376e-06,0.0006268151424592361,0.0008723672444466505,-0.001462204265408218,0.0014828960411250591,0.0014828960411250591,-1.2939563021063805e-05
sac_stackcube_20261007T163640_e814ffc5,StackCube-v1,sac,real_env_steps,440000,450000,entropy_estimate,all_update_events_exact_quantiles,4992,0,-4.000078290223311,-4.001371383666992,-3.8469193458557127,-3.787906584739685,-4.357511520385742,-3.638343334197998,4.357511520385742,-4.003159523010254
sac_stackcube_20261007T163640_e814ffc5,StackCube-v1,sac,policy_gradient_steps,220000,225000,actor_loss,all_update_events_exact_quantiles,5000,0,-2.9058825390815737,-2.9060014486312866,-2.8541424751281737,-2.8317556262016295,-3.024791717529297,-2.7726874351501465,3.024791717529297,-2.8770527839660645
sac_stackcube_20261007T163640_e814ffc5,StackCube-v1,sac,policy_gradient_steps,220000,225000,critic_loss,all_update_events_exact_quantiles,5000,0,0.007753743840381503,0.00748094473965466,0.009940415574237705,0.012599270381033428,0.005414662417024374,0.017535194754600525,0.017535194754600525,0.006843850947916508
sac_stackcube_20261007T163640_e814ffc5,StackCube-v1,sac,policy_gradient_steps,220000,225000,policy_q_min_mean,all_update_events_exact_quantiles,5000,0,2.9222313943386076,2.922453999519348,2.9730937600135805,2.995862329006195,2.789482593536377,3.0412240028381348,3.0412240028381348,2.892955780029297
sac_stackcube_20261007T163640_e814ffc5,StackCube-v1,sac,policy_gradient_steps,220000,225000,alpha,all_update_events_exact_quantiles,5000,0,0.00408834979776293,0.004091116599738598,0.004117489699274302,0.004127880991436541,0.004022606182843447,0.004147300496697426,0.004147300496697426,0.004076759330928326
sac_stackcube_20261007T163640_e814ffc5,StackCube-v1,sac,policy_gradient_steps,220000,225000,alpha_loss,all_update_events_exact_quantiles,5000,0,4.599062461420544e-06,1.0716583346948028e-05,0.000634253903990612,0.0008907401678152387,-0.0013823943445459008,0.0014802797231823206,0.0014802797231823206,0.0004059001221321523
sac_stackcube_20261007T163640_e814ffc5,StackCube-v1,sac,policy_gradient_steps,220000,225000,entropy_estimate,all_update_events_exact_quantiles,5000,0,-3.9989236001968385,-3.9973554611206055,-3.8445420980453493,-3.7826086568832396,-4.335744380950928,-3.638343334197998,4.335744380950928,-3.900446891784668
sac_stackcube_20261007T163640_e814ffc5,StackCube-v1,sac,real_env_steps,450000,460000,actor_loss,all_update_events_exact_quantiles,5008,0,-2.914955938586031,-2.9150447845458984,-2.862142288684845,-2.8406701040267945,-3.037078380584717,-2.7968595027923584,3.037078380584717,-2.905989408493042
sac_stackcube_20261007T163640_e814ffc5,StackCube-v1,sac,real_env_steps,450000,460000,critic_loss,all_update_events_exact_quantiles,5008,0,0.007725100967748174,0.007491213269531727,0.009854681510478256,0.012460377300158153,0.005420386791229248,0.017535194754600525,0.017535194754600525,0.009004575200378895
sac_stackcube_20261007T163640_e814ffc5,StackCube-v1,sac,real_env_steps,450000,460000,policy_q_min_mean,all_update_events_exact_quantiles,5008,0,2.931205706950575,2.9312983751296997,2.983261227607727,3.0044170117378237,2.8134541511535645,3.053741216659546,3.053741216659546,2.9219751358032227
sac_stackcube_20261007T163640_e814ffc5,StackCube-v1,sac,real_env_steps,450000,460000,alpha,all_update_events_exact_quantiles,5008,0,0.00406287347629351,0.004065594170242548,0.004100220464169979,0.004110125298611819,0.003999928943812847,0.004114421550184488,0.004114421550184488,0.004069779068231583
sac_stackcube_20261007T163640_e814ffc5,StackCube-v1,sac,real_env_steps,450000,460000,alpha_loss,all_update_events_exact_quantiles,5008,0,1.7451285564460322e-06,6.155263690743595e-06,0.0006396230368409303,0.0008806208462920043,-0.001254743430763483,0.001363525865599513,0.001363525865599513,0.00029403710504993796
sac_stackcube_20261007T163640_e814ffc5,StackCube-v1,sac,real_env_steps,450000,460000,entropy_estimate,all_update_events_exact_quantiles,5008,0,-3.99961758378786,-3.998476982116699,-3.8428995966911317,-3.783958692550659,-4.308072566986084,-3.6668362617492676,4.308072566986084,-3.9277539253234863
sac_stackcube_20261007T163640_e814ffc5,StackCube-v1,sac,policy_gradient_steps,225000,230000,actor_loss,all_update_events_exact_quantiles,5000,0,-2.9208009236812593,-2.9211976528167725,-2.868094635009766,-2.8494758439064025,-3.037078380584717,-2.7968595027923584,3.037078380584717,-2.891561508178711
sac_stackcube_20261007T163640_e814ffc5,StackCube-v1,sac,policy_gradient_steps,225000,230000,critic_loss,all_update_events_exact_quantiles,5000,0,0.007741990891564637,0.007507511414587498,0.009914480894804002,0.012698401752859358,0.005420386791229248,0.02316342294216156,0.02316342294216156,0.007210424169898033
sac_stackcube_20261007T163640_e814ffc5,StackCube-v1,sac,policy_gradient_steps,225000,230000,policy_q_min_mean,all_update_events_exact_quantiles,5000,0,2.9370281356334687,2.937445878982544,2.989279317855835,3.009742352962494,2.8134541511535645,3.053741216659546,3.053741216659546,2.9082276821136475
sac_stackcube_20261007T163640_e814ffc5,StackCube-v1,sac,policy_gradient_steps,225000,230000,alpha,all_update_events_exact_quantiles,5000,0,0.004056652252469212,0.00405924441292882,0.0040864113485440615,0.004105111686512828,0.003999928943812847,0.004110562149435282,0.004110562149435282,0.004077570512890816
sac_stackcube_20261007T163640_e814ffc5,StackCube-v1,sac,policy_gradient_steps,225000,230000,alpha_loss,all_update_events_exact_quantiles,5000,0,-6.038263534719591e-07,-4.924168024444953e-06,0.0006348370516207069,0.000891437365789898,-0.001344109419733286,0.0013982746750116348,0.0013982746750116348,-0.0003592800931073725
sac_stackcube_20261007T163640_e814ffc5,StackCube-v1,sac,policy_gradient_steps,225000,230000,entropy_estimate,all_update_events_exact_quantiles,5000,0,-4.000194589185715,-4.00120997428894,-3.8432327270507813,-3.7795419025421144,-4.328027248382568,-3.6574199199676514,4.328027248382568,-4.08812952041626
sac_stackcube_20261007T163640_e814ffc5,StackCube-v1,sac,real_env_steps,460000,470000,actor_loss,all_update_events_exact_quantiles,4992,0,-2.929188045171591,-2.9292922019958496,-2.876461982727051,-2.8554132914543153,-3.040971279144287,-2.8198208808898926,3.040971279144287,-2.9266860485076904
sac_stackcube_20261007T163640_e814ffc5,StackCube-v1,sac,real_env_steps,460000,470000,critic_loss,all_update_events_exact_quantiles,4992,0,0.007904866050431827,0.007640948053449392,0.010150173678994175,0.013445758186280733,0.0055506411008536816,0.02316342294216156,0.02316342294216156,0.0076912459917366505
sac_stackcube_20261007T163640_e814ffc5,StackCube-v1,sac,real_env_steps,460000,470000,policy_q_min_mean,all_update_events_exact_quantiles,4992,0,2.9454904183363304,2.94560706615448,2.9976932883262633,3.01979336977005,2.8357839584350586,3.0565781593322754,3.0565781593322754,2.942755699157715
sac_stackcube_20261007T163640_e814ffc5,StackCube-v1,sac,real_env_steps,460000,470000,alpha,all_update_events_exact_quantiles,4992,0,0.004075318358492297,0.004068943439051509,0.0041355927474796775,0.004144924045540392,0.0040099951438605785,0.004156316164880991,0.004156316164880991,0.004082548897713423
sac_stackcube_20261007T163640_e814ffc5,StackCube-v1,sac,real_env_steps,460000,470000,alpha_loss,all_update_events_exact_quantiles,4992,0,-1.1139365836808606e-06,-9.120407412410714e-06,0.0006343185261357574,0.0009463817020878197,-0.001344109419733286,0.0014770911075174809,0.0014770911075174809,0.0002569039352238178
sac_stackcube_20261007T163640_e814ffc5,StackCube-v1,sac,real_env_steps,460000,470000,entropy_estimate,all_update_events_exact_quantiles,4992,0,-4.0003214708218975,-4.002218723297119,-3.8442607283592225,-3.769521541595459,-4.329913139343262,-3.6394124031066895,4.329913139343262,-3.937058925628662
sac_stackcube_20261007T163640_e814ffc5,StackCube-v1,sac,policy_gradient_steps,230000,235000,actor_loss,all_update_events_exact_quantiles,5000,0,-2.9342660017490387,-2.9343085289001465,-2.8823139786720278,-2.859391784667969,-3.0504889488220215,-2.8198208808898926,3.0504889488220215,-2.9584786891937256
sac_stackcube_20261007T163640_e814ffc5,StackCube-v1,sac,policy_gradient_steps,230000,235000,critic_loss,all_update_events_exact_quantiles,5000,0,0.008001591039448976,0.007743924623355269,0.0103647590149194,0.013120032250881262,0.0055506411008536816,0.0195799320936203,0.0195799320936203,0.008162339217960835
sac_stackcube_20261007T163640_e814ffc5,StackCube-v1,sac,policy_gradient_steps,230000,235000,policy_q_min_mean,all_update_events_exact_quantiles,5000,0,2.9505809955596924,2.9506205320358276,3.003109705448151,3.0220088291168214,2.8357839584350586,3.0667638778686523,3.0667638778686523,2.9753785133361816
sac_stackcube_20261007T163640_e814ffc5,StackCube-v1,sac,policy_gradient_steps,230000,235000,alpha,all_update_events_exact_quantiles,5000,0,0.004079374324623495,0.004076720681041479,0.004135592002421617,0.0041449080640450124,0.0040099951438605785,0.004156316164880991,0.004156316164880991,0.004052775911986828
sac_stackcube_20261007T163640_e814ffc5,StackCube-v1,sac,policy_gradient_steps,230000,235000,alpha_loss,all_update_events_exact_quantiles,5000,0,2.523111102709663e-06,5.88726470596157e-06,0.0006297555635683239,0.0009195893834112215,-0.0014695072313770652,0.0014770911075174809,0.0014770911075174809,-0.0006870689685456455
sac_stackcube_20261007T163640_e814ffc5,StackCube-v1,sac,policy_gradient_steps,230000,235000,entropy_estimate,all_update_events_exact_quantiles,5000,0,-3.9994292077064513,-3.998551368713379,-3.845581758022308,-3.775684881210327,-4.3604936599731445,-3.6394124031066895,4.3604936599731445,-4.169511795043945
sac_stackcube_20261007T163640_e814ffc5,StackCube-v1,sac,real_env_steps,470000,480000,actor_loss,all_update_events_exact_quantiles,5008,0,-2.9412321292649444,-2.9412633180618286,-2.8885549902915955,-2.8679847598075865,-3.0633296966552734,-2.8268752098083496,3.0633296966552734,-2.9524288177490234
sac_stackcube_20261007T163640_e814ffc5,StackCube-v1,sac,real_env_steps,470000,480000,critic_loss,all_update_events_exact_quantiles,5008,0,0.008139450164785544,0.00784106133505702,0.010628869710490103,0.013682492272928358,0.0056381733156740665,0.020286522805690765,0.020286522805690765,0.007358475588262081
sac_stackcube_20261007T163640_e814ffc5,StackCube-v1,sac,real_env_steps,470000,480000,policy_q_min_mean,all_update_events_exact_quantiles,5008,0,2.9575047231615543,2.957520604133606,3.0096906423568726,3.028244128227234,2.843430995941162,3.0793778896331787,3.0793778896331787,2.9688892364501953
sac_stackcube_20261007T163640_e814ffc5,StackCube-v1,sac,real_env_steps,470000,480000,alpha,all_update_events_exact_quantiles,5008,0,0.004068235126669897,0.004067916423082352,0.004105103202164173,0.004115882297046482,0.003998483531177044,0.004126256797462702,0.004126256797462702,0.004074971657246351
sac_stackcube_20261007T163640_e814ffc5,StackCube-v1,sac,real_env_steps,470000,480000,alpha_loss,all_update_events_exact_quantiles,5008,0,3.5710198348803247e-07,1.0817304428201169e-05,0.0006389605696313081,0.0009151495684636787,-0.0014695072313770652,0.0013951696455478668,0.0014695072313770652,-0.00016438352758996189
sac_stackcube_20261007T163640_e814ffc5,StackCube-v1,sac,real_env_steps,470000,480000,entropy_estimate,all_update_events_exact_quantiles,5008,0,-3.9999667229458167,-3.9973374605178833,-3.8428293824195863,-3.7758086657524106,-4.3604936599731445,-3.6563141345977783,4.3604936599731445,-4.040349006652832
sac_stackcube_20261007T163640_e814ffc5,StackCube-v1,sac,policy_gradient_steps,235000,240000,actor_loss,all_update_events_exact_quantiles,5000,0,-2.9469576732635496,-2.9464367628097534,-2.894311618804932,-2.8741389036178586,-3.0633296966552734,-2.8268752098083496,3.0633296966552734,-2.9756076335906982
sac_stackcube_20261007T163640_e814ffc5,StackCube-v1,sac,policy_gradient_steps,235000,240000,critic_loss,all_update_events_exact_quantiles,5000,0,0.00819276196109131,0.00787471141666174,0.010793508728966119,0.013699607243761451,0.005579688120633364,0.024665702134370804,0.024665702134370804,0.00793063547462225
sac_stackcube_20261007T163640_e814ffc5,StackCube-v1,sac,policy_gradient_steps,235000,240000,policy_q_min_mean,all_update_events_exact_quantiles,5000,0,2.9632104943275452,2.962689161300659,3.0162950992584228,3.0362119770050047,2.843430995941162,3.0793778896331787,3.0793778896331787,2.9917497634887695
sac_stackcube_20261007T163640_e814ffc5,StackCube-v1,sac,policy_gradient_steps,235000,240000,alpha,all_update_events_exact_quantiles,5000,0,0.004063125324994326,0.0040621652733534575,0.004103426169604063,0.004108369625173509,0.003998483531177044,0.004114107694476843,0.004114107694476843,0.004052555654197931
sac_stackcube_20261007T163640_e814ffc5,StackCube-v1,sac,policy_gradient_steps,235000,240000,alpha_loss,all_update_events_exact_quantiles,5000,0,-3.1870109014562333e-07,8.351380529347807e-06,0.0006371988652972507,0.0009035615436732772,-0.0012013092637062073,0.0012562064221128821,0.0012562064221128821,6.870350625831634e-05
sac_stackcube_20261007T163640_e814ffc5,StackCube-v1,sac,policy_gradient_steps,235000,240000,entropy_estimate,all_update_events_exact_quantiles,5000,0,-4.000128900527954,-3.9979485273361206,-3.843280076980591,-3.7760892033576963,-4.296861171722412,-3.6899256706237793,4.296861171722412,-3.9830474853515625
sac_stackcube_20261007T163640_e814ffc5,StackCube-v1,sac,real_env_steps,480000,490000,actor_loss,all_update_events_exact_quantiles,4992,0,-2.9554732151520557,-2.955398917198181,-2.902847337722778,-2.882251994609833,-3.0800957679748535,-2.8324694633483887,3.0800957679748535,-2.936357021331787
sac_stackcube_20261007T163640_e814ffc5,StackCube-v1,sac,real_env_steps,480000,490000,critic_loss,all_update_events_exact_quantiles,4992,0,0.00830775263705455,0.007976730819791555,0.010997637128457426,0.013968983441591268,0.005545171909034252,0.024665702134370804,0.024665702134370804,0.009291721507906914
sac_stackcube_20261007T163640_e814ffc5,StackCube-v1,sac,real_env_steps,480000,490000,policy_q_min_mean,all_update_events_exact_quantiles,4992,0,2.971706462307618,2.9715932607650757,3.0247308015823364,3.0484465074539187,2.84928822517395,3.096285343170166,3.096285343170166,2.952549457550049
sac_stackcube_20261007T163640_e814ffc5,StackCube-v1,sac,real_env_steps,480000,490000,alpha,all_update_events_exact_quantiles,4992,0,0.004059463412350175,0.004059142665937543,0.004100275109522045,0.004107008669525385,0.0040074242278933525,0.004116417374461889,0.004116417374461889,0.00401103962212801
sac_stackcube_20261007T163640_e814ffc5,StackCube-v1,sac,real_env_steps,480000,490000,alpha_loss,all_update_events_exact_quantiles,4992,0,4.660080899535994e-06,6.439418939407915e-06,0.0006398499070201069,0.0008930573076941079,-0.0015689332503825426,0.0013911310816183686,0.0015689332503825426,-0.00014796183677390218
sac_stackcube_20261007T163640_e814ffc5,StackCube-v1,sac,real_env_steps,480000,490000,entropy_estimate,all_update_events_exact_quantiles,4992,0,-3.998897636977908,-3.9984166622161865,-3.842522728443146,-3.780146708488464,-4.391506671905518,-3.6587231159210205,4.391506671905518,-4.036887168884277
sac_stackcube_20261007T163640_e814ffc5,StackCube-v1,sac,policy_gradient_steps,240000,245000,actor_loss,all_update_events_exact_quantiles,5000,0,-2.9603177736282347,-2.960222840309143,-2.9072273135185243,-2.885476422309875,-3.0800957679748535,-2.8324694633483887,3.0800957679748535,-2.9044382572174072
sac_stackcube_20261007T163640_e814ffc5,StackCube-v1,sac,policy_gradient_steps,240000,245000,critic_loss,all_update_events_exact_quantiles,5000,0,0.008340422758925705,0.008030244149267673,0.01095072231255472,0.013873854540288468,0.005545171909034252,0.021657248958945274,0.021657248958945274,0.008907174691557884
sac_stackcube_20261007T163640_e814ffc5,StackCube-v1,sac,policy_gradient_steps,240000,245000,policy_q_min_mean,all_update_events_exact_quantiles,5000,0,2.976519260120392,2.976431727409363,3.029773640632629,3.05155020236969,2.84928822517395,3.096285343170166,3.096285343170166,2.9207284450531006
sac_stackcube_20261007T163640_e814ffc5,StackCube-v1,sac,policy_gradient_steps,240000,245000,alpha,all_update_events_exact_quantiles,5000,0,0.0040501193433068695,0.004049712093546987,0.004079086473211646,0.0041005429998040195,0.0040030754171311855,0.004116417374461889,0.004116417374461889,0.004063383676111698
sac_stackcube_20261007T163640_e814ffc5,StackCube-v1,sac,policy_gradient_steps,240000,245000,alpha_loss,all_update_events_exact_quantiles,5000,0,-1.0157277774851537e-06,-3.3766700653359294e-06,0.0006221722112968566,0.000899473973549904,-0.0015689332503825426,0.0013911310816183686,0.0015689332503825426,-3.826842294074595e-05
sac_stackcube_20261007T163640_e814ffc5,StackCube-v1,sac,policy_gradient_steps,240000,245000,entropy_estimate,all_update_events_exact_quantiles,5000,0,-4.000301579618454,-4.000833511352539,-3.8464147090911864,-3.7794049429893493,-4.391506671905518,-3.6587231159210205,4.391506671905518,-4.009418964385986
sac_stackcube_20261007T163640_e814ffc5,StackCube-v1,sac,real_env_steps,490000,500000,actor_loss,all_update_events_exact_quantiles,5008,0,-2.9675887009491935,-2.9676661491394043,-2.9165453553199767,-2.895160708427429,-3.072927474975586,-2.8423991203308105,3.072927474975586,-2.9439468383789062
sac_stackcube_20261007T163640_e814ffc5,StackCube-v1,sac,real_env_steps,490000,500000,critic_loss,all_update_events_exact_quantiles,5008,0,0.008402282124223075,0.008097833022475243,0.010903027653694152,0.013657148601487295,0.0059202564880251884,0.024361802265048027,0.024361802265048027,0.008320123888552189
sac_stackcube_20261007T163640_e814ffc5,StackCube-v1,sac,real_env_steps,490000,500000,policy_q_min_mean,all_update_events_exact_quantiles,5008,0,2.9838108430369594,2.983890175819397,3.03641357421875,3.058504247665405,2.8591513633728027,3.0894722938537598,3.0894722938537598,2.9604763984680176
sac_stackcube_20261007T163640_e814ffc5,StackCube-v1,sac,real_env_steps,490000,500000,alpha,all_update_events_exact_quantiles,5008,0,0.004055148058741267,0.004054506774991751,0.004092911747284234,0.004100066539831459,0.0040030754171311855,0.004103243816643953,0.004103243816643953,0.004039496183395386
sac_stackcube_20261007T163640_e814ffc5,StackCube-v1,sac,real_env_steps,490000,500000,alpha_loss,all_update_events_exact_quantiles,5008,0,-1.5730873861719682e-06,-2.4644177756272256e-06,0.0006062096479581662,0.0008871338004246369,-0.0014013034524396062,0.0013429109239950776,0.0014013034524396062,-0.0003694485640153289
sac_stackcube_20261007T163640_e814ffc5,StackCube-v1,sac,real_env_steps,490000,500000,entropy_estimate,all_update_events_exact_quantiles,5008,0,-4.0004374932366815,-4.0006115436553955,-3.8506179451942444,-3.780900866985321,-4.347072124481201,-3.6701066493988037,4.347072124481201,-4.091447830200195
sac_stackcube_20261007T163640_e814ffc5,StackCube-v1,sac,policy_gradient_steps,245000,250000,actor_loss,all_update_events_exact_quantiles,3016,0,-2.96985987081768,-2.9696041345596313,-2.9196661710739136,-2.897625732421875,-3.072927474975586,-2.846126079559326,3.072927474975586,-2.9439468383789062
sac_stackcube_20261007T163640_e814ffc5,StackCube-v1,sac,policy_gradient_steps,245000,250000,critic_loss,all_update_events_exact_quantiles,3016,0,0.00846910066667954,0.008167764637619257,0.011011740658432245,0.013932493329048154,0.005933430045843124,0.024361802265048027,0.024361802265048027,0.008320123888552189
sac_stackcube_20261007T163640_e814ffc5,StackCube-v1,sac,policy_gradient_steps,245000,250000,policy_q_min_mean,all_update_events_exact_quantiles,3016,0,2.9861185338041825,2.985808849334717,3.0385460257530212,3.0603790283203125,2.8623745441436768,3.0894722938537598,3.0894722938537598,2.9604763984680176
sac_stackcube_20261007T163640_e814ffc5,StackCube-v1,sac,policy_gradient_steps,245000,250000,alpha,all_update_events_exact_quantiles,3016,0,0.004065516515664599,0.004067816538736224,0.0040964188519865274,0.004101162473671138,0.004020694177597761,0.004103243816643953,0.004103243816643953,0.004039496183395386
sac_stackcube_20261007T163640_e814ffc5,StackCube-v1,sac,policy_gradient_steps,245000,250000,alpha_loss,all_update_events_exact_quantiles,3016,0,3.4345436672773415e-06,3.8551406760234386e-06,0.000613344251178205,0.0008935054764151566,-0.0014013034524396062,0.0013429109239950776,0.0014013034524396062,-0.0003694485640153289
sac_stackcube_20261007T163640_e814ffc5,StackCube-v1,sac,policy_gradient_steps,245000,250000,entropy_estimate,all_update_events_exact_quantiles,3016,0,-3.99919574662292,-3.999057412147522,-3.8493480682373047,-3.780779504776001,-4.347072124481201,-3.6701066493988037,4.347072124481201,-4.091447830200195
sac_stackcube_20261007T163640_e814ffc5,StackCube-v1,sac,real_env_steps,0,10000,train_episode/episode_return,raw_finished_episodes,192,0,2.5580247927767537,2.3446536734700203,5.096067252755163,5.658634798973801,0.28678570687770844,6.244278475642204,6.244278475642204,2.164110943675041
sac_stackcube_20261007T163640_e814ffc5,StackCube-v1,sac,real_env_steps,0,10000,train_episode/episode_length,raw_finished_episodes,192,0,50.0,50.0,50.0,50.0,50.0,50.0,50.0,50.0
sac_stackcube_20261007T163640_e814ffc5,StackCube-v1,sac,real_env_steps,0,10000,train_episode/success_once,raw_finished_episodes,192,0,0.0,0.0,0.0,0.0,0.0,0.0,0.0,0.0
sac_stackcube_20261007T163640_e814ffc5,StackCube-v1,sac,real_env_steps,0,10000,train_episode/success_at_end,raw_finished_episodes,192,0,0.0,0.0,0.0,0.0,0.0,0.0,0.0,0.0
sac_stackcube_20261007T163640_e814ffc5,StackCube-v1,sac,real_env_steps,10000,20000,train_episode/episode_return,raw_finished_episodes,192,0,3.0086462832211205,2.8653723299503326,5.673046366125345,6.188253419697285,0.3107288181781769,6.518064066767693,6.518064066767693,2.7843742072582245
sac_stackcube_20261007T163640_e814ffc5,StackCube-v1,sac,real_env_steps,10000,20000,train_episode/episode_length,raw_finished_episodes,192,0,50.0,50.0,50.0,50.0,50.0,50.0,50.0,50.0
sac_stackcube_20261007T163640_e814ffc5,StackCube-v1,sac,real_env_steps,10000,20000,train_episode/success_once,raw_finished_episodes,192,0,0.0,0.0,0.0,0.0,0.0,0.0,0.0,0.0
sac_stackcube_20261007T163640_e814ffc5,StackCube-v1,sac,real_env_steps,10000,20000,train_episode/success_at_end,raw_finished_episodes,192,0,0.0,0.0,0.0,0.0,0.0,0.0,0.0,0.0
sac_stackcube_20261007T163640_e814ffc5,StackCube-v1,sac,real_env_steps,20000,30000,train_episode/episode_return,raw_finished_episodes,192,0,5.434842177666724,5.5630045011639595,7.779099272936582,8.386860366016627,1.4499742090702057,8.898888736963272,8.898888736963272,7.5675850212574005
sac_stackcube_20261007T163640_e814ffc5,StackCube-v1,sac,real_env_steps,20000,30000,train_episode/episode_length,raw_finished_episodes,192,0,50.0,50.0,50.0,50.0,50.0,50.0,50.0,50.0
sac_stackcube_20261007T163640_e814ffc5,StackCube-v1,sac,real_env_steps,20000,30000,train_episode/success_once,raw_finished_episodes,192,0,0.0,0.0,0.0,0.0,0.0,0.0,0.0,0.0
sac_stackcube_20261007T163640_e814ffc5,StackCube-v1,sac,real_env_steps,20000,30000,train_episode/success_at_end,raw_finished_episodes,192,0,0.0,0.0,0.0,0.0,0.0,0.0,0.0,0.0
sac_stackcube_20261007T163640_e814ffc5,StackCube-v1,sac,real_env_steps,30000,40000,train_episode/episode_return,raw_finished_episodes,224,0,7.186910098817732,7.383097179234028,9.452614051103591,11.2813733881712,1.5772653967142105,14.303841888904572,14.303841888904572,3.65998113155365
sac_stackcube_20261007T163640_e814ffc5,StackCube-v1,sac,real_env_steps,30000,40000,train_episode/episode_length,raw_finished_episodes,224,0,50.0,50.0,50.0,50.0,50.0,50.0,50.0,50.0
sac_stackcube_20261007T163640_e814ffc5,StackCube-v1,sac,real_env_steps,30000,40000,train_episode/success_once,raw_finished_episodes,224,0,0.0,0.0,0.0,0.0,0.0,0.0,0.0,0.0
sac_stackcube_20261007T163640_e814ffc5,StackCube-v1,sac,real_env_steps,30000,40000,train_episode/success_at_end,raw_finished_episodes,224,0,0.0,0.0,0.0,0.0,0.0,0.0,0.0,0.0
sac_stackcube_20261007T163640_e814ffc5,StackCube-v1,sac,real_env_steps,40000,50000,train_episode/episode_return,raw_finished_episodes,192,0,10.316542650029684,8.8596843034029,23.994346299022435,25.904761295467615,0.7574715167284012,26.861914813518524,26.861914813518524,14.116034999489784
sac_stackcube_20261007T163640_e814ffc5,StackCube-v1,sac,real_env_steps,40000,50000,train_episode/episode_length,raw_finished_episodes,192,0,50.0,50.0,50.0,50.0,50.0,50.0,50.0,50.0
sac_stackcube_20261007T163640_e814ffc5,StackCube-v1,sac,real_env_steps,40000,50000,train_episode/success_once,raw_finished_episodes,192,0,0.0,0.0,0.0,0.0,0.0,0.0,0.0,0.0
sac_stackcube_20261007T163640_e814ffc5,StackCube-v1,sac,real_env_steps,40000,50000,train_episode/success_at_end,raw_finished_episodes,192,0,0.0,0.0,0.0,0.0,0.0,0.0,0.0,0.0
sac_stackcube_20261007T163640_e814ffc5,StackCube-v1,sac,real_env_steps,50000,60000,train_episode/episode_return,raw_finished_episodes,192,0,19.856396097612258,23.55887620896101,26.401317719370127,27.458558767139913,3.162559747695923,27.99107751250267,27.99107751250267,21.519840613007545
sac_stackcube_20261007T163640_e814ffc5,StackCube-v1,sac,real_env_steps,50000,60000,train_episode/episode_length,raw_finished_episodes,192,0,50.0,50.0,50.0,50.0,50.0,50.0,50.0,50.0
sac_stackcube_20261007T163640_e814ffc5,StackCube-v1,sac,real_env_steps,50000,60000,train_episode/success_once,raw_finished_episodes,192,0,0.0,0.0,0.0,0.0,0.0,0.0,0.0,0.0
sac_stackcube_20261007T163640_e814ffc5,StackCube-v1,sac,real_env_steps,50000,60000,train_episode/success_at_end,raw_finished_episodes,192,0,0.0,0.0,0.0,0.0,0.0,0.0,0.0,0.0
sac_stackcube_20261007T163640_e814ffc5,StackCube-v1,sac,real_env_steps,60000,70000,train_episode/episode_return,raw_finished_episodes,192,0,21.268050310900435,24.038280732929707,26.55178750157356,27.321185005009173,5.064294099807739,29.077468797564507,29.077468797564507,25.586477234959602
sac_stackcube_20261007T163640_e814ffc5,StackCube-v1,sac,real_env_steps,60000,70000,train_episode/episode_length,raw_finished_episodes,192,0,50.0,50.0,50.0,50.0,50.0,50.0,50.0,50.0
sac_stackcube_20261007T163640_e814ffc5,StackCube-v1,sac,real_env_steps,60000,70000,train_episode/success_once,raw_finished_episodes,192,0,0.0,0.0,0.0,0.0,0.0,0.0,0.0,0.0
sac_stackcube_20261007T163640_e814ffc5,StackCube-v1,sac,real_env_steps,60000,70000,train_episode/success_at_end,raw_finished_episodes,192,0,0.0,0.0,0.0,0.0,0.0,0.0,0.0,0.0
sac_stackcube_20261007T163640_e814ffc5,StackCube-v1,sac,real_env_steps,70000,80000,train_episode/episode_return,raw_finished_episodes,224,0,22.127490123866924,24.241785444319248,26.73736074641347,27.408417931348087,3.3541246354579926,27.48424318432808,27.48424318432808,25.663578361272812
sac_stackcube_20261007T163640_e814ffc5,StackCube-v1,sac,real_env_steps,70000,80000,train_episode/episode_length,raw_finished_episodes,224,0,50.0,50.0,50.0,50.0,50.0,50.0,50.0,50.0
sac_stackcube_20261007T163640_e814ffc5,StackCube-v1,sac,real_env_steps,70000,80000,train_episode/success_once,raw_finished_episodes,224,0,0.0,0.0,0.0,0.0,0.0,0.0,0.0,0.0
sac_stackcube_20261007T163640_e814ffc5,StackCube-v1,sac,real_env_steps,70000,80000,train_episode/success_at_end,raw_finished_episodes,224,0,0.0,0.0,0.0,0.0,0.0,0.0,0.0,0.0
sac_stackcube_20261007T163640_e814ffc5,StackCube-v1,sac,real_env_steps,80000,90000,train_episode/episode_return,raw_finished_episodes,192,0,22.00220111881693,24.254928089678288,26.663321551680564,27.049734028428794,3.87713386118412,27.840362206101418,27.840362206101418,24.481536895036697
sac_stackcube_20261007T163640_e814ffc5,StackCube-v1,sac,real_env_steps,80000,90000,train_episode/episode_length,raw_finished_episodes,192,0,50.0,50.0,50.0,50.0,50.0,50.0,50.0,50.0
sac_stackcube_20261007T163640_e814ffc5,StackCube-v1,sac,real_env_steps,80000,90000,train_episode/success_once,raw_finished_episodes,192,0,0.0,0.0,0.0,0.0,0.0,0.0,0.0,0.0
sac_stackcube_20261007T163640_e814ffc5,StackCube-v1,sac,real_env_steps,80000,90000,train_episode/success_at_end,raw_finished_episodes,192,0,0.0,0.0,0.0,0.0,0.0,0.0,0.0,0.0
sac_stackcube_20261007T163640_e814ffc5,StackCube-v1,sac,real_env_steps,90000,100000,train_episode/episode_return,raw_finished_episodes,192,0,22.685266467975453,24.6170015335083,27.262620804458855,27.650192398279906,6.646141424775124,28.18259271979332,28.18259271979332,24.79809680581093
sac_stackcube_20261007T163640_e814ffc5,StackCube-v1,sac,real_env_steps,90000,100000,train_episode/episode_length,raw_finished_episodes,192,0,50.0,50.0,50.0,50.0,50.0,50.0,50.0,50.0
sac_stackcube_20261007T163640_e814ffc5,StackCube-v1,sac,real_env_steps,90000,100000,train_episode/success_once,raw_finished_episodes,192,0,0.0,0.0,0.0,0.0,0.0,0.0,0.0,0.0
sac_stackcube_20261007T163640_e814ffc5,StackCube-v1,sac,real_env_steps,90000,100000,train_episode/success_at_end,raw_finished_episodes,192,0,0.0,0.0,0.0,0.0,0.0,0.0,0.0,0.0
sac_stackcube_20261007T163640_e814ffc5,StackCube-v1,sac,real_env_steps,100000,110000,train_episode/episode_return,raw_finished_episodes,192,0,23.145891655624535,24.886096075177193,27.44292237609625,28.142064799517392,1.227493941783905,29.848513409495354,29.848513409495354,15.031323075294495
sac_stackcube_20261007T163640_e814ffc5,StackCube-v1,sac,real_env_steps,100000,110000,train_episode/episode_length,raw_finished_episodes,192,0,50.0,50.0,50.0,50.0,50.0,50.0,50.0,50.0
sac_stackcube_20261007T163640_e814ffc5,StackCube-v1,sac,real_env_steps,100000,110000,train_episode/success_once,raw_finished_episodes,192,0,0.0,0.0,0.0,0.0,0.0,0.0,0.0,0.0
sac_stackcube_20261007T163640_e814ffc5,StackCube-v1,sac,real_env_steps,100000,110000,train_episode/success_at_end,raw_finished_episodes,192,0,0.0,0.0,0.0,0.0,0.0,0.0,0.0,0.0
sac_stackcube_20261007T163640_e814ffc5,StackCube-v1,sac,real_env_steps,110000,120000,train_episode/episode_return,raw_finished_episodes,224,0,23.608343788622214,25.21681158989668,27.31661487519741,28.10503795415163,3.339183062314987,29.022295504808426,29.022295504808426,26.77325865626335
sac_stackcube_20261007T163640_e814ffc5,StackCube-v1,sac,real_env_steps,110000,120000,train_episode/episode_length,raw_finished_episodes,224,0,50.0,50.0,50.0,50.0,50.0,50.0,50.0,50.0
sac_stackcube_20261007T163640_e814ffc5,StackCube-v1,sac,real_env_steps,110000,120000,train_episode/success_once,raw_finished_episodes,224,0,0.0,0.0,0.0,0.0,0.0,0.0,0.0,0.0
sac_stackcube_20261007T163640_e814ffc5,StackCube-v1,sac,real_env_steps,110000,120000,train_episode/success_at_end,raw_finished_episodes,224,0,0.0,0.0,0.0,0.0,0.0,0.0,0.0,0.0
sac_stackcube_20261007T163640_e814ffc5,StackCube-v1,sac,real_env_steps,120000,130000,train_episode/episode_return,raw_finished_episodes,192,0,24.4926096018559,25.40136256068945,27.755099246650932,28.764969720393424,7.5794509798288345,30.055688112974167,30.055688112974167,25.969085305929184
sac_stackcube_20261007T163640_e814ffc5,StackCube-v1,sac,real_env_steps,120000,130000,train_episode/episode_length,raw_finished_episodes,192,0,50.0,50.0,50.0,50.0,50.0,50.0,50.0,50.0
sac_stackcube_20261007T163640_e814ffc5,StackCube-v1,sac,real_env_steps,120000,130000,train_episode/success_once,raw_finished_episodes,192,0,0.0,0.0,0.0,0.0,0.0,0.0,0.0,0.0
sac_stackcube_20261007T163640_e814ffc5,StackCube-v1,sac,real_env_steps,120000,130000,train_episode/success_at_end,raw_finished_episodes,192,0,0.0,0.0,0.0,0.0,0.0,0.0,0.0,0.0
sac_stackcube_20261007T163640_e814ffc5,StackCube-v1,sac,real_env_steps,130000,140000,train_episode/episode_return,raw_finished_episodes,192,0,24.39122257901666,25.86256492137909,28.19035134986043,29.058180702179673,4.85835762321949,29.833199843764305,29.833199843764305,18.674995630979538
sac_stackcube_20261007T163640_e814ffc5,StackCube-v1,sac,real_env_steps,130000,140000,train_episode/episode_length,raw_finished_episodes,192,0,50.0,50.0,50.0,50.0,50.0,50.0,50.0,50.0
sac_stackcube_20261007T163640_e814ffc5,StackCube-v1,sac,real_env_steps,130000,140000,train_episode/success_once,raw_finished_episodes,192,0,0.0,0.0,0.0,0.0,0.0,0.0,0.0,0.0
sac_stackcube_20261007T163640_e814ffc5,StackCube-v1,sac,real_env_steps,130000,140000,train_episode/success_at_end,raw_finished_episodes,192,0,0.0,0.0,0.0,0.0,0.0,0.0,0.0,0.0
sac_stackcube_20261007T163640_e814ffc5,StackCube-v1,sac,real_env_steps,140000,150000,train_episode/episode_return,raw_finished_episodes,192,0,24.6309088197692,26.00083914399147,28.177463141083717,30.79450450882316,7.001554653048515,31.738888561725616,31.738888561725616,22.946499332785606
sac_stackcube_20261007T163640_e814ffc5,StackCube-v1,sac,real_env_steps,140000,150000,train_episode/episode_length,raw_finished_episodes,192,0,50.0,50.0,50.0,50.0,50.0,50.0,50.0,50.0
sac_stackcube_20261007T163640_e814ffc5,StackCube-v1,sac,real_env_steps,140000,150000,train_episode/success_once,raw_finished_episodes,192,0,0.0,0.0,0.0,0.0,0.0,0.0,0.0,0.0
sac_stackcube_20261007T163640_e814ffc5,StackCube-v1,sac,real_env_steps,140000,150000,train_episode/success_at_end,raw_finished_episodes,192,0,0.0,0.0,0.0,0.0,0.0,0.0,0.0,0.0
sac_stackcube_20261007T163640_e814ffc5,StackCube-v1,sac,real_env_steps,150000,160000,train_episode/episode_return,raw_finished_episodes,224,0,24.773171106819063,26.143809117376804,28.26814232468605,29.48954447165132,7.076832219958305,31.18229216337204,31.18229216337204,25.783121675252914
sac_stackcube_20261007T163640_e814ffc5,StackCube-v1,sac,real_env_steps,150000,160000,train_episode/episode_length,raw_finished_episodes,224,0,50.0,50.0,50.0,50.0,50.0,50.0,50.0,50.0
sac_stackcube_20261007T163640_e814ffc5,StackCube-v1,sac,real_env_steps,150000,160000,train_episode/success_once,raw_finished_episodes,224,0,0.0,0.0,0.0,0.0,0.0,0.0,0.0,0.0
sac_stackcube_20261007T163640_e814ffc5,StackCube-v1,sac,real_env_steps,150000,160000,train_episode/success_at_end,raw_finished_episodes,224,0,0.0,0.0,0.0,0.0,0.0,0.0,0.0,0.0
sac_stackcube_20261007T163640_e814ffc5,StackCube-v1,sac,real_env_steps,160000,170000,train_episode/episode_return,raw_finished_episodes,192,0,25.629331317342196,26.63321563601494,29.63804784566163,30.887979560494426,4.629018098115921,34.52080090343952,34.52080090343952,26.411590561270714
sac_stackcube_20261007T163640_e814ffc5,StackCube-v1,sac,real_env_steps,160000,170000,train_episode/episode_length,raw_finished_episodes,192,0,50.0,50.0,50.0,50.0,50.0,50.0,50.0,50.0
sac_stackcube_20261007T163640_e814ffc5,StackCube-v1,sac,real_env_steps,160000,170000,train_episode/success_once,raw_finished_episodes,192,0,0.0,0.0,0.0,0.0,0.0,0.0,0.0,0.0
sac_stackcube_20261007T163640_e814ffc5,StackCube-v1,sac,real_env_steps,160000,170000,train_episode/success_at_end,raw_finished_episodes,192,0,0.0,0.0,0.0,0.0,0.0,0.0,0.0,0.0
sac_stackcube_20261007T163640_e814ffc5,StackCube-v1,sac,real_env_steps,170000,180000,train_episode/episode_return,raw_finished_episodes,192,0,25.7279437687248,26.93075490742922,30.16495421677827,31.219246854633095,5.688665896654129,32.197511807084084,32.197511807084084,27.348784789443016
sac_stackcube_20261007T163640_e814ffc5,StackCube-v1,sac,real_env_steps,170000,180000,train_episode/episode_length,raw_finished_episodes,192,0,50.0,50.0,50.0,50.0,50.0,50.0,50.0,50.0
sac_stackcube_20261007T163640_e814ffc5,StackCube-v1,sac,real_env_steps,170000,180000,train_episode/success_once,raw_finished_episodes,192,0,0.0,0.0,0.0,0.0,0.0,0.0,0.0,0.0
sac_stackcube_20261007T163640_e814ffc5,StackCube-v1,sac,real_env_steps,170000,180000,train_episode/success_at_end,raw_finished_episodes,192,0,0.0,0.0,0.0,0.0,0.0,0.0,0.0,0.0
sac_stackcube_20261007T163640_e814ffc5,StackCube-v1,sac,real_env_steps,180000,190000,train_episode/episode_return,raw_finished_episodes,192,0,25.36963891245735,26.858479760587215,30.481280164420603,32.36728136241437,1.082490622997284,33.51668909192085,33.51668909192085,16.146874368190765
sac_stackcube_20261007T163640_e814ffc5,StackCube-v1,sac,real_env_steps,180000,190000,train_episode/episode_length,raw_finished_episodes,192,0,50.0,50.0,50.0,50.0,50.0,50.0,50.0,50.0
sac_stackcube_20261007T163640_e814ffc5,StackCube-v1,sac,real_env_steps,180000,190000,train_episode/success_once,raw_finished_episodes,192,0,0.0,0.0,0.0,0.0,0.0,0.0,0.0,0.0
sac_stackcube_20261007T163640_e814ffc5,StackCube-v1,sac,real_env_steps,180000,190000,train_episode/success_at_end,raw_finished_episodes,192,0,0.0,0.0,0.0,0.0,0.0,0.0,0.0,0.0
sac_stackcube_20261007T163640_e814ffc5,StackCube-v1,sac,real_env_steps,190000,200000,train_episode/episode_return,raw_finished_episodes,224,0,25.453105810231396,27.1742093116045,30.57609540075064,31.867424090057618,3.457879453897476,32.545139983296394,32.545139983296394,11.15741840004921
sac_stackcube_20261007T163640_e814ffc5,StackCube-v1,sac,real_env_steps,190000,200000,train_episode/episode_length,raw_finished_episodes,224,0,50.0,50.0,50.0,50.0,50.0,50.0,50.0,50.0
sac_stackcube_20261007T163640_e814ffc5,StackCube-v1,sac,real_env_steps,190000,200000,train_episode/success_once,raw_finished_episodes,224,0,0.0,0.0,0.0,0.0,0.0,0.0,0.0,0.0
sac_stackcube_20261007T163640_e814ffc5,StackCube-v1,sac,real_env_steps,190000,200000,train_episode/success_at_end,raw_finished_episodes,224,0,0.0,0.0,0.0,0.0,0.0,0.0,0.0,0.0
sac_stackcube_20261007T163640_e814ffc5,StackCube-v1,sac,real_env_steps,200000,210000,train_episode/episode_return,raw_finished_episodes,192,0,26.488030663846683,27.449285373091698,31.015356934815642,33.069763776361945,3.898323193192482,33.95014047622681,33.95014047622681,26.48170457780361
sac_stackcube_20261007T163640_e814ffc5,StackCube-v1,sac,real_env_steps,200000,210000,train_episode/episode_length,raw_finished_episodes,192,0,50.0,50.0,50.0,50.0,50.0,50.0,50.0,50.0
sac_stackcube_20261007T163640_e814ffc5,StackCube-v1,sac,real_env_steps,200000,210000,train_episode/success_once,raw_finished_episodes,192,0,0.0,0.0,0.0,0.0,0.0,0.0,0.0,0.0
sac_stackcube_20261007T163640_e814ffc5,StackCube-v1,sac,real_env_steps,200000,210000,train_episode/success_at_end,raw_finished_episodes,192,0,0.0,0.0,0.0,0.0,0.0,0.0,0.0,0.0
sac_stackcube_20261007T163640_e814ffc5,StackCube-v1,sac,real_env_steps,210000,220000,train_episode/episode_return,raw_finished_episodes,192,0,27.060947684803978,27.491485930979252,31.12169515416026,32.83632442459464,6.146911710500717,32.95044380426407,32.95044380426407,27.505012333393097
sac_stackcube_20261007T163640_e814ffc5,StackCube-v1,sac,real_env_steps,210000,220000,train_episode/episode_length,raw_finished_episodes,192,0,50.0,50.0,50.0,50.0,50.0,50.0,50.0,50.0
sac_stackcube_20261007T163640_e814ffc5,StackCube-v1,sac,real_env_steps,210000,220000,train_episode/success_once,raw_finished_episodes,192,0,0.0,0.0,0.0,0.0,0.0,0.0,0.0,0.0
sac_stackcube_20261007T163640_e814ffc5,StackCube-v1,sac,real_env_steps,210000,220000,train_episode/success_at_end,raw_finished_episodes,192,0,0.0,0.0,0.0,0.0,0.0,0.0,0.0,0.0
sac_stackcube_20261007T163640_e814ffc5,StackCube-v1,sac,real_env_steps,220000,230000,train_episode/episode_return,raw_finished_episodes,192,0,26.763333845185116,27.712422013282776,31.911115600913764,33.254627526700496,6.595499500632286,33.580556467175484,33.580556467175484,30.4452493339777
sac_stackcube_20261007T163640_e814ffc5,StackCube-v1,sac,real_env_steps,220000,230000,train_episode/episode_length,raw_finished_episodes,192,0,50.0,50.0,50.0,50.0,50.0,50.0,50.0,50.0
sac_stackcube_20261007T163640_e814ffc5,StackCube-v1,sac,real_env_steps,220000,230000,train_episode/success_once,raw_finished_episodes,192,0,0.0,0.0,0.0,0.0,0.0,0.0,0.0,0.0
sac_stackcube_20261007T163640_e814ffc5,StackCube-v1,sac,real_env_steps,220000,230000,train_episode/success_at_end,raw_finished_episodes,192,0,0.0,0.0,0.0,0.0,0.0,0.0,0.0,0.0
sac_stackcube_20261007T163640_e814ffc5,StackCube-v1,sac,real_env_steps,230000,240000,train_episode/episode_return,raw_finished_episodes,224,0,27.790257181706174,27.85403858870268,33.13957485407591,34.53737340718508,0.9945177137851715,35.31214953958988,35.31214953958988,25.80575665831566
sac_stackcube_20261007T163640_e814ffc5,StackCube-v1,sac,real_env_steps,230000,240000,train_episode/episode_length,raw_finished_episodes,224,0,50.0,50.0,50.0,50.0,50.0,50.0,50.0,50.0
sac_stackcube_20261007T163640_e814ffc5,StackCube-v1,sac,real_env_steps,230000,240000,train_episode/success_once,raw_finished_episodes,224,0,0.0,0.0,0.0,0.0,0.0,0.0,0.0,0.0
sac_stackcube_20261007T163640_e814ffc5,StackCube-v1,sac,real_env_steps,230000,240000,train_episode/success_at_end,raw_finished_episodes,224,0,0.0,0.0,0.0,0.0,0.0,0.0,0.0,0.0
sac_stackcube_20261007T163640_e814ffc5,StackCube-v1,sac,real_env_steps,240000,250000,train_episode/episode_return,raw_finished_episodes,192,0,27.659899151418358,28.349635288119316,33.560854685306545,35.15690485790372,5.554695099592209,36.170103058218956,36.170103058218956,34.02071778476238
sac_stackcube_20261007T163640_e814ffc5,StackCube-v1,sac,real_env_steps,240000,250000,train_episode/episode_length,raw_finished_episodes,192,0,50.0,50.0,50.0,50.0,50.0,50.0,50.0,50.0
sac_stackcube_20261007T163640_e814ffc5,StackCube-v1,sac,real_env_steps,240000,250000,train_episode/success_once,raw_finished_episodes,192,0,0.0,0.0,0.0,0.0,0.0,0.0,0.0,0.0
sac_stackcube_20261007T163640_e814ffc5,StackCube-v1,sac,real_env_steps,240000,250000,train_episode/success_at_end,raw_finished_episodes,192,0,0.0,0.0,0.0,0.0,0.0,0.0,0.0,0.0
sac_stackcube_20261007T163640_e814ffc5,StackCube-v1,sac,real_env_steps,250000,260000,train_episode/episode_return,raw_finished_episodes,192,0,29.11547903219859,30.30891080200672,34.73826906383037,35.34517058089376,6.10895062983036,35.72740373015404,35.72740373015404,33.29104132950306
sac_stackcube_20261007T163640_e814ffc5,StackCube-v1,sac,real_env_steps,250000,260000,train_episode/episode_length,raw_finished_episodes,192,0,50.0,50.0,50.0,50.0,50.0,50.0,50.0,50.0
sac_stackcube_20261007T163640_e814ffc5,StackCube-v1,sac,real_env_steps,250000,260000,train_episode/success_once,raw_finished_episodes,192,0,0.0,0.0,0.0,0.0,0.0,0.0,0.0,0.0
sac_stackcube_20261007T163640_e814ffc5,StackCube-v1,sac,real_env_steps,250000,260000,train_episode/success_at_end,raw_finished_episodes,192,0,0.0,0.0,0.0,0.0,0.0,0.0,0.0,0.0
sac_stackcube_20261007T163640_e814ffc5,StackCube-v1,sac,real_env_steps,260000,270000,train_episode/episode_return,raw_finished_episodes,192,0,29.582649394714583,31.170671105384827,34.83825496584177,35.53633927106858,1.294460877776146,35.87117521464825,35.87117521464825,27.025013625621796
sac_stackcube_20261007T163640_e814ffc5,StackCube-v1,sac,real_env_steps,260000,270000,train_episode/episode_length,raw_finished_episodes,192,0,50.0,50.0,50.0,50.0,50.0,50.0,50.0,50.0
sac_stackcube_20261007T163640_e814ffc5,StackCube-v1,sac,real_env_steps,260000,270000,train_episode/success_once,raw_finished_episodes,192,0,0.0,0.0,0.0,0.0,0.0,0.0,0.0,0.0
sac_stackcube_20261007T163640_e814ffc5,StackCube-v1,sac,real_env_steps,260000,270000,train_episode/success_at_end,raw_finished_episodes,192,0,0.0,0.0,0.0,0.0,0.0,0.0,0.0,0.0
sac_stackcube_20261007T163640_e814ffc5,StackCube-v1,sac,real_env_steps,270000,280000,train_episode/episode_return,raw_finished_episodes,224,0,29.756068511001235,31.662432707846165,35.07995983734727,35.78994477659464,7.049095928668976,36.25148890912533,36.25148890912533,33.30705004930496
sac_stackcube_20261007T163640_e814ffc5,StackCube-v1,sac,real_env_steps,270000,280000,train_episode/episode_length,raw_finished_episodes,224,0,50.0,50.0,50.0,50.0,50.0,50.0,50.0,50.0
sac_stackcube_20261007T163640_e814ffc5,StackCube-v1,sac,real_env_steps,270000,280000,train_episode/success_once,raw_finished_episodes,224,0,0.004464285714285714,0.0,0.0,0.0,0.0,1.0,1.0,0.0
sac_stackcube_20261007T163640_e814ffc5,StackCube-v1,sac,real_env_steps,270000,280000,train_episode/success_at_end,raw_finished_episodes,224,0,0.0,0.0,0.0,0.0,0.0,0.0,0.0,0.0
sac_stackcube_20261007T163640_e814ffc5,StackCube-v1,sac,real_env_steps,280000,290000,train_episode/episode_return,raw_finished_episodes,192,0,31.427203354503337,32.73826702684164,35.61359131187201,36.01968457192183,6.716835707426071,36.16600874066353,36.16600874066353,32.09939108788967
sac_stackcube_20261007T163640_e814ffc5,StackCube-v1,sac,real_env_steps,280000,290000,train_episode/episode_length,raw_finished_episodes,192,0,50.0,50.0,50.0,50.0,50.0,50.0,50.0,50.0
sac_stackcube_20261007T163640_e814ffc5,StackCube-v1,sac,real_env_steps,280000,290000,train_episode/success_once,raw_finished_episodes,192,0,0.0,0.0,0.0,0.0,0.0,0.0,0.0,0.0
sac_stackcube_20261007T163640_e814ffc5,StackCube-v1,sac,real_env_steps,280000,290000,train_episode/success_at_end,raw_finished_episodes,192,0,0.0,0.0,0.0,0.0,0.0,0.0,0.0,0.0
sac_stackcube_20261007T163640_e814ffc5,StackCube-v1,sac,real_env_steps,290000,300000,train_episode/episode_return,raw_finished_episodes,192,0,31.00650158811671,32.84702995419502,35.38809328004718,35.924524943083526,2.30005806684494,36.3355343490839,36.3355343490839,12.994509026408195
sac_stackcube_20261007T163640_e814ffc5,StackCube-v1,sac,real_env_steps,290000,300000,train_episode/episode_length,raw_finished_episodes,192,0,50.0,50.0,50.0,50.0,50.0,50.0,50.0,50.0
sac_stackcube_20261007T163640_e814ffc5,StackCube-v1,sac,real_env_steps,290000,300000,train_episode/success_once,raw_finished_episodes,192,0,0.010416666666666666,0.0,0.0,0.09000000000000341,0.0,1.0,1.0,0.0
sac_stackcube_20261007T163640_e814ffc5,StackCube-v1,sac,real_env_steps,290000,300000,train_episode/success_at_end,raw_finished_episodes,192,0,0.0,0.0,0.0,0.0,0.0,0.0,0.0,0.0
sac_stackcube_20261007T163640_e814ffc5,StackCube-v1,sac,real_env_steps,300000,310000,train_episode/episode_return,raw_finished_episodes,192,0,32.121410817373544,33.539425142109394,35.66803091838956,36.23425263091922,7.236270859837532,36.97011038661003,36.97011038661003,34.61629281938076
sac_stackcube_20261007T163640_e814ffc5,StackCube-v1,sac,real_env_steps,300000,310000,train_episode/episode_length,raw_finished_episodes,192,0,50.0,50.0,50.0,50.0,50.0,50.0,50.0,50.0
sac_stackcube_20261007T163640_e814ffc5,StackCube-v1,sac,real_env_steps,300000,310000,train_episode/success_once,raw_finished_episodes,192,0,0.0,0.0,0.0,0.0,0.0,0.0,0.0,0.0
sac_stackcube_20261007T163640_e814ffc5,StackCube-v1,sac,real_env_steps,300000,310000,train_episode/success_at_end,raw_finished_episodes,192,0,0.0,0.0,0.0,0.0,0.0,0.0,0.0,0.0
sac_stackcube_20261007T163640_e814ffc5,StackCube-v1,sac,real_env_steps,310000,320000,train_episode/episode_return,raw_finished_episodes,224,0,32.52098651177117,33.81708826869726,35.96260037124157,36.30933272272348,9.053345575928688,36.59382778406143,36.59382778406143,33.889383882284164
sac_stackcube_20261007T163640_e814ffc5,StackCube-v1,sac,real_env_steps,310000,320000,train_episode/episode_length,raw_finished_episodes,224,0,50.0,50.0,50.0,50.0,50.0,50.0,50.0,50.0
sac_stackcube_20261007T163640_e814ffc5,StackCube-v1,sac,real_env_steps,310000,320000,train_episode/success_once,raw_finished_episodes,224,0,0.004464285714285714,0.0,0.0,0.0,0.0,1.0,1.0,0.0
sac_stackcube_20261007T163640_e814ffc5,StackCube-v1,sac,real_env_steps,310000,320000,train_episode/success_at_end,raw_finished_episodes,224,0,0.0,0.0,0.0,0.0,0.0,0.0,0.0,0.0
sac_stackcube_20261007T163640_e814ffc5,StackCube-v1,sac,real_env_steps,320000,330000,train_episode/episode_return,raw_finished_episodes,192,0,32.50642641990756,33.74105902761221,35.80321893319488,36.30587604120374,7.473467379808426,36.59213396906853,36.59213396906853,32.02824254333973
sac_stackcube_20261007T163640_e814ffc5,StackCube-v1,sac,real_env_steps,320000,330000,train_episode/episode_length,raw_finished_episodes,192,0,50.0,50.0,50.0,50.0,50.0,50.0,50.0,50.0
sac_stackcube_20261007T163640_e814ffc5,StackCube-v1,sac,real_env_steps,320000,330000,train_episode/success_once,raw_finished_episodes,192,0,0.005208333333333333,0.0,0.0,0.0,0.0,1.0,1.0,0.0
sac_stackcube_20261007T163640_e814ffc5,StackCube-v1,sac,real_env_steps,320000,330000,train_episode/success_at_end,raw_finished_episodes,192,0,0.0,0.0,0.0,0.0,0.0,0.0,0.0,0.0
sac_stackcube_20261007T163640_e814ffc5,StackCube-v1,sac,real_env_steps,330000,340000,train_episode/episode_return,raw_finished_episodes,192,0,32.850366096866004,34.00662475079298,35.803273473680015,36.124138483703135,4.760206446051598,36.194530978798866,36.194530978798866,35.02453748881817
sac_stackcube_20261007T163640_e814ffc5,StackCube-v1,sac,real_env_steps,330000,340000,train_episode/episode_length,raw_finished_episodes,192,0,50.0,50.0,50.0,50.0,50.0,50.0,50.0,50.0
sac_stackcube_20261007T163640_e814ffc5,StackCube-v1,sac,real_env_steps,330000,340000,train_episode/success_once,raw_finished_episodes,192,0,0.010416666666666666,0.0,0.0,0.09000000000000341,0.0,1.0,1.0,0.0
sac_stackcube_20261007T163640_e814ffc5,StackCube-v1,sac,real_env_steps,330000,340000,train_episode/success_at_end,raw_finished_episodes,192,0,0.005208333333333333,0.0,0.0,0.0,0.0,1.0,1.0,0.0
sac_stackcube_20261007T163640_e814ffc5,StackCube-v1,sac,real_env_steps,340000,350000,train_episode/episode_return,raw_finished_episodes,192,0,32.945862231077626,33.86557091027498,36.02411918565631,36.495925550609826,1.4640957415103912,37.18806833028793,37.18806833028793,35.68679115176201
sac_stackcube_20261007T163640_e814ffc5,StackCube-v1,sac,real_env_steps,340000,350000,train_episode/episode_length,raw_finished_episodes,192,0,50.0,50.0,50.0,50.0,50.0,50.0,50.0,50.0
sac_stackcube_20261007T163640_e814ffc5,StackCube-v1,sac,real_env_steps,340000,350000,train_episode/success_once,raw_finished_episodes,192,0,0.015625,0.0,0.0,1.0,0.0,1.0,1.0,0.0
sac_stackcube_20261007T163640_e814ffc5,StackCube-v1,sac,real_env_steps,340000,350000,train_episode/success_at_end,raw_finished_episodes,192,0,0.0,0.0,0.0,0.0,0.0,0.0,0.0,0.0
sac_stackcube_20261007T163640_e814ffc5,StackCube-v1,sac,real_env_steps,350000,360000,train_episode/episode_return,raw_finished_episodes,224,0,33.37213507347873,34.20120745152235,35.98645752966404,36.35619844570756,12.599949449300766,36.69327273964882,36.69327273964882,35.41850124299526
sac_stackcube_20261007T163640_e814ffc5,StackCube-v1,sac,real_env_steps,350000,360000,train_episode/episode_length,raw_finished_episodes,224,0,50.0,50.0,50.0,50.0,50.0,50.0,50.0,50.0
sac_stackcube_20261007T163640_e814ffc5,StackCube-v1,sac,real_env_steps,350000,360000,train_episode/success_once,raw_finished_episodes,224,0,0.004464285714285714,0.0,0.0,0.0,0.0,1.0,1.0,0.0
sac_stackcube_20261007T163640_e814ffc5,StackCube-v1,sac,real_env_steps,350000,360000,train_episode/success_at_end,raw_finished_episodes,224,0,0.0,0.0,0.0,0.0,0.0,0.0,0.0,0.0
sac_stackcube_20261007T163640_e814ffc5,StackCube-v1,sac,real_env_steps,360000,370000,train_episode/episode_return,raw_finished_episodes,192,0,32.83801918112052,34.11714627593756,35.84635094180703,36.39809605583549,7.139236629009247,36.71239644289017,36.71239644289017,35.32264298200607
sac_stackcube_20261007T163640_e814ffc5,StackCube-v1,sac,real_env_steps,360000,370000,train_episode/episode_length,raw_finished_episodes,192,0,50.0,50.0,50.0,50.0,50.0,50.0,50.0,50.0
sac_stackcube_20261007T163640_e814ffc5,StackCube-v1,sac,real_env_steps,360000,370000,train_episode/success_once,raw_finished_episodes,192,0,0.005208333333333333,0.0,0.0,0.0,0.0,1.0,1.0,0.0
sac_stackcube_20261007T163640_e814ffc5,StackCube-v1,sac,real_env_steps,360000,370000,train_episode/success_at_end,raw_finished_episodes,192,0,0.0,0.0,0.0,0.0,0.0,0.0,0.0,0.0
sac_stackcube_20261007T163640_e814ffc5,StackCube-v1,sac,real_env_steps,370000,380000,train_episode/episode_return,raw_finished_episodes,192,0,32.303392046984904,34.18831627815962,36.1817292355001,36.68401442617178,3.0055962800979614,37.01858523488045,37.01858523488045,22.87200178205967
sac_stackcube_20261007T163640_e814ffc5,StackCube-v1,sac,real_env_steps,370000,380000,train_episode/episode_length,raw_finished_episodes,192,0,50.0,50.0,50.0,50.0,50.0,50.0,50.0,50.0
sac_stackcube_20261007T163640_e814ffc5,StackCube-v1,sac,real_env_steps,370000,380000,train_episode/success_once,raw_finished_episodes,192,0,0.015625,0.0,0.0,1.0,0.0,1.0,1.0,0.0
sac_stackcube_20261007T163640_e814ffc5,StackCube-v1,sac,real_env_steps,370000,380000,train_episode/success_at_end,raw_finished_episodes,192,0,0.0,0.0,0.0,0.0,0.0,0.0,0.0,0.0
sac_stackcube_20261007T163640_e814ffc5,StackCube-v1,sac,real_env_steps,380000,390000,train_episode/episode_return,raw_finished_episodes,192,0,32.76668450733026,34.126607328653336,36.23592743948102,36.59050650388002,8.820001557469368,36.84247076511383,36.84247076511383,33.26389127969742
sac_stackcube_20261007T163640_e814ffc5,StackCube-v1,sac,real_env_steps,380000,390000,train_episode/episode_length,raw_finished_episodes,192,0,50.0,50.0,50.0,50.0,50.0,50.0,50.0,50.0
sac_stackcube_20261007T163640_e814ffc5,StackCube-v1,sac,real_env_steps,380000,390000,train_episode/success_once,raw_finished_episodes,192,0,0.020833333333333332,0.0,0.0,1.0,0.0,1.0,1.0,0.0
sac_stackcube_20261007T163640_e814ffc5,StackCube-v1,sac,real_env_steps,380000,390000,train_episode/success_at_end,raw_finished_episodes,192,0,0.0,0.0,0.0,0.0,0.0,0.0,0.0,0.0
sac_stackcube_20261007T163640_e814ffc5,StackCube-v1,sac,real_env_steps,390000,400000,train_episode/episode_return,raw_finished_episodes,224,0,33.25791851031993,34.16547717899084,36.23900022432208,36.827086430341005,7.914694577455521,36.88956019282341,36.88956019282341,36.008291602134705
sac_stackcube_20261007T163640_e814ffc5,StackCube-v1,sac,real_env_steps,390000,400000,train_episode/episode_length,raw_finished_episodes,224,0,50.0,50.0,50.0,50.0,50.0,50.0,50.0,50.0
sac_stackcube_20261007T163640_e814ffc5,StackCube-v1,sac,real_env_steps,390000,400000,train_episode/success_once,raw_finished_episodes,224,0,0.008928571428571428,0.0,0.0,0.0,0.0,1.0,1.0,0.0
sac_stackcube_20261007T163640_e814ffc5,StackCube-v1,sac,real_env_steps,390000,400000,train_episode/success_at_end,raw_finished_episodes,224,0,0.004464285714285714,0.0,0.0,0.0,0.0,1.0,1.0,0.0
sac_stackcube_20261007T163640_e814ffc5,StackCube-v1,sac,real_env_steps,400000,410000,train_episode/episode_return,raw_finished_episodes,192,0,33.38080046566514,34.41124965250492,36.20250624418259,36.87379553437233,5.820196062326431,37.475784823298454,37.475784823298454,35.71537408232689
sac_stackcube_20261007T163640_e814ffc5,StackCube-v1,sac,real_env_steps,400000,410000,train_episode/episode_length,raw_finished_episodes,192,0,50.0,50.0,50.0,50.0,50.0,50.0,50.0,50.0
sac_stackcube_20261007T163640_e814ffc5,StackCube-v1,sac,real_env_steps,400000,410000,train_episode/success_once,raw_finished_episodes,192,0,0.026041666666666668,0.0,0.0,1.0,0.0,1.0,1.0,0.0
sac_stackcube_20261007T163640_e814ffc5,StackCube-v1,sac,real_env_steps,400000,410000,train_episode/success_at_end,raw_finished_episodes,192,0,0.0,0.0,0.0,0.0,0.0,0.0,0.0,0.0
sac_stackcube_20261007T163640_e814ffc5,StackCube-v1,sac,real_env_steps,410000,420000,train_episode/episode_return,raw_finished_episodes,192,0,33.619145914989836,34.47093344479799,36.340874252468346,36.66868585780263,8.558095797896385,37.12823773920536,37.12823773920536,35.96580094099045
sac_stackcube_20261007T163640_e814ffc5,StackCube-v1,sac,real_env_steps,410000,420000,train_episode/episode_length,raw_finished_episodes,192,0,50.0,50.0,50.0,50.0,50.0,50.0,50.0,50.0
sac_stackcube_20261007T163640_e814ffc5,StackCube-v1,sac,real_env_steps,410000,420000,train_episode/success_once,raw_finished_episodes,192,0,0.020833333333333332,0.0,0.0,1.0,0.0,1.0,1.0,0.0
sac_stackcube_20261007T163640_e814ffc5,StackCube-v1,sac,real_env_steps,410000,420000,train_episode/success_at_end,raw_finished_episodes,192,0,0.0,0.0,0.0,0.0,0.0,0.0,0.0,0.0
sac_stackcube_20261007T163640_e814ffc5,StackCube-v1,sac,real_env_steps,420000,430000,train_episode/episode_return,raw_finished_episodes,192,0,33.19382502449056,34.73338309675455,36.44584885239601,36.71599040284753,1.3879592567682266,36.82349742949009,36.82349742949009,35.850236147642136
sac_stackcube_20261007T163640_e814ffc5,StackCube-v1,sac,real_env_steps,420000,430000,train_episode/episode_length,raw_finished_episodes,192,0,50.0,50.0,50.0,50.0,50.0,50.0,50.0,50.0
sac_stackcube_20261007T163640_e814ffc5,StackCube-v1,sac,real_env_steps,420000,430000,train_episode/success_once,raw_finished_episodes,192,0,0.046875,0.0,0.0,1.0,0.0,1.0,1.0,0.0
sac_stackcube_20261007T163640_e814ffc5,StackCube-v1,sac,real_env_steps,420000,430000,train_episode/success_at_end,raw_finished_episodes,192,0,0.0,0.0,0.0,0.0,0.0,0.0,0.0,0.0
sac_stackcube_20261007T163640_e814ffc5,StackCube-v1,sac,real_env_steps,430000,440000,train_episode/episode_return,raw_finished_episodes,224,0,33.52119973820767,34.659100607037544,36.570904484391214,37.20924908936024,6.950117647647858,37.86936254799366,37.86936254799366,6.950117647647858
sac_stackcube_20261007T163640_e814ffc5,StackCube-v1,sac,real_env_steps,430000,440000,train_episode/episode_length,raw_finished_episodes,224,0,50.0,50.0,50.0,50.0,50.0,50.0,50.0,50.0
sac_stackcube_20261007T163640_e814ffc5,StackCube-v1,sac,real_env_steps,430000,440000,train_episode/success_once,raw_finished_episodes,224,0,0.03571428571428571,0.0,0.0,1.0,0.0,1.0,1.0,0.0
sac_stackcube_20261007T163640_e814ffc5,StackCube-v1,sac,real_env_steps,430000,440000,train_episode/success_at_end,raw_finished_episodes,224,0,0.0,0.0,0.0,0.0,0.0,0.0,0.0,0.0
sac_stackcube_20261007T163640_e814ffc5,StackCube-v1,sac,real_env_steps,440000,450000,train_episode/episode_return,raw_finished_episodes,192,0,33.5079293276649,34.75276754051447,36.70890054553747,37.187930149436,6.610933870077133,37.320280343294144,37.320280343294144,34.85204043984413
sac_stackcube_20261007T163640_e814ffc5,StackCube-v1,sac,real_env_steps,440000,450000,train_episode/episode_length,raw_finished_episodes,192,0,50.0,50.0,50.0,50.0,50.0,50.0,50.0,50.0
sac_stackcube_20261007T163640_e814ffc5,StackCube-v1,sac,real_env_steps,440000,450000,train_episode/success_once,raw_finished_episodes,192,0,0.036458333333333336,0.0,0.0,1.0,0.0,1.0,1.0,0.0
sac_stackcube_20261007T163640_e814ffc5,StackCube-v1,sac,real_env_steps,440000,450000,train_episode/success_at_end,raw_finished_episodes,192,0,0.0,0.0,0.0,0.0,0.0,0.0,0.0,0.0
sac_stackcube_20261007T163640_e814ffc5,StackCube-v1,sac,real_env_steps,450000,460000,train_episode/episode_return,raw_finished_episodes,192,0,33.2450746744095,34.73596090078354,36.80063297897577,37.3642885774374,5.735782161355019,37.89957158267498,37.89957158267498,26.357682317495346
sac_stackcube_20261007T163640_e814ffc5,StackCube-v1,sac,real_env_steps,450000,460000,train_episode/episode_length,raw_finished_episodes,192,0,50.0,50.0,50.0,50.0,50.0,50.0,50.0,50.0
sac_stackcube_20261007T163640_e814ffc5,StackCube-v1,sac,real_env_steps,450000,460000,train_episode/success_once,raw_finished_episodes,192,0,0.07291666666666667,0.0,1.0,1.0,0.0,1.0,1.0,0.0
sac_stackcube_20261007T163640_e814ffc5,StackCube-v1,sac,real_env_steps,450000,460000,train_episode/success_at_end,raw_finished_episodes,192,0,0.0,0.0,0.0,0.0,0.0,0.0,0.0,0.0
sac_stackcube_20261007T163640_e814ffc5,StackCube-v1,sac,real_env_steps,460000,470000,train_episode/episode_return,raw_finished_episodes,192,0,33.437784261768684,34.72135994583368,36.90143375769257,37.421044165939094,9.509734898805618,37.49614541232586,37.49614541232586,34.417123422026634
sac_stackcube_20261007T163640_e814ffc5,StackCube-v1,sac,real_env_steps,460000,470000,train_episode/episode_length,raw_finished_episodes,192,0,50.0,50.0,50.0,50.0,50.0,50.0,50.0,50.0
sac_stackcube_20261007T163640_e814ffc5,StackCube-v1,sac,real_env_steps,460000,470000,train_episode/success_once,raw_finished_episodes,192,0,0.052083333333333336,0.0,0.44999999999998863,1.0,0.0,1.0,1.0,0.0
sac_stackcube_20261007T163640_e814ffc5,StackCube-v1,sac,real_env_steps,460000,470000,train_episode/success_at_end,raw_finished_episodes,192,0,0.0,0.0,0.0,0.0,0.0,0.0,0.0,0.0
sac_stackcube_20261007T163640_e814ffc5,StackCube-v1,sac,real_env_steps,470000,480000,train_episode/episode_return,raw_finished_episodes,224,0,33.45211722109733,34.74455130845308,36.62895252332091,37.28493696242571,6.9162644147872925,37.60739980638027,37.60739980638027,35.287205055356026
sac_stackcube_20261007T163640_e814ffc5,StackCube-v1,sac,real_env_steps,470000,480000,train_episode/episode_length,raw_finished_episodes,224,0,50.0,50.0,50.0,50.0,50.0,50.0,50.0,50.0
sac_stackcube_20261007T163640_e814ffc5,StackCube-v1,sac,real_env_steps,470000,480000,train_episode/success_once,raw_finished_episodes,224,0,0.06696428571428571,0.0,1.0,1.0,0.0,1.0,1.0,0.0
sac_stackcube_20261007T163640_e814ffc5,StackCube-v1,sac,real_env_steps,470000,480000,train_episode/success_at_end,raw_finished_episodes,224,0,0.004464285714285714,0.0,0.0,0.0,0.0,1.0,1.0,0.0
sac_stackcube_20261007T163640_e814ffc5,StackCube-v1,sac,real_env_steps,480000,490000,train_episode/episode_return,raw_finished_episodes,192,0,33.44669084538085,35.1994663476944,36.9984636709094,37.65305364787579,6.20882160961628,37.90022112429142,37.90022112429142,36.85074956715107
sac_stackcube_20261007T163640_e814ffc5,StackCube-v1,sac,real_env_steps,480000,490000,train_episode/episode_length,raw_finished_episodes,192,0,50.0,50.0,50.0,50.0,50.0,50.0,50.0,50.0
sac_stackcube_20261007T163640_e814ffc5,StackCube-v1,sac,real_env_steps,480000,490000,train_episode/success_once,raw_finished_episodes,192,0,0.109375,0.0,1.0,1.0,0.0,1.0,1.0,1.0
sac_stackcube_20261007T163640_e814ffc5,StackCube-v1,sac,real_env_steps,480000,490000,train_episode/success_at_end,raw_finished_episodes,192,0,0.0,0.0,0.0,0.0,0.0,0.0,0.0,0.0
sac_stackcube_20261007T163640_e814ffc5,StackCube-v1,sac,real_env_steps,490000,500000,train_episode/episode_return,raw_finished_episodes,192,0,33.19146218740692,34.754076071083546,36.998120211064816,37.47079580634833,6.635429263114929,37.72856426239014,37.72856426239014,33.189528957009315
sac_stackcube_20261007T163640_e814ffc5,StackCube-v1,sac,real_env_steps,490000,500000,train_episode/episode_length,raw_finished_episodes,192,0,50.0,50.0,50.0,50.0,50.0,50.0,50.0,50.0
sac_stackcube_20261007T163640_e814ffc5,StackCube-v1,sac,real_env_steps,490000,500000,train_episode/success_once,raw_finished_episodes,192,0,0.13020833333333334,0.0,1.0,1.0,0.0,1.0,1.0,0.0
sac_stackcube_20261007T163640_e814ffc5,StackCube-v1,sac,real_env_steps,490000,500000,train_episode/success_at_end,raw_finished_episodes,192,0,0.005208333333333333,0.0,0.0,0.0,0.0,1.0,1.0,0.0
