run,task,algorithm,axis,bin_start,bin_end,metric,aggregation,count,nonfinite,mean,median,p95,p99,minimum,maximum,abs_maximum,last
mbpo_pickcube_20261007T143410_ba2d6827,PickCube-v1,mbpo,all,0,,actor_loss,all_update_events_exact_quantiles,248016,0,620.4001857067612,2.5007163286209106,5025.4788818359375,10195.0765625,-107.1113052368164,20235.59765625,20235.59765625,7036.0908203125
mbpo_pickcube_20261007T143410_ba2d6827,PickCube-v1,mbpo,real_env_steps,0,10000,actor_loss,all_update_events_exact_quantiles,3008,0,-8.353035075401769,-8.610776901245117,-5.929013776779173,-3.904904563427001,-9.817448616027832,0.7581996321678162,9.817448616027832,-6.892486572265625
mbpo_pickcube_20261007T143410_ba2d6827,PickCube-v1,mbpo,policy_gradient_steps,0,5000,actor_loss,all_update_events_exact_quantiles,5000,0,-7.241175055128336,-7.247260570526123,-4.637211275100708,-4.437317328453064,-9.817448616027832,0.7581996321678162,9.817448616027832,-4.43109130859375
mbpo_pickcube_20261007T143410_ba2d6827,PickCube-v1,mbpo,all,0,,critic_loss,all_update_events_exact_quantiles,248016,0,213450853.11928177,662.6854858398438,363474704.0,4488764467.20001,0.0033698545303195715,116379779072.0,116379779072.0,3760420352.0
mbpo_pickcube_20261007T143410_ba2d6827,PickCube-v1,mbpo,real_env_steps,0,10000,critic_loss,all_update_events_exact_quantiles,3008,0,0.11815585872341701,0.04518921300768852,0.12400483600795273,1.9820809268951378,0.017154786735773087,12.849618911743164,12.849618911743164,0.017258156090974808
mbpo_pickcube_20261007T143410_ba2d6827,PickCube-v1,mbpo,policy_gradient_steps,0,5000,critic_loss,all_update_events_exact_quantiles,5000,0,0.07681929658884183,0.02731955796480179,0.09576539956033236,0.4746063452959205,0.007107727229595184,12.849618911743164,12.849618911743164,0.007577686570584774
mbpo_pickcube_20261007T143410_ba2d6827,PickCube-v1,mbpo,all,0,,policy_q_min_mean,all_update_events_exact_quantiles,248016,0,-607.5621374486526,-2.415973424911499,3.0309504866600037,8.127463817596453,-20038.6015625,119.4368896484375,20038.6015625,-6808.72216796875
mbpo_pickcube_20261007T143410_ba2d6827,PickCube-v1,mbpo,real_env_steps,0,10000,policy_q_min_mean,all_update_events_exact_quantiles,3008,0,6.504566137837019,6.852433443069458,7.761625909805298,7.794854445457458,-0.18442100286483765,7.824185848236084,7.824185848236084,5.65028190612793
mbpo_pickcube_20261007T143410_ba2d6827,PickCube-v1,mbpo,policy_gradient_steps,0,5000,policy_q_min_mean,all_update_events_exact_quantiles,5000,0,5.731705124652129,5.767489194869995,7.741600847244262,7.7857165002822875,-0.18442100286483765,7.824185848236084,7.824185848236084,3.642181396484375
mbpo_pickcube_20261007T143410_ba2d6827,PickCube-v1,mbpo,all,0,,alpha,all_update_events_exact_quantiles,248016,0,3.1891550622143936,0.09750790148973465,15.548238039016724,60.139896011352555,0.0004341368330642581,70.37761688232422,70.37761688232422,55.97014617919922
mbpo_pickcube_20261007T143410_ba2d6827,PickCube-v1,mbpo,real_env_steps,0,10000,alpha,all_update_events_exact_quantiles,3008,0,0.6806965016244733,0.6585575640201569,0.9538496404886246,0.9902287071943282,0.45610907673835754,0.9997000694274902,0.9997000694274902,0.45610907673835754
mbpo_pickcube_20261007T143410_ba2d6827,PickCube-v1,mbpo,policy_gradient_steps,0,5000,alpha,all_update_events_exact_quantiles,5000,0,0.5549890201032162,0.5147302448749542,0.9259513020515442,0.9838961827754975,0.28819984197616577,0.9997000694274902,0.9997000694274902,0.28819984197616577
mbpo_pickcube_20261007T143410_ba2d6827,PickCube-v1,mbpo,all,0,,alpha_loss,all_update_events_exact_quantiles,248016,0,-0.08231461468414374,0.00011297460878267884,1.2973482012748718,6.748289227485671,-94.31515502929688,71.60431671142578,94.31515502929688,-3.49019193649292
mbpo_pickcube_20261007T143410_ba2d6827,PickCube-v1,mbpo,real_env_steps,0,10000,alpha_loss,all_update_events_exact_quantiles,3008,0,4.571978190874166,4.426575660705566,6.383298730850219,6.563562293052673,3.067070960998535,6.60401725769043,6.60401725769043,3.067070960998535
mbpo_pickcube_20261007T143410_ba2d6827,PickCube-v1,mbpo,policy_gradient_steps,0,5000,alpha_loss,all_update_events_exact_quantiles,5000,0,3.7299954411506655,3.464202404022217,6.214774012565613,6.542661547660828,1.9404457807540894,6.60401725769043,6.60401725769043,1.9419708251953125
mbpo_pickcube_20261007T143410_ba2d6827,PickCube-v1,mbpo,all,0,,entropy_estimate,all_update_events_exact_quantiles,248016,0,-3.768494593601078,-3.9517037868499756,-1.9088253676891327,2.733199656009674,-21.227336883544922,2.758662462234497,21.227336883544922,-4.062358856201172
mbpo_pickcube_20261007T143410_ba2d6827,PickCube-v1,mbpo,real_env_steps,0,10000,entropy_estimate,all_update_events_exact_quantiles,3008,0,2.719994123445507,2.730405807495117,2.7441047191619874,2.748947641849518,-0.6592673063278198,2.758402109146118,2.758402109146118,2.7228381633758545
mbpo_pickcube_20261007T143410_ba2d6827,PickCube-v1,mbpo,policy_gradient_steps,0,5000,entropy_estimate,all_update_events_exact_quantiles,5000,0,2.72443505333364,2.7305880784988403,2.744317877292633,2.7495779848098754,-0.6592673063278198,2.758662462234497,2.758662462234497,2.736750602722168
mbpo_pickcube_20261007T143410_ba2d6827,PickCube-v1,mbpo,real_env_steps,10000,20000,actor_loss,all_update_events_exact_quantiles,5008,0,-4.198868638077102,-3.965366840362549,-2.540160632133485,-2.3699516534805296,-6.905035495758057,-1.4326423406600952,6.905035495758057,-2.181550979614258
mbpo_pickcube_20261007T143410_ba2d6827,PickCube-v1,mbpo,real_env_steps,10000,20000,critic_loss,all_update_events_exact_quantiles,5008,0,107.9800667888761,0.01036643236875534,0.10579668171703807,1.4365625226497656,0.0033698545303195715,121784.328125,121784.328125,0.2600027918815613
mbpo_pickcube_20261007T143410_ba2d6827,PickCube-v1,mbpo,real_env_steps,10000,20000,policy_q_min_mean,all_update_events_exact_quantiles,5008,0,3.461880161620367,3.267228603363037,5.348771953582763,5.597474527359009,1.1112507581710815,5.661334037780762,5.661334037780762,1.8367804288864136
mbpo_pickcube_20261007T143410_ba2d6827,PickCube-v1,mbpo,real_env_steps,10000,20000,alpha,all_update_events_exact_quantiles,5008,0,0.27121467508685093,0.2566400617361069,0.429947218298912,0.4506495514512062,0.14665082097053528,0.45600149035453796,0.45600149035453796,0.14665082097053528
mbpo_pickcube_20261007T143410_ba2d6827,PickCube-v1,mbpo,real_env_steps,10000,20000,alpha_loss,all_update_events_exact_quantiles,5008,0,1.822094341115163,1.7267537117004395,2.897798991203308,3.034042186737061,0.8711374402046204,3.0718936920166016,3.0718936920166016,0.9314968585968018
mbpo_pickcube_20261007T143410_ba2d6827,PickCube-v1,mbpo,real_env_steps,10000,20000,entropy_estimate,all_update_events_exact_quantiles,5008,0,2.707088094121351,2.727758765220642,2.7426509618759156,2.748586585521698,1.9265856742858887,2.758662462234497,2.758662462234497,2.350471019744873
mbpo_pickcube_20261007T143410_ba2d6827,PickCube-v1,mbpo,policy_gradient_steps,5000,10000,actor_loss,all_update_events_exact_quantiles,5000,0,-2.901105014465004,-2.871957302093506,-1.4259104192256928,-0.8490561020374285,-12.9154691696167,-0.056267816573381424,12.9154691696167,-1.7508949041366577
mbpo_pickcube_20261007T143410_ba2d6827,PickCube-v1,mbpo,policy_gradient_steps,5000,10000,critic_loss,all_update_events_exact_quantiles,5000,0,1582.7544267312144,0.03590324707329273,136.3979217529299,4713.434521484388,0.0033698545303195715,1293944.25,1293944.25,0.3052251935005188
mbpo_pickcube_20261007T143410_ba2d6827,PickCube-v1,mbpo,policy_gradient_steps,5000,10000,policy_q_min_mean,all_update_events_exact_quantiles,5000,0,2.4796056762993337,2.4220683574676514,3.5976559400558474,6.421736564636246,0.3154035806655884,13.12568473815918,13.12568473815918,1.5914462804794312
mbpo_pickcube_20261007T143410_ba2d6827,PickCube-v1,mbpo,policy_gradient_steps,5000,10000,alpha,all_update_events_exact_quantiles,5000,0,0.17405436363816262,0.1643613874912262,0.27227107882499696,0.28488635063171386,0.09835115820169449,0.28813445568084717,0.28813445568084717,0.09835115820169449
mbpo_pickcube_20261007T143410_ba2d6827,PickCube-v1,mbpo,policy_gradient_steps,5000,10000,alpha_loss,all_update_events_exact_quantiles,5000,0,1.1178686709940433,1.0862523317337036,1.8335185885429384,1.9182144796848297,0.0531514436006546,1.9444624185562134,1.9444624185562134,0.5529385805130005
mbpo_pickcube_20261007T143410_ba2d6827,PickCube-v1,mbpo,policy_gradient_steps,5000,10000,entropy_estimate,all_update_events_exact_quantiles,5000,0,2.2795626322153955,2.671638607978821,2.738608920574188,2.745205080509186,-3.5041518211364746,2.7580394744873047,3.5041518211364746,1.6208654642105103
mbpo_pickcube_20261007T143410_ba2d6827,PickCube-v1,mbpo,real_env_steps,20000,30000,actor_loss,all_update_events_exact_quantiles,4992,0,-5.847021150066165,-3.6637725830078125,-1.4258756577968597,-0.8486091244220726,-53.24422836303711,-0.056267816573381424,53.24422836303711,-9.588117599487305
mbpo_pickcube_20261007T143410_ba2d6827,PickCube-v1,mbpo,real_env_steps,20000,30000,critic_loss,all_update_events_exact_quantiles,4992,0,36117.53479237134,32.26833534240723,4775.352807617185,133421.98328125052,0.02666836604475975,32283368.0,32283368.0,35.87500762939453
mbpo_pickcube_20261007T143410_ba2d6827,PickCube-v1,mbpo,real_env_steps,20000,30000,policy_q_min_mean,all_update_events_exact_quantiles,4992,0,5.8729564904127844,3.6972466707229614,14.904111862182615,24.171036663055453,0.3154035806655884,53.59404754638672,53.59404754638672,9.930577278137207
mbpo_pickcube_20261007T143410_ba2d6827,PickCube-v1,mbpo,real_env_steps,20000,30000,alpha,all_update_events_exact_quantiles,4992,0,0.09807844040019867,0.09144175797700882,0.13900089934468268,0.14512673184275626,0.07553379237651825,0.1466200202703476,0.1466200202703476,0.07621584832668304
mbpo_pickcube_20261007T143410_ba2d6827,PickCube-v1,mbpo,real_env_steps,20000,30000,alpha_loss,all_update_events_exact_quantiles,4992,0,0.3664348649776562,0.35724562406539917,0.8921321153640747,0.939089123606682,-0.29512208700180054,0.9517818689346313,0.9517818689346313,-0.03760906681418419
mbpo_pickcube_20261007T143410_ba2d6827,PickCube-v1,mbpo,real_env_steps,20000,30000,entropy_estimate,all_update_events_exact_quantiles,4992,0,-0.6899339339157823,-0.3923129141330719,2.5616299629211428,2.6758052611351015,-7.650284767150879,2.7227563858032227,7.650284767150879,-4.493476867675781
mbpo_pickcube_20261007T143410_ba2d6827,PickCube-v1,mbpo,policy_gradient_steps,10000,15000,actor_loss,all_update_events_exact_quantiles,5000,0,-7.414198529097438,-6.898054599761963,-2.2226181268692016,2.2366104960441597,-53.24422836303711,6.075191020965576,53.24422836303711,-7.029880046844482
mbpo_pickcube_20261007T143410_ba2d6827,PickCube-v1,mbpo,policy_gradient_steps,10000,15000,critic_loss,all_update_events_exact_quantiles,5000,0,78464.93478730871,44.138925552368164,6631.087280273438,570934.8012500035,0.239830881357193,32283368.0,32283368.0,199.1974639892578
mbpo_pickcube_20261007T143410_ba2d6827,PickCube-v1,mbpo,policy_gradient_steps,10000,15000,policy_q_min_mean,all_update_events_exact_quantiles,5000,0,7.611300627173111,7.122767686843872,15.608295011520386,24.37527383804322,-6.068726062774658,53.59404754638672,53.59404754638672,7.356929779052734
mbpo_pickcube_20261007T143410_ba2d6827,PickCube-v1,mbpo,policy_gradient_steps,10000,15000,alpha,all_update_events_exact_quantiles,5000,0,0.07806542049720884,0.07707328349351883,0.09410442039370537,0.09734699867665768,0.059900958091020584,0.0983298197388649,0.0983298197388649,0.06247459724545479
mbpo_pickcube_20261007T143410_ba2d6827,PickCube-v1,mbpo,policy_gradient_steps,10000,15000,alpha_loss,all_update_events_exact_quantiles,5000,0,0.11518828298029839,0.07742079719901085,0.4445632636547089,0.4844165080785752,-0.29512208700180054,0.553412914276123,0.553412914276123,-0.07721090316772461
mbpo_pickcube_20261007T143410_ba2d6827,PickCube-v1,mbpo,policy_gradient_steps,10000,15000,entropy_estimate,all_update_events_exact_quantiles,5000,0,-2.6241939000006766,-2.98822557926178,0.821690607070923,1.320078588724137,-7.650284767150879,1.6269080638885498,7.650284767150879,-5.236168384552002
mbpo_pickcube_20261007T143410_ba2d6827,PickCube-v1,mbpo,real_env_steps,30000,40000,actor_loss,all_update_events_exact_quantiles,5008,0,-3.6958426399072395,-3.373913288116455,0.9708499819040273,4.4685455608367946,-27.63306427001953,8.478165626525879,27.63306427001953,-1.573380947113037
mbpo_pickcube_20261007T143410_ba2d6827,PickCube-v1,mbpo,real_env_steps,30000,40000,critic_loss,all_update_events_exact_quantiles,5008,0,88708.66877587649,14.531838417053223,2663.112329101561,1753325.1025000287,2.5942463874816895,20844452.0,20844452.0,12.821952819824219
mbpo_pickcube_20261007T143410_ba2d6827,PickCube-v1,mbpo,real_env_steps,30000,40000,policy_q_min_mean,all_update_events_exact_quantiles,5008,0,3.887773661291414,3.475770950317383,11.365688180923462,14.75437564849855,-8.383337020874023,27.95879364013672,27.95879364013672,1.7305916547775269
mbpo_pickcube_20261007T143410_ba2d6827,PickCube-v1,mbpo,real_env_steps,30000,40000,alpha,all_update_events_exact_quantiles,5008,0,0.06134421398012212,0.06293770670890808,0.07646220810711384,0.07682074673473835,0.0429045669734478,0.07690536975860596,0.07690536975860596,0.0429045669734478
mbpo_pickcube_20261007T143410_ba2d6827,PickCube-v1,mbpo,real_env_steps,30000,40000,alpha_loss,all_update_events_exact_quantiles,5008,0,0.05347243604586411,0.05135711655020714,0.22698849886655806,0.25707975149154666,-0.37971705198287964,0.29837626218795776,0.37971705198287964,0.014422736130654812
mbpo_pickcube_20261007T143410_ba2d6827,PickCube-v1,mbpo,real_env_steps,30000,40000,entropy_estimate,all_update_events_exact_quantiles,5008,0,-3.07240044791363,-3.0645447969436646,-0.5281019568443301,-0.2238260462880134,-9.777976989746094,-0.00248575396835804,9.777976989746094,-3.6638712882995605
mbpo_pickcube_20261007T143410_ba2d6827,PickCube-v1,mbpo,policy_gradient_steps,15000,20000,actor_loss,all_update_events_exact_quantiles,5000,0,-1.586404885724932,-1.2759761810302734,1.0952781617641465,5.503080978393555,-10.419267654418945,14.643538475036621,14.643538475036621,14.643538475036621
mbpo_pickcube_20261007T143410_ba2d6827,PickCube-v1,mbpo,policy_gradient_steps,15000,20000,critic_loss,all_update_events_exact_quantiles,5000,0,56980.57857437582,9.686896800994873,511.491828918461,258293.38312500258,2.8991520404815674,19253830.0,19253830.0,795.403076171875
mbpo_pickcube_20261007T143410_ba2d6827,PickCube-v1,mbpo,policy_gradient_steps,15000,20000,policy_q_min_mean,all_update_events_exact_quantiles,5000,0,1.7452547298006713,1.406266987323761,5.535453057289124,7.063483800888065,-14.430231094360352,10.894329071044922,14.430231094360352,-14.430231094360352
mbpo_pickcube_20261007T143410_ba2d6827,PickCube-v1,mbpo,policy_gradient_steps,15000,20000,alpha,all_update_events_exact_quantiles,5000,0,0.049311328732967376,0.04444238729774952,0.06700651235878467,0.0680694705247879,0.035071924328804016,0.068138487637043,0.068138487637043,0.035816825926303864
mbpo_pickcube_20261007T143410_ba2d6827,PickCube-v1,mbpo,policy_gradient_steps,15000,20000,alpha_loss,all_update_events_exact_quantiles,5000,0,0.038416796319291464,0.03727789409458637,0.16590610817074777,0.18726823315024377,-0.37971705198287964,0.22962337732315063,0.37971705198287964,-0.070091113448143
mbpo_pickcube_20261007T143410_ba2d6827,PickCube-v1,mbpo,policy_gradient_steps,15000,20000,entropy_estimate,all_update_events_exact_quantiles,5000,0,-3.219697470229864,-3.1336708068847656,-1.1460863232612604,-0.671683133244514,-9.777976989746094,-0.3511694073677063,9.777976989746094,-5.957624912261963
mbpo_pickcube_20261007T143410_ba2d6827,PickCube-v1,mbpo,real_env_steps,40000,50000,actor_loss,all_update_events_exact_quantiles,4992,0,-0.9643437477826433,-1.164002776145935,1.1780916035175297,6.555291571617127,-8.142525672912598,14.643538475036621,14.643538475036621,-0.34763604402542114
mbpo_pickcube_20261007T143410_ba2d6827,PickCube-v1,mbpo,real_env_steps,40000,50000,critic_loss,all_update_events_exact_quantiles,4992,0,41539.85926311721,9.09772253036499,113.47046813964842,23730.5562890627,3.1205670833587646,28208020.0,28208020.0,20.154678344726562
mbpo_pickcube_20261007T143410_ba2d6827,PickCube-v1,mbpo,real_env_steps,40000,50000,policy_q_min_mean,all_update_events_exact_quantiles,4992,0,1.1150486024103325,1.2946431040763855,2.440661096572876,4.426340808868416,-14.430231094360352,8.416242599487305,14.430231094360352,0.45969271659851074
mbpo_pickcube_20261007T143410_ba2d6827,PickCube-v1,mbpo,real_env_steps,40000,50000,alpha,all_update_events_exact_quantiles,4992,0,0.039378131159211106,0.03947948291897774,0.04462516773492098,0.04505135629326105,0.032806914299726486,0.04507371410727501,0.04507371410727501,0.03343904763460159
mbpo_pickcube_20261007T143410_ba2d6827,PickCube-v1,mbpo,real_env_steps,40000,50000,alpha_loss,all_update_events_exact_quantiles,4992,0,0.006815258199699551,0.02514717262238264,0.048556297272443774,0.05683500565588476,-0.2874126434326172,0.07130903750658035,0.2874126434326172,0.02172166295349598
mbpo_pickcube_20261007T143410_ba2d6827,PickCube-v1,mbpo,real_env_steps,40000,50000,entropy_estimate,all_update_events_exact_quantiles,4992,0,-3.8204292237089996,-3.3303619623184204,-2.736813545227051,-2.5604026365280146,-11.226095199584961,-2.293935775756836,11.226095199584961,-3.350517988204956
mbpo_pickcube_20261007T143410_ba2d6827,PickCube-v1,mbpo,policy_gradient_steps,20000,25000,actor_loss,all_update_events_exact_quantiles,5000,0,-0.6721611486192792,-0.8313304781913757,1.687638032436371,8.519053401947025,-12.835118293762207,34.78523254394531,34.78523254394531,-1.1176912784576416
mbpo_pickcube_20261007T143410_ba2d6827,PickCube-v1,mbpo,policy_gradient_steps,20000,25000,critic_loss,all_update_events_exact_quantiles,5000,0,69240.02115606861,14.085688591003418,348.35948944091814,16880.842265625044,3.456254482269287,31090424.0,31090424.0,14.730973243713379
mbpo_pickcube_20261007T143410_ba2d6827,PickCube-v1,mbpo,policy_gradient_steps,20000,25000,policy_q_min_mean,all_update_events_exact_quantiles,5000,0,0.8263776366123929,0.9557865262031555,2.5472328424453745,5.0025773334503265,-34.648033142089844,13.204607009887695,34.648033142089844,1.2623552083969116
mbpo_pickcube_20261007T143410_ba2d6827,PickCube-v1,mbpo,policy_gradient_steps,20000,25000,alpha,all_update_events_exact_quantiles,5000,0,0.03702193965911865,0.035906240344047546,0.04462340194731951,0.04505129877477884,0.03230590745806694,0.04507371410727501,0.04507371410727501,0.036943454295396805
mbpo_pickcube_20261007T143410_ba2d6827,PickCube-v1,mbpo,policy_gradient_steps,20000,25000,alpha_loss,all_update_events_exact_quantiles,5000,0,-0.006129623859975254,0.017234478145837784,0.044335460476577285,0.05704329025000335,-0.5972129106521606,0.07130903750658035,0.5972129106521606,0.0031092774588614702
mbpo_pickcube_20261007T143410_ba2d6827,PickCube-v1,mbpo,policy_gradient_steps,20000,25000,entropy_estimate,all_update_events_exact_quantiles,5000,0,-4.170760546779633,-3.50001060962677,-2.880436241626739,-2.560584254264831,-21.227336883544922,-2.0937447547912598,21.227336883544922,-3.9158365726470947
mbpo_pickcube_20261007T143410_ba2d6827,PickCube-v1,mbpo,real_env_steps,50000,60000,actor_loss,all_update_events_exact_quantiles,5008,0,-0.2742871756229502,-0.5879307985305786,2.580473542213432,18.365238571166998,-16.93105697631836,34.78523254394531,34.78523254394531,-0.4039236903190613
mbpo_pickcube_20261007T143410_ba2d6827,PickCube-v1,mbpo,real_env_steps,50000,60000,critic_loss,all_update_events_exact_quantiles,5008,0,130903.7269897437,31.76951789855957,1071.1013977050777,29932.424121094806,4.186673641204834,54680504.0,54680504.0,288.5545654296875
mbpo_pickcube_20261007T143410_ba2d6827,PickCube-v1,mbpo,real_env_steps,50000,60000,policy_q_min_mean,all_update_events_exact_quantiles,5008,0,0.45560349838621467,0.7375252544879913,3.042770361900324,8.480396947860761,-34.648033142089844,17.181846618652344,34.648033142089844,0.5693769454956055
mbpo_pickcube_20261007T143410_ba2d6827,PickCube-v1,mbpo,real_env_steps,50000,60000,alpha,all_update_events_exact_quantiles,5008,0,0.03915578439108694,0.03877314552664757,0.047871236130595206,0.04999792568385601,0.03230590745806694,0.05008688196539879,0.05008688196539879,0.04962938651442528
mbpo_pickcube_20261007T143410_ba2d6827,PickCube-v1,mbpo,real_env_steps,50000,60000,alpha_loss,all_update_events_exact_quantiles,5008,0,-0.02470611498142353,-0.001890760671813041,0.03738716877996921,0.0589361642673612,-0.5979899168014526,0.06987329572439194,0.5979899168014526,0.03308486193418503
mbpo_pickcube_20261007T143410_ba2d6827,PickCube-v1,mbpo,real_env_steps,50000,60000,entropy_estimate,all_update_events_exact_quantiles,5008,0,-4.6138767590538,-4.047346353530884,-3.108122682571411,-2.7110033369064332,-21.227336883544922,-2.0937447547912598,21.227336883544922,-3.333430528640747
mbpo_pickcube_20261007T143410_ba2d6827,PickCube-v1,mbpo,policy_gradient_steps,25000,30000,actor_loss,all_update_events_exact_quantiles,5000,0,-0.22577128310762345,-0.5760171413421631,3.818488252162936,21.485720424652257,-23.989471435546875,35.68110656738281,35.68110656738281,-0.800515353679657
mbpo_pickcube_20261007T143410_ba2d6827,PickCube-v1,mbpo,policy_gradient_steps,25000,30000,critic_loss,all_update_events_exact_quantiles,5000,0,186085.50540561046,48.95791435241699,1661.6159118652356,40165.403632812784,7.190401077270508,59905632.0,59905632.0,35.519771575927734
mbpo_pickcube_20261007T143410_ba2d6827,PickCube-v1,mbpo,policy_gradient_steps,25000,30000,policy_q_min_mean,all_update_events_exact_quantiles,5000,0,0.44622767656706275,0.7649925053119659,3.716280472278597,11.581769514083899,-35.49739074707031,24.242420196533203,35.49739074707031,1.0273511409759521
mbpo_pickcube_20261007T143410_ba2d6827,PickCube-v1,mbpo,policy_gradient_steps,25000,30000,alpha,all_update_events_exact_quantiles,5000,0,0.04679367255195975,0.047675877809524536,0.05919387452304363,0.05957639016211033,0.03689680993556976,0.059858229011297226,0.059858229011297226,0.05897096171975136
mbpo_pickcube_20261007T143410_ba2d6827,PickCube-v1,mbpo,policy_gradient_steps,25000,30000,alpha_loss,all_update_events_exact_quantiles,5000,0,-0.03329932577854488,-0.0022914701839908957,0.05227812547236682,0.0731246503442526,-0.6817455291748047,0.13744573295116425,0.6817455291748047,0.00905519723892212
mbpo_pickcube_20261007T143410_ba2d6827,PickCube-v1,mbpo,policy_gradient_steps,25000,30000,entropy_estimate,all_update_events_exact_quantiles,5000,0,-4.708409792494773,-4.0543177127838135,-2.937614572048187,-2.532390687465667,-17.87296485900879,-1.7009363174438477,17.87296485900879,-3.8464510440826416
mbpo_pickcube_20261007T143410_ba2d6827,PickCube-v1,mbpo,real_env_steps,60000,70000,actor_loss,all_update_events_exact_quantiles,4992,0,-0.5270458218206514,-0.5604003369808197,5.732773590087884,23.97305166244511,-35.59334945678711,45.609519958496094,45.609519958496094,-0.48951560258865356
mbpo_pickcube_20261007T143410_ba2d6827,PickCube-v1,mbpo,real_env_steps,60000,70000,critic_loss,all_update_events_exact_quantiles,4992,0,252569.11544718192,58.175506591796875,2251.2855224609357,59382.58050781264,10.734777450561523,80637040.0,80637040.0,30.054759979248047
mbpo_pickcube_20261007T143410_ba2d6827,PickCube-v1,mbpo,real_env_steps,60000,70000,policy_q_min_mean,all_update_events_exact_quantiles,4992,0,0.8072205888367114,0.778853565454483,6.715410757064804,17.58264183044435,-45.3838996887207,35.929752349853516,45.3838996887207,0.7082868218421936
mbpo_pickcube_20261007T143410_ba2d6827,PickCube-v1,mbpo,real_env_steps,60000,70000,alpha,all_update_events_exact_quantiles,4992,0,0.06289264807949224,0.06494903936982155,0.07648231722414493,0.07685882441699506,0.048648934811353683,0.0769302025437355,0.0769302025437355,0.06673625111579895
mbpo_pickcube_20261007T143410_ba2d6827,PickCube-v1,mbpo,real_env_steps,60000,70000,alpha_loss,all_update_events_exact_quantiles,4992,0,-0.028617876827329615,0.010844839736819267,0.07016250342130662,0.10166202880442152,-0.9031334519386292,0.1710284948348999,0.9031334519386292,0.04821312054991722
mbpo_pickcube_20261007T143410_ba2d6827,PickCube-v1,mbpo,real_env_steps,60000,70000,entropy_estimate,all_update_events_exact_quantiles,4992,0,-4.492506035770743,-3.800682306289673,-2.9831189155578612,-2.450461635589598,-17.87296485900879,-1.6979838609695435,17.87296485900879,-3.2776637077331543
mbpo_pickcube_20261007T143410_ba2d6827,PickCube-v1,mbpo,policy_gradient_steps,30000,35000,actor_loss,all_update_events_exact_quantiles,5000,0,-0.503757086427696,-0.25771908462047577,1.902661716938026,18.707128372192503,-35.59334945678711,45.609519958496094,45.609519958496094,-0.03995094448328018
mbpo_pickcube_20261007T143410_ba2d6827,PickCube-v1,mbpo,policy_gradient_steps,30000,35000,critic_loss,all_update_events_exact_quantiles,5000,0,157550.07725540522,29.675724983215332,1549.5279052734377,13106.331152348705,11.409585952758789,80637040.0,80637040.0,13.047460556030273
mbpo_pickcube_20261007T143410_ba2d6827,PickCube-v1,mbpo,policy_gradient_steps,30000,35000,policy_q_min_mean,all_update_events_exact_quantiles,5000,0,0.7610119365191087,0.4684910774230957,4.893469119071975,16.44835662841797,-45.3838996887207,35.929752349853516,45.3838996887207,0.21045948565006256
mbpo_pickcube_20261007T143410_ba2d6827,PickCube-v1,mbpo,policy_gradient_steps,30000,35000,alpha,all_update_events_exact_quantiles,5000,0,0.06458493086993694,0.06537976861000061,0.07647917903959751,0.07685856752097607,0.049796462059020996,0.0769302025437355,0.0769302025437355,0.049796462059020996
mbpo_pickcube_20261007T143410_ba2d6827,PickCube-v1,mbpo,policy_gradient_steps,30000,35000,alpha_loss,all_update_events_exact_quantiles,5000,0,0.00109221710995771,0.032272323966026306,0.06852762028574944,0.0798671614378692,-0.9031334519386292,0.1710284948348999,0.9031334519386292,0.02869977429509163
mbpo_pickcube_20261007T143410_ba2d6827,PickCube-v1,mbpo,policy_gradient_steps,30000,35000,entropy_estimate,all_update_events_exact_quantiles,5000,0,-3.9620681985139847,-3.439147710800171,-3.0447210788726804,-2.8658081817626937,-17.370328903198242,-1.6979838609695435,17.370328903198242,-3.4237234592437744
mbpo_pickcube_20261007T143410_ba2d6827,PickCube-v1,mbpo,real_env_steps,70000,80000,actor_loss,all_update_events_exact_quantiles,5008,0,0.015864331259510478,-0.000342358835041523,0.38390482515096663,0.9068975216150296,-1.07834792137146,1.7320959568023682,1.7320959568023682,0.21914717555046082
mbpo_pickcube_20261007T143410_ba2d6827,PickCube-v1,mbpo,real_env_steps,70000,80000,critic_loss,all_update_events_exact_quantiles,5008,0,189.74360308346277,13.69830846786499,204.65449066162097,818.94670654297,4.3556013107299805,62936.1484375,62936.1484375,6.0474982261657715
mbpo_pickcube_20261007T143410_ba2d6827,PickCube-v1,mbpo,real_env_steps,70000,80000,policy_q_min_mean,all_update_events_exact_quantiles,5008,0,0.14935436718981898,0.16514895856380463,0.4995482087135314,0.6925607520341883,-1.5690791606903076,1.2183178663253784,1.5690791606903076,-0.10828079283237457
mbpo_pickcube_20261007T143410_ba2d6827,PickCube-v1,mbpo,real_env_steps,70000,80000,alpha,all_update_events_exact_quantiles,5008,0,0.047305775085499824,0.04637111537158489,0.0641864825040102,0.06621556967496872,0.030357522889971733,0.06672640889883041,0.06672640889883041,0.030357522889971733
mbpo_pickcube_20261007T143410_ba2d6827,PickCube-v1,mbpo,real_env_steps,70000,80000,alpha_loss,all_update_events_exact_quantiles,5008,0,0.024033458490201668,0.01994769461452961,0.05129859335720538,0.05914836250245574,-0.006012427620589733,0.07067329436540604,0.07067329436540604,0.010586513206362724
mbpo_pickcube_20261007T143410_ba2d6827,PickCube-v1,mbpo,real_env_steps,70000,80000,entropy_estimate,all_update_events_exact_quantiles,5008,0,-3.516177357338107,-3.5292073488235474,-3.1839746594429017,-3.084700434207916,-4.14122200012207,-2.9359664916992188,4.14122200012207,-3.6513376235961914
mbpo_pickcube_20261007T143410_ba2d6827,PickCube-v1,mbpo,policy_gradient_steps,35000,40000,actor_loss,all_update_events_exact_quantiles,5000,0,0.09414605420483277,0.07540632784366608,0.46993910521268856,1.0556977701187136,-1.2856714725494385,2.5539190769195557,2.5539190769195557,0.005410581827163696
mbpo_pickcube_20261007T143410_ba2d6827,PickCube-v1,mbpo,policy_gradient_steps,35000,40000,critic_loss,all_update_events_exact_quantiles,5000,0,74.00183409700394,7.436324119567871,77.19417839050296,233.55247467041025,2.130281925201416,35447.546875,35447.546875,2.4275569915771484
mbpo_pickcube_20261007T143410_ba2d6827,PickCube-v1,mbpo,policy_gradient_steps,35000,40000,policy_q_min_mean,all_update_events_exact_quantiles,5000,0,0.028583074917737393,0.05153226479887962,0.39025993347167975,0.5832074409723284,-2.4696173667907715,1.3669664859771729,2.4696173667907715,0.06282880902290344
mbpo_pickcube_20261007T143410_ba2d6827,PickCube-v1,mbpo,policy_gradient_steps,35000,40000,alpha,all_update_events_exact_quantiles,5000,0,0.034141999816149474,0.03391348384320736,0.048205302096903324,0.04950078815221787,0.01950445957481861,0.04979097470641136,0.04979097470641136,0.01950445957481861
mbpo_pickcube_20261007T143410_ba2d6827,PickCube-v1,mbpo,policy_gradient_steps,35000,40000,alpha_loss,all_update_events_exact_quantiles,5000,0,0.013863103810697794,0.013278919272124767,0.023144832346588373,0.02735097033903003,-0.006012427620589733,0.03455774858593941,0.03455774858593941,0.009794918820261955
mbpo_pickcube_20261007T143410_ba2d6827,PickCube-v1,mbpo,policy_gradient_steps,35000,40000,entropy_estimate,all_update_events_exact_quantiles,5000,0,-3.582789130973816,-3.5773602724075317,-3.369455325603485,-3.2837834787368774,-4.14122200012207,-3.066272735595703,4.14122200012207,-3.4979171752929688
mbpo_pickcube_20261007T143410_ba2d6827,PickCube-v1,mbpo,real_env_steps,80000,90000,actor_loss,all_update_events_exact_quantiles,4992,0,0.14848106301673022,0.13718845695257187,0.5495493888854979,0.9317069673538217,-1.8023815155029297,2.5539190769195557,2.5539190769195557,0.5211892127990723
mbpo_pickcube_20261007T143410_ba2d6827,PickCube-v1,mbpo,real_env_steps,80000,90000,critic_loss,all_update_events_exact_quantiles,4992,0,19.395369791222784,2.3354986906051636,10.324294376373286,57.13691349029542,0.6350669860839844,13031.595703125,13031.595703125,1.1812968254089355
mbpo_pickcube_20261007T143410_ba2d6827,PickCube-v1,mbpo,real_env_steps,80000,90000,policy_q_min_mean,all_update_events_exact_quantiles,4992,0,-0.08394638378493442,-0.07102782279253006,0.2785899400711058,0.49376583158969883,-2.4696173667907715,1.8552947044372559,2.4696173667907715,-0.48853960633277893
mbpo_pickcube_20261007T143410_ba2d6827,PickCube-v1,mbpo,real_env_steps,80000,90000,alpha,all_update_events_exact_quantiles,4992,0,0.018303811959459636,0.017464633099734783,0.02856756132096052,0.030024958178400993,0.009914909489452839,0.030351947993040085,0.030351947993040085,0.009914909489452839
mbpo_pickcube_20261007T143410_ba2d6827,PickCube-v1,mbpo,real_env_steps,80000,90000,alpha_loss,all_update_events_exact_quantiles,4992,0,0.008696948858053078,0.008129929658025503,0.015177056752145287,0.018653043955564514,0.0007202541455626488,0.024410292506217957,0.024410292506217957,0.007019801065325737
mbpo_pickcube_20261007T143410_ba2d6827,PickCube-v1,mbpo,real_env_steps,80000,90000,entropy_estimate,all_update_events_exact_quantiles,4992,0,-3.5198324889135666,-3.522004246711731,-3.317246401309967,-3.2336807417869564,-3.971855640411377,-3.0591869354248047,3.971855640411377,-3.2921700477600098
mbpo_pickcube_20261007T143410_ba2d6827,PickCube-v1,mbpo,policy_gradient_steps,40000,45000,actor_loss,all_update_events_exact_quantiles,5000,0,0.11664876561276614,0.10541427135467529,0.5352920800447464,0.7985588103532798,-1.8023815155029297,2.0444235801696777,2.0444235801696777,-0.2934662997722626
mbpo_pickcube_20261007T143410_ba2d6827,PickCube-v1,mbpo,policy_gradient_steps,40000,45000,critic_loss,all_update_events_exact_quantiles,5000,0,2.0054493437349796,1.2122029066085815,3.1185473322868384,15.708560333251967,0.3612372875213623,720.843505859375,720.843505859375,1.085980772972107
mbpo_pickcube_20261007T143410_ba2d6827,PickCube-v1,mbpo,policy_gradient_steps,40000,45000,policy_q_min_mean,all_update_events_exact_quantiles,5000,0,-0.0749614988537738,-0.06223813071846962,0.2961785316467286,0.49184506416320845,-2.01277756690979,1.8552947044372559,2.01277756690979,0.31948161125183105
mbpo_pickcube_20261007T143410_ba2d6827,PickCube-v1,mbpo,policy_gradient_steps,40000,45000,alpha,all_update_events_exact_quantiles,5000,0,0.011795302026998251,0.011140076909214258,0.018493246287107468,0.019289892967790365,0.006801215000450611,0.0195002518594265,0.0195002518594265,0.006801215000450611
mbpo_pickcube_20261007T143410_ba2d6827,PickCube-v1,mbpo,policy_gradient_steps,40000,45000,alpha_loss,all_update_events_exact_quantiles,5000,0,0.005504103865772777,0.005308268824592233,0.010063424380496146,0.01172949149273336,-0.0007543388055637479,0.01453741081058979,0.01453741081058979,0.0011936433147639036
mbpo_pickcube_20261007T143410_ba2d6827,PickCube-v1,mbpo,policy_gradient_steps,40000,45000,entropy_estimate,all_update_events_exact_quantiles,5000,0,-3.5436948301792146,-3.5417062044143677,-3.3214641928672792,-3.234859411716461,-4.110671043395996,-3.0591869354248047,4.110671043395996,-3.824522018432617
mbpo_pickcube_20261007T143410_ba2d6827,PickCube-v1,mbpo,real_env_steps,90000,100000,actor_loss,all_update_events_exact_quantiles,5008,0,0.07546076337050367,0.05215593986213207,0.5142718076705919,0.8844241428375269,-1.250751256942749,2.110931396484375,2.110931396484375,-0.03647870570421219
mbpo_pickcube_20261007T143410_ba2d6827,PickCube-v1,mbpo,real_env_steps,90000,100000,critic_loss,all_update_events_exact_quantiles,5008,0,0.7750964855549102,0.5380362570285797,1.6292094349861133,6.270110373497015,0.1735859513282776,19.48525047302246,19.48525047302246,0.2564370632171631
mbpo_pickcube_20261007T143410_ba2d6827,PickCube-v1,mbpo,real_env_steps,90000,100000,policy_q_min_mean,all_update_events_exact_quantiles,5008,0,-0.051062018627064866,-0.028774017468094826,0.2946976721286773,0.5129745924472814,-2.0860824584960938,1.2725532054901123,2.0860824584960938,0.05299396812915802
mbpo_pickcube_20261007T143410_ba2d6827,PickCube-v1,mbpo,real_env_steps,90000,100000,alpha,all_update_events_exact_quantiles,5008,0,0.006599801959255681,0.0062935142777860165,0.009373201243579387,0.009793303795158864,0.0045373206958174706,0.009912414476275444,0.009912414476275444,0.0045373206958174706
mbpo_pickcube_20261007T143410_ba2d6827,PickCube-v1,mbpo,real_env_steps,90000,100000,alpha_loss,all_update_events_exact_quantiles,5008,0,0.002004758145356466,0.001756027981173247,0.004982395772822201,0.006408741101622585,-0.003445420879870653,0.0077860429883003235,0.0077860429883003235,0.001638353569433093
mbpo_pickcube_20261007T143410_ba2d6827,PickCube-v1,mbpo,real_env_steps,90000,100000,entropy_estimate,all_update_events_exact_quantiles,5008,0,-3.7220594466875156,-3.716706156730652,-3.417257034778595,-3.3046643877029416,-4.726085662841797,-3.1239428520202637,4.726085662841797,-3.6390020847320557
mbpo_pickcube_20261007T143410_ba2d6827,PickCube-v1,mbpo,policy_gradient_steps,45000,50000,actor_loss,all_update_events_exact_quantiles,5000,0,0.06983312358502299,0.04261757433414459,0.518729820847512,0.9512490952014951,-1.5351057052612305,2.110931396484375,2.110931396484375,0.09171377122402191
mbpo_pickcube_20261007T143410_ba2d6827,PickCube-v1,mbpo,policy_gradient_steps,45000,50000,critic_loss,all_update_events_exact_quantiles,5000,0,0.8694085965499282,0.3694053590297699,1.6915491104126,5.417970719337469,0.11332005262374878,479.6444091796875,479.6444091796875,0.2585207521915436
mbpo_pickcube_20261007T143410_ba2d6827,PickCube-v1,mbpo,policy_gradient_steps,45000,50000,policy_q_min_mean,all_update_events_exact_quantiles,5000,0,-0.0509728535849601,-0.0239461837336421,0.28373602926731123,0.5474736994504936,-2.0860824584960938,1.5499016046524048,2.0860824584960938,-0.07759387791156769
mbpo_pickcube_20261007T143410_ba2d6827,PickCube-v1,mbpo,policy_gradient_steps,45000,50000,alpha,all_update_events_exact_quantiles,5000,0,0.004944783782539889,0.004815716063603759,0.0065378713421523574,0.006746932934038341,0.003546119201928377,0.0068001579493284225,0.0068001579493284225,0.003546119201928377
mbpo_pickcube_20261007T143410_ba2d6827,PickCube-v1,mbpo,policy_gradient_steps,45000,50000,alpha_loss,all_update_events_exact_quantiles,5000,0,0.0009214690990876988,0.0009510051750112325,0.0026095828274264937,0.003633313328027732,-0.015531323850154877,0.0051574259996414185,0.015531323850154877,6.647528789471835e-05
mbpo_pickcube_20261007T143410_ba2d6827,PickCube-v1,mbpo,policy_gradient_steps,45000,50000,entropy_estimate,all_update_events_exact_quantiles,5000,0,-3.81923608789444,-3.80144464969635,-3.525069499015808,-3.3437903094291683,-7.998412132263184,-2.7471182346343994,7.998412132263184,-3.9812564849853516
mbpo_pickcube_20261007T143410_ba2d6827,PickCube-v1,mbpo,real_env_steps,100000,110000,actor_loss,all_update_events_exact_quantiles,4992,0,0.06638583395257368,0.03125596418976784,0.4968003183603286,0.9063870793581009,-1.5351057052612305,1.7896368503570557,1.7896368503570557,0.00880482792854309
mbpo_pickcube_20261007T143410_ba2d6827,PickCube-v1,mbpo,real_env_steps,100000,110000,critic_loss,all_update_events_exact_quantiles,4992,0,0.7065880265301809,0.22572829574346542,1.47264130115509,3.137881615161898,0.06758163869380951,479.6444091796875,479.6444091796875,0.889879584312439
mbpo_pickcube_20261007T143410_ba2d6827,PickCube-v1,mbpo,real_env_steps,100000,110000,policy_q_min_mean,all_update_events_exact_quantiles,4992,0,-0.052916659856656716,-0.01802364829927683,0.2532347455620765,0.4493504628539086,-1.7767860889434814,1.5499016046524048,1.7767860889434814,0.001322651281952858
mbpo_pickcube_20261007T143410_ba2d6827,PickCube-v1,mbpo,real_env_steps,100000,110000,alpha,all_update_events_exact_quantiles,4992,0,0.00347729165304582,0.0033466698369011283,0.004367966996505856,0.004507099227048457,0.0028254888020455837,0.004536206368356943,0.004536206368356943,0.0028302569407969713
mbpo_pickcube_20261007T143410_ba2d6827,PickCube-v1,mbpo,real_env_steps,100000,110000,alpha_loss,all_update_events_exact_quantiles,4992,0,0.0004413605176592064,0.0005482885462697595,0.0017590618401300152,0.002609154479578139,-0.015531323850154877,0.004982992075383663,0.015531323850154877,0.0011964107397943735
mbpo_pickcube_20261007T143410_ba2d6827,PickCube-v1,mbpo,real_env_steps,100000,110000,entropy_estimate,all_update_events_exact_quantiles,4992,0,-3.8777262777185593,-3.842640519142151,-3.5254624128341674,-3.3325184130668632,-7.998412132263184,-2.7471182346343994,7.998412132263184,-3.577385425567627
mbpo_pickcube_20261007T143410_ba2d6827,PickCube-v1,mbpo,policy_gradient_steps,50000,55000,actor_loss,all_update_events_exact_quantiles,5000,0,0.05488786648716778,0.018360034562647343,0.44367402940988565,0.8226135349273708,-0.9875231981277466,2.0515811443328857,2.0515811443328857,-0.015968792140483856
mbpo_pickcube_20261007T143410_ba2d6827,PickCube-v1,mbpo,policy_gradient_steps,50000,55000,critic_loss,all_update_events_exact_quantiles,5000,0,0.3238830470889807,0.17301079630851746,1.112678664922715,2.364715132713327,0.05574778467416763,7.2576189041137695,7.2576189041137695,0.17789918184280396
mbpo_pickcube_20261007T143410_ba2d6827,PickCube-v1,mbpo,policy_gradient_steps,50000,55000,policy_q_min_mean,all_update_events_exact_quantiles,5000,0,-0.04350956696126377,-0.0068809823133051395,0.21505374908447283,0.3563863071799282,-2.0422494411468506,1.000544786453247,2.0422494411468506,0.026499712839722633
mbpo_pickcube_20261007T143410_ba2d6827,PickCube-v1,mbpo,policy_gradient_steps,50000,55000,alpha,all_update_events_exact_quantiles,5000,0,0.002914648025063798,0.0028873912524431944,0.0034332555835135284,0.003516520857810974,0.0023865383118391037,0.0035456183832138777,0.0035456183832138777,0.0024077219422906637
mbpo_pickcube_20261007T143410_ba2d6827,PickCube-v1,mbpo,policy_gradient_steps,50000,55000,alpha_loss,all_update_events_exact_quantiles,5000,0,0.0002812036388942943,0.0004192485212115571,0.001375408668536693,0.0017876352276653055,-0.00683187460526824,0.0027369880117475986,0.00683187460526824,-0.0009043712634593248
mbpo_pickcube_20261007T143410_ba2d6827,PickCube-v1,mbpo,policy_gradient_steps,50000,55000,entropy_estimate,all_update_events_exact_quantiles,5000,0,-3.9058192310810087,-3.857943058013916,-3.5297022819519044,-3.398420543670653,-6.735769748687744,-3.196775197982788,6.735769748687744,-4.375782012939453
mbpo_pickcube_20261007T143410_ba2d6827,PickCube-v1,mbpo,real_env_steps,110000,120000,actor_loss,all_update_events_exact_quantiles,5008,0,0.0338790061639291,-0.00016780802980065346,0.3822720095515251,0.7396495962142948,-0.779503583908081,2.0515811443328857,2.0515811443328857,0.3636375367641449
mbpo_pickcube_20261007T143410_ba2d6827,PickCube-v1,mbpo,real_env_steps,110000,120000,critic_loss,all_update_events_exact_quantiles,5008,0,0.24177608008945758,0.12229838594794273,0.757292845845221,1.7071033239364644,0.0387883260846138,50.46190643310547,50.46190643310547,0.3657646179199219
mbpo_pickcube_20261007T143410_ba2d6827,PickCube-v1,mbpo,real_env_steps,110000,120000,policy_q_min_mean,all_update_events_exact_quantiles,5008,0,-0.025026136706985357,0.009037035051733255,0.20198200792074203,0.30621294438838964,-2.0422494411468506,0.786361575126648,2.0422494411468506,-0.3571326732635498
mbpo_pickcube_20261007T143410_ba2d6827,PickCube-v1,mbpo,real_env_steps,110000,120000,alpha,all_update_events_exact_quantiles,5008,0,0.002285537100499332,0.002234103623777628,0.0027291097561828793,0.002811882745008916,0.001753437565639615,0.0028294501826167107,0.0028294501826167107,0.001753437565639615
mbpo_pickcube_20261007T143410_ba2d6827,PickCube-v1,mbpo,real_env_steps,110000,120000,alpha_loss,all_update_events_exact_quantiles,5008,0,0.00029013925895285067,0.0004637685924535617,0.0012710515642538663,0.0015828350710216919,-0.00683187460526824,0.0023303283378481865,0.00683187460526824,0.0005097861867398024
mbpo_pickcube_20261007T143410_ba2d6827,PickCube-v1,mbpo,real_env_steps,110000,120000,entropy_estimate,all_update_events_exact_quantiles,5008,0,-3.8686873978033613,-3.7993924617767334,-3.4225988507270815,-3.264157166481018,-6.903707981109619,-2.8386991024017334,6.903707981109619,-3.7093026638031006
mbpo_pickcube_20261007T143410_ba2d6827,PickCube-v1,mbpo,policy_gradient_steps,55000,60000,actor_loss,all_update_events_exact_quantiles,5000,0,0.015603446087846532,-0.018318896181881428,0.348197390139103,0.6591177952289592,-0.779503583908081,1.711800456047058,1.711800456047058,-0.06056525185704231
mbpo_pickcube_20261007T143410_ba2d6827,PickCube-v1,mbpo,policy_gradient_steps,55000,60000,critic_loss,all_update_events_exact_quantiles,5000,0,0.1935347031351179,0.09687681496143341,0.5925936758518221,1.3451090335845954,0.026919547468423843,50.46190643310547,50.46190643310547,0.06203450262546539
mbpo_pickcube_20261007T143410_ba2d6827,PickCube-v1,mbpo,policy_gradient_steps,55000,60000,policy_q_min_mean,all_update_events_exact_quantiles,5000,0,-0.008261937129602302,0.025597650557756424,0.20402457192540172,0.304325965046883,-1.7008256912231445,0.786361575126648,1.7008256912231445,0.06621794402599335
mbpo_pickcube_20261007T143410_ba2d6827,PickCube-v1,mbpo,policy_gradient_steps,55000,60000,alpha,all_update_events_exact_quantiles,5000,0,0.0019034934344002977,0.0018622457864694297,0.0023647976689971984,0.002415841466281563,0.0014989081537351012,0.0024281302466988564,0.0024281302466988564,0.0014989081537351012
mbpo_pickcube_20261007T143410_ba2d6827,PickCube-v1,mbpo,policy_gradient_steps,55000,60000,alpha_loss,all_update_events_exact_quantiles,5000,0,0.0002731917910843549,0.00039339513750746846,0.0011416227091103793,0.0014750560128595682,-0.005847371183335781,0.0023303283378481865,0.005847371183335781,0.0003442273009568453
mbpo_pickcube_20261007T143410_ba2d6827,PickCube-v1,mbpo,policy_gradient_steps,55000,60000,entropy_estimate,all_update_events_exact_quantiles,5000,0,-3.857415777730942,-3.7839101552963257,-3.425123965740204,-3.2665576505661007,-6.903707981109619,-2.8386991024017334,6.903707981109619,-3.770397424697876
mbpo_pickcube_20261007T143410_ba2d6827,PickCube-v1,mbpo,real_env_steps,120000,130000,actor_loss,all_update_events_exact_quantiles,4992,0,-0.023115856350217748,-0.05201107822358608,0.27972600311040874,0.5492973309755327,-1.3921334743499756,1.2406437397003174,1.3921334743499756,-0.001876608468592167
mbpo_pickcube_20261007T143410_ba2d6827,PickCube-v1,mbpo,real_env_steps,120000,130000,critic_loss,all_update_events_exact_quantiles,4992,0,0.137681750733277,0.06893504783511162,0.4535252556204791,0.9998249465227134,0.020538348704576492,11.509908676147461,11.509908676147461,0.11464718729257584
mbpo_pickcube_20261007T143410_ba2d6827,PickCube-v1,mbpo,real_env_steps,120000,130000,policy_q_min_mean,all_update_events_exact_quantiles,4992,0,0.028843142988138518,0.05765531770884991,0.2172434017062187,0.33841094076633466,-1.2352354526519775,1.3975629806518555,1.3975629806518555,0.00680198147892952
mbpo_pickcube_20261007T143410_ba2d6827,PickCube-v1,mbpo,real_env_steps,120000,130000,alpha,all_update_events_exact_quantiles,4992,0,0.0014636302071616787,0.001406628347467631,0.0017221705289557575,0.0017508003627881407,0.0012413763906806707,0.0017535747028887272,0.0017535747028887272,0.0012879559071734548
mbpo_pickcube_20261007T143410_ba2d6827,PickCube-v1,mbpo,real_env_steps,120000,130000,alpha_loss,all_update_events_exact_quantiles,4992,0,0.00012760680438416417,0.00023706250067334622,0.0007286259933607651,0.0009209162590559573,-0.0029653978999704123,0.0012429417110979557,0.0029653978999704123,0.00022657257795799524
mbpo_pickcube_20261007T143410_ba2d6827,PickCube-v1,mbpo,real_env_steps,120000,130000,entropy_estimate,all_update_events_exact_quantiles,4992,0,-3.9170013865790305,-3.834566593170166,-3.5192602038383485,-3.407547187805176,-6.367785453796387,-3.188636302947998,6.367785453796387,-3.8240878582000732
mbpo_pickcube_20261007T143410_ba2d6827,PickCube-v1,mbpo,policy_gradient_steps,60000,65000,actor_loss,all_update_events_exact_quantiles,5000,0,-0.052166990585206074,-0.07578543573617935,0.20537688061594966,0.46767672747373773,-1.3921334743499756,1.70685875415802,1.70685875415802,-0.2874405086040497
mbpo_pickcube_20261007T143410_ba2d6827,PickCube-v1,mbpo,policy_gradient_steps,60000,65000,critic_loss,all_update_events_exact_quantiles,5000,0,0.1252927332781255,0.05245937779545784,0.3818252786993985,0.9322402024269115,0.01494734175503254,40.57840347290039,40.57840347290039,0.08452589809894562
mbpo_pickcube_20261007T143410_ba2d6827,PickCube-v1,mbpo,policy_gradient_steps,60000,65000,policy_q_min_mean,all_update_events_exact_quantiles,5000,0,0.05716857171589509,0.0808030515909195,0.21667419970035554,0.36388044446706796,-1.701965570449829,1.3975629806518555,1.701965570449829,0.29146435856819153
mbpo_pickcube_20261007T143410_ba2d6827,PickCube-v1,mbpo,policy_gradient_steps,60000,65000,alpha,all_update_events_exact_quantiles,5000,0,0.0012790013720979914,0.001289240492042154,0.001440753263887018,0.0014875156979542226,0.0010753488168120384,0.0014985864982008934,0.0014985864982008934,0.0010753488168120384
mbpo_pickcube_20261007T143410_ba2d6827,PickCube-v1,mbpo,policy_gradient_steps,60000,65000,alpha_loss,all_update_events_exact_quantiles,5000,0,0.00011476296936552899,0.00021624910732498392,0.0006194459128892049,0.0007732973911333832,-0.0029653978999704123,0.0010542169911786914,0.0029653978999704123,0.0002779295900836587
mbpo_pickcube_20261007T143410_ba2d6827,PickCube-v1,mbpo,policy_gradient_steps,60000,65000,entropy_estimate,all_update_events_exact_quantiles,5000,0,-3.9100992141246795,-3.828812003135681,-3.5149307370185854,-3.3907415008544914,-6.367785453796387,-3.188636302947998,6.367785453796387,-3.741567373275757
mbpo_pickcube_20261007T143410_ba2d6827,PickCube-v1,mbpo,real_env_steps,130000,140000,actor_loss,all_update_events_exact_quantiles,5008,0,-0.07987055065960288,-0.09827038273215294,0.1232503347098827,0.3553199669718744,-1.1716384887695312,1.70685875415802,1.70685875415802,-0.129936084151268
mbpo_pickcube_20261007T143410_ba2d6827,PickCube-v1,mbpo,real_env_steps,130000,140000,critic_loss,all_update_events_exact_quantiles,5008,0,0.1204709600402078,0.04069666936993599,0.2666899934411044,0.726309657096872,0.013224001042544842,116.65859985351562,116.65859985351562,0.013637161813676357
mbpo_pickcube_20261007T143410_ba2d6827,PickCube-v1,mbpo,real_env_steps,130000,140000,policy_q_min_mean,all_update_events_exact_quantiles,5008,0,0.08402937230218527,0.10244356840848923,0.2250863581895827,0.33074108093976995,-1.701965570449829,1.175290822982788,1.701965570449829,0.13358911871910095
mbpo_pickcube_20261007T143410_ba2d6827,PickCube-v1,mbpo,real_env_steps,130000,140000,alpha,all_update_events_exact_quantiles,5008,0,0.0010696066507289317,0.0010792850516736507,0.0012384084693621842,0.0012763425614684821,0.0008929258328862488,0.00128791609313339,0.00128791609313339,0.000893443706445396
mbpo_pickcube_20261007T143410_ba2d6827,PickCube-v1,mbpo,real_env_steps,130000,140000,alpha_loss,all_update_events_exact_quantiles,5008,0,0.00011992002832469192,0.0001965928458957933,0.0005892972141737118,0.0007994634099304703,-0.0023996131494641304,0.0010624357964843512,0.0023996131494641304,-7.947981066536158e-05
mbpo_pickcube_20261007T143410_ba2d6827,PickCube-v1,mbpo,real_env_steps,130000,140000,entropy_estimate,all_update_events_exact_quantiles,5008,0,-3.889272815122391,-3.813901424407959,-3.4561595678329473,-3.280422856807708,-6.190613746643066,-2.950942039489746,6.190613746643066,-4.088964462280273
mbpo_pickcube_20261007T143410_ba2d6827,PickCube-v1,mbpo,policy_gradient_steps,65000,70000,actor_loss,all_update_events_exact_quantiles,5000,0,-0.09296823798849946,-0.11219091340899467,0.09675158374011518,0.33930162757635146,-1.3790686130523682,1.8015892505645752,1.8015892505645752,-0.15907087922096252
mbpo_pickcube_20261007T143410_ba2d6827,PickCube-v1,mbpo,policy_gradient_steps,65000,70000,critic_loss,all_update_events_exact_quantiles,5000,0,0.1291981252986938,0.03133115544915199,0.2211157411336904,0.8796304345130952,0.0092924814671278,116.65859985351562,116.65859985351562,0.015725983306765556
mbpo_pickcube_20261007T143410_ba2d6827,PickCube-v1,mbpo,policy_gradient_steps,65000,70000,policy_q_min_mean,all_update_events_exact_quantiles,5000,0,0.0967563643499976,0.11581245809793472,0.22390043735504156,0.32557852119207387,-1.797956943511963,1.3825674057006836,1.797956943511963,0.16267523169517517
mbpo_pickcube_20261007T143410_ba2d6827,PickCube-v1,mbpo,policy_gradient_steps,65000,70000,alpha,all_update_events_exact_quantiles,5000,0,0.000967983864841517,0.0009403795120306313,0.0010979784943629055,0.0011242674419190736,0.0008638363215140998,0.0011275213910266757,0.0011275213910266757,0.000864134170114994
mbpo_pickcube_20261007T143410_ba2d6827,PickCube-v1,mbpo,policy_gradient_steps,65000,70000,alpha_loss,all_update_events_exact_quantiles,5000,0,8.397787171852542e-05,0.00016246985614998266,0.0006258775392780083,0.0008478325442411008,-0.004322829656302929,0.0010709246853366494,0.004322829656302929,-0.00014791596913710237
mbpo_pickcube_20261007T143410_ba2d6827,PickCube-v1,mbpo,policy_gradient_steps,65000,70000,entropy_estimate,all_update_events_exact_quantiles,5000,0,-3.912887770843506,-3.8284844160079956,-3.353297472000122,-3.1333014154434204,-8.624268531799316,-2.9003286361694336,8.624268531799316,-4.171177387237549
mbpo_pickcube_20261007T143410_ba2d6827,PickCube-v1,mbpo,real_env_steps,140000,150000,actor_loss,all_update_events_exact_quantiles,4992,0,-0.11689226636298582,-0.13377182185649872,0.04356815833598365,0.2494407704472542,-1.3790686130523682,1.8015892505645752,1.8015892505645752,-0.10352206975221634
mbpo_pickcube_20261007T143410_ba2d6827,PickCube-v1,mbpo,real_env_steps,140000,150000,critic_loss,all_update_events_exact_quantiles,4992,0,0.08549710184384961,0.02132554817944765,0.16242354512214605,0.6224524360895174,0.006967682391405106,94.67512512207031,94.67512512207031,0.017240658402442932
mbpo_pickcube_20261007T143410_ba2d6827,PickCube-v1,mbpo,real_env_steps,140000,150000,policy_q_min_mean,all_update_events_exact_quantiles,4992,0,0.12055123341153189,0.13714733719825745,0.21964815407991406,0.2863218855857849,-1.797956943511963,1.3825674057006836,1.797956943511963,0.10688477754592896
mbpo_pickcube_20261007T143410_ba2d6827,PickCube-v1,mbpo,real_env_steps,140000,150000,alpha,all_update_events_exact_quantiles,4992,0,0.000919946444285485,0.0009210138232447207,0.0009868021472357214,0.0010047926392871887,0.0008638363215140998,0.001012348337098956,0.001012348337098956,0.0009026176412589848
mbpo_pickcube_20261007T143410_ba2d6827,PickCube-v1,mbpo,real_env_steps,140000,150000,alpha_loss,all_update_events_exact_quantiles,4992,0,2.0811181011063185e-05,0.00012071077799191698,0.0006735668983310461,0.0008531208388740197,-0.004322829656302929,0.0012520106974989176,0.004322829656302929,0.00024833594216033816
mbpo_pickcube_20261007T143410_ba2d6827,PickCube-v1,mbpo,real_env_steps,140000,150000,entropy_estimate,all_update_events_exact_quantiles,4992,0,-3.9789020827947517,-3.867171287536621,-3.3060550451278687,-3.1243168687820435,-8.624268531799316,-2.759904623031616,8.624268531799316,-3.724915027618408
mbpo_pickcube_20261007T143410_ba2d6827,PickCube-v1,mbpo,policy_gradient_steps,70000,75000,actor_loss,all_update_events_exact_quantiles,5000,0,-0.1311400297832908,-0.15010513365268707,0.033899012021720486,0.1994791051745416,-0.492820680141449,0.6759263873100281,0.6759263873100281,-0.17340002954006195
mbpo_pickcube_20261007T143410_ba2d6827,PickCube-v1,mbpo,policy_gradient_steps,70000,75000,critic_loss,all_update_events_exact_quantiles,5000,0,0.045836604537907985,0.020528272725641727,0.15750809609889985,0.41995781749486927,0.006802644580602646,2.0905344486236572,2.0905344486236572,0.007682087365537882
mbpo_pickcube_20261007T143410_ba2d6827,PickCube-v1,mbpo,policy_gradient_steps,70000,75000,policy_q_min_mean,all_update_events_exact_quantiles,5000,0,0.1348104663275415,0.1536550372838974,0.2273898221552372,0.2850439840555192,-0.671439528465271,0.4977855086326599,0.671439528465271,0.17652970552444458
mbpo_pickcube_20261007T143410_ba2d6827,PickCube-v1,mbpo,policy_gradient_steps,70000,75000,alpha,all_update_events_exact_quantiles,5000,0,0.0009171793733607046,0.0009173273574560881,0.0009620116703445092,0.0010047912888694554,0.0008641650783829391,0.001012348337098956,0.001012348337098956,0.0008937377133406699
mbpo_pickcube_20261007T143410_ba2d6827,PickCube-v1,mbpo,policy_gradient_steps,70000,75000,alpha_loss,all_update_events_exact_quantiles,5000,0,-1.7427730964300281e-06,0.00011509603791637346,0.0006214316555997357,0.0008301102288533002,-0.003883287077769637,0.0012520106974989176,0.003883287077769637,0.0004460122436285019
mbpo_pickcube_20261007T143410_ba2d6827,PickCube-v1,mbpo,policy_gradient_steps,70000,75000,entropy_estimate,all_update_events_exact_quantiles,5000,0,-4.00388094587326,-3.873886227607727,-3.337518537044525,-3.148838243484497,-8.268392562866211,-2.759904623031616,8.268392562866211,-3.5010623931884766
mbpo_pickcube_20261007T143410_ba2d6827,PickCube-v1,mbpo,real_env_steps,150000,160000,actor_loss,all_update_events_exact_quantiles,5008,0,-0.15536143635924532,-0.17488304525613785,-0.013063003588468214,0.17618366122245963,-0.41848379373550415,0.8243573904037476,0.8243573904037476,-0.1916983723640442
mbpo_pickcube_20261007T143410_ba2d6827,PickCube-v1,mbpo,real_env_steps,150000,160000,critic_loss,all_update_events_exact_quantiles,5008,0,0.03804735708706521,0.014921258669346571,0.137494158744812,0.4135107928514482,0.005532167851924896,2.0905344486236572,2.0905344486236572,0.47582370042800903
mbpo_pickcube_20261007T143410_ba2d6827,PickCube-v1,mbpo,real_env_steps,150000,160000,policy_q_min_mean,all_update_events_exact_quantiles,5008,0,0.15877630785894253,0.17824123799800873,0.2309233285486698,0.2689410364627839,-0.8204984068870544,0.421975314617157,0.8204984068870544,0.19587872922420502
mbpo_pickcube_20261007T143410_ba2d6827,PickCube-v1,mbpo,real_env_steps,150000,160000,alpha,all_update_events_exact_quantiles,5008,0,0.0008630987513213814,0.0008691351104062051,0.0009223043889505789,0.0009397425944916905,0.0007960948278196156,0.0009466143092140555,0.0009466143092140555,0.0008146244217641652
mbpo_pickcube_20261007T143410_ba2d6827,PickCube-v1,mbpo,real_env_steps,150000,160000,alpha_loss,all_update_events_exact_quantiles,5008,0,3.7593978335914e-05,0.00016358638822566718,0.0005819545272970571,0.0007152630796190357,-0.003883287077769637,0.000988001236692071,0.003883287077769637,-0.0009231187868863344
mbpo_pickcube_20261007T143410_ba2d6827,PickCube-v1,mbpo,real_env_steps,150000,160000,entropy_estimate,all_update_events_exact_quantiles,5008,0,-3.9575676089182448,-3.8117029666900635,-3.344048833847046,-3.202934741973876,-8.268392562866211,-2.9527997970581055,8.268392562866211,-5.133619785308838
mbpo_pickcube_20261007T143410_ba2d6827,PickCube-v1,mbpo,policy_gradient_steps,75000,80000,actor_loss,all_update_events_exact_quantiles,5000,0,-0.17131175723350606,-0.18716900050640106,-0.04836976602673526,0.1313420516252518,-0.36736738681793213,0.8243573904037476,0.8243573904037476,-0.2024911344051361
mbpo_pickcube_20261007T143410_ba2d6827,PickCube-v1,mbpo,policy_gradient_steps,75000,80000,critic_loss,all_update_events_exact_quantiles,5000,0,0.03220273297149688,0.012952297925949097,0.10646384209394462,0.3710211586952211,0.005532167851924896,1.4276986122131348,1.4276986122131348,0.01158143300563097
mbpo_pickcube_20261007T143410_ba2d6827,PickCube-v1,mbpo,policy_gradient_steps,75000,80000,policy_q_min_mean,all_update_events_exact_quantiles,5000,0,0.17464961370191304,0.19057321548461914,0.2417697958648205,0.27219969958066986,-0.8204984068870544,0.3716481924057007,0.8204984068870544,0.20601610839366913
mbpo_pickcube_20261007T143410_ba2d6827,PickCube-v1,mbpo,policy_gradient_steps,75000,80000,alpha,all_update_events_exact_quantiles,5000,0,0.0008373789151664824,0.0008297130407299846,0.0008931832853704691,0.0008969603857258335,0.0007960948278196156,0.0008992020739242435,0.0008992020739242435,0.0008719442994333804
mbpo_pickcube_20261007T143410_ba2d6827,PickCube-v1,mbpo,policy_gradient_steps,75000,80000,alpha_loss,all_update_events_exact_quantiles,5000,0,1.1676564703793702e-05,0.000122036970424233,0.0005108368961373346,0.0006504189991392195,-0.003237343393266201,0.0008312733843922615,0.003237343393266201,-3.7437806895468384e-05
mbpo_pickcube_20261007T143410_ba2d6827,PickCube-v1,mbpo,policy_gradient_steps,75000,80000,entropy_estimate,all_update_events_exact_quantiles,5000,0,-3.98776171503067,-3.8526105880737305,-3.4075941324234007,-3.2484886622428895,-7.909939289093018,-3.05204439163208,7.909939289093018,-4.042939186096191
mbpo_pickcube_20261007T143410_ba2d6827,PickCube-v1,mbpo,real_env_steps,160000,170000,actor_loss,all_update_events_exact_quantiles,4992,0,-0.1891250319586806,-0.20111419260501862,-0.07862777225673201,0.03252290092408672,-0.475159227848053,0.3927156329154968,0.475159227848053,-0.16671879589557648
mbpo_pickcube_20261007T143410_ba2d6827,PickCube-v1,mbpo,real_env_steps,160000,170000,critic_loss,all_update_events_exact_quantiles,4992,0,0.02584028805629201,0.012317155953496695,0.08538348674774168,0.23551624193787646,0.005051957443356514,0.8450983166694641,0.8450983166694641,0.06661133468151093
mbpo_pickcube_20261007T143410_ba2d6827,PickCube-v1,mbpo,real_env_steps,160000,170000,policy_q_min_mean,all_update_events_exact_quantiles,4992,0,0.1924135363677427,0.20438770204782486,0.25775690525770184,0.29093965709209485,-0.3891914486885071,0.47874319553375244,0.47874319553375244,0.16970403492450714
mbpo_pickcube_20261007T143410_ba2d6827,PickCube-v1,mbpo,real_env_steps,160000,170000,alpha,all_update_events_exact_quantiles,4992,0,0.0008274032262096836,0.0008269075769931078,0.0008930847863666713,0.0008969618246192113,0.0007495198515243828,0.0008992020739242435,0.0008992020739242435,0.0007495198515243828
mbpo_pickcube_20261007T143410_ba2d6827,PickCube-v1,mbpo,real_env_steps,160000,170000,alpha_loss,all_update_events_exact_quantiles,4992,0,2.1160416063154138e-05,0.0001343859694316052,0.00042935580131597817,0.000555433830013499,-0.0028856501448899508,0.0007098416681401432,0.0028856501448899508,1.2962264008820057e-05
mbpo_pickcube_20261007T143410_ba2d6827,PickCube-v1,mbpo,real_env_steps,160000,170000,entropy_estimate,all_update_events_exact_quantiles,4992,0,-3.973789537850863,-3.8370521068573,-3.4861924171447756,-3.3445171308517456,-7.319016456604004,-3.1169533729553223,7.319016456604004,-3.9827065467834473
mbpo_pickcube_20261007T143410_ba2d6827,PickCube-v1,mbpo,policy_gradient_steps,80000,85000,actor_loss,all_update_events_exact_quantiles,5000,0,-0.19782656971723772,-0.20890475064516068,-0.10063792951405043,0.02725798649713412,-0.475159227848053,0.45121270418167114,0.475159227848053,-0.22838258743286133
mbpo_pickcube_20261007T143410_ba2d6827,PickCube-v1,mbpo,policy_gradient_steps,80000,85000,critic_loss,all_update_events_exact_quantiles,5000,0,0.026921738716308027,0.011089096311479807,0.07498516254127029,0.3069911462068583,0.004735523369163275,3.191713333129883,3.191713333129883,0.006637449376285076
mbpo_pickcube_20261007T143410_ba2d6827,PickCube-v1,mbpo,policy_gradient_steps,80000,85000,policy_q_min_mean,all_update_events_exact_quantiles,5000,0,0.20093360386393033,0.2118896320462227,0.260309936106205,0.2924444031715395,-0.44714075326919556,0.47874319553375244,0.47874319553375244,0.23095209896564484
mbpo_pickcube_20261007T143410_ba2d6827,PickCube-v1,mbpo,policy_gradient_steps,80000,85000,alpha,all_update_events_exact_quantiles,5000,0,0.0007907707049977034,0.0007877251482568681,0.0008639698731712997,0.000873091186513193,0.0007167112780734897,0.000877405924256891,0.000877405924256891,0.0007167112780734897
mbpo_pickcube_20261007T143410_ba2d6827,PickCube-v1,mbpo,policy_gradient_steps,80000,85000,alpha_loss,all_update_events_exact_quantiles,5000,0,5.61728901368042e-05,0.00018007335165748373,0.000451083658845164,0.0005858923523919664,-0.004739183466881514,0.0007395653519779444,0.004739183466881514,0.0002977581461891532
mbpo_pickcube_20261007T143410_ba2d6827,PickCube-v1,mbpo,policy_gradient_steps,80000,85000,entropy_estimate,all_update_events_exact_quantiles,5000,0,-3.930135988998413,-3.7700634002685547,-3.4360814094543457,-3.270282003879547,-10.364334106445312,-3.072801113128662,10.364334106445312,-3.584613084793091
mbpo_pickcube_20261007T143410_ba2d6827,PickCube-v1,mbpo,real_env_steps,170000,180000,actor_loss,all_update_events_exact_quantiles,5008,0,-0.21077015994714735,-0.21985001862049103,-0.12523451372981073,-0.014335631262510973,-0.396789014339447,0.45121270418167114,0.45121270418167114,-0.2043512761592865
mbpo_pickcube_20261007T143410_ba2d6827,PickCube-v1,mbpo,real_env_steps,170000,180000,critic_loss,all_update_events_exact_quantiles,5008,0,0.023701905983015924,0.010299605783075094,0.0561125041916966,0.2295526827871813,0.004735523369163275,3.630373001098633,3.630373001098633,0.007778837811201811
mbpo_pickcube_20261007T143410_ba2d6827,PickCube-v1,mbpo,real_env_steps,170000,180000,policy_q_min_mean,all_update_events_exact_quantiles,5008,0,0.21359011807753078,0.22247455269098282,0.2692615076899527,0.29973474621772767,-0.44714075326919556,0.400387704372406,0.44714075326919556,0.20692342519760132
mbpo_pickcube_20261007T143410_ba2d6827,PickCube-v1,mbpo,real_env_steps,170000,180000,alpha,all_update_events_exact_quantiles,5008,0,0.0007136582116509554,0.0007004095241427422,0.0007815363002009689,0.0007989668665686622,0.0006654038443230093,0.0008009800803847611,0.0008009800803847611,0.0006654038443230093
mbpo_pickcube_20261007T143410_ba2d6827,PickCube-v1,mbpo,real_env_steps,170000,180000,alpha_loss,all_update_events_exact_quantiles,5008,0,3.474174374482878e-05,0.00012792438792530447,0.00039001817785901946,0.0005156322527909652,-0.004739183466881514,0.0007395653519779444,0.004739183466881514,8.998756675282493e-05
mbpo_pickcube_20261007T143410_ba2d6827,PickCube-v1,mbpo,real_env_steps,170000,180000,entropy_estimate,all_update_events_exact_quantiles,5008,0,-3.9521305514410283,-3.8182891607284546,-3.474755096435547,-3.322789280414581,-10.364334106445312,-3.072801113128662,10.364334106445312,-3.86478853225708
mbpo_pickcube_20261007T143410_ba2d6827,PickCube-v1,mbpo,policy_gradient_steps,85000,90000,actor_loss,all_update_events_exact_quantiles,5000,0,-0.2169052888276987,-0.22439727932214737,-0.13587890341877926,-0.056681722216308086,-0.396789014339447,0.32854172587394714,0.396789014339447,-0.19986829161643982
mbpo_pickcube_20261007T143410_ba2d6827,PickCube-v1,mbpo,policy_gradient_steps,85000,90000,critic_loss,all_update_events_exact_quantiles,5000,0,0.02020643915962428,0.010444313287734985,0.047465144842863086,0.125509127676487,0.004660271108150482,6.851357460021973,6.851357460021973,0.021191522479057312
mbpo_pickcube_20261007T143410_ba2d6827,PickCube-v1,mbpo,policy_gradient_steps,85000,90000,policy_q_min_mean,all_update_events_exact_quantiles,5000,0,0.2195285757531412,0.2269825115799904,0.2743080198764801,0.30064295381307604,-0.32500672340393066,0.400387704372406,0.400387704372406,0.2022508680820465
mbpo_pickcube_20261007T143410_ba2d6827,PickCube-v1,mbpo,policy_gradient_steps,85000,90000,alpha,all_update_events_exact_quantiles,5000,0,0.0006646082628518343,0.0006771422922611237,0.0007068300066748634,0.0007151244767010212,0.0005980119458399713,0.0007166015566326678,0.0007166015566326678,0.0006139626493677497
mbpo_pickcube_20261007T143410_ba2d6827,PickCube-v1,mbpo,policy_gradient_steps,85000,90000,alpha_loss,all_update_events_exact_quantiles,5000,0,3.522803149071478e-05,7.884564911364578e-05,0.00030304083338705823,0.00040068406087812085,-0.0014938537497073412,0.0005537915858440101,0.0014938537497073412,7.327470666496083e-05
mbpo_pickcube_20261007T143410_ba2d6827,PickCube-v1,mbpo,policy_gradient_steps,85000,90000,entropy_estimate,all_update_events_exact_quantiles,5000,0,-3.947885202026367,-3.8804819583892822,-3.552145278453827,-3.408564600944519,-6.147320747375488,-3.203960657119751,6.147320747375488,-3.8806533813476562
mbpo_pickcube_20261007T143410_ba2d6827,PickCube-v1,mbpo,real_env_steps,180000,190000,actor_loss,all_update_events_exact_quantiles,4992,0,-0.22632342155310864,-0.23408952355384827,-0.15021160617470744,-0.07024838060140585,-0.5327461957931519,0.15643250942230225,0.5327461957931519,-0.2500675320625305
mbpo_pickcube_20261007T143410_ba2d6827,PickCube-v1,mbpo,real_env_steps,180000,190000,critic_loss,all_update_events_exact_quantiles,4992,0,0.041046129897063695,0.009351751767098904,0.045154865831136676,0.16362737476825714,0.0045818546786904335,63.986122131347656,63.986122131347656,0.0059838383458554745
mbpo_pickcube_20261007T143410_ba2d6827,PickCube-v1,mbpo,real_env_steps,180000,190000,policy_q_min_mean,all_update_events_exact_quantiles,4992,0,0.22876374979685538,0.23650969564914703,0.2799089103937149,0.3003958082199097,-0.1533532738685608,0.5350387096405029,0.5350387096405029,0.2523598074913025
mbpo_pickcube_20261007T143410_ba2d6827,PickCube-v1,mbpo,real_env_steps,180000,190000,alpha,all_update_events_exact_quantiles,4992,0,0.0006152630267957321,0.0006081816682126373,0.0006572103302460164,0.0006685978639870882,0.0005747137474827468,0.0006715026684105396,0.0006715026684105396,0.0005916170193813741
mbpo_pickcube_20261007T143410_ba2d6827,PickCube-v1,mbpo,real_env_steps,180000,190000,alpha_loss,all_update_events_exact_quantiles,4992,0,2.078290577500752e-05,8.562048242310993e-05,0.00030232947901822623,0.0003975688776699827,-0.002561003901064396,0.0005315195303410292,0.002561003901064396,7.436666055582464e-05
mbpo_pickcube_20261007T143410_ba2d6827,PickCube-v1,mbpo,real_env_steps,180000,190000,entropy_estimate,all_update_events_exact_quantiles,4992,0,-3.9679640486645393,-3.861342191696167,-3.52255380153656,-3.384059569835663,-8.171313285827637,-3.1750216484069824,8.171313285827637,-3.874307155609131
mbpo_pickcube_20261007T143410_ba2d6827,PickCube-v1,mbpo,policy_gradient_steps,90000,95000,actor_loss,all_update_events_exact_quantiles,5000,0,-0.2383413186052814,-0.2447294071316719,-0.1709070906043052,-0.07782496996223917,-0.5327461957931519,0.15643250942230225,0.5327461957931519,-0.27981817722320557
mbpo_pickcube_20261007T143410_ba2d6827,PickCube-v1,mbpo,policy_gradient_steps,90000,95000,critic_loss,all_update_events_exact_quantiles,5000,0,0.036921470208652316,0.008663041517138481,0.038312916085124035,0.1454525430500509,0.004505085293203592,63.986122131347656,63.986122131347656,0.010204881429672241
mbpo_pickcube_20261007T143410_ba2d6827,PickCube-v1,mbpo,policy_gradient_steps,90000,95000,policy_q_min_mean,all_update_events_exact_quantiles,5000,0,0.24071951107960193,0.24707552045583725,0.28844326436519624,0.3075501155853272,-0.1533532738685608,0.5350387096405029,0.5350387096405029,0.2819669842720032
mbpo_pickcube_20261007T143410_ba2d6827,PickCube-v1,mbpo,policy_gradient_steps,90000,95000,alpha,all_update_events_exact_quantiles,5000,0,0.0005978740545571782,0.0005970807978883386,0.0006397172779543326,0.0006489236326888204,0.000563357025384903,0.0006510372622869909,0.0006510372622869909,0.0005676907603628933
mbpo_pickcube_20261007T143410_ba2d6827,PickCube-v1,mbpo,policy_gradient_steps,90000,95000,alpha_loss,all_update_events_exact_quantiles,5000,0,1.334070153752691e-05,7.419564644806087e-05,0.0002881308770156467,0.0003821050835540521,-0.002561003901064396,0.0005301571218296885,0.002561003901064396,0.00012209649139549583
mbpo_pickcube_20261007T143410_ba2d6827,PickCube-v1,mbpo,policy_gradient_steps,90000,95000,entropy_estimate,all_update_events_exact_quantiles,5000,0,-3.9785118912220003,-3.87388014793396,-3.532916808128357,-3.391714251041412,-8.171313285827637,-3.1750216484069824,8.171313285827637,-3.784935474395752
mbpo_pickcube_20261007T143410_ba2d6827,PickCube-v1,mbpo,real_env_steps,190000,200000,actor_loss,all_update_events_exact_quantiles,5008,0,-0.25384388418138076,-0.2605829983949661,-0.18686176538467414,-0.11305395960807779,-0.3780197203159332,0.23114141821861267,0.3780197203159332,-0.2739475965499878
mbpo_pickcube_20261007T143410_ba2d6827,PickCube-v1,mbpo,real_env_steps,190000,200000,critic_loss,all_update_events_exact_quantiles,5008,0,0.015393979981513367,0.008670846465975046,0.03247767891734839,0.08763334162533346,0.00411600898951292,9.253259658813477,9.253259658813477,0.012373343110084534
mbpo_pickcube_20261007T143410_ba2d6827,PickCube-v1,mbpo,real_env_steps,190000,200000,policy_q_min_mean,all_update_events_exact_quantiles,5008,0,0.2560561598514202,0.26275117695331573,0.2995549291372299,0.31754402995109565,-0.22788238525390625,0.38039904832839966,0.38039904832839966,0.2759324312210083
mbpo_pickcube_20261007T143410_ba2d6827,PickCube-v1,mbpo,real_env_steps,190000,200000,alpha,all_update_events_exact_quantiles,5008,0,0.000559617053215171,0.0005678795860148966,0.0006020895845722406,0.0006127934972755612,0.0004967904533259571,0.0006163350772112608,0.0006163350772112608,0.0005197077407501638
mbpo_pickcube_20261007T143410_ba2d6827,PickCube-v1,mbpo,real_env_steps,190000,200000,alpha_loss,all_update_events_exact_quantiles,5008,0,2.624996753252235e-05,7.388787344098091e-05,0.00026855038304347546,0.0003648742349469107,-0.003144380869343877,0.0007306382758542895,0.003144380869343877,9.407799370819703e-05
mbpo_pickcube_20261007T143410_ba2d6827,PickCube-v1,mbpo,real_env_steps,190000,200000,entropy_estimate,all_update_events_exact_quantiles,5008,0,-3.953779062762047,-3.8690216541290283,-3.5198487997055055,-3.3463726186752316,-9.457066535949707,-2.788506031036377,9.457066535949707,-3.8189849853515625
mbpo_pickcube_20261007T143410_ba2d6827,PickCube-v1,mbpo,policy_gradient_steps,95000,100000,actor_loss,all_update_events_exact_quantiles,5000,0,-0.26028427689010275,-0.2677679806947708,-0.19022535085678097,-0.11066066861152647,-0.3780197203159332,0.23114141821861267,0.3780197203159332,-0.2809029817581177
mbpo_pickcube_20261007T143410_ba2d6827,PickCube-v1,mbpo,policy_gradient_steps,95000,100000,critic_loss,all_update_events_exact_quantiles,5000,0,0.043341840974520894,0.009753276593983173,0.03626305758953095,0.09100720643997194,0.00411600898951292,33.603431701660156,33.603431701660156,0.01528870314359665
mbpo_pickcube_20261007T143410_ba2d6827,PickCube-v1,mbpo,policy_gradient_steps,95000,100000,policy_q_min_mean,all_update_events_exact_quantiles,5000,0,0.26234664930170404,0.2697673588991165,0.3051044002175331,0.3238541939854622,-0.22788238525390625,0.38039904832839966,0.38039904832839966,0.28292691707611084
mbpo_pickcube_20261007T143410_ba2d6827,PickCube-v1,mbpo,policy_gradient_steps,95000,100000,alpha,all_update_events_exact_quantiles,5000,0,0.0005226877784414683,0.0005187163187656552,0.0005864673090400174,0.0005993388895876706,0.00047252443619072437,0.0006041610613465309,0.0006041610613465309,0.0004966899869032204
mbpo_pickcube_20261007T143410_ba2d6827,PickCube-v1,mbpo,policy_gradient_steps,95000,100000,alpha_loss,all_update_events_exact_quantiles,5000,0,2.8435808749054557e-05,8.291168342111632e-05,0.0002599353887489997,0.0003545892305555757,-0.003144380869343877,0.0007306382758542895,0.003144380869343877,-3.7072917621117085e-05
mbpo_pickcube_20261007T143410_ba2d6827,PickCube-v1,mbpo,policy_gradient_steps,95000,100000,entropy_estimate,all_update_events_exact_quantiles,5000,0,-3.9476327363967894,-3.838406562805176,-3.518021488189697,-3.3526963996887202,-9.457066535949707,-2.788506031036377,9.457066535949707,-4.0746355056762695
mbpo_pickcube_20261007T143410_ba2d6827,PickCube-v1,mbpo,real_env_steps,200000,210000,actor_loss,all_update_events_exact_quantiles,4992,0,-0.27342838889065507,-0.2781119644641876,-0.20962667241692548,-0.1490202367305755,-0.4259566366672516,-0.008720949292182922,0.4259566366672516,-0.2781996726989746
mbpo_pickcube_20261007T143410_ba2d6827,PickCube-v1,mbpo,real_env_steps,200000,210000,critic_loss,all_update_events_exact_quantiles,4992,0,0.07118814719806557,0.013567643240094185,0.04414919819682837,0.10476954959332963,0.005222819745540619,46.597957611083984,46.597957611083984,0.013570936396718025
mbpo_pickcube_20261007T143410_ba2d6827,PickCube-v1,mbpo,real_env_steps,200000,210000,policy_q_min_mean,all_update_events_exact_quantiles,4992,0,0.2755099598181028,0.28012748062610626,0.32170907855033876,0.34485719412565236,0.010851725935935974,0.42805516719818115,0.42805516719818115,0.28054770827293396
mbpo_pickcube_20261007T143410_ba2d6827,PickCube-v1,mbpo,real_env_steps,200000,210000,alpha,all_update_events_exact_quantiles,4992,0,0.0005166296156205182,0.0005133635131642222,0.000574805962969549,0.0005903018265962601,0.00047252443619072437,0.0005939857801422477,0.0005939857801422477,0.0005900232936255634
mbpo_pickcube_20261007T143410_ba2d6827,PickCube-v1,mbpo,real_env_steps,200000,210000,alpha_loss,all_update_events_exact_quantiles,4992,0,-1.5108402978059898e-05,3.164000736433081e-05,0.0002012020027905237,0.0002560020535020158,-0.0015978912124410272,0.0003724105190485716,0.0015978912124410272,1.2055517800035886e-05
mbpo_pickcube_20261007T143410_ba2d6827,PickCube-v1,mbpo,real_env_steps,200000,210000,entropy_estimate,all_update_events_exact_quantiles,4992,0,-4.027406504377723,-3.938788652420044,-3.609001040458679,-3.5157873797416688,-6.7909040451049805,-3.371636390686035,6.7909040451049805,-3.979567527770996
mbpo_pickcube_20261007T143410_ba2d6827,PickCube-v1,mbpo,policy_gradient_steps,100000,105000,actor_loss,all_update_events_exact_quantiles,5000,0,-0.28080617822930215,-0.285165399312973,-0.22128383442759514,-0.16207837417721735,-0.4259566366672516,-0.03325040638446808,0.4259566366672516,-0.334052175283432
mbpo_pickcube_20261007T143410_ba2d6827,PickCube-v1,mbpo,policy_gradient_steps,100000,105000,critic_loss,all_update_events_exact_quantiles,5000,0,0.04769168777083978,0.014908266719430685,0.04555149618536236,0.10631561681628235,0.006064924411475658,46.597957611083984,46.597957611083984,0.02644951641559601
mbpo_pickcube_20261007T143410_ba2d6827,PickCube-v1,mbpo,policy_gradient_steps,100000,105000,policy_q_min_mean,all_update_events_exact_quantiles,5000,0,0.28296597746759655,0.28726939857006073,0.32800581604242324,0.3497898775339127,0.035622499883174896,0.42805516719818115,0.42805516719818115,0.3363531827926636
mbpo_pickcube_20261007T143410_ba2d6827,PickCube-v1,mbpo,policy_gradient_steps,100000,105000,alpha,all_update_events_exact_quantiles,5000,0,0.0005388413858076091,0.000541318382602185,0.000581980386050418,0.0005906953132944182,0.0004785868513863534,0.0005939857801422477,0.0005939857801422477,0.0005169721553102136
mbpo_pickcube_20261007T143410_ba2d6827,PickCube-v1,mbpo,policy_gradient_steps,100000,105000,alpha_loss,all_update_events_exact_quantiles,5000,0,-4.450034909859823e-06,3.879521136695985e-05,0.0002264214752358385,0.00028646610560826967,-0.0015978912124410272,0.0004273706581443548,0.0015978912124410272,-0.0002338075137231499
mbpo_pickcube_20261007T143410_ba2d6827,PickCube-v1,mbpo,policy_gradient_steps,100000,105000,entropy_estimate,all_update_events_exact_quantiles,5000,0,-4.009733389186859,-3.9284186363220215,-3.5913338899612426,-3.474976704120636,-6.7909040451049805,-3.173311710357666,6.7909040451049805,-4.452413558959961
mbpo_pickcube_20261007T143410_ba2d6827,PickCube-v1,mbpo,real_env_steps,210000,220000,actor_loss,all_update_events_exact_quantiles,5008,0,-0.28370496741941975,-0.28916698694229126,-0.22171484827995305,-0.14545284450054152,-0.4631166458129883,0.1829398274421692,0.4631166458129883,-0.2832236886024475
mbpo_pickcube_20261007T143410_ba2d6827,PickCube-v1,mbpo,real_env_steps,210000,220000,critic_loss,all_update_events_exact_quantiles,5008,0,0.027950956410755918,0.016064566560089588,0.05537583902478216,0.14280490383506242,0.007007301319390535,4.900267601013184,4.900267601013184,0.01956314407289028
mbpo_pickcube_20261007T143410_ba2d6827,PickCube-v1,mbpo,real_env_steps,210000,220000,policy_q_min_mean,all_update_events_exact_quantiles,5008,0,0.28579715312776205,0.29123610258102417,0.3295297220349312,0.3501109832525255,-0.18086573481559753,0.46520859003067017,0.46520859003067017,0.28518205881118774
mbpo_pickcube_20261007T143410_ba2d6827,PickCube-v1,mbpo,real_env_steps,210000,220000,alpha,all_update_events_exact_quantiles,5008,0,0.0005294989895658752,0.0005225706554483622,0.0005795867793494836,0.0005902500677620992,0.0004915681784041226,0.0005907194572500885,0.0005907194572500885,0.0004915681784041226
mbpo_pickcube_20261007T143410_ba2d6827,PickCube-v1,mbpo,real_env_steps,210000,220000,alpha_loss,all_update_events_exact_quantiles,5008,0,2.588849212916596e-05,5.65222289878875e-05,0.00023951157636474817,0.0002971302604419182,-0.0012207187246531248,0.0004273706581443548,0.0012207187246531248,8.308141332236119e-06
mbpo_pickcube_20261007T143410_ba2d6827,PickCube-v1,mbpo,real_env_steps,210000,220000,entropy_estimate,all_update_events_exact_quantiles,5008,0,-3.9527321477858024,-3.893512725830078,-3.5532698631286626,-3.444239916801452,-6.366097450256348,-3.173311710357666,6.366097450256348,-3.9831018447875977
mbpo_pickcube_20261007T143410_ba2d6827,PickCube-v1,mbpo,policy_gradient_steps,105000,110000,actor_loss,all_update_events_exact_quantiles,5000,0,-0.29022260441249237,-0.29529862105846405,-0.2298969820141792,-0.15440492019057264,-0.4631166458129883,0.1829398274421692,0.4631166458129883,-0.2925388813018799
mbpo_pickcube_20261007T143410_ba2d6827,PickCube-v1,mbpo,policy_gradient_steps,105000,110000,critic_loss,all_update_events_exact_quantiles,5000,0,0.0265418231446296,0.01597269158810377,0.0539192456752062,0.1259202493727208,0.007041702978312969,4.900267601013184,4.900267601013184,0.011272035539150238
mbpo_pickcube_20261007T143410_ba2d6827,PickCube-v1,mbpo,policy_gradient_steps,105000,110000,policy_q_min_mean,all_update_events_exact_quantiles,5000,0,0.292214753475599,0.29726865887641907,0.33519369512796404,0.35379741638898854,-0.18086573481559753,0.46520859003067017,0.46520859003067017,0.2943556606769562
mbpo_pickcube_20261007T143410_ba2d6827,PickCube-v1,mbpo,policy_gradient_steps,105000,110000,alpha,all_update_events_exact_quantiles,5000,0,0.000501299106987426,0.0005027171864639968,0.0005384020041674376,0.0005461939895758406,0.0004481451469473541,0.000548226002138108,0.000548226002138108,0.00044909774442203343
mbpo_pickcube_20261007T143410_ba2d6827,PickCube-v1,mbpo,policy_gradient_steps,105000,110000,alpha_loss,all_update_events_exact_quantiles,5000,0,1.3101530110088788e-05,3.27846355503425e-05,0.00020940957401762724,0.0002702678681816907,-0.0012207187246531248,0.00040420168079435825,0.0012207187246531248,-2.0315590518293902e-05
mbpo_pickcube_20261007T143410_ba2d6827,PickCube-v1,mbpo,policy_gradient_steps,105000,110000,entropy_estimate,all_update_events_exact_quantiles,5000,0,-3.9734562935352327,-3.934185266494751,-3.5924665093421932,-3.4739091515541074,-6.366097450256348,-3.2623801231384277,6.366097450256348,-4.045234680175781
mbpo_pickcube_20261007T143410_ba2d6827,PickCube-v1,mbpo,real_env_steps,220000,230000,actor_loss,all_update_events_exact_quantiles,4992,0,-0.29979603359504087,-0.30407020449638367,-0.24793947190046312,-0.17425356477498982,-0.4918157458305359,0.04229987412691116,0.4918157458305359,-0.3036193549633026
mbpo_pickcube_20261007T143410_ba2d6827,PickCube-v1,mbpo,real_env_steps,220000,230000,critic_loss,all_update_events_exact_quantiles,4992,0,0.03021298322747521,0.016437362879514694,0.0719925772398709,0.22867461100220793,0.0068784113973379135,3.3904881477355957,3.3904881477355957,0.01733519323170185
mbpo_pickcube_20261007T143410_ba2d6827,PickCube-v1,mbpo,real_env_steps,220000,230000,policy_q_min_mean,all_update_events_exact_quantiles,4992,0,0.3016696203785847,0.30589528381824493,0.34217025637626647,0.361216975748539,-0.04042355343699455,0.49379464983940125,0.49379464983940125,0.3057156801223755
mbpo_pickcube_20261007T143410_ba2d6827,PickCube-v1,mbpo,real_env_steps,220000,230000,alpha,all_update_events_exact_quantiles,4992,0,0.0004693594072856892,0.00047225807793438435,0.0004954909061780199,0.0004983693297253922,0.0004341368330642581,0.0005003614933229983,0.0005003614933229983,0.0004730359651148319
mbpo_pickcube_20261007T143410_ba2d6827,PickCube-v1,mbpo,real_env_steps,220000,230000,alpha_loss,all_update_events_exact_quantiles,4992,0,3.865898089262833e-06,1.965941373782698e-05,0.0001959003428055439,0.00026478552725166086,-0.0008961566491052508,0.0003855961258523166,0.0008961566491052508,-0.0002045708242803812
mbpo_pickcube_20261007T143410_ba2d6827,PickCube-v1,mbpo,real_env_steps,220000,230000,entropy_estimate,all_update_events_exact_quantiles,4992,0,-3.992427453303184,-3.95816433429718,-3.58948038816452,-3.4445080518722526,-5.924618721008301,-3.208055019378662,5.924618721008301,-4.432557106018066
mbpo_pickcube_20261007T143410_ba2d6827,PickCube-v1,mbpo,policy_gradient_steps,110000,115000,actor_loss,all_update_events_exact_quantiles,5000,0,-0.2939355230297893,-0.301980584859848,-0.20767782554030415,-0.11426932640373703,-0.5328127145767212,0.04229987412691116,0.5328127145767212,-0.303122341632843
mbpo_pickcube_20261007T143410_ba2d6827,PickCube-v1,mbpo,policy_gradient_steps,110000,115000,critic_loss,all_update_events_exact_quantiles,5000,0,0.08051070576068015,0.022943822667002678,0.21559919714927678,0.9847774100303758,0.0068784113973379135,14.597497940063477,14.597497940063477,0.18891990184783936
mbpo_pickcube_20261007T143410_ba2d6827,PickCube-v1,mbpo,policy_gradient_steps,110000,115000,policy_q_min_mean,all_update_events_exact_quantiles,5000,0,0.29598516727332025,0.3040342628955841,0.34810938984155654,0.38622796416282673,-0.04042355343699455,0.5349527597427368,0.5349527597427368,0.3058694005012512
mbpo_pickcube_20261007T143410_ba2d6827,PickCube-v1,mbpo,policy_gradient_steps,110000,115000,alpha,all_update_events_exact_quantiles,5000,0,0.0004982318441849202,0.0004809186502825469,0.0006234426720766351,0.0006502578768413515,0.0004341368330642581,0.0006601623608730733,0.0006601623608730733,0.0006601623608730733
mbpo_pickcube_20261007T143410_ba2d6827,PickCube-v1,mbpo,policy_gradient_steps,110000,115000,alpha_loss,all_update_events_exact_quantiles,5000,0,-5.6885548730861044e-05,-2.3581728783028666e-05,0.00020747535454574973,0.00028110880986787395,-0.0011496124789118767,0.00042067590402439237,0.0011496124789118767,-0.00010660148109309375
mbpo_pickcube_20261007T143410_ba2d6827,PickCube-v1,mbpo,policy_gradient_steps,110000,115000,entropy_estimate,all_update_events_exact_quantiles,5000,0,-4.103581580352783,-4.048965692520142,-3.574738574028015,-3.423775699138641,-6.354375839233398,-3.2077574729919434,6.354375839233398,-4.161489486694336
mbpo_pickcube_20261007T143410_ba2d6827,PickCube-v1,mbpo,real_env_steps,230000,240000,actor_loss,all_update_events_exact_quantiles,5008,0,-0.27465749965343156,-0.28516121208667755,-0.16500125154852874,-0.06081388644874093,-0.5741461515426636,0.20181137323379517,0.5741461515426636,-0.27552253007888794
mbpo_pickcube_20261007T143410_ba2d6827,PickCube-v1,mbpo,real_env_steps,230000,240000,critic_loss,all_update_events_exact_quantiles,5008,0,0.3457530615172504,0.08022572100162506,1.031228888034818,5.4816462230682745,0.008884974755346775,71.93428802490234,71.93428802490234,0.864612340927124
mbpo_pickcube_20261007T143410_ba2d6827,PickCube-v1,mbpo,real_env_steps,230000,240000,policy_q_min_mean,all_update_events_exact_quantiles,5008,0,0.27791935962740333,0.2881184220314026,0.3545074179768562,0.3984989124536516,-0.19740033149719238,0.578083872795105,0.578083872795105,0.2806769013404846
mbpo_pickcube_20261007T143410_ba2d6827,PickCube-v1,mbpo,real_env_steps,230000,240000,alpha,all_update_events_exact_quantiles,5008,0,0.0007632268324248699,0.0007904385565780103,0.0010569635836873202,0.0011316280532628299,0.00047314222319982946,0.0011403232347220182,0.0011403232347220182,0.0011403232347220182
mbpo_pickcube_20261007T143410_ba2d6827,PickCube-v1,mbpo,real_env_steps,230000,240000,alpha_loss,all_update_events_exact_quantiles,5008,0,-0.00020948569193177656,-0.00015412135689985007,0.0003196710531483393,0.0005492155655520041,-0.0029087683651596308,0.00077963643707335,0.0029087683651596308,-0.000594385783188045
mbpo_pickcube_20261007T143410_ba2d6827,PickCube-v1,mbpo,real_env_steps,230000,240000,entropy_estimate,all_update_events_exact_quantiles,5008,0,-4.272863260473306,-4.218625545501709,-3.589469826221466,-3.4052748107910156,-6.902932643890381,-3.1631789207458496,6.902932643890381,-4.521393775939941
mbpo_pickcube_20261007T143410_ba2d6827,PickCube-v1,mbpo,policy_gradient_steps,115000,120000,actor_loss,all_update_events_exact_quantiles,5000,0,-0.22277025146493687,-0.23989129066467285,-0.04437489658594129,0.07206925235688696,-0.5741461515426636,0.29020753502845764,0.5741461515426636,0.07441466301679611
mbpo_pickcube_20261007T143410_ba2d6827,PickCube-v1,mbpo,policy_gradient_steps,115000,120000,critic_loss,all_update_events_exact_quantiles,5000,0,1.043622854848206,0.21985359489917755,3.5569522142410306,13.81652747154246,0.015035049989819527,214.9196014404297,214.9196014404297,1.1411491632461548
mbpo_pickcube_20261007T143410_ba2d6827,PickCube-v1,mbpo,policy_gradient_steps,115000,120000,policy_q_min_mean,all_update_events_exact_quantiles,5000,0,0.22692457662769594,0.24434024095535278,0.3427686661481858,0.3828371828794486,-0.28573864698410034,0.578083872795105,0.578083872795105,-0.07034305483102798
mbpo_pickcube_20261007T143410_ba2d6827,PickCube-v1,mbpo,policy_gradient_steps,115000,120000,alpha,all_update_events_exact_quantiles,5000,0,0.0010023696226417087,0.0009701817762106657,0.001183841348392889,0.0012080260936636479,0.0006602165522053838,0.0012165193911641836,0.0012165193911641836,0.0011075204238295555
mbpo_pickcube_20261007T143410_ba2d6827,PickCube-v1,mbpo,policy_gradient_steps,115000,120000,alpha_loss,all_update_events_exact_quantiles,5000,0,-0.00014520465810765018,-0.00010866037337109447,0.0005529508867766708,0.0009089481760747734,-0.0029087683651596308,0.0012483368627727032,0.0029087683651596308,0.0003590206615626812
mbpo_pickcube_20261007T143410_ba2d6827,PickCube-v1,mbpo,policy_gradient_steps,115000,120000,entropy_estimate,all_update_events_exact_quantiles,5000,0,-4.167781789398194,-4.111891269683838,-3.4741664648056028,-3.209740467071533,-6.902932643890381,-2.9682207107543945,6.902932643890381,-3.6758737564086914
mbpo_pickcube_20261007T143410_ba2d6827,PickCube-v1,mbpo,real_env_steps,240000,250000,actor_loss,all_update_events_exact_quantiles,4992,0,0.11286983522651821,-0.006398089928552508,0.8269267946481704,1.0527502632141115,-0.47730156779289246,1.6458653211593628,1.6458653211593628,0.47733229398727417
mbpo_pickcube_20261007T143410_ba2d6827,PickCube-v1,mbpo,real_env_steps,240000,250000,critic_loss,all_update_events_exact_quantiles,4992,0,19.014857797958822,1.8692459464073181,66.77645950317375,252.1841650390628,0.05200282856822014,5002.52978515625,5002.52978515625,101.41175842285156
mbpo_pickcube_20261007T143410_ba2d6827,PickCube-v1,mbpo,real_env_steps,240000,250000,policy_q_min_mean,all_update_events_exact_quantiles,4992,0,-0.10724585214111124,0.010923008434474468,0.2503967016935348,0.30769373178482057,-1.6365017890930176,0.4832814633846283,1.6365017890930176,-0.46687620878219604
mbpo_pickcube_20261007T143410_ba2d6827,PickCube-v1,mbpo,real_env_steps,240000,250000,alpha,all_update_events_exact_quantiles,4992,0,0.001297920953780144,0.0011836033663712442,0.001954251597635448,0.002121833791024983,0.0010985925327986479,0.0021589607931673527,0.0021589607931673527,0.0021589607931673527
mbpo_pickcube_20261007T143410_ba2d6827,PickCube-v1,mbpo,real_env_steps,240000,250000,alpha_loss,all_update_events_exact_quantiles,4992,0,-0.0004331155982593661,-0.00021210275735938922,0.0007003578095464035,0.0009727668314008046,-0.004322996363043785,0.0013126297853887081,0.004322996363043785,-0.0018232526490464807
mbpo_pickcube_20261007T143410_ba2d6827,PickCube-v1,mbpo,real_env_steps,240000,250000,entropy_estimate,all_update_events_exact_quantiles,4992,0,-4.264335384114813,-4.182764291763306,-3.4154472947120667,-3.1918126630783075,-6.445590019226074,-2.9565794467926025,6.445590019226074,-4.844799995422363
mbpo_pickcube_20261007T143410_ba2d6827,PickCube-v1,mbpo,policy_gradient_steps,120000,125000,actor_loss,all_update_events_exact_quantiles,5000,0,0.7780244517603889,0.6222626566886902,2.4165068149566653,3.0072170710563664,-0.24452146887779236,4.8661274909973145,4.8661274909973145,2.3333659172058105
mbpo_pickcube_20261007T143410_ba2d6827,PickCube-v1,mbpo,policy_gradient_steps,120000,125000,critic_loss,all_update_events_exact_quantiles,5000,0,126.52444985879063,15.277101516723633,474.330470275879,1594.5658300781345,0.15405075252056122,40077.02734375,40077.02734375,1323.75
mbpo_pickcube_20261007T143410_ba2d6827,PickCube-v1,mbpo,policy_gradient_steps,120000,125000,policy_q_min_mean,all_update_events_exact_quantiles,5000,0,-0.7684628447942435,-0.6124627888202667,0.07521559521555904,0.1342100405693055,-4.8399505615234375,0.24904951453208923,4.8399505615234375,-2.314769744873047
mbpo_pickcube_20261007T143410_ba2d6827,PickCube-v1,mbpo,policy_gradient_steps,120000,125000,alpha,all_update_events_exact_quantiles,5000,0,0.002040185429621488,0.0017711439286358654,0.0036695981980301444,0.0039342511724680665,0.0011006882414221764,0.0040583861991763115,0.0040583861991763115,0.0040583861991763115
mbpo_pickcube_20261007T143410_ba2d6827,PickCube-v1,mbpo,policy_gradient_steps,120000,125000,alpha_loss,all_update_events_exact_quantiles,5000,0,-0.0014032259038844132,-0.001211189606692642,0.0005419669905677439,0.000865712284576148,-0.010657072067260742,0.0013517043553292751,0.010657072067260742,-0.002368105575442314
mbpo_pickcube_20261007T143410_ba2d6827,PickCube-v1,mbpo,policy_gradient_steps,120000,125000,entropy_estimate,all_update_events_exact_quantiles,5000,0,-4.594563471460343,-4.604851245880127,-3.557102108001709,-3.293978087902069,-7.339481353759766,-2.9565794467926025,7.339481353759766,-4.583718776702881
mbpo_pickcube_20261007T143410_ba2d6827,PickCube-v1,mbpo,real_env_steps,250000,260000,actor_loss,all_update_events_exact_quantiles,5008,0,3.892079198994814,3.37989342212677,8.766145706176756,10.288425369262697,0.33370718359947205,14.949846267700195,14.949846267700195,7.536986827850342
mbpo_pickcube_20261007T143410_ba2d6827,PickCube-v1,mbpo,real_env_steps,250000,260000,critic_loss,all_update_events_exact_quantiles,5008,0,1225.8278972250394,288.43572998046875,4549.13403320312,12541.738369140658,2.242997646331787,159832.71875,159832.71875,367.09112548828125
mbpo_pickcube_20261007T143410_ba2d6827,PickCube-v1,mbpo,real_env_steps,250000,260000,policy_q_min_mean,all_update_events_exact_quantiles,5008,0,-3.862611361591818,-3.35506010055542,-0.720126682519913,-0.5267077320814132,-14.893697738647461,-0.3243404030799866,14.893697738647461,-7.478221893310547
mbpo_pickcube_20261007T143410_ba2d6827,PickCube-v1,mbpo,real_env_steps,250000,260000,alpha,all_update_events_exact_quantiles,5008,0,0.00588506213997449,0.00509969680570066,0.011850100755691527,0.01260492326691747,0.002159722615033388,0.01284504309296608,0.01284504309296608,0.01284504309296608
mbpo_pickcube_20261007T143410_ba2d6827,PickCube-v1,mbpo,real_env_steps,250000,260000,alpha_loss,all_update_events_exact_quantiles,5008,0,-0.0059361242004984955,-0.005272001959383488,-0.0006381030019838374,0.00015360771649284622,-0.021334417164325714,0.0013517043553292751,0.021334417164325714,-0.007399948313832283
mbpo_pickcube_20261007T143410_ba2d6827,PickCube-v1,mbpo,real_env_steps,250000,260000,entropy_estimate,all_update_events_exact_quantiles,5008,0,-4.972129075719526,-4.9563703536987305,-4.21835572719574,-3.9463429021835323,-7.339481353759766,-3.4823126792907715,7.339481353759766,-4.576261520385742
mbpo_pickcube_20261007T143410_ba2d6827,PickCube-v1,mbpo,policy_gradient_steps,125000,130000,actor_loss,all_update_events_exact_quantiles,5000,0,8.086927744460105,7.736257553100586,14.886698532104495,17.615617828369142,1.1236891746520996,23.90807342529297,23.90807342529297,13.452780723571777
mbpo_pickcube_20261007T143410_ba2d6827,PickCube-v1,mbpo,policy_gradient_steps,125000,130000,critic_loss,all_update_events_exact_quantiles,5000,0,3790.971289984512,1123.6619873046875,13308.478417968774,37383.12109375001,20.379474639892578,422978.0625,422978.0625,2101.597900390625
mbpo_pickcube_20261007T143410_ba2d6827,PickCube-v1,mbpo,policy_gradient_steps,125000,130000,policy_q_min_mean,all_update_events_exact_quantiles,5000,0,-8.02565077908039,-7.681805849075317,-2.8801788330078124,-2.3297988700866696,-23.78610610961914,-1.100351095199585,23.78610610961914,-13.338882446289062
mbpo_pickcube_20261007T143410_ba2d6827,PickCube-v1,mbpo,policy_gradient_steps,125000,130000,alpha,all_update_events_exact_quantiles,5000,0,0.012253146814461798,0.010781434364616871,0.024934038612991573,0.026534875575453046,0.004059855360537767,0.026854876428842545,0.026854876428842545,0.026854876428842545
mbpo_pickcube_20261007T143410_ba2d6827,PickCube-v1,mbpo,policy_gradient_steps,125000,130000,alpha_loss,all_update_events_exact_quantiles,5000,0,-0.012282606324739754,-0.010524198412895203,-0.004014631826430559,-0.002713220617733892,-0.046543631702661514,-0.0008354964666068554,0.046543631702661514,-0.0064943935722112656
mbpo_pickcube_20261007T143410_ba2d6827,PickCube-v1,mbpo,policy_gradient_steps,125000,130000,entropy_estimate,all_update_events_exact_quantiles,5000,0,-5.03748795375824,-5.011845827102661,-4.536641144752503,-4.36215835571289,-6.6862897872924805,-4.109535217285156,6.6862897872924805,-4.2418670654296875
mbpo_pickcube_20261007T143410_ba2d6827,PickCube-v1,mbpo,real_env_steps,260000,270000,actor_loss,all_update_events_exact_quantiles,4992,0,20.67701561300036,15.765849113464355,40.8386245727539,50.57939262390138,6.436337471008301,84.02365112304688,84.02365112304688,55.89534378051758
mbpo_pickcube_20261007T143410_ba2d6827,PickCube-v1,mbpo,real_env_steps,260000,270000,critic_loss,all_update_events_exact_quantiles,4992,0,38090.97689528648,6165.492919921875,114936.31835937491,632034.1543750002,144.48751831054688,5473209.0,5473209.0,222501.875
mbpo_pickcube_20261007T143410_ba2d6827,PickCube-v1,mbpo,real_env_steps,260000,270000,policy_q_min_mean,all_update_events_exact_quantiles,4992,0,-20.531305459638435,-15.643370628356934,-9.240678834915162,-7.9873835706710805,-83.74529266357422,-6.366175651550293,83.74529266357422,-55.60966110229492
mbpo_pickcube_20261007T143410_ba2d6827,PickCube-v1,mbpo,real_env_steps,260000,270000,alpha,all_update_events_exact_quantiles,4992,0,0.03170142054613023,0.030658614821732044,0.055961362831294534,0.05923452895134687,0.012848791666328907,0.05971897765994072,0.05971897765994072,0.05971897765994072
mbpo_pickcube_20261007T143410_ba2d6827,PickCube-v1,mbpo,real_env_steps,260000,270000,alpha_loss,all_update_events_exact_quantiles,4992,0,-0.018942010132261017,-0.017189698293805122,-0.002305712050292641,0.005799571350216876,-0.07502362132072449,0.016354713588953018,0.07502362132072449,-0.0468970388174057
mbpo_pickcube_20261007T143410_ba2d6827,PickCube-v1,mbpo,real_env_steps,260000,270000,entropy_estimate,all_update_events_exact_quantiles,4992,0,-4.67600483323137,-4.6555116176605225,-4.064098930358886,-3.8587586903572073,-6.072369575500488,-3.485790729522705,6.072369575500488,-4.785601615905762
mbpo_pickcube_20261007T143410_ba2d6827,PickCube-v1,mbpo,policy_gradient_steps,130000,135000,actor_loss,all_update_events_exact_quantiles,5000,0,41.53336831531524,36.64465141296387,84.93999977111817,102.6729631042481,9.681417465209961,156.33836364746094,156.33836364746094,96.71295166015625
mbpo_pickcube_20261007T143410_ba2d6827,PickCube-v1,mbpo,policy_gradient_steps,130000,135000,critic_loss,all_update_events_exact_quantiles,5000,0,131824.91737873535,23539.798828125,464697.1312500001,1767649.3725000017,388.9513244628906,15010244.0,15010244.0,330377.625
mbpo_pickcube_20261007T143410_ba2d6827,PickCube-v1,mbpo,policy_gradient_steps,130000,135000,policy_q_min_mean,all_update_events_exact_quantiles,5000,0,-41.22821865177155,-36.401554107666016,-13.426138257980346,-11.690914382934565,-155.6320037841797,-9.555573463439941,155.6320037841797,-95.97284698486328
mbpo_pickcube_20261007T143410_ba2d6827,PickCube-v1,mbpo,policy_gradient_steps,130000,135000,alpha,all_update_events_exact_quantiles,5000,0,0.06299442914575339,0.05131837725639343,0.13310032263398172,0.14413649946451187,0.02685878798365593,0.14745573699474335,0.14745573699474335,0.14745573699474335
mbpo_pickcube_20261007T143410_ba2d6827,PickCube-v1,mbpo,policy_gradient_steps,130000,135000,alpha_loss,all_update_events_exact_quantiles,5000,0,-0.05326839490288403,-0.03133014775812626,-0.0023058095597662033,0.00579393513500692,-0.2724066376686096,0.016354713588953018,0.2724066376686096,-0.15050894021987915
mbpo_pickcube_20261007T143410_ba2d6827,PickCube-v1,mbpo,policy_gradient_steps,130000,135000,entropy_estimate,all_update_events_exact_quantiles,5000,0,-4.697861338233948,-4.655119180679321,-4.064134025573731,-3.8592376446723926,-6.333458423614502,-3.485790729522705,6.333458423614502,-5.021099090576172
mbpo_pickcube_20261007T143410_ba2d6827,PickCube-v1,mbpo,real_env_steps,270000,280000,actor_loss,all_update_events_exact_quantiles,5008,0,98.21311391237826,99.08019256591797,154.67498474121092,183.9902081298829,31.614137649536133,290.0558166503906,290.0558166503906,213.7759246826172
mbpo_pickcube_20261007T143410_ba2d6827,PickCube-v1,mbpo,real_env_steps,270000,280000,critic_loss,all_update_events_exact_quantiles,5008,0,502223.8288596644,146744.21875,1909362.037499993,6726717.710000023,4207.08544921875,28337800.0,28337800.0,778741.8125
mbpo_pickcube_20261007T143410_ba2d6827,PickCube-v1,mbpo,real_env_steps,270000,280000,policy_q_min_mean,all_update_events_exact_quantiles,5008,0,-97.42596290477168,-98.20667266845703,-46.842922782897965,-40.67426902770992,-288.848388671875,-31.344682693481445,288.848388671875,-212.55068969726562
mbpo_pickcube_20261007T143410_ba2d6827,PickCube-v1,mbpo,real_env_steps,270000,280000,alpha,all_update_events_exact_quantiles,5008,0,0.17161860922649028,0.17824209481477737,0.2724828779697418,0.2868843999505043,0.05974247306585312,0.28988075256347656,0.28988075256347656,0.28988075256347656
mbpo_pickcube_20261007T143410_ba2d6827,PickCube-v1,mbpo,real_env_steps,270000,280000,alpha_loss,all_update_events_exact_quantiles,5008,0,-0.10086039745806011,-0.09670399501919746,-0.00019253131467851118,0.04035021461546423,-0.32547426223754883,0.0934317484498024,0.32547426223754883,-0.0658574029803276
mbpo_pickcube_20261007T143410_ba2d6827,PickCube-v1,mbpo,real_env_steps,270000,280000,entropy_estimate,all_update_events_exact_quantiles,5008,0,-4.705577373457031,-4.695622444152832,-4.000818347930908,-3.835291118621826,-6.333458423614502,-3.5832464694976807,6.333458423614502,-4.2272162437438965
mbpo_pickcube_20261007T143410_ba2d6827,PickCube-v1,mbpo,policy_gradient_steps,135000,140000,actor_loss,all_update_events_exact_quantiles,5000,0,139.17567648162841,137.8060760498047,195.1518966674805,223.17364028930666,66.32138061523438,290.0558166503906,290.0558166503906,178.63265991210938
mbpo_pickcube_20261007T143410_ba2d6827,PickCube-v1,mbpo,policy_gradient_steps,135000,140000,critic_loss,all_update_events_exact_quantiles,5000,0,803772.5269351562,277437.9375,3182662.000000001,8105758.250000008,11097.9619140625,35529688.0,35529688.0,117873.765625
mbpo_pickcube_20261007T143410_ba2d6827,PickCube-v1,mbpo,policy_gradient_steps,135000,140000,policy_q_min_mean,all_update_events_exact_quantiles,5000,0,-137.9967840789795,-136.6204833984375,-89.81034126281737,-80.60778160095212,-288.848388671875,-65.60414123535156,288.848388671875,-176.78652954101562
mbpo_pickcube_20261007T143410_ba2d6827,PickCube-v1,mbpo,policy_gradient_steps,135000,140000,alpha,all_update_events_exact_quantiles,5000,0,0.2733352015018463,0.25934378802776337,0.4085122704505921,0.42354266136884694,0.147512748837471,0.43209952116012573,0.43209952116012573,0.43209952116012573
mbpo_pickcube_20261007T143410_ba2d6827,PickCube-v1,mbpo,policy_gradient_steps,135000,140000,alpha_loss,all_update_events_exact_quantiles,5000,0,-0.08577923473184929,-0.08222592249512672,0.03552476819604637,0.08595439948141605,-0.3549546003341675,0.19029268622398376,0.3549546003341675,-0.11833664774894714
mbpo_pickcube_20261007T143410_ba2d6827,PickCube-v1,mbpo,policy_gradient_steps,135000,140000,entropy_estimate,all_update_events_exact_quantiles,5000,0,-4.373792902183533,-4.290935754776001,-3.880485367774963,-3.7274494314193722,-5.774542808532715,-3.5169572830200195,5.774542808532715,-4.273962497711182
mbpo_pickcube_20261007T143410_ba2d6827,PickCube-v1,mbpo,real_env_steps,280000,290000,actor_loss,all_update_events_exact_quantiles,4992,0,183.83520643833356,182.8013458251953,230.2183815002441,257.53391265869146,111.41714477539062,325.6644287109375,325.6644287109375,192.10952758789062
mbpo_pickcube_20261007T143410_ba2d6827,PickCube-v1,mbpo,real_env_steps,280000,290000,critic_loss,all_update_events_exact_quantiles,4992,0,1223942.1944556604,415264.203125,4937303.55,13739521.510000002,34009.91796875,38494452.0,38494452.0,137096.6875
mbpo_pickcube_20261007T143410_ba2d6827,PickCube-v1,mbpo,real_env_steps,280000,290000,policy_q_min_mean,all_update_events_exact_quantiles,4992,0,-182.01694975907986,-180.8863983154297,-141.34459915161133,-128.74736328125,-323.5321960449219,-109.885986328125,323.5321960449219,-189.9427490234375
mbpo_pickcube_20261007T143410_ba2d6827,PickCube-v1,mbpo,real_env_steps,280000,290000,alpha,all_update_events_exact_quantiles,4992,0,0.4436266810143701,0.4701267331838608,0.5492133855819702,0.5562344402074814,0.28991085290908813,0.5583670735359192,0.5583670735359192,0.5493836402893066
mbpo_pickcube_20261007T143410_ba2d6827,PickCube-v1,mbpo,real_env_steps,280000,290000,alpha_loss,all_update_events_exact_quantiles,4992,0,-0.04395777886934528,-0.04762573167681694,0.12046760730445381,0.19231357306242006,-0.42903679609298706,0.35590142011642456,0.42903679609298706,0.030482547357678413
mbpo_pickcube_20261007T143410_ba2d6827,PickCube-v1,mbpo,real_env_steps,280000,290000,entropy_estimate,all_update_events_exact_quantiles,4992,0,-4.111262580427604,-4.10912561416626,-3.752329099178314,-3.6042650079727174,-4.9420318603515625,-3.3163669109344482,4.9420318603515625,-3.9445080757141113
mbpo_pickcube_20261007T143410_ba2d6827,PickCube-v1,mbpo,policy_gradient_steps,140000,145000,actor_loss,all_update_events_exact_quantiles,5000,0,205.97809100952148,201.44959259033203,263.26005859375,293.82576751708984,122.95439147949219,368.35614013671875,368.35614013671875,277.75677490234375
mbpo_pickcube_20261007T143410_ba2d6827,PickCube-v1,mbpo,policy_gradient_steps,140000,145000,critic_loss,all_update_events_exact_quantiles,5000,0,1599561.775853125,532605.6875,6382053.100000002,17788665.66000003,43726.21484375,90949488.0,90949488.0,1837153.0
mbpo_pickcube_20261007T143410_ba2d6827,PickCube-v1,mbpo,policy_gradient_steps,140000,145000,policy_q_min_mean,all_update_events_exact_quantiles,5000,0,-203.71095513763427,-199.2500457763672,-161.57533340454103,-149.41813629150388,-365.4822998046875,-121.17925262451172,365.4822998046875,-274.6240539550781
mbpo_pickcube_20261007T143410_ba2d6827,PickCube-v1,mbpo,policy_gradient_steps,140000,145000,alpha,all_update_events_exact_quantiles,5000,0,0.5567093543291092,0.5351220965385437,0.6908177554607392,0.715147135257721,0.43225815892219543,0.7260915637016296,0.7260915637016296,0.7260915637016296
mbpo_pickcube_20261007T143410_ba2d6827,PickCube-v1,mbpo,policy_gradient_steps,140000,145000,alpha_loss,all_update_events_exact_quantiles,5000,0,-0.040533514966536316,-0.03940533846616745,0.14414854422211654,0.2158498536050321,-0.4768200218677521,0.35590142011642456,0.4768200218677521,-0.22944261133670807
mbpo_pickcube_20261007T143410_ba2d6827,PickCube-v1,mbpo,policy_gradient_steps,140000,145000,entropy_estimate,all_update_events_exact_quantiles,5000,0,-4.072528913736344,-4.072430610656738,-3.742913734912872,-3.604178142547607,-4.9420318603515625,-3.3163669109344482,4.9420318603515625,-4.3161187171936035
mbpo_pickcube_20261007T143410_ba2d6827,PickCube-v1,mbpo,real_env_steps,290000,300000,actor_loss,all_update_events_exact_quantiles,5008,0,265.5401863792834,263.35321044921875,351.81394195556635,396.43315582275403,148.59130859375,573.9686889648438,573.9686889648438,320.8099670410156
mbpo_pickcube_20261007T143410_ba2d6827,PickCube-v1,mbpo,real_env_steps,290000,300000,critic_loss,all_update_events_exact_quantiles,5008,0,2956313.498205995,971618.46875,10571660.249999987,33741635.1600002,68245.140625,142988304.0,142988304.0,988220.125
mbpo_pickcube_20261007T143410_ba2d6827,PickCube-v1,mbpo,real_env_steps,290000,300000,policy_q_min_mean,all_update_events_exact_quantiles,5008,0,-262.0544401540543,-259.636474609375,-186.68925781250002,-168.8760432434081,-569.1141357421875,-146.37753295898438,569.1141357421875,-316.316162109375
mbpo_pickcube_20261007T143410_ba2d6827,PickCube-v1,mbpo,real_env_steps,290000,300000,alpha,all_update_events_exact_quantiles,5008,0,0.8515037898533642,0.8607124388217926,1.1417671978473662,1.1543137288093568,0.5494683980941772,1.1562062501907349,1.1562062501907349,1.1501497030258179
mbpo_pickcube_20261007T143410_ba2d6827,PickCube-v1,mbpo,real_env_steps,290000,300000,alpha_loss,all_update_events_exact_quantiles,5008,0,-0.08021040647500789,-0.07598424702882767,0.19084346145391448,0.335680516660214,-0.7232263088226318,0.5124517679214478,0.7232263088226318,0.10653136670589447
mbpo_pickcube_20261007T143410_ba2d6827,PickCube-v1,mbpo,real_env_steps,290000,300000,entropy_estimate,all_update_events_exact_quantiles,5008,0,-4.098663465664409,-4.093674659729004,-3.773607695102692,-3.6607188630104064,-4.901512145996094,-3.538219690322876,4.901512145996094,-3.9073710441589355
mbpo_pickcube_20261007T143410_ba2d6827,PickCube-v1,mbpo,policy_gradient_steps,145000,150000,actor_loss,all_update_events_exact_quantiles,5000,0,306.4785385009766,303.87286376953125,380.7391494750977,425.1660137939454,195.4010009765625,573.9686889648438,573.9686889648438,338.6586608886719
mbpo_pickcube_20261007T143410_ba2d6827,PickCube-v1,mbpo,policy_gradient_steps,145000,150000,critic_loss,all_update_events_exact_quantiles,5000,0,3842614.1676296876,1346796.9375,13498837.900000006,42427284.52000011,97288.484375,150534208.0,150534208.0,747071.8125
mbpo_pickcube_20261007T143410_ba2d6827,PickCube-v1,mbpo,policy_gradient_steps,145000,150000,policy_q_min_mean,all_update_events_exact_quantiles,5000,0,-302.03808629760744,-299.2635955810547,-236.91925964355468,-218.26954254150385,-569.1141357421875,-191.50186157226562,569.1141357421875,-333.0093994140625
mbpo_pickcube_20261007T143410_ba2d6827,PickCube-v1,mbpo,policy_gradient_steps,145000,150000,alpha,all_update_events_exact_quantiles,5000,0,1.0865251228094102,1.1279051899909973,1.3713243126869203,1.4270859837532044,0.7263641357421875,1.4480597972869873,1.4480597972869873,1.4480597972869873
mbpo_pickcube_20261007T143410_ba2d6827,PickCube-v1,mbpo,policy_gradient_steps,145000,150000,alpha_loss,all_update_events_exact_quantiles,5000,0,-0.09492912241090089,-0.09207192063331604,0.2592793986201288,0.37920773565769195,-1.1474628448486328,0.5775823593139648,1.1474628448486328,0.14135703444480896
mbpo_pickcube_20261007T143410_ba2d6827,PickCube-v1,mbpo,policy_gradient_steps,145000,150000,entropy_estimate,all_update_events_exact_quantiles,5000,0,-4.091518870353699,-4.085127115249634,-3.767493414878845,-3.6563876938819884,-4.901512145996094,-3.497687339782715,4.901512145996094,-3.9023542404174805
mbpo_pickcube_20261007T143410_ba2d6827,PickCube-v1,mbpo,real_env_steps,300000,310000,actor_loss,all_update_events_exact_quantiles,4992,0,368.633618923334,362.3861083984375,468.51591033935546,514.4974279785157,234.150146484375,633.4362182617188,633.4362182617188,452.3780212402344
mbpo_pickcube_20261007T143410_ba2d6827,PickCube-v1,mbpo,real_env_steps,300000,310000,critic_loss,all_update_events_exact_quantiles,4992,0,4838214.048333583,1790055.75,17352006.699999977,60502011.96000003,141615.59375,158540352.0,158540352.0,2830071.5
mbpo_pickcube_20261007T143410_ba2d6827,PickCube-v1,mbpo,real_env_steps,300000,310000,policy_q_min_mean,all_update_events_exact_quantiles,4992,0,-363.09936478504767,-356.83380126953125,-280.50776824951174,-258.7908309936523,-627.197021484375,-229.64093017578125,627.197021484375,-446.09454345703125
mbpo_pickcube_20261007T143410_ba2d6827,PickCube-v1,mbpo,real_env_steps,300000,310000,alpha,all_update_events_exact_quantiles,4992,0,1.3698094545218806,1.422533094882965,1.5380255877971647,1.5792399787902833,1.1414990425109863,1.5980128049850464,1.5980128049850464,1.5980128049850464
mbpo_pickcube_20261007T143410_ba2d6827,PickCube-v1,mbpo,real_env_steps,300000,310000,alpha_loss,all_update_events_exact_quantiles,4992,0,-0.05537527968184664,-0.05063183419406414,0.3710242465138435,0.5579903274774554,-1.1474628448486328,0.9573367834091187,1.1474628448486328,0.10847976803779602
mbpo_pickcube_20261007T143410_ba2d6827,PickCube-v1,mbpo,real_env_steps,300000,310000,entropy_estimate,all_update_events_exact_quantiles,4992,0,-4.040884315298918,-4.03676962852478,-3.731213927268982,-3.6081689453125,-4.845109939575195,-3.341994285583496,4.845109939575195,-3.932114839553833
mbpo_pickcube_20261007T143410_ba2d6827,PickCube-v1,mbpo,policy_gradient_steps,150000,155000,actor_loss,all_update_events_exact_quantiles,5000,0,419.8049322265625,418.1973571777344,513.505746459961,561.9824938964844,268.192626953125,650.3290405273438,650.3290405273438,510.02459716796875
mbpo_pickcube_20261007T143410_ba2d6827,PickCube-v1,mbpo,policy_gradient_steps,150000,155000,critic_loss,all_update_events_exact_quantiles,5000,0,5940960.60499375,2172924.375,20748809.200000014,77524739.44000009,157212.6875,293615104.0,293615104.0,12980874.0
mbpo_pickcube_20261007T143410_ba2d6827,PickCube-v1,mbpo,policy_gradient_steps,150000,155000,policy_q_min_mean,all_update_events_exact_quantiles,5000,0,-413.6459237426758,-411.9097137451172,-328.7556640625,-303.40719055175776,-643.2008666992188,-262.6546325683594,643.2008666992188,-503.028076171875
mbpo_pickcube_20261007T143410_ba2d6827,PickCube-v1,mbpo,policy_gradient_steps,150000,155000,alpha,all_update_events_exact_quantiles,5000,0,1.5312079686403275,1.5019928812980652,1.6971109867095948,1.7327358973026277,1.3868228197097778,1.737345576286316,1.737345576286316,1.737345576286316
mbpo_pickcube_20261007T143410_ba2d6827,PickCube-v1,mbpo,policy_gradient_steps,150000,155000,alpha_loss,all_update_events_exact_quantiles,5000,0,-0.034407550279796126,-0.03016236610710621,0.42972154170274746,0.6140387278795247,-1.1127618551254272,0.9750205874443054,1.1127618551254272,-0.04781380295753479
mbpo_pickcube_20261007T143410_ba2d6827,PickCube-v1,mbpo,policy_gradient_steps,150000,155000,entropy_estimate,all_update_events_exact_quantiles,5000,0,-4.021794636821747,-4.019761323928833,-3.7172122716903684,-3.5996819925308228,-4.726382255554199,-3.341994285583496,4.726382255554199,-4.027523994445801
mbpo_pickcube_20261007T143410_ba2d6827,PickCube-v1,mbpo,real_env_steps,310000,320000,actor_loss,all_update_events_exact_quantiles,5008,0,495.6888828521339,494.1979522705078,600.696856689453,646.0954919433594,322.22589111328125,758.097412109375,758.097412109375,401.9937744140625
mbpo_pickcube_20261007T143410_ba2d6827,PickCube-v1,mbpo,real_env_steps,310000,320000,critic_loss,all_update_events_exact_quantiles,5008,0,6700222.889745158,2510793.75,22112198.499999996,81174264.80000114,213706.59375,293615104.0,293615104.0,1162439.25
mbpo_pickcube_20261007T143410_ba2d6827,PickCube-v1,mbpo,real_env_steps,310000,320000,policy_q_min_mean,all_update_events_exact_quantiles,5008,0,-488.60185605497026,-486.9930725097656,-391.70379333496095,-367.24831848144527,-750.0360107421875,-314.26220703125,750.0360107421875,-394.0386657714844
mbpo_pickcube_20261007T143410_ba2d6827,PickCube-v1,mbpo,real_env_steps,310000,320000,alpha,all_update_events_exact_quantiles,5008,0,1.7600654913023257,1.7427037954330444,1.976802945137024,1.9845427107810973,1.59205162525177,1.992598056793213,1.992598056793213,1.992598056793213
mbpo_pickcube_20261007T143410_ba2d6827,PickCube-v1,mbpo,real_env_steps,310000,320000,alpha_loss,all_update_events_exact_quantiles,5008,0,-0.047079277224838734,-0.04078466445207596,0.48429277986288055,0.6686904752254501,-1.3432457447052002,1.0452724695205688,1.3432457447052002,0.014314398169517517
mbpo_pickcube_20261007T143410_ba2d6827,PickCube-v1,mbpo,real_env_steps,310000,320000,entropy_estimate,all_update_events_exact_quantiles,5008,0,-4.0264577577098875,-4.023523807525635,-3.7241822838783265,-3.6252810335159302,-4.695364475250244,-3.4129462242126465,4.695364475250244,-3.9928154945373535
mbpo_pickcube_20261007T143410_ba2d6827,PickCube-v1,mbpo,policy_gradient_steps,155000,160000,actor_loss,all_update_events_exact_quantiles,5000,0,452.3213009338379,471.0349426269531,600.0377197265625,645.855272216797,210.68576049804688,758.097412109375,758.097412109375,279.5873718261719
mbpo_pickcube_20261007T143410_ba2d6827,PickCube-v1,mbpo,policy_gradient_steps,155000,160000,critic_loss,all_update_events_exact_quantiles,5000,0,5223601.62601875,1835538.4375,18783361.400000017,57289124.160000004,138710.5625,225343008.0,225343008.0,298941.625
mbpo_pickcube_20261007T143410_ba2d6827,PickCube-v1,mbpo,policy_gradient_steps,155000,160000,policy_q_min_mean,all_update_events_exact_quantiles,5000,0,-445.0622566040039,-463.44097900390625,-280.58787841796874,-250.6836613464355,-750.0360107421875,-203.96937561035156,750.0360107421875,-272.3549499511719
mbpo_pickcube_20261007T143410_ba2d6827,PickCube-v1,mbpo,policy_gradient_steps,155000,160000,alpha,all_update_events_exact_quantiles,5000,0,1.817363191008568,1.783312201499939,1.9817119240760803,1.9932213771343232,1.6729990243911743,1.9943273067474365,1.9943273067474365,1.676581859588623
mbpo_pickcube_20261007T143410_ba2d6827,PickCube-v1,mbpo,policy_gradient_steps,155000,160000,alpha_loss,all_update_events_exact_quantiles,5000,0,0.010457530234754086,0.01693248376250267,0.5496223658323288,0.7771280598640442,-1.3432457447052002,1.1005971431732178,1.3432457447052002,-0.5278530120849609
mbpo_pickcube_20261007T143410_ba2d6827,PickCube-v1,mbpo,policy_gradient_steps,155000,160000,entropy_estimate,all_update_events_exact_quantiles,5000,0,-3.994147146177292,-3.990577220916748,-3.6995117545127867,-3.580945916175842,-4.695364475250244,-3.3762125968933105,4.695364475250244,-4.3149213790893555
mbpo_pickcube_20261007T143410_ba2d6827,PickCube-v1,mbpo,real_env_steps,320000,330000,actor_loss,all_update_events_exact_quantiles,4992,0,287.7023739111729,277.6529998779297,406.38653564453125,455.2298861694336,149.194580078125,531.6680908203125,531.6680908203125,306.75933837890625
mbpo_pickcube_20261007T143410_ba2d6827,PickCube-v1,mbpo,real_env_steps,320000,330000,critic_loss,all_update_events_exact_quantiles,4992,0,2454060.384893955,776147.0,8821583.499999985,24998720.560000017,81640.640625,206938576.0,206938576.0,9094672.0
mbpo_pickcube_20261007T143410_ba2d6827,PickCube-v1,mbpo,real_env_steps,320000,330000,policy_q_min_mean,all_update_events_exact_quantiles,4992,0,-281.48223902017645,-271.7520446777344,-195.25918121337892,-175.09758346557615,-523.8001098632812,-143.32611083984375,523.8001098632812,-301.20196533203125
mbpo_pickcube_20261007T143410_ba2d6827,PickCube-v1,mbpo,real_env_steps,320000,330000,alpha,all_update_events_exact_quantiles,4992,0,1.5775582221790383,1.6355721354484558,1.903796672821045,1.9932230842113494,1.2324193716049194,1.9943273067474365,1.9943273067474365,1.3107026815414429
mbpo_pickcube_20261007T143410_ba2d6827,PickCube-v1,mbpo,real_env_steps,320000,330000,alpha_loss,all_update_events_exact_quantiles,4992,0,0.09064474230735169,0.08350479602813721,0.5534736603498457,0.7772616392374039,-1.054987907409668,1.1005971431732178,1.1005971431732178,-0.31502795219421387
mbpo_pickcube_20261007T143410_ba2d6827,PickCube-v1,mbpo,real_env_steps,320000,330000,entropy_estimate,all_update_events_exact_quantiles,4992,0,-3.9442235961174354,-3.9453014135360718,-3.6471654891967775,-3.5433755564689635,-4.663466453552246,-3.3145499229431152,4.663466453552246,-4.240373611450195
mbpo_pickcube_20261007T143410_ba2d6827,PickCube-v1,mbpo,policy_gradient_steps,160000,165000,actor_loss,all_update_events_exact_quantiles,5000,0,265.60649445800783,261.11328125,345.82391967773435,382.6341940307617,149.194580078125,454.1510925292969,454.1510925292969,276.574951171875
mbpo_pickcube_20261007T143410_ba2d6827,PickCube-v1,mbpo,policy_gradient_steps,160000,165000,critic_loss,all_update_events_exact_quantiles,5000,0,2400958.9783125,734585.1875,9632688.200000005,22696752.880000018,81640.640625,46442768.0,46442768.0,300243.625
mbpo_pickcube_20261007T143410_ba2d6827,PickCube-v1,mbpo,policy_gradient_steps,160000,165000,policy_q_min_mean,all_update_events_exact_quantiles,5000,0,-260.0728741088867,-255.5043182373047,-194.94731903076172,-175.10997726440425,-448.68194580078125,-143.32611083984375,448.68194580078125,-271.18511962890625
mbpo_pickcube_20261007T143410_ba2d6827,PickCube-v1,mbpo,policy_gradient_steps,160000,165000,alpha,all_update_events_exact_quantiles,5000,0,1.3945975946426392,1.3435982465744019,1.6788203954696654,1.6902555847167968,1.2324193716049194,1.6932423114776611,1.6932423114776611,1.341714859008789
mbpo_pickcube_20261007T143410_ba2d6827,PickCube-v1,mbpo,policy_gradient_steps,160000,165000,alpha_loss,all_update_events_exact_quantiles,5000,0,0.045038410002738234,0.04478789120912552,0.4796986132860184,0.6429138064384464,-1.0459530353546143,0.9370863437652588,1.0459530353546143,-0.023678481578826904
mbpo_pickcube_20261007T143410_ba2d6827,PickCube-v1,mbpo,policy_gradient_steps,160000,165000,entropy_estimate,all_update_events_exact_quantiles,5000,0,-3.9701117899417877,-3.9676986932754517,-3.6612117409706117,-3.551212997436523,-4.792603492736816,-3.3145499229431152,4.792603492736816,-4.017650127410889
mbpo_pickcube_20261007T143410_ba2d6827,PickCube-v1,mbpo,real_env_steps,330000,340000,actor_loss,all_update_events_exact_quantiles,5008,0,396.6736618657462,359.81565856933594,635.0547149658203,701.4107061767578,182.81195068359375,885.1888427734375,885.1888427734375,584.9925537109375
mbpo_pickcube_20261007T143410_ba2d6827,PickCube-v1,mbpo,real_env_steps,330000,340000,critic_loss,all_update_events_exact_quantiles,5008,0,7310196.235984924,2217203.375,30727990.49999994,64287186.32000002,100216.7109375,405926656.0,405926656.0,3198702.25
mbpo_pickcube_20261007T143410_ba2d6827,PickCube-v1,mbpo,real_env_steps,330000,340000,policy_q_min_mean,all_update_events_exact_quantiles,5008,0,-390.59515403406306,-354.3207092285156,-240.2173583984375,-215.79594131469725,-877.0947265625,-177.78634643554688,877.0947265625,-576.2677612304688
mbpo_pickcube_20261007T143410_ba2d6827,PickCube-v1,mbpo,real_env_steps,330000,340000,alpha,all_update_events_exact_quantiles,5008,0,1.4916737258624726,1.3840761184692383,1.981353771686554,2.091939713954926,1.250268816947937,2.106745719909668,2.106745719909668,2.1039373874664307
mbpo_pickcube_20261007T143410_ba2d6827,PickCube-v1,mbpo,real_env_steps,330000,340000,alpha_loss,all_update_events_exact_quantiles,5008,0,-0.11244619611766749,-0.08458173274993896,0.37583044320344916,0.5795778024196625,-1.743625283241272,0.8384857177734375,1.743625283241272,-0.3083389401435852
mbpo_pickcube_20261007T143410_ba2d6827,PickCube-v1,mbpo,real_env_steps,330000,340000,entropy_estimate,all_update_events_exact_quantiles,5008,0,-4.066920381194105,-4.0583460330963135,-3.7334079980850223,-3.608522539138794,-4.926521301269531,-3.369443893432617,4.926521301269531,-4.14654016494751
mbpo_pickcube_20261007T143410_ba2d6827,PickCube-v1,mbpo,policy_gradient_steps,165000,170000,actor_loss,all_update_events_exact_quantiles,5000,0,470.2198338684082,453.47869873046875,663.7123596191407,717.562045288086,196.0723876953125,885.1888427734375,885.1888427734375,429.03009033203125
mbpo_pickcube_20261007T143410_ba2d6827,PickCube-v1,mbpo,policy_gradient_steps,165000,170000,critic_loss,all_update_events_exact_quantiles,5000,0,10593504.178334376,3853828.0,41620215.2,81787882.7200001,137342.15625,405926656.0,405926656.0,52002800.0
mbpo_pickcube_20261007T143410_ba2d6827,PickCube-v1,mbpo,policy_gradient_steps,165000,170000,policy_q_min_mean,all_update_events_exact_quantiles,5000,0,-462.41158309936526,-446.03211975097656,-299.57697143554685,-266.49353271484375,-877.0947265625,-190.92437744140625,877.0947265625,-418.9459228515625
mbpo_pickcube_20261007T143410_ba2d6827,PickCube-v1,mbpo,policy_gradient_steps,165000,170000,alpha,all_update_events_exact_quantiles,5000,0,1.918448122906685,1.8605331182479858,2.5368767023086547,2.5779556727409365,1.3375931978225708,2.59798526763916,2.59798526763916,2.331070899963379
mbpo_pickcube_20261007T143410_ba2d6827,PickCube-v1,mbpo,policy_gradient_steps,165000,170000,alpha_loss,all_update_events_exact_quantiles,5000,0,-0.13524944318421184,-0.13577821850776672,0.8185790270566943,1.3234533953666692,-2.9419703483581543,2.1408958435058594,2.9419703483581543,-0.7598206996917725
mbpo_pickcube_20261007T143410_ba2d6827,PickCube-v1,mbpo,policy_gradient_steps,165000,170000,entropy_estimate,all_update_events_exact_quantiles,5000,0,-4.07623603849411,-4.075201511383057,-3.6360905885696413,-3.464366006851195,-5.224522590637207,-3.1155543327331543,5.224522590637207,-4.325950622558594
mbpo_pickcube_20261007T143410_ba2d6827,PickCube-v1,mbpo,real_env_steps,340000,350000,actor_loss,all_update_events_exact_quantiles,4992,0,495.67281964497687,498.34645080566406,679.6635803222656,745.071579589844,259.6722106933594,1010.7351684570312,1010.7351684570312,491.4386291503906
mbpo_pickcube_20261007T143410_ba2d6827,PickCube-v1,mbpo,real_env_steps,340000,350000,critic_loss,all_update_events_exact_quantiles,4992,0,11311861.169521233,3576352.75,43469968.79999997,91487236.00000028,251231.625,387295520.0,387295520.0,5078084.0
mbpo_pickcube_20261007T143410_ba2d6827,PickCube-v1,mbpo,real_env_steps,340000,350000,policy_q_min_mean,all_update_events_exact_quantiles,4992,0,-487.0855034620334,-489.86680603027344,-321.57686309814454,-293.4518072509765,-1002.3270263671875,-251.90408325195312,1002.3270263671875,-483.14483642578125
mbpo_pickcube_20261007T143410_ba2d6827,PickCube-v1,mbpo,real_env_steps,340000,350000,alpha,all_update_events_exact_quantiles,4992,0,2.157921363098117,2.1104294061660767,2.536909317970276,2.5780105853080753,1.8388794660568237,2.59798526763916,2.59798526763916,2.0637500286102295
mbpo_pickcube_20261007T143410_ba2d6827,PickCube-v1,mbpo,real_env_steps,340000,350000,alpha_loss,all_update_events_exact_quantiles,4992,0,0.044401964078320026,0.04283125698566437,1.0274090468883512,1.468183997869492,-2.9419703483581543,2.31363582611084,2.9419703483581543,-0.0407026931643486
mbpo_pickcube_20261007T143410_ba2d6827,PickCube-v1,mbpo,real_env_steps,340000,350000,entropy_estimate,all_update_events_exact_quantiles,4992,0,-3.9795972322328734,-3.9796319007873535,-3.537356996536255,-3.3811116600036613,-5.224522590637207,-2.963693857192993,5.224522590637207,-4.01972770690918
mbpo_pickcube_20261007T143410_ba2d6827,PickCube-v1,mbpo,policy_gradient_steps,170000,175000,actor_loss,all_update_events_exact_quantiles,5000,0,465.92679794616697,458.1222229003906,657.7924255371094,742.3962213134765,234.37582397460938,1010.7351684570312,1010.7351684570312,343.8849182128906
mbpo_pickcube_20261007T143410_ba2d6827,PickCube-v1,mbpo,policy_gradient_steps,170000,175000,critic_loss,all_update_events_exact_quantiles,5000,0,8766753.56439375,2216501.875,36106917.20000001,77934624.00000001,215816.515625,349104192.0,349104192.0,3829583.0
mbpo_pickcube_20261007T143410_ba2d6827,PickCube-v1,mbpo,policy_gradient_steps,170000,175000,policy_q_min_mean,all_update_events_exact_quantiles,5000,0,-457.7783598236084,-450.1689758300781,-302.91070251464834,-273.2521789550781,-1002.3270263671875,-225.79397583007812,1002.3270263671875,-335.43292236328125
mbpo_pickcube_20261007T143410_ba2d6827,PickCube-v1,mbpo,policy_gradient_steps,170000,175000,alpha,all_update_events_exact_quantiles,5000,0,2.052745307445526,2.0624263286590576,2.240061604976654,2.3092807960510253,1.8388794660568237,2.3310234546661377,2.3310234546661377,2.140475034713745
mbpo_pickcube_20261007T143410_ba2d6827,PickCube-v1,mbpo,policy_gradient_steps,170000,175000,alpha_loss,all_update_events_exact_quantiles,5000,0,0.06269577642343939,0.04982897266745567,0.8524896681308747,1.2052805423736572,-1.974036455154419,2.31363582611084,2.31363582611084,0.10996612906455994
mbpo_pickcube_20261007T143410_ba2d6827,PickCube-v1,mbpo,policy_gradient_steps,170000,175000,entropy_estimate,all_update_events_exact_quantiles,5000,0,-3.9711973445415496,-3.9753706455230713,-3.5931352376937866,-3.434663932323456,-4.921888828277588,-2.963693857192993,4.921888828277588,-3.9486258029937744
mbpo_pickcube_20261007T143410_ba2d6827,PickCube-v1,mbpo,real_env_steps,350000,360000,actor_loss,all_update_events_exact_quantiles,5008,0,466.6476581165204,466.913330078125,626.5080932617186,686.3618273925782,234.37582397460938,925.552490234375,925.552490234375,514.4683227539062
mbpo_pickcube_20261007T143410_ba2d6827,PickCube-v1,mbpo,real_env_steps,350000,360000,critic_loss,all_update_events_exact_quantiles,5008,0,7868542.305598542,1914071.75,36532645.599999994,80273478.96000016,215816.515625,170157728.0,170157728.0,27921598.0
mbpo_pickcube_20261007T143410_ba2d6827,PickCube-v1,mbpo,real_env_steps,350000,360000,policy_q_min_mean,all_update_events_exact_quantiles,5008,0,-458.1724627132233,-458.40443420410156,-309.1706436157227,-277.2964767456054,-916.5030517578125,-225.79397583007812,916.5030517578125,-505.8324890136719
mbpo_pickcube_20261007T143410_ba2d6827,PickCube-v1,mbpo,real_env_steps,350000,360000,alpha,all_update_events_exact_quantiles,5008,0,2.116611361075133,2.107581377029419,2.211225700378418,2.226833760738373,2.0240368843078613,2.240804672241211,2.240804672241211,2.1531078815460205
mbpo_pickcube_20261007T143410_ba2d6827,PickCube-v1,mbpo,real_env_steps,350000,360000,alpha_loss,all_update_events_exact_quantiles,5008,0,-0.008821073769273373,-0.0052329376339912415,0.6706856727600097,0.9659383571147927,-1.974036455154419,1.5000317096710205,1.974036455154419,-0.021813035011291504
mbpo_pickcube_20261007T143410_ba2d6827,PickCube-v1,mbpo,real_env_steps,350000,360000,entropy_estimate,all_update_events_exact_quantiles,5008,0,-4.00441276603423,-4.002465724945068,-3.685881865024567,-3.5551741647720334,-4.921888828277588,-3.287726402282715,4.921888828277588,-4.010128974914551
mbpo_pickcube_20261007T143410_ba2d6827,PickCube-v1,mbpo,policy_gradient_steps,175000,180000,actor_loss,all_update_events_exact_quantiles,5000,0,499.21201259765627,494.8661804199219,636.1376525878907,697.5892712402344,260.7571716308594,925.552490234375,925.552490234375,486.58026123046875
mbpo_pickcube_20261007T143410_ba2d6827,PickCube-v1,mbpo,policy_gradient_steps,175000,180000,critic_loss,all_update_events_exact_quantiles,5000,0,9633888.7852125,2675751.75,44757434.60000001,82415598.00000012,268023.6875,162183808.0,162183808.0,2442835.5
mbpo_pickcube_20261007T143410_ba2d6827,PickCube-v1,mbpo,policy_gradient_steps,175000,180000,policy_q_min_mean,all_update_events_exact_quantiles,5000,0,-490.50510911865234,-486.1743927001953,-365.1440948486328,-316.78279785156246,-916.5030517578125,-252.0100555419922,916.5030517578125,-477.18359375
mbpo_pickcube_20261007T143410_ba2d6827,PickCube-v1,mbpo,policy_gradient_steps,175000,180000,alpha,all_update_events_exact_quantiles,5000,0,2.1711136639118194,2.1532894372940063,2.380071210861206,2.4046302890777587,2.0240368843078613,2.4083313941955566,2.4083313941955566,2.342737913131714
mbpo_pickcube_20261007T143410_ba2d6827,PickCube-v1,mbpo,policy_gradient_steps,175000,180000,alpha_loss,all_update_events_exact_quantiles,5000,0,-0.0226104745388031,-0.02277790941298008,0.6206883907318116,0.8914862900972367,-1.3702337741851807,1.5000317096710205,1.5000317096710205,-0.026809781789779663
mbpo_pickcube_20261007T143410_ba2d6827,PickCube-v1,mbpo,policy_gradient_steps,175000,180000,entropy_estimate,all_update_events_exact_quantiles,5000,0,-4.010244602537155,-4.01074743270874,-3.7145254373550416,-3.581422538757324,-4.591157913208008,-3.287726402282715,4.591157913208008,-4.011445045471191
mbpo_pickcube_20261007T143410_ba2d6827,PickCube-v1,mbpo,real_env_steps,360000,370000,actor_loss,all_update_events_exact_quantiles,4992,0,421.2781064724311,431.1885223388672,581.1154174804686,656.377421875,141.75538635253906,801.8399658203125,801.8399658203125,340.230712890625
mbpo_pickcube_20261007T143410_ba2d6827,PickCube-v1,mbpo,real_env_steps,360000,370000,critic_loss,all_update_events_exact_quantiles,4992,0,8048627.407658503,2371875.875,36918682.79999999,73234256.48000006,294603.78125,162183808.0,162183808.0,10956106.0
mbpo_pickcube_20261007T143410_ba2d6827,PickCube-v1,mbpo,real_env_steps,360000,370000,policy_q_min_mean,all_update_events_exact_quantiles,4992,0,-411.2261515855789,-421.59056091308594,-244.5903694152832,-203.82836105346675,-791.7788696289062,-130.6232452392578,791.7788696289062,-329.9097900390625
mbpo_pickcube_20261007T143410_ba2d6827,PickCube-v1,mbpo,real_env_steps,360000,370000,alpha,all_update_events_exact_quantiles,4992,0,2.49946707735459,2.469817638397217,2.8183942675590514,2.8746793174743654,2.1422524452209473,2.8841540813446045,2.8841540813446045,2.6457366943359375
mbpo_pickcube_20261007T143410_ba2d6827,PickCube-v1,mbpo,real_env_steps,360000,370000,alpha_loss,all_update_events_exact_quantiles,4992,0,-0.05448129530719971,-0.04730499908328056,0.7395187765359877,1.1090389013290411,-2.1066367626190186,1.9246835708618164,2.1066367626190186,0.263517290353775
mbpo_pickcube_20261007T143410_ba2d6827,PickCube-v1,mbpo,real_env_steps,360000,370000,entropy_estimate,all_update_events_exact_quantiles,4992,0,-4.023202020388383,-4.019411563873291,-3.712436079978943,-3.5852110242843627,-4.7431769371032715,-3.32321834564209,4.7431769371032715,-3.9004135131835938
mbpo_pickcube_20261007T143410_ba2d6827,PickCube-v1,mbpo,policy_gradient_steps,180000,185000,actor_loss,all_update_events_exact_quantiles,5000,0,341.39762178878783,315.777587890625,530.5097961425781,604.1279370117188,-16.428874969482422,778.949951171875,778.949951171875,245.21755981445312
mbpo_pickcube_20261007T143410_ba2d6827,PickCube-v1,mbpo,policy_gradient_steps,180000,185000,critic_loss,all_update_events_exact_quantiles,5000,0,5947512.28618125,1675151.125,26755762.60000002,64178912.40000004,247339.96875,149394272.0,149394272.0,376031.9375
mbpo_pickcube_20261007T143410_ba2d6827,PickCube-v1,mbpo,policy_gradient_steps,180000,185000,policy_q_min_mean,all_update_events_exact_quantiles,5000,0,-330.76601634292604,-305.0284118652344,-209.4082641601562,-171.18013641357393,-767.7685546875,25.483089447021484,767.7685546875,-234.77935791015625
mbpo_pickcube_20261007T143410_ba2d6827,PickCube-v1,mbpo,policy_gradient_steps,180000,185000,alpha,all_update_events_exact_quantiles,5000,0,2.6520249651432035,2.686585783958435,2.8183329463005067,2.8746479606628417,2.3430700302124023,2.8841540813446045,2.8841540813446045,2.586259126663208
mbpo_pickcube_20261007T143410_ba2d6827,PickCube-v1,mbpo,policy_gradient_steps,180000,185000,alpha_loss,all_update_events_exact_quantiles,5000,0,-0.023700040470808745,-0.015212826430797577,0.8724035799503328,1.1903990042209627,-2.214296817779541,1.9246835708618164,2.214296817779541,-0.09450462460517883
mbpo_pickcube_20261007T143410_ba2d6827,PickCube-v1,mbpo,policy_gradient_steps,180000,185000,entropy_estimate,all_update_events_exact_quantiles,5000,0,-4.010020013809204,-4.005819082260132,-3.675348997116089,-3.5608705806732175,-4.826220512390137,-3.315552234649658,4.826220512390137,-4.036545753479004
mbpo_pickcube_20261007T143410_ba2d6827,PickCube-v1,mbpo,real_env_steps,370000,380000,actor_loss,all_update_events_exact_quantiles,5008,0,256.3639640465331,249.97879028320312,354.08948974609365,413.69448608398443,-16.428874969482422,605.0130615234375,605.0130615234375,265.81878662109375
mbpo_pickcube_20261007T143410_ba2d6827,PickCube-v1,mbpo,real_env_steps,370000,380000,critic_loss,all_update_events_exact_quantiles,5008,0,3214914.9135570587,935981.375,13916058.449999997,31683729.0,185838.078125,108857400.0,108857400.0,5693147.5
mbpo_pickcube_20261007T143410_ba2d6827,PickCube-v1,mbpo,real_env_steps,370000,380000,policy_q_min_mean,all_update_events_exact_quantiles,5008,0,-246.81493110397753,-240.6300048828125,-170.08128509521495,-143.05241653442377,-594.7705078125,25.483089447021484,594.7705078125,-257.8016052246094
mbpo_pickcube_20261007T143410_ba2d6827,PickCube-v1,mbpo,real_env_steps,370000,380000,alpha,all_update_events_exact_quantiles,5008,0,2.4107763741058283,2.521467924118042,2.749358332157135,2.772501084804535,1.9821014404296875,2.7749786376953125,2.7749786376953125,2.008291244506836
mbpo_pickcube_20261007T143410_ba2d6827,PickCube-v1,mbpo,real_env_steps,370000,380000,alpha_loss,all_update_events_exact_quantiles,5008,0,0.09458188553074429,0.10225643962621689,0.8662129223346707,1.1886915528774262,-2.214296817779541,1.8268580436706543,2.214296817779541,0.014639042317867279
mbpo_pickcube_20261007T143410_ba2d6827,PickCube-v1,mbpo,real_env_steps,370000,380000,entropy_estimate,all_update_events_exact_quantiles,5008,0,-3.959205131894483,-3.9569292068481445,-3.6403248071670533,-3.515812561511993,-4.826220512390137,-3.315552234649658,4.826220512390137,-3.9927093982696533
mbpo_pickcube_20261007T143410_ba2d6827,PickCube-v1,mbpo,policy_gradient_steps,185000,190000,actor_loss,all_update_events_exact_quantiles,5000,0,258.5094868835449,251.93402862548828,355.5120880126953,429.1844818115234,102.85073852539062,596.567626953125,596.567626953125,241.0926055908203
mbpo_pickcube_20261007T143410_ba2d6827,PickCube-v1,mbpo,policy_gradient_steps,185000,190000,critic_loss,all_update_events_exact_quantiles,5000,0,2849241.4536,850653.21875,12040683.800000003,26722345.640000112,185838.078125,108857400.0,108857400.0,463058.78125
mbpo_pickcube_20261007T143410_ba2d6827,PickCube-v1,mbpo,policy_gradient_steps,185000,190000,policy_q_min_mean,all_update_events_exact_quantiles,5000,0,-250.2194710342407,-243.8703384399414,-171.8667625427246,-144.54893905639648,-588.7353515625,-94.15913391113281,588.7353515625,-233.53121948242188
mbpo_pickcube_20261007T143410_ba2d6827,PickCube-v1,mbpo,policy_gradient_steps,185000,190000,alpha,all_update_events_exact_quantiles,5000,0,2.0980312793016433,2.0193523168563843,2.5684901237487794,2.588422200679779,1.7687965631484985,2.5922207832336426,2.5922207832336426,1.9067734479904175
mbpo_pickcube_20261007T143410_ba2d6827,PickCube-v1,mbpo,policy_gradient_steps,185000,190000,alpha_loss,all_update_events_exact_quantiles,5000,0,0.1026526944020763,0.0982498973608017,0.7778370499610902,1.0898626852035533,-1.5257568359375,1.537649154663086,1.537649154663086,0.06615589559078217
mbpo_pickcube_20261007T143410_ba2d6827,PickCube-v1,mbpo,policy_gradient_steps,185000,190000,entropy_estimate,all_update_events_exact_quantiles,5000,0,-3.954008154773712,-3.953258752822876,-3.6417529702186586,-3.5293624162673947,-4.625817775726318,-3.3180160522460938,4.625817775726318,-3.9653067588806152
mbpo_pickcube_20261007T143410_ba2d6827,PickCube-v1,mbpo,real_env_steps,380000,390000,actor_loss,all_update_events_exact_quantiles,4992,0,342.70074695883653,333.5899658203125,484.7219268798828,537.6495166015626,63.005916595458984,674.202880859375,674.202880859375,458.179443359375
mbpo_pickcube_20261007T143410_ba2d6827,PickCube-v1,mbpo,real_env_steps,380000,390000,critic_loss,all_update_events_exact_quantiles,4992,0,5162975.012942583,1324494.0625,22736986.199999977,59722852.24000001,197745.40625,163394272.0,163394272.0,775073.625
mbpo_pickcube_20261007T143410_ba2d6827,PickCube-v1,mbpo,real_env_steps,380000,390000,policy_q_min_mean,all_update_events_exact_quantiles,4992,0,-334.484101379529,-324.88702392578125,-220.72020416259767,-183.40019607543934,-664.2720947265625,-55.215049743652344,664.2720947265625,-447.4515380859375
mbpo_pickcube_20261007T143410_ba2d6827,PickCube-v1,mbpo,real_env_steps,380000,390000,alpha,all_update_events_exact_quantiles,4992,0,2.035361792319096,1.9432098269462585,2.45260945558548,2.526893036365509,1.7687965631484985,2.5543622970581055,2.5543622970581055,2.5543622970581055
mbpo_pickcube_20261007T143410_ba2d6827,PickCube-v1,mbpo,real_env_steps,380000,390000,alpha_loss,all_update_events_exact_quantiles,4992,0,-0.07563612649895592,-0.042455725371837616,0.6012229979038237,0.8291689908504489,-1.811340093612671,1.4695795774459839,1.811340093612671,-0.5138046741485596
mbpo_pickcube_20261007T143410_ba2d6827,PickCube-v1,mbpo,real_env_steps,380000,390000,entropy_estimate,all_update_events_exact_quantiles,4992,0,-4.033430827017396,-4.022023916244507,-3.699108302593231,-3.5818767499923707,-4.894181251525879,-3.3280420303344727,4.894181251525879,-4.201213836669922
mbpo_pickcube_20261007T143410_ba2d6827,PickCube-v1,mbpo,policy_gradient_steps,190000,195000,actor_loss,all_update_events_exact_quantiles,5000,0,376.59364148635865,374.0955047607422,491.27161407470714,538.5584442138673,63.005916595458984,674.202880859375,674.202880859375,358.4972229003906
mbpo_pickcube_20261007T143410_ba2d6827,PickCube-v1,mbpo,policy_gradient_steps,190000,195000,critic_loss,all_update_events_exact_quantiles,5000,0,5907425.253140625,1603301.4375,26076507.300000012,62532345.320000134,197745.40625,163394272.0,163394272.0,1615146.75
mbpo_pickcube_20261007T143410_ba2d6827,PickCube-v1,mbpo,policy_gradient_steps,190000,195000,policy_q_min_mean,all_update_events_exact_quantiles,5000,0,-367.3509834854126,-364.7539825439453,-263.88958435058595,-224.76822067260727,-664.2720947265625,-55.215049743652344,664.2720947265625,-349.3407287597656
mbpo_pickcube_20261007T143410_ba2d6827,PickCube-v1,mbpo,policy_gradient_steps,190000,195000,alpha,all_update_events_exact_quantiles,5000,0,2.289005291390419,2.354353189468384,2.5874324440956116,2.608749284744263,1.8468433618545532,2.6159369945526123,2.6159369945526123,2.5349481105804443
mbpo_pickcube_20261007T143410_ba2d6827,PickCube-v1,mbpo,policy_gradient_steps,190000,195000,alpha_loss,all_update_events_exact_quantiles,5000,0,-0.087139504641667,-0.0814775601029396,0.6997735023498536,1.0063751018047338,-1.811340093612671,1.8516201972961426,1.8516201972961426,0.9863262176513672
mbpo_pickcube_20261007T143410_ba2d6827,PickCube-v1,mbpo,policy_gradient_steps,190000,195000,entropy_estimate,all_update_events_exact_quantiles,5000,0,-4.039893565797806,-4.035958290100098,-3.696038579940796,-3.567140357494353,-4.894181251525879,-3.2768731117248535,4.894181251525879,-3.611025333404541
mbpo_pickcube_20261007T143410_ba2d6827,PickCube-v1,mbpo,real_env_steps,390000,400000,actor_loss,all_update_events_exact_quantiles,5008,0,356.3366943304531,351.846435546875,451.5225006103515,498.2089389038092,185.56204223632812,628.8081665039062,628.8081665039062,351.12347412109375
mbpo_pickcube_20261007T143410_ba2d6827,PickCube-v1,mbpo,real_env_steps,390000,400000,critic_loss,all_update_events_exact_quantiles,5008,0,4875548.380272813,1406764.625,21550281.499999974,52638329.840000086,251153.4375,153621776.0,153621776.0,715619.125
mbpo_pickcube_20261007T143410_ba2d6827,PickCube-v1,mbpo,real_env_steps,390000,400000,policy_q_min_mean,all_update_events_exact_quantiles,5008,0,-346.93843961295227,-342.64776611328125,-263.5239212036133,-229.6389614868163,-619.0179443359375,-177.20016479492188,619.0179443359375,-342.2336120605469
mbpo_pickcube_20261007T143410_ba2d6827,PickCube-v1,mbpo,real_env_steps,390000,400000,alpha,all_update_events_exact_quantiles,5008,0,2.362869385760813,2.38693904876709,2.5874035358428955,2.6087155079841615,2.0617268085479736,2.6159369945526123,2.6159369945526123,2.1783523559570312
mbpo_pickcube_20261007T143410_ba2d6827,PickCube-v1,mbpo,real_env_steps,390000,400000,alpha_loss,all_update_events_exact_quantiles,5008,0,0.05352349728033447,0.06012644246220589,0.8141192078590391,1.1053461599349976,-1.664874792098999,1.8516201972961426,1.8516201972961426,-0.17733576893806458
mbpo_pickcube_20261007T143410_ba2d6827,PickCube-v1,mbpo,real_env_steps,390000,400000,entropy_estimate,all_update_events_exact_quantiles,5008,0,-3.977592716487452,-3.9740352630615234,-3.652783823013306,-3.5324060773849486,-4.706426620483398,-3.2768731117248535,4.706426620483398,-4.081416130065918
mbpo_pickcube_20261007T143410_ba2d6827,PickCube-v1,mbpo,policy_gradient_steps,195000,200000,actor_loss,all_update_events_exact_quantiles,5000,0,308.32131135253906,309.47796630859375,426.59182586669925,480.36473236083987,124.55430603027344,612.1306762695312,612.1306762695312,260.99713134765625
mbpo_pickcube_20261007T143410_ba2d6827,PickCube-v1,mbpo,policy_gradient_steps,195000,200000,critic_loss,all_update_events_exact_quantiles,5000,0,3631395.055303125,1036716.0625,16796984.400000013,43743697.28000013,147266.40625,153621776.0,153621776.0,193877.34375
mbpo_pickcube_20261007T143410_ba2d6827,PickCube-v1,mbpo,policy_gradient_steps,195000,200000,policy_q_min_mean,all_update_events_exact_quantiles,5000,0,-299.2815310760498,-300.41221618652344,-191.39732818603517,-165.69020324707023,-601.8062133789062,-115.02342987060547,601.8062133789062,-252.3212890625
mbpo_pickcube_20261007T143410_ba2d6827,PickCube-v1,mbpo,policy_gradient_steps,195000,200000,alpha,all_update_events_exact_quantiles,5000,0,2.2704287499904634,2.260415554046631,2.418524432182312,2.4933408117294316,2.0617268085479736,2.5341131687164307,2.5341131687164307,2.2421088218688965
mbpo_pickcube_20261007T143410_ba2d6827,PickCube-v1,mbpo,policy_gradient_steps,195000,200000,alpha_loss,all_update_events_exact_quantiles,5000,0,0.042169553841277956,0.04015909135341644,0.794663766026497,1.1052641248703003,-1.6474354267120361,1.7486004829406738,1.7486004829406738,0.2928697466850281
mbpo_pickcube_20261007T143410_ba2d6827,PickCube-v1,mbpo,policy_gradient_steps,195000,200000,entropy_estimate,all_update_events_exact_quantiles,5000,0,-3.982486178588867,-3.982059597969055,-3.6525022268295286,-3.524836628437042,-4.706426620483398,-3.2586216926574707,4.706426620483398,-3.869381904602051
mbpo_pickcube_20261007T143410_ba2d6827,PickCube-v1,mbpo,real_env_steps,400000,410000,actor_loss,all_update_events_exact_quantiles,4992,0,218.18652238142795,209.30958557128906,313.092854309082,368.905183105469,82.96887969970703,525.729248046875,525.729248046875,227.27957153320312
mbpo_pickcube_20261007T143410_ba2d6827,PickCube-v1,mbpo,real_env_steps,400000,410000,critic_loss,all_update_events_exact_quantiles,4992,0,1125535.6537788587,419390.203125,3470756.399999998,16836695.40000007,79526.546875,75414848.0,75414848.0,115860.0625
mbpo_pickcube_20261007T143410_ba2d6827,PickCube-v1,mbpo,real_env_steps,400000,410000,policy_q_min_mean,all_update_events_exact_quantiles,4992,0,-210.50105019716116,-202.0459442138672,-145.89288024902345,-125.23433929443355,-516.857421875,-75.63990783691406,516.857421875,-221.9730682373047
mbpo_pickcube_20261007T143410_ba2d6827,PickCube-v1,mbpo,real_env_steps,400000,410000,alpha,all_update_events_exact_quantiles,4992,0,1.9535648508522756,2.0222105979919434,2.3323577880859374,2.3909648036956788,1.3967750072479248,2.4025609493255615,2.4025609493255615,1.3967750072479248
mbpo_pickcube_20261007T143410_ba2d6827,PickCube-v1,mbpo,real_env_steps,400000,410000,alpha_loss,all_update_events_exact_quantiles,4992,0,0.12941372015838845,0.14481423795223236,0.7572790533304213,1.0846196258068086,-1.3934392929077148,1.7486004829406738,1.7486004829406738,0.28226277232170105
mbpo_pickcube_20261007T143410_ba2d6827,PickCube-v1,mbpo,real_env_steps,400000,410000,entropy_estimate,all_update_events_exact_quantiles,4992,0,-3.926076885217275,-3.9221609830856323,-3.58845397233963,-3.4474179649353025,-4.854187965393066,-3.1873233318328857,4.854187965393066,-3.797978401184082
mbpo_pickcube_20261007T143410_ba2d6827,PickCube-v1,mbpo,policy_gradient_steps,200000,205000,actor_loss,all_update_events_exact_quantiles,5000,0,191.90619308624267,189.2832260131836,251.76863861083984,306.09989624023467,82.96887969970703,458.53692626953125,458.53692626953125,170.61770629882812
mbpo_pickcube_20261007T143410_ba2d6827,PickCube-v1,mbpo,policy_gradient_steps,200000,205000,critic_loss,all_update_events_exact_quantiles,5000,0,627139.6325375,258718.0390625,1158895.0250000006,4804537.1600001,52320.83984375,166140880.0,166140880.0,100651.828125
mbpo_pickcube_20261007T143410_ba2d6827,PickCube-v1,mbpo,policy_gradient_steps,200000,205000,policy_q_min_mean,all_update_events_exact_quantiles,5000,0,-186.0436876937866,-183.34186553955078,-134.7511604309082,-115.82813430786128,-453.69488525390625,-75.63990783691406,453.69488525390625,-166.5882110595703
mbpo_pickcube_20261007T143410_ba2d6827,PickCube-v1,mbpo,policy_gradient_steps,200000,205000,alpha,all_update_events_exact_quantiles,5000,0,1.516357009458542,1.4430847764015198,2.154657757282257,2.2261057949066165,1.0604774951934814,2.2426302433013916,2.2426302433013916,1.0604774951934814
mbpo_pickcube_20261007T143410_ba2d6827,PickCube-v1,mbpo,policy_gradient_steps,200000,205000,alpha_loss,all_update_events_exact_quantiles,5000,0,0.20386816123239695,0.1932205781340599,0.7127523094415665,0.9427222353220006,-1.2228584289550781,1.6604247093200684,1.6604247093200684,0.21293923258781433
mbpo_pickcube_20261007T143410_ba2d6827,PickCube-v1,mbpo,policy_gradient_steps,200000,205000,entropy_estimate,all_update_events_exact_quantiles,5000,0,-3.867557989025116,-3.865853786468506,-3.562048244476318,-3.4147484397888173,-4.854187965393066,-3.099285125732422,4.854187965393066,-3.7992300987243652
mbpo_pickcube_20261007T143410_ba2d6827,PickCube-v1,mbpo,real_env_steps,410000,420000,actor_loss,all_update_events_exact_quantiles,5008,0,165.65189364162117,160.00125885009766,232.32181549072266,288.9498416137697,41.892677307128906,458.53692626953125,458.53692626953125,166.74400329589844
mbpo_pickcube_20261007T143410_ba2d6827,PickCube-v1,mbpo,real_env_steps,410000,420000,critic_loss,all_update_events_exact_quantiles,5008,0,722545.9354376748,164074.984375,1064565.0499999954,12882899.160000147,46381.23828125,179522384.0,179522384.0,849006.1875
mbpo_pickcube_20261007T143410_ba2d6827,PickCube-v1,mbpo,real_env_steps,410000,420000,policy_q_min_mean,all_update_events_exact_quantiles,5008,0,-161.67271359431476,-156.0880584716797,-112.23668441772466,-89.30743507385247,-453.69488525390625,-38.802223205566406,453.69488525390625,-163.45266723632812
mbpo_pickcube_20261007T143410_ba2d6827,PickCube-v1,mbpo,real_env_steps,410000,420000,alpha,all_update_events_exact_quantiles,5008,0,1.022107424351354,1.009739875793457,1.3154676795005797,1.3827516758441927,0.7708216905593872,1.3963545560836792,1.3963545560836792,0.7799907326698303
mbpo_pickcube_20261007T143410_ba2d6827,PickCube-v1,mbpo,real_env_steps,410000,420000,alpha_loss,all_update_events_exact_quantiles,5008,0,0.10974246993945085,0.10162423178553581,0.4585755720734594,0.6707162714004531,-0.6685699224472046,1.158434510231018,1.158434510231018,-0.1718285083770752
mbpo_pickcube_20261007T143410_ba2d6827,PickCube-v1,mbpo,real_env_steps,410000,420000,entropy_estimate,all_update_events_exact_quantiles,5008,0,-3.8984501647492187,-3.8983947038650513,-3.565306520462036,-3.418377242088317,-4.829651355743408,-3.099285125732422,4.829651355743408,-4.220326900482178
mbpo_pickcube_20261007T143410_ba2d6827,PickCube-v1,mbpo,policy_gradient_steps,205000,210000,actor_loss,all_update_events_exact_quantiles,5000,0,150.3156832342148,146.10060119628906,210.1986892700196,288.8778182983399,-28.406328201293945,498.706298828125,498.706298828125,153.6699981689453
mbpo_pickcube_20261007T143410_ba2d6827,PickCube-v1,mbpo,policy_gradient_steps,205000,210000,critic_loss,all_update_events_exact_quantiles,5000,0,882724.3727632812,165950.046875,1423334.50625,14800761.950000055,46381.23828125,309430816.0,309430816.0,1825119.375
mbpo_pickcube_20261007T143410_ba2d6827,PickCube-v1,mbpo,policy_gradient_steps,205000,210000,policy_q_min_mean,all_update_events_exact_quantiles,5000,0,-146.82047968177795,-142.61609649658203,-96.9065277099609,-67.48060920715331,-495.0802917480469,31.700544357299805,495.0802917480469,-150.42222595214844
mbpo_pickcube_20261007T143410_ba2d6827,PickCube-v1,mbpo,policy_gradient_steps,205000,210000,alpha,all_update_events_exact_quantiles,5000,0,0.8823590557336807,0.8416593968868256,1.0244382560253145,1.0572002053260803,0.7708216905593872,1.0603660345077515,1.0603660345077515,0.8244538307189941
mbpo_pickcube_20261007T143410_ba2d6827,PickCube-v1,mbpo,policy_gradient_steps,205000,210000,alpha_loss,all_update_events_exact_quantiles,5000,0,0.03442165873032063,0.03851957619190216,0.35498260855674757,0.46613467216491705,-0.7930275201797485,0.6792808771133423,0.7930275201797485,0.04959101974964142
mbpo_pickcube_20261007T143410_ba2d6827,PickCube-v1,mbpo,policy_gradient_steps,205000,210000,entropy_estimate,all_update_events_exact_quantiles,5000,0,-3.963641738319397,-3.957053542137146,-3.588866686820984,-3.4543345403671264,-4.943929672241211,-3.1492209434509277,4.943929672241211,-3.9398415088653564
mbpo_pickcube_20261007T143410_ba2d6827,PickCube-v1,mbpo,real_env_steps,420000,430000,actor_loss,all_update_events_exact_quantiles,4992,0,150.5525919472178,145.70936584472656,211.27243499755858,309.6488775634768,-28.406328201293945,498.706298828125,498.706298828125,138.1121826171875
mbpo_pickcube_20261007T143410_ba2d6827,PickCube-v1,mbpo,real_env_steps,420000,430000,critic_loss,all_update_events_exact_quantiles,4992,0,944294.934201754,167994.078125,1838480.8374999994,13676231.090000013,38823.2265625,309430816.0,309430816.0,226142.8125
mbpo_pickcube_20261007T143410_ba2d6827,PickCube-v1,mbpo,real_env_steps,420000,430000,policy_q_min_mean,all_update_events_exact_quantiles,4992,0,-147.4797976586299,-142.79134368896484,-97.12544670104981,-70.85557228088378,-495.0802917480469,31.700544357299805,495.0802917480469,-135.56610107421875
mbpo_pickcube_20261007T143410_ba2d6827,PickCube-v1,mbpo,real_env_steps,420000,430000,alpha,all_update_events_exact_quantiles,4992,0,0.77314830559473,0.8040134310722351,0.8549250453710556,0.8635697108507157,0.6397543549537659,0.8658419251441956,0.8658419251441956,0.6497513055801392
mbpo_pickcube_20261007T143410_ba2d6827,PickCube-v1,mbpo,real_env_steps,420000,430000,alpha_loss,all_update_events_exact_quantiles,4992,0,0.019903154982948295,0.028520876541733742,0.29396740049123765,0.40207225680351283,-0.7930275201797485,0.6108139753341675,0.7930275201797485,0.05311419442296028
mbpo_pickcube_20261007T143410_ba2d6827,PickCube-v1,mbpo,real_env_steps,420000,430000,entropy_estimate,all_update_events_exact_quantiles,4992,0,-3.9721345770626497,-3.9627387523651123,-3.624145138263702,-3.4896391296386717,-4.943929672241211,-3.26007080078125,4.943929672241211,-3.9182605743408203
mbpo_pickcube_20261007T143410_ba2d6827,PickCube-v1,mbpo,policy_gradient_steps,210000,215000,actor_loss,all_update_events_exact_quantiles,5000,0,147.9552179824829,143.09720611572266,204.00438156127933,302.52023925781316,43.12144088745117,456.36248779296875,456.36248779296875,165.1239013671875
mbpo_pickcube_20261007T143410_ba2d6827,PickCube-v1,mbpo,policy_gradient_steps,210000,215000,critic_loss,all_update_events_exact_quantiles,5000,0,764093.2482351563,151495.7890625,1508500.7750000013,10275971.500000058,38823.2265625,275093888.0,275093888.0,63222.73828125
mbpo_pickcube_20261007T143410_ba2d6827,PickCube-v1,mbpo,policy_gradient_steps,210000,215000,policy_q_min_mean,all_update_events_exact_quantiles,5000,0,-145.18395261535645,-140.23655700683594,-100.0877571105957,-78.89311676025382,-453.689453125,-40.492698669433594,453.689453125,-162.48849487304688
mbpo_pickcube_20261007T143410_ba2d6827,PickCube-v1,mbpo,policy_gradient_steps,210000,215000,alpha,all_update_events_exact_quantiles,5000,0,0.7000060513973236,0.6607916057109833,0.8549000829458236,0.8635550576448441,0.6113730669021606,0.8658419251441956,0.8658419251441956,0.6452128887176514
mbpo_pickcube_20261007T143410_ba2d6827,PickCube-v1,mbpo,policy_gradient_steps,210000,215000,alpha_loss,all_update_events_exact_quantiles,5000,0,0.028902043557772414,0.030845344066619873,0.2534065440297127,0.35268602550029765,-0.4952630400657654,0.5748129487037659,0.5748129487037659,-0.055100638419389725
mbpo_pickcube_20261007T143410_ba2d6827,PickCube-v1,mbpo,policy_gradient_steps,210000,215000,entropy_estimate,all_update_events_exact_quantiles,5000,0,-3.96050389175415,-3.9555935859680176,-3.643917202949524,-3.524303736686705,-4.639803886413574,-3.2827773094177246,4.639803886413574,-4.085416793823242
mbpo_pickcube_20261007T143410_ba2d6827,PickCube-v1,mbpo,real_env_steps,430000,440000,actor_loss,all_update_events_exact_quantiles,5008,0,172.16222556816123,149.46076202392578,346.9869186401365,433.6577993774416,-5.23856782913208,842.72265625,842.72265625,256.6338806152344
mbpo_pickcube_20261007T143410_ba2d6827,PickCube-v1,mbpo,real_env_steps,430000,440000,critic_loss,all_update_events_exact_quantiles,5008,0,3466211.9696852225,187244.046875,4877522.174999992,50947956.120000765,39981.7734375,1784750080.0,1784750080.0,175623.46875
mbpo_pickcube_20261007T143410_ba2d6827,PickCube-v1,mbpo,real_env_steps,430000,440000,policy_q_min_mean,all_update_events_exact_quantiles,5008,0,-169.27136462793564,-146.93997955322266,-96.5983913421631,-70.08216201782217,-838.2763671875,8.060251235961914,838.2763671875,-252.01290893554688
mbpo_pickcube_20261007T143410_ba2d6827,PickCube-v1,mbpo,real_env_steps,430000,440000,alpha,all_update_events_exact_quantiles,5008,0,0.6700351311209293,0.6549567878246307,0.8255132466554641,0.867042254805565,0.6113730669021606,0.8791439533233643,0.8791439533233643,0.8791439533233643
mbpo_pickcube_20261007T143410_ba2d6827,PickCube-v1,mbpo,real_env_steps,430000,440000,alpha_loss,all_update_events_exact_quantiles,5008,0,-0.2109036659433197,-0.018161332234740257,0.21598920375108696,0.3030268654227263,-5.95365571975708,0.5805321931838989,5.95365571975708,-1.1053829193115234
mbpo_pickcube_20261007T143410_ba2d6827,PickCube-v1,mbpo,real_env_steps,430000,440000,entropy_estimate,all_update_events_exact_quantiles,5008,0,-4.27522238393942,-4.0283122062683105,-3.675474333763123,-3.55293300628662,-12.751188278198242,-3.1671900749206543,12.751188278198242,-5.257693767547607
mbpo_pickcube_20261007T143410_ba2d6827,PickCube-v1,mbpo,policy_gradient_steps,215000,220000,actor_loss,all_update_events_exact_quantiles,5000,0,230.97528197126388,214.1388397216797,398.38023681640624,529.894580078125,-5.23856782913208,842.72265625,842.72265625,238.1922607421875
mbpo_pickcube_20261007T143410_ba2d6827,PickCube-v1,mbpo,policy_gradient_steps,215000,220000,critic_loss,all_update_events_exact_quantiles,5000,0,9805214.417590626,397503.421875,22468625.400000095,139152526.24000046,42848.890625,2208900096.0,2208900096.0,299235.0625
mbpo_pickcube_20261007T143410_ba2d6827,PickCube-v1,mbpo,policy_gradient_steps,215000,220000,policy_q_min_mean,all_update_events_exact_quantiles,5000,0,-226.89225774002074,-209.1385955810547,-109.98703613281248,-77.06099754333484,-838.2763671875,8.060251235961914,838.2763671875,-233.06378173828125
mbpo_pickcube_20261007T143410_ba2d6827,PickCube-v1,mbpo,policy_gradient_steps,215000,220000,alpha,all_update_events_exact_quantiles,5000,0,0.8715553724050522,0.7402358055114746,1.3371601700782776,1.4217710387706757,0.6288013458251953,1.4246923923492432,1.4246923923492432,1.4183417558670044
mbpo_pickcube_20261007T143410_ba2d6827,PickCube-v1,mbpo,policy_gradient_steps,215000,220000,alpha_loss,all_update_events_exact_quantiles,5000,0,-0.5974215152749792,-0.28167441487312317,0.21225974857807164,0.3625638896226888,-5.95365571975708,1.189732551574707,5.95365571975708,0.5455845594406128
mbpo_pickcube_20261007T143410_ba2d6827,PickCube-v1,mbpo,policy_gradient_steps,215000,220000,entropy_estimate,all_update_events_exact_quantiles,5000,0,-4.625347271299362,-4.339815616607666,-3.7041743993759155,-3.5570023322105406,-12.751188278198242,-3.1632590293884277,12.751188278198242,-3.615384101867676
mbpo_pickcube_20261007T143410_ba2d6827,PickCube-v1,mbpo,real_env_steps,440000,450000,actor_loss,all_update_events_exact_quantiles,4992,0,235.70234450162985,229.7756118774414,394.4513519287109,534.6949884033206,-103.8663330078125,774.5543823242188,774.5543823242188,296.1640625
mbpo_pickcube_20261007T143410_ba2d6827,PickCube-v1,mbpo,real_env_steps,440000,450000,critic_loss,all_update_events_exact_quantiles,4992,0,16343308.252350636,966105.71875,57993122.39999996,179087437.28000018,127730.171875,2363163136.0,2363163136.0,4305689.5
mbpo_pickcube_20261007T143410_ba2d6827,PickCube-v1,mbpo,real_env_steps,440000,450000,policy_q_min_mean,all_update_events_exact_quantiles,4992,0,-228.77646331785198,-222.88052368164062,-90.04919548034671,-38.35045063018775,-768.0369262695312,115.0983657836914,768.0369262695312,-283.991455078125
mbpo_pickcube_20261007T143410_ba2d6827,PickCube-v1,mbpo,real_env_steps,440000,450000,alpha,all_update_events_exact_quantiles,4992,0,1.5195620315603147,1.5987602472305298,2.2253986477851866,2.4298051714897158,0.8793880939483643,2.477151870727539,2.477151870727539,2.477151870727539
mbpo_pickcube_20261007T143410_ba2d6827,PickCube-v1,mbpo,real_env_steps,440000,450000,alpha_loss,all_update_events_exact_quantiles,4992,0,-0.8489136882547964,-0.781059741973877,0.6090395331382752,0.9996339499950411,-4.8778605461120605,1.4399559497833252,4.8778605461120605,-2.268310070037842
mbpo_pickcube_20261007T143410_ba2d6827,PickCube-v1,mbpo,real_env_steps,440000,450000,entropy_estimate,all_update_events_exact_quantiles,4992,0,-4.594959109448469,-4.590137004852295,-3.637423408031464,-3.4157177615165693,-6.693373203277588,-3.1611993312835693,6.693373203277588,-4.916094779968262
mbpo_pickcube_20261007T143410_ba2d6827,PickCube-v1,mbpo,policy_gradient_steps,220000,225000,actor_loss,all_update_events_exact_quantiles,5000,0,201.71908871665002,191.92393493652344,367.34057006835945,506.17811553955113,-107.1113052368164,812.6900634765625,812.6900634765625,134.66830444335938
mbpo_pickcube_20261007T143410_ba2d6827,PickCube-v1,mbpo,policy_gradient_steps,220000,225000,critic_loss,all_update_events_exact_quantiles,5000,0,17726775.709115624,1579374.5,66731265.60000005,175225056.9600003,138428.859375,2627032064.0,2627032064.0,732384.0625
mbpo_pickcube_20261007T143410_ba2d6827,PickCube-v1,mbpo,policy_gradient_steps,220000,225000,policy_q_min_mean,all_update_events_exact_quantiles,5000,0,-192.04159232006074,-182.82837677001953,-58.603230667114246,1.79112153053306,-801.2061767578125,119.4368896484375,801.2061767578125,-122.2793197631836
mbpo_pickcube_20261007T143410_ba2d6827,PickCube-v1,mbpo,policy_gradient_steps,220000,225000,alpha,all_update_events_exact_quantiles,5000,0,2.240886305809021,1.935810387134552,3.166362130641937,3.182548186779022,1.4138965606689453,3.18563175201416,3.18563175201416,3.0286812782287598
mbpo_pickcube_20261007T143410_ba2d6827,PickCube-v1,mbpo,policy_gradient_steps,220000,225000,alpha_loss,all_update_events_exact_quantiles,5000,0,-0.715239543094486,-0.5039162635803223,1.026883667707444,1.6489596986770638,-5.9368085861206055,2.6840810775756836,5.9368085861206055,-0.27457812428474426
mbpo_pickcube_20261007T143410_ba2d6827,PickCube-v1,mbpo,policy_gradient_steps,220000,225000,entropy_estimate,all_update_events_exact_quantiles,5000,0,-4.337854744720459,-4.2428138256073,-3.567712342739105,-3.3651341342926013,-6.304773330688477,-3.1423749923706055,6.304773330688477,-4.090662002563477
mbpo_pickcube_20261007T143410_ba2d6827,PickCube-v1,mbpo,real_env_steps,450000,460000,actor_loss,all_update_events_exact_quantiles,5008,0,465.44063331272463,466.4454650878906,940.2414581298826,1185.2897607421876,-107.1113052368164,1576.7958984375,1576.7958984375,958.20556640625
mbpo_pickcube_20261007T143410_ba2d6827,PickCube-v1,mbpo,real_env_steps,450000,460000,critic_loss,all_update_events_exact_quantiles,5008,0,52085501.27122229,4383851.5,117616403.99999991,644059893.1200031,335196.375,12019179520.0,12019179520.0,599985792.0
mbpo_pickcube_20261007T143410_ba2d6827,PickCube-v1,mbpo,real_env_steps,450000,460000,policy_q_min_mean,all_update_events_exact_quantiles,5008,0,-449.5686354419103,-449.02496337890625,-77.82193717956548,-19.901667556762508,-1553.6920166015625,119.4368896484375,1553.6920166015625,-937.6983642578125
mbpo_pickcube_20261007T143410_ba2d6827,PickCube-v1,mbpo,real_env_steps,450000,460000,alpha,all_update_events_exact_quantiles,5008,0,3.6890476732589184,3.6399054527282715,4.963903832435608,5.03526759147644,2.478212356567383,5.067443370819092,5.067443370819092,5.067443370819092
mbpo_pickcube_20261007T143410_ba2d6827,PickCube-v1,mbpo,real_env_steps,450000,460000,alpha_loss,all_update_events_exact_quantiles,5008,0,-1.1178753673621176,-0.7692153453826904,1.2074304699897767,1.8351561915874481,-13.588834762573242,2.6840810775756836,13.588834762573242,-0.23904123902320862
mbpo_pickcube_20261007T143410_ba2d6827,PickCube-v1,mbpo,real_env_steps,450000,460000,entropy_estimate,all_update_events_exact_quantiles,5008,0,-4.316856418983243,-4.198819398880005,-3.64598433971405,-3.4623199868202206,-8.070798873901367,-3.1423749923706055,8.070798873901367,-4.047175884246826
mbpo_pickcube_20261007T143410_ba2d6827,PickCube-v1,mbpo,policy_gradient_steps,225000,230000,actor_loss,all_update_events_exact_quantiles,5000,0,810.2330408416748,756.4097290039062,1433.7672180175784,1760.614073486329,55.861412048339844,2373.936767578125,2373.936767578125,1131.434326171875
mbpo_pickcube_20261007T143410_ba2d6827,PickCube-v1,mbpo,policy_gradient_steps,225000,230000,critic_loss,all_update_events_exact_quantiles,5000,0,100758797.7198625,8578554.5,220993644.80000043,2127187333.1200013,597437.3125,12247629824.0,12247629824.0,15653492.0
mbpo_pickcube_20261007T143410_ba2d6827,PickCube-v1,mbpo,policy_gradient_steps,225000,230000,policy_q_min_mean,all_update_events_exact_quantiles,5000,0,-788.0152592803955,-734.8044128417969,-336.55225372314453,-162.56459503173798,-2338.155029296875,-44.82831954956055,2338.155029296875,-1103.236328125
mbpo_pickcube_20261007T143410_ba2d6827,PickCube-v1,mbpo,policy_gradient_steps,225000,230000,alpha,all_update_events_exact_quantiles,5000,0,5.182269108438492,4.853787899017334,7.683752846717835,7.752851600646973,3.0135905742645264,7.760366439819336,7.760366439819336,7.757386684417725
mbpo_pickcube_20261007T143410_ba2d6827,PickCube-v1,mbpo,policy_gradient_steps,225000,230000,alpha_loss,all_update_events_exact_quantiles,5000,0,-1.4924872286729514,-1.2072754502296448,1.206675934791565,2.0959424591064453,-13.588834762573242,5.169444561004639,13.588834762573242,2.833646774291992
mbpo_pickcube_20261007T143410_ba2d6827,PickCube-v1,mbpo,policy_gradient_steps,225000,230000,entropy_estimate,all_update_events_exact_quantiles,5000,0,-4.3249243247032165,-4.235121250152588,-3.766674435138702,-3.6002852678298947,-8.070798873901367,-3.3085780143737793,8.070798873901367,-3.6347408294677734
mbpo_pickcube_20261007T143410_ba2d6827,PickCube-v1,mbpo,real_env_steps,460000,470000,actor_loss,all_update_events_exact_quantiles,4992,0,2017.3705076987926,1673.8857421875,4093.866467285156,4802.1148681640625,462.7455139160156,6613.1123046875,6613.1123046875,3832.97119140625
mbpo_pickcube_20261007T143410_ba2d6827,PickCube-v1,mbpo,real_env_steps,460000,470000,critic_loss,all_update_events_exact_quantiles,4992,0,377317062.03448015,42673148.0,1262098886.399999,8838113710.080036,2051000.875,27640291328.0,27640291328.0,123603376.0
mbpo_pickcube_20261007T143410_ba2d6827,PickCube-v1,mbpo,real_env_steps,460000,470000,policy_q_min_mean,all_update_events_exact_quantiles,4992,0,-1980.855059966063,-1640.581787109375,-731.8000427246094,-579.671944580078,-6560.7529296875,-432.093994140625,6560.7529296875,-3778.748046875
mbpo_pickcube_20261007T143410_ba2d6827,PickCube-v1,mbpo,real_env_steps,460000,470000,alpha,all_update_events_exact_quantiles,4992,0,8.736819080148752,7.88862419128418,12.493648195266722,12.983587274551391,5.067996025085449,13.160118103027344,13.160118103027344,13.160118103027344
mbpo_pickcube_20261007T143410_ba2d6827,PickCube-v1,mbpo,real_env_steps,460000,470000,alpha_loss,all_update_events_exact_quantiles,4992,0,-1.574655736784618,-1.448937475681305,1.828425818681716,3.0669681024551396,-13.396392822265625,5.461829662322998,13.396392822265625,-1.585845947265625
mbpo_pickcube_20261007T143410_ba2d6827,PickCube-v1,mbpo,real_env_steps,460000,470000,entropy_estimate,all_update_events_exact_quantiles,4992,0,-4.193255112196009,-4.169067859649658,-3.7903657793998717,-3.6348770809173585,-5.386608123779297,-3.3314480781555176,5.386608123779297,-4.120511531829834
mbpo_pickcube_20261007T143410_ba2d6827,PickCube-v1,mbpo,policy_gradient_steps,230000,235000,actor_loss,all_update_events_exact_quantiles,5000,0,3436.745153564453,3555.7911376953125,5455.653857421876,6260.956611328127,835.5662841796875,8353.7548828125,8353.7548828125,5620.6650390625
mbpo_pickcube_20261007T143410_ba2d6827,PickCube-v1,mbpo,policy_gradient_steps,230000,235000,critic_loss,all_update_events_exact_quantiles,5000,0,695765577.3212,130422948.0,2546230758.4000015,12404165376.000004,3321603.0,27640291328.0,27640291328.0,1301730048.0
mbpo_pickcube_20261007T143410_ba2d6827,PickCube-v1,mbpo,policy_gradient_steps,230000,235000,policy_q_min_mean,all_update_events_exact_quantiles,5000,0,-3389.543694909668,-3506.53955078125,-1371.7924072265623,-1142.608310546875,-8297.533203125,-808.653564453125,8297.533203125,-5560.681640625
mbpo_pickcube_20261007T143410_ba2d6827,PickCube-v1,mbpo,policy_gradient_steps,230000,235000,alpha,all_update_events_exact_quantiles,5000,0,11.539963554191589,12.17244577407837,14.012361478805541,14.123083429336548,7.686613082885742,14.177745819091797,14.177745819091797,13.93093204498291
mbpo_pickcube_20261007T143410_ba2d6827,PickCube-v1,mbpo,policy_gradient_steps,230000,235000,alpha_loss,all_update_events_exact_quantiles,5000,0,-1.046544052261114,-0.9369579553604126,2.6538472652435314,3.877272810935982,-13.396392822265625,5.639557838439941,13.396392822265625,-4.273653507232666
mbpo_pickcube_20261007T143410_ba2d6827,PickCube-v1,mbpo,policy_gradient_steps,230000,235000,entropy_estimate,all_update_events_exact_quantiles,5000,0,-4.100924149799347,-4.082196235656738,-3.779886031150818,-3.650380702018737,-5.199126720428467,-3.363295078277588,5.199126720428467,-4.306849479675293
mbpo_pickcube_20261007T143410_ba2d6827,PickCube-v1,mbpo,real_env_steps,470000,480000,actor_loss,all_update_events_exact_quantiles,5008,0,5872.617008928293,5585.662353515625,8743.198632812499,10394.163671875,3019.13818359375,14061.3984375,14061.3984375,7818.5107421875
mbpo_pickcube_20261007T143410_ba2d6827,PickCube-v1,mbpo,real_env_steps,470000,480000,critic_loss,all_update_events_exact_quantiles,5008,0,1964886574.5810702,462009584.0,8513403955.199996,27991024250.880093,25856384.0,85790162944.0,85790162944.0,511099520.0
mbpo_pickcube_20261007T143410_ba2d6827,PickCube-v1,mbpo,real_env_steps,470000,480000,policy_q_min_mean,all_update_events_exact_quantiles,5008,0,-5799.710674541827,-5510.29638671875,-3801.853674316407,-3421.6588330078116,-13945.58984375,-2967.4951171875,13945.58984375,-7689.1220703125
mbpo_pickcube_20261007T143410_ba2d6827,PickCube-v1,mbpo,real_env_steps,470000,480000,alpha,all_update_events_exact_quantiles,5008,0,17.706050785014423,15.335520267486572,27.342853069305416,29.384705886840823,13.16096305847168,29.713891983032227,29.713891983032227,29.713891983032227
mbpo_pickcube_20261007T143410_ba2d6827,PickCube-v1,mbpo,real_env_steps,470000,480000,alpha_loss,all_update_events_exact_quantiles,5008,0,-2.095355725339867,-1.438267707824707,2.8364869117736817,4.4416352605819736,-28.799495697021484,8.105250358581543,28.799495697021484,-10.573532104492188
mbpo_pickcube_20261007T143410_ba2d6827,PickCube-v1,mbpo,real_env_steps,470000,480000,entropy_estimate,all_update_events_exact_quantiles,5008,0,-4.1015978787368095,-4.085460901260376,-3.814437782764435,-3.720262491703033,-5.004971504211426,-3.5997090339660645,5.004971504211426,-4.355964660644531
mbpo_pickcube_20261007T143410_ba2d6827,PickCube-v1,mbpo,policy_gradient_steps,235000,240000,actor_loss,all_update_events_exact_quantiles,5000,0,7341.666128222656,7101.81201171875,10607.98681640625,12698.473388671882,3160.28662109375,15676.580078125,15676.580078125,7977.734375
mbpo_pickcube_20261007T143410_ba2d6827,PickCube-v1,mbpo,policy_gradient_steps,235000,240000,critic_loss,all_update_events_exact_quantiles,5000,0,2920161278.1408,837003808.0,14281426380.800001,35324779601.92012,37211200.0,85790162944.0,85790162944.0,946385792.0
mbpo_pickcube_20261007T143410_ba2d6827,PickCube-v1,mbpo,policy_gradient_steps,235000,240000,policy_q_min_mean,all_update_events_exact_quantiles,5000,0,-7237.087205566406,-7002.909423828125,-4716.666406249999,-4053.259602050779,-15534.6455078125,-3106.2880859375,15534.6455078125,-7831.521484375
mbpo_pickcube_20261007T143410_ba2d6827,PickCube-v1,mbpo,policy_gradient_steps,235000,240000,alpha,all_update_events_exact_quantiles,5000,0,25.42981770019531,24.26618480682373,35.4045913696289,35.84300235748291,13.902546882629395,36.164974212646484,36.164974212646484,36.164974212646484
mbpo_pickcube_20261007T143410_ba2d6827,PickCube-v1,mbpo,policy_gradient_steps,235000,240000,alpha_loss,all_update_events_exact_quantiles,5000,0,-2.8774388049960136,-2.5626074075698853,5.665982389450074,11.77956022262574,-29.74300193786621,22.182960510253906,29.74300193786621,-1.6415064334869385
mbpo_pickcube_20261007T143410_ba2d6827,PickCube-v1,mbpo,policy_gradient_steps,235000,240000,entropy_estimate,all_update_events_exact_quantiles,5000,0,-4.121144613170624,-4.113026142120361,-3.8047212839126585,-3.6581602287292476,-5.004971504211426,-3.372192859649658,5.004971504211426,-4.045417308807373
mbpo_pickcube_20261007T143410_ba2d6827,PickCube-v1,mbpo,real_env_steps,480000,490000,actor_loss,all_update_events_exact_quantiles,4992,0,9470.397573617789,9293.48876953125,13420.9943359375,15695.678173828124,4213.26806640625,20235.59765625,20235.59765625,10301.671875
mbpo_pickcube_20261007T143410_ba2d6827,PickCube-v1,mbpo,real_env_steps,480000,490000,critic_loss,all_update_events_exact_quantiles,4992,0,4226378427.50641,1384830144.0,18785750323.199997,44296787845.120094,79291344.0,97084784640.0,97084784640.0,20185468928.0
mbpo_pickcube_20261007T143410_ba2d6827,PickCube-v1,mbpo,real_env_steps,480000,490000,policy_q_min_mean,all_update_events_exact_quantiles,4992,0,-9310.568755223201,-9132.8369140625,-6142.23134765625,-5339.716513671874,-20038.6015625,-4073.46044921875,20038.6015625,-10096.7470703125
mbpo_pickcube_20261007T143410_ba2d6827,PickCube-v1,mbpo,real_env_steps,480000,490000,alpha,all_update_events_exact_quantiles,4992,0,39.333424357649605,41.66828727722168,46.38085803985596,47.32533912658691,29.72377586364746,47.827880859375,47.827880859375,47.827880859375
mbpo_pickcube_20261007T143410_ba2d6827,PickCube-v1,mbpo,real_env_steps,480000,490000,alpha_loss,all_update_events_exact_quantiles,4992,0,-2.5096315770971183,-2.1976479291915894,10.867765712738034,15.857275714874277,-48.57953643798828,22.182960510253906,48.57953643798828,-13.67444896697998
mbpo_pickcube_20261007T143410_ba2d6827,PickCube-v1,mbpo,real_env_steps,480000,490000,entropy_estimate,all_update_events_exact_quantiles,4992,0,-4.066102453817924,-4.0579869747161865,-3.7346757888793944,-3.613236138820648,-5.069114685058594,-3.372192859649658,5.069114685058594,-4.286001205444336
mbpo_pickcube_20261007T143410_ba2d6827,PickCube-v1,mbpo,policy_gradient_steps,240000,245000,actor_loss,all_update_events_exact_quantiles,5000,0,9755.496992919921,9534.81494140625,13691.797607421875,16241.506953125006,3663.378173828125,20235.59765625,20235.59765625,8409.0
mbpo_pickcube_20261007T143410_ba2d6827,PickCube-v1,mbpo,policy_gradient_steps,240000,245000,critic_loss,all_update_events_exact_quantiles,5000,0,4744451964.192,1560376256.0,21855196774.400032,48598741729.28027,122551552.0,97084784640.0,97084784640.0,588779904.0
mbpo_pickcube_20261007T143410_ba2d6827,PickCube-v1,mbpo,policy_gradient_steps,240000,245000,policy_q_min_mean,all_update_events_exact_quantiles,5000,0,-9555.722045019531,-9344.0166015625,-6230.829858398437,-5222.4998632812485,-20038.6015625,-3384.74609375,20038.6015625,-8152.35498046875
mbpo_pickcube_20261007T143410_ba2d6827,PickCube-v1,mbpo,policy_gradient_steps,240000,245000,alpha,all_update_events_exact_quantiles,5000,0,49.183453412628175,45.486907958984375,66.71228828430176,67.92650764465333,36.18632125854492,67.9956283569336,67.9956283569336,60.053443908691406
mbpo_pickcube_20261007T143410_ba2d6827,PickCube-v1,mbpo,policy_gradient_steps,240000,245000,alpha_loss,all_update_events_exact_quantiles,5000,0,-3.060245078879595,-2.843989133834839,21.001791286468556,46.40182674407959,-94.31515502929688,71.60431671142578,94.31515502929688,-16.501907348632812
mbpo_pickcube_20261007T143410_ba2d6827,PickCube-v1,mbpo,policy_gradient_steps,240000,245000,entropy_estimate,all_update_events_exact_quantiles,5000,0,-4.067039835214615,-4.060611009597778,-3.623260116577148,-3.280388541221617,-5.494292736053467,-2.9199414253234863,5.494292736053467,-4.274867534637451
mbpo_pickcube_20261007T143410_ba2d6827,PickCube-v1,mbpo,real_env_steps,490000,500000,actor_loss,all_update_events_exact_quantiles,5008,0,7564.578110667463,7345.5498046875,12183.626708984375,14605.265517578126,740.22802734375,19076.662109375,19076.662109375,7036.0908203125
mbpo_pickcube_20261007T143410_ba2d6827,PickCube-v1,mbpo,real_env_steps,490000,500000,critic_loss,all_update_events_exact_quantiles,5008,0,3875479122.611821,1220267008.0,17032038348.799978,43014424494.08005,95356720.0,116379779072.0,116379779072.0,3760420352.0
mbpo_pickcube_20261007T143410_ba2d6827,PickCube-v1,mbpo,real_env_steps,490000,500000,policy_q_min_mean,all_update_events_exact_quantiles,5008,0,-7322.415268236837,-7096.904296875,-3629.6620483398447,-2592.2436743164017,-18837.34375,-532.6695556640625,18837.34375,-6808.72216796875
mbpo_pickcube_20261007T143410_ba2d6827,PickCube-v1,mbpo,real_env_steps,490000,500000,alpha,all_update_events_exact_quantiles,5008,0,60.380078110831995,60.06872367858887,69.02586364746094,70.03203659057617,47.58916473388672,70.37761688232422,70.37761688232422,55.97014617919922
mbpo_pickcube_20261007T143410_ba2d6827,PickCube-v1,mbpo,real_env_steps,490000,500000,alpha_loss,all_update_events_exact_quantiles,5008,0,-0.6490409774854541,0.6240309476852417,33.50384140014646,49.28819099426272,-94.31515502929688,71.60431671142578,94.31515502929688,-3.49019193649292
mbpo_pickcube_20261007T143410_ba2d6827,PickCube-v1,mbpo,real_env_steps,490000,500000,entropy_estimate,all_update_events_exact_quantiles,5008,0,-4.014169991873324,-3.9895472526550293,-3.4673517584800733,-3.247556543350219,-5.494292736053467,-2.9199414253234863,5.494292736053467,-4.062358856201172
mbpo_pickcube_20261007T143410_ba2d6827,PickCube-v1,mbpo,policy_gradient_steps,245000,250000,actor_loss,all_update_events_exact_quantiles,3016,0,6580.768872410296,6258.85400390625,10969.143798828125,13093.168115234374,740.22802734375,17708.1328125,17708.1328125,7036.0908203125
mbpo_pickcube_20261007T143410_ba2d6827,PickCube-v1,mbpo,policy_gradient_steps,245000,250000,critic_loss,all_update_events_exact_quantiles,3016,0,3363850923.4456234,1079765952.0,13713613824.0,36232687820.799995,95356720.0,116379779072.0,116379779072.0,3760420352.0
mbpo_pickcube_20261007T143410_ba2d6827,PickCube-v1,mbpo,policy_gradient_steps,245000,250000,policy_q_min_mean,all_update_events_exact_quantiles,3016,0,-6334.136504803159,-6001.93798828125,-3258.9734497070312,-2329.153076171878,-17404.568359375,-532.6695556640625,17404.568359375,-6808.72216796875
mbpo_pickcube_20261007T143410_ba2d6827,PickCube-v1,mbpo,policy_gradient_steps,245000,250000,alpha,all_update_events_exact_quantiles,3016,0,61.9813761736417,61.76239013671875,69.525390625,70.21748886108398,54.35171890258789,70.37761688232422,70.37761688232422,55.97014617919922
mbpo_pickcube_20261007T143410_ba2d6827,PickCube-v1,mbpo,policy_gradient_steps,245000,250000,alpha_loss,all_update_events_exact_quantiles,3016,0,1.298543215410621,3.64077091217041,30.983344554901123,42.98906116485593,-83.84282684326172,60.17811965942383,83.84282684326172,-3.49019193649292
mbpo_pickcube_20261007T143410_ba2d6827,PickCube-v1,mbpo,policy_gradient_steps,245000,250000,entropy_estimate,all_update_events_exact_quantiles,3016,0,-3.977327169726951,-3.939687132835388,-3.5036433935165405,-3.3389802575111394,-5.367108345031738,-3.089625358581543,5.367108345031738,-4.062358856201172
mbpo_pickcube_20261007T143410_ba2d6827,PickCube-v1,mbpo,real_env_steps,0,10000,train_episode/episode_return,raw_finished_episodes,192,0,2.380395451304205,2.3734827036969364,4.312400131579487,4.695877079479397,0.4497569273225963,4.971496779471636,4.971496779471636,3.6219876520335674
mbpo_pickcube_20261007T143410_ba2d6827,PickCube-v1,mbpo,real_env_steps,0,10000,train_episode/episode_length,raw_finished_episodes,192,0,50.0,50.0,50.0,50.0,50.0,50.0,50.0,50.0
mbpo_pickcube_20261007T143410_ba2d6827,PickCube-v1,mbpo,real_env_steps,0,10000,train_episode/success_once,raw_finished_episodes,192,0,0.0,0.0,0.0,0.0,0.0,0.0,0.0,0.0
mbpo_pickcube_20261007T143410_ba2d6827,PickCube-v1,mbpo,real_env_steps,0,10000,train_episode/success_at_end,raw_finished_episodes,192,0,0.0,0.0,0.0,0.0,0.0,0.0,0.0,0.0
mbpo_pickcube_20261007T143410_ba2d6827,PickCube-v1,mbpo,real_env_steps,10000,20000,train_episode/episode_return,raw_finished_episodes,192,0,2.363119334731479,2.265084777591632,4.344643869623542,4.906259646825493,0.3675807521212846,6.4649408012628555,6.4649408012628555,2.5234822193160653
mbpo_pickcube_20261007T143410_ba2d6827,PickCube-v1,mbpo,real_env_steps,10000,20000,train_episode/episode_length,raw_finished_episodes,192,0,50.0,50.0,50.0,50.0,50.0,50.0,50.0,50.0
mbpo_pickcube_20261007T143410_ba2d6827,PickCube-v1,mbpo,real_env_steps,10000,20000,train_episode/success_once,raw_finished_episodes,192,0,0.0,0.0,0.0,0.0,0.0,0.0,0.0,0.0
mbpo_pickcube_20261007T143410_ba2d6827,PickCube-v1,mbpo,real_env_steps,10000,20000,train_episode/success_at_end,raw_finished_episodes,192,0,0.0,0.0,0.0,0.0,0.0,0.0,0.0,0.0
mbpo_pickcube_20261007T143410_ba2d6827,PickCube-v1,mbpo,real_env_steps,20000,30000,train_episode/episode_return,raw_finished_episodes,192,0,2.0062023395667476,1.8442382992943749,4.4718989416491235,4.924539645519108,0.24524393277533818,5.391992559656501,5.391992559656501,1.3455517425391008
mbpo_pickcube_20261007T143410_ba2d6827,PickCube-v1,mbpo,real_env_steps,20000,30000,train_episode/episode_length,raw_finished_episodes,192,0,50.0,50.0,50.0,50.0,50.0,50.0,50.0,50.0
mbpo_pickcube_20261007T143410_ba2d6827,PickCube-v1,mbpo,real_env_steps,20000,30000,train_episode/success_once,raw_finished_episodes,192,0,0.0,0.0,0.0,0.0,0.0,0.0,0.0,0.0
mbpo_pickcube_20261007T143410_ba2d6827,PickCube-v1,mbpo,real_env_steps,20000,30000,train_episode/success_at_end,raw_finished_episodes,192,0,0.0,0.0,0.0,0.0,0.0,0.0,0.0,0.0
mbpo_pickcube_20261007T143410_ba2d6827,PickCube-v1,mbpo,real_env_steps,30000,40000,train_episode/episode_return,raw_finished_episodes,224,0,0.7997513305521495,0.6071874830868182,2.183328307699412,3.0191596386668174,0.1104747559341206,4.417311864905059,4.417311864905059,0.28373009405601124
mbpo_pickcube_20261007T143410_ba2d6827,PickCube-v1,mbpo,real_env_steps,30000,40000,train_episode/episode_length,raw_finished_episodes,224,0,50.0,50.0,50.0,50.0,50.0,50.0,50.0,50.0
mbpo_pickcube_20261007T143410_ba2d6827,PickCube-v1,mbpo,real_env_steps,30000,40000,train_episode/success_once,raw_finished_episodes,224,0,0.0,0.0,0.0,0.0,0.0,0.0,0.0,0.0
mbpo_pickcube_20261007T143410_ba2d6827,PickCube-v1,mbpo,real_env_steps,30000,40000,train_episode/success_at_end,raw_finished_episodes,224,0,0.0,0.0,0.0,0.0,0.0,0.0,0.0,0.0
mbpo_pickcube_20261007T143410_ba2d6827,PickCube-v1,mbpo,real_env_steps,40000,50000,train_episode/episode_return,raw_finished_episodes,192,0,0.8257003023964299,0.6104849501862191,2.2900458606483878,3.0319992030411975,0.1262708451904473,3.5714305811561644,3.5714305811561644,0.791335425892612
mbpo_pickcube_20261007T143410_ba2d6827,PickCube-v1,mbpo,real_env_steps,40000,50000,train_episode/episode_length,raw_finished_episodes,192,0,50.0,50.0,50.0,50.0,50.0,50.0,50.0,50.0
mbpo_pickcube_20261007T143410_ba2d6827,PickCube-v1,mbpo,real_env_steps,40000,50000,train_episode/success_once,raw_finished_episodes,192,0,0.0,0.0,0.0,0.0,0.0,0.0,0.0,0.0
mbpo_pickcube_20261007T143410_ba2d6827,PickCube-v1,mbpo,real_env_steps,40000,50000,train_episode/success_at_end,raw_finished_episodes,192,0,0.0,0.0,0.0,0.0,0.0,0.0,0.0,0.0
mbpo_pickcube_20261007T143410_ba2d6827,PickCube-v1,mbpo,real_env_steps,50000,60000,train_episode/episode_return,raw_finished_episodes,192,0,0.47441889894979045,0.3929821524975523,1.0876547745341667,1.4985590649809464,0.13411474425311098,1.9453134125412817,1.9453134125412817,0.6379733859794214
mbpo_pickcube_20261007T143410_ba2d6827,PickCube-v1,mbpo,real_env_steps,50000,60000,train_episode/episode_length,raw_finished_episodes,192,0,50.0,50.0,50.0,50.0,50.0,50.0,50.0,50.0
mbpo_pickcube_20261007T143410_ba2d6827,PickCube-v1,mbpo,real_env_steps,50000,60000,train_episode/success_once,raw_finished_episodes,192,0,0.0,0.0,0.0,0.0,0.0,0.0,0.0,0.0
mbpo_pickcube_20261007T143410_ba2d6827,PickCube-v1,mbpo,real_env_steps,50000,60000,train_episode/success_at_end,raw_finished_episodes,192,0,0.0,0.0,0.0,0.0,0.0,0.0,0.0,0.0
mbpo_pickcube_20261007T143410_ba2d6827,PickCube-v1,mbpo,real_env_steps,60000,70000,train_episode/episode_return,raw_finished_episodes,192,0,0.6383690010669011,0.47049503361176903,1.5037834811922948,2.643725438746624,0.14991190550153988,2.9642485785880126,2.9642485785880126,0.5140737745969091
mbpo_pickcube_20261007T143410_ba2d6827,PickCube-v1,mbpo,real_env_steps,60000,70000,train_episode/episode_length,raw_finished_episodes,192,0,50.0,50.0,50.0,50.0,50.0,50.0,50.0,50.0
mbpo_pickcube_20261007T143410_ba2d6827,PickCube-v1,mbpo,real_env_steps,60000,70000,train_episode/success_once,raw_finished_episodes,192,0,0.0,0.0,0.0,0.0,0.0,0.0,0.0,0.0
mbpo_pickcube_20261007T143410_ba2d6827,PickCube-v1,mbpo,real_env_steps,60000,70000,train_episode/success_at_end,raw_finished_episodes,192,0,0.0,0.0,0.0,0.0,0.0,0.0,0.0,0.0
mbpo_pickcube_20261007T143410_ba2d6827,PickCube-v1,mbpo,real_env_steps,70000,80000,train_episode/episode_return,raw_finished_episodes,224,0,0.9530338500369057,0.6274622324872325,2.615798614663072,3.2635480299405777,0.1501106662831262,4.563490908592939,4.563490908592939,0.7059574251870799
mbpo_pickcube_20261007T143410_ba2d6827,PickCube-v1,mbpo,real_env_steps,70000,80000,train_episode/episode_length,raw_finished_episodes,224,0,50.0,50.0,50.0,50.0,50.0,50.0,50.0,50.0
mbpo_pickcube_20261007T143410_ba2d6827,PickCube-v1,mbpo,real_env_steps,70000,80000,train_episode/success_once,raw_finished_episodes,224,0,0.004464285714285714,0.0,0.0,0.0,0.0,1.0,1.0,0.0
mbpo_pickcube_20261007T143410_ba2d6827,PickCube-v1,mbpo,real_env_steps,70000,80000,train_episode/success_at_end,raw_finished_episodes,224,0,0.0,0.0,0.0,0.0,0.0,0.0,0.0,0.0
mbpo_pickcube_20261007T143410_ba2d6827,PickCube-v1,mbpo,real_env_steps,80000,90000,train_episode/episode_return,raw_finished_episodes,192,0,1.5605649806179531,1.171359895306523,4.009088926389812,5.40627792786807,0.1918217815200478,5.919558182358742,5.919558182358742,1.1423550830222666
mbpo_pickcube_20261007T143410_ba2d6827,PickCube-v1,mbpo,real_env_steps,80000,90000,train_episode/episode_length,raw_finished_episodes,192,0,50.0,50.0,50.0,50.0,50.0,50.0,50.0,50.0
mbpo_pickcube_20261007T143410_ba2d6827,PickCube-v1,mbpo,real_env_steps,80000,90000,train_episode/success_once,raw_finished_episodes,192,0,0.0,0.0,0.0,0.0,0.0,0.0,0.0,0.0
mbpo_pickcube_20261007T143410_ba2d6827,PickCube-v1,mbpo,real_env_steps,80000,90000,train_episode/success_at_end,raw_finished_episodes,192,0,0.0,0.0,0.0,0.0,0.0,0.0,0.0,0.0
mbpo_pickcube_20261007T143410_ba2d6827,PickCube-v1,mbpo,real_env_steps,90000,100000,train_episode/episode_return,raw_finished_episodes,192,0,1.4269360668718063,1.1832012956803322,3.7084054787643255,4.707951459996403,0.13613541370432358,5.332497959956527,5.332497959956527,1.8534967464324703
mbpo_pickcube_20261007T143410_ba2d6827,PickCube-v1,mbpo,real_env_steps,90000,100000,train_episode/episode_length,raw_finished_episodes,192,0,50.0,50.0,50.0,50.0,50.0,50.0,50.0,50.0
mbpo_pickcube_20261007T143410_ba2d6827,PickCube-v1,mbpo,real_env_steps,90000,100000,train_episode/success_once,raw_finished_episodes,192,0,0.0,0.0,0.0,0.0,0.0,0.0,0.0,0.0
mbpo_pickcube_20261007T143410_ba2d6827,PickCube-v1,mbpo,real_env_steps,90000,100000,train_episode/success_at_end,raw_finished_episodes,192,0,0.0,0.0,0.0,0.0,0.0,0.0,0.0,0.0
mbpo_pickcube_20261007T143410_ba2d6827,PickCube-v1,mbpo,real_env_steps,100000,110000,train_episode/episode_return,raw_finished_episodes,192,0,2.4484397085912293,2.3788342233747244,4.237132044696454,4.682403099499644,0.3266498961479556,5.384681025519967,5.384681025519967,2.852649417705834
mbpo_pickcube_20261007T143410_ba2d6827,PickCube-v1,mbpo,real_env_steps,100000,110000,train_episode/episode_length,raw_finished_episodes,192,0,50.0,50.0,50.0,50.0,50.0,50.0,50.0,50.0
mbpo_pickcube_20261007T143410_ba2d6827,PickCube-v1,mbpo,real_env_steps,100000,110000,train_episode/success_once,raw_finished_episodes,192,0,0.0,0.0,0.0,0.0,0.0,0.0,0.0,0.0
mbpo_pickcube_20261007T143410_ba2d6827,PickCube-v1,mbpo,real_env_steps,100000,110000,train_episode/success_at_end,raw_finished_episodes,192,0,0.0,0.0,0.0,0.0,0.0,0.0,0.0,0.0
mbpo_pickcube_20261007T143410_ba2d6827,PickCube-v1,mbpo,real_env_steps,110000,120000,train_episode/episode_return,raw_finished_episodes,224,0,3.003460594045152,2.9528518933802843,4.957703314721584,5.493801651261747,0.6464412413770333,6.540160581469536,6.540160581469536,2.2988753733225167
mbpo_pickcube_20261007T143410_ba2d6827,PickCube-v1,mbpo,real_env_steps,110000,120000,train_episode/episode_length,raw_finished_episodes,224,0,50.0,50.0,50.0,50.0,50.0,50.0,50.0,50.0
mbpo_pickcube_20261007T143410_ba2d6827,PickCube-v1,mbpo,real_env_steps,110000,120000,train_episode/success_once,raw_finished_episodes,224,0,0.004464285714285714,0.0,0.0,0.0,0.0,1.0,1.0,0.0
mbpo_pickcube_20261007T143410_ba2d6827,PickCube-v1,mbpo,real_env_steps,110000,120000,train_episode/success_at_end,raw_finished_episodes,224,0,0.0,0.0,0.0,0.0,0.0,0.0,0.0,0.0
mbpo_pickcube_20261007T143410_ba2d6827,PickCube-v1,mbpo,real_env_steps,120000,130000,train_episode/episode_return,raw_finished_episodes,192,0,3.1648822220353465,3.216396108677145,4.858600967563689,5.2808743938058615,0.6246803768444806,5.922899059951305,5.922899059951305,4.275807254016399
mbpo_pickcube_20261007T143410_ba2d6827,PickCube-v1,mbpo,real_env_steps,120000,130000,train_episode/episode_length,raw_finished_episodes,192,0,50.0,50.0,50.0,50.0,50.0,50.0,50.0,50.0
mbpo_pickcube_20261007T143410_ba2d6827,PickCube-v1,mbpo,real_env_steps,120000,130000,train_episode/success_once,raw_finished_episodes,192,0,0.0,0.0,0.0,0.0,0.0,0.0,0.0,0.0
mbpo_pickcube_20261007T143410_ba2d6827,PickCube-v1,mbpo,real_env_steps,120000,130000,train_episode/success_at_end,raw_finished_episodes,192,0,0.0,0.0,0.0,0.0,0.0,0.0,0.0,0.0
mbpo_pickcube_20261007T143410_ba2d6827,PickCube-v1,mbpo,real_env_steps,130000,140000,train_episode/episode_return,raw_finished_episodes,192,0,3.6086755453686656,3.5531811820110306,5.83182305395603,6.164137261882426,0.7452345893239496,6.842709328979254,6.842709328979254,5.745299320667982
mbpo_pickcube_20261007T143410_ba2d6827,PickCube-v1,mbpo,real_env_steps,130000,140000,train_episode/episode_length,raw_finished_episodes,192,0,50.0,50.0,50.0,50.0,50.0,50.0,50.0,50.0
mbpo_pickcube_20261007T143410_ba2d6827,PickCube-v1,mbpo,real_env_steps,130000,140000,train_episode/success_once,raw_finished_episodes,192,0,0.0,0.0,0.0,0.0,0.0,0.0,0.0,0.0
mbpo_pickcube_20261007T143410_ba2d6827,PickCube-v1,mbpo,real_env_steps,130000,140000,train_episode/success_at_end,raw_finished_episodes,192,0,0.0,0.0,0.0,0.0,0.0,0.0,0.0,0.0
mbpo_pickcube_20261007T143410_ba2d6827,PickCube-v1,mbpo,real_env_steps,140000,150000,train_episode/episode_return,raw_finished_episodes,192,0,3.6117325865425407,3.6546022184193134,5.412986508756876,6.140301365256311,0.609021672606116,9.300863027572632,9.300863027572632,4.186773342546076
mbpo_pickcube_20261007T143410_ba2d6827,PickCube-v1,mbpo,real_env_steps,140000,150000,train_episode/episode_length,raw_finished_episodes,192,0,50.0,50.0,50.0,50.0,50.0,50.0,50.0,50.0
mbpo_pickcube_20261007T143410_ba2d6827,PickCube-v1,mbpo,real_env_steps,140000,150000,train_episode/success_once,raw_finished_episodes,192,0,0.0,0.0,0.0,0.0,0.0,0.0,0.0,0.0
mbpo_pickcube_20261007T143410_ba2d6827,PickCube-v1,mbpo,real_env_steps,140000,150000,train_episode/success_at_end,raw_finished_episodes,192,0,0.0,0.0,0.0,0.0,0.0,0.0,0.0,0.0
mbpo_pickcube_20261007T143410_ba2d6827,PickCube-v1,mbpo,real_env_steps,150000,160000,train_episode/episode_return,raw_finished_episodes,224,0,4.11102901384352,4.279492050409317,6.400466193072497,7.856190100386739,0.5910220872400274,8.254844032227993,8.254844032227993,5.823004972189665
mbpo_pickcube_20261007T143410_ba2d6827,PickCube-v1,mbpo,real_env_steps,150000,160000,train_episode/episode_length,raw_finished_episodes,224,0,50.0,50.0,50.0,50.0,50.0,50.0,50.0,50.0
mbpo_pickcube_20261007T143410_ba2d6827,PickCube-v1,mbpo,real_env_steps,150000,160000,train_episode/success_once,raw_finished_episodes,224,0,0.0,0.0,0.0,0.0,0.0,0.0,0.0,0.0
mbpo_pickcube_20261007T143410_ba2d6827,PickCube-v1,mbpo,real_env_steps,150000,160000,train_episode/success_at_end,raw_finished_episodes,224,0,0.0,0.0,0.0,0.0,0.0,0.0,0.0,0.0
mbpo_pickcube_20261007T143410_ba2d6827,PickCube-v1,mbpo,real_env_steps,160000,170000,train_episode/episode_return,raw_finished_episodes,192,0,4.159354687644984,4.237322076223791,7.003448663093146,9.04845660403371,0.5806504362029843,15.31423531472683,15.31423531472683,5.639806039631367
mbpo_pickcube_20261007T143410_ba2d6827,PickCube-v1,mbpo,real_env_steps,160000,170000,train_episode/episode_length,raw_finished_episodes,192,0,50.0,50.0,50.0,50.0,50.0,50.0,50.0,50.0
mbpo_pickcube_20261007T143410_ba2d6827,PickCube-v1,mbpo,real_env_steps,160000,170000,train_episode/success_once,raw_finished_episodes,192,0,0.0,0.0,0.0,0.0,0.0,0.0,0.0,0.0
mbpo_pickcube_20261007T143410_ba2d6827,PickCube-v1,mbpo,real_env_steps,160000,170000,train_episode/success_at_end,raw_finished_episodes,192,0,0.0,0.0,0.0,0.0,0.0,0.0,0.0,0.0
mbpo_pickcube_20261007T143410_ba2d6827,PickCube-v1,mbpo,real_env_steps,170000,180000,train_episode/episode_return,raw_finished_episodes,192,0,4.445221954860582,4.747051816899329,7.681925839185714,8.600711986832321,0.6453685600789143,11.173843126744032,11.173843126744032,7.09335370361805
mbpo_pickcube_20261007T143410_ba2d6827,PickCube-v1,mbpo,real_env_steps,170000,180000,train_episode/episode_length,raw_finished_episodes,192,0,50.0,50.0,50.0,50.0,50.0,50.0,50.0,50.0
mbpo_pickcube_20261007T143410_ba2d6827,PickCube-v1,mbpo,real_env_steps,170000,180000,train_episode/success_once,raw_finished_episodes,192,0,0.0,0.0,0.0,0.0,0.0,0.0,0.0,0.0
mbpo_pickcube_20261007T143410_ba2d6827,PickCube-v1,mbpo,real_env_steps,170000,180000,train_episode/success_at_end,raw_finished_episodes,192,0,0.0,0.0,0.0,0.0,0.0,0.0,0.0,0.0
mbpo_pickcube_20261007T143410_ba2d6827,PickCube-v1,mbpo,real_env_steps,180000,190000,train_episode/episode_return,raw_finished_episodes,192,0,5.077408583481408,5.275864787399769,8.453839153796434,9.725210728868841,0.7596094719257183,9.92276405976736,9.92276405976736,9.725182421505451
mbpo_pickcube_20261007T143410_ba2d6827,PickCube-v1,mbpo,real_env_steps,180000,190000,train_episode/episode_length,raw_finished_episodes,192,0,50.0,50.0,50.0,50.0,50.0,50.0,50.0,50.0
mbpo_pickcube_20261007T143410_ba2d6827,PickCube-v1,mbpo,real_env_steps,180000,190000,train_episode/success_once,raw_finished_episodes,192,0,0.0,0.0,0.0,0.0,0.0,0.0,0.0,0.0
mbpo_pickcube_20261007T143410_ba2d6827,PickCube-v1,mbpo,real_env_steps,180000,190000,train_episode/success_at_end,raw_finished_episodes,192,0,0.0,0.0,0.0,0.0,0.0,0.0,0.0,0.0
mbpo_pickcube_20261007T143410_ba2d6827,PickCube-v1,mbpo,real_env_steps,190000,200000,train_episode/episode_return,raw_finished_episodes,224,0,6.285536534446586,6.3272186951944605,10.47360008843243,13.426588898673655,0.6160296890373989,17.61616986617446,17.61616986617446,4.056920297909528
mbpo_pickcube_20261007T143410_ba2d6827,PickCube-v1,mbpo,real_env_steps,190000,200000,train_episode/episode_length,raw_finished_episodes,224,0,50.0,50.0,50.0,50.0,50.0,50.0,50.0,50.0
mbpo_pickcube_20261007T143410_ba2d6827,PickCube-v1,mbpo,real_env_steps,190000,200000,train_episode/success_once,raw_finished_episodes,224,0,0.0,0.0,0.0,0.0,0.0,0.0,0.0,0.0
mbpo_pickcube_20261007T143410_ba2d6827,PickCube-v1,mbpo,real_env_steps,190000,200000,train_episode/success_at_end,raw_finished_episodes,224,0,0.0,0.0,0.0,0.0,0.0,0.0,0.0,0.0
mbpo_pickcube_20261007T143410_ba2d6827,PickCube-v1,mbpo,real_env_steps,200000,210000,train_episode/episode_return,raw_finished_episodes,192,0,7.350282265390544,7.125762781128287,15.338031943514926,18.563423829823734,0.6543025467802268,19.47955123335123,19.47955123335123,5.324244536459446
mbpo_pickcube_20261007T143410_ba2d6827,PickCube-v1,mbpo,real_env_steps,200000,210000,train_episode/episode_length,raw_finished_episodes,192,0,50.0,50.0,50.0,50.0,50.0,50.0,50.0,50.0
mbpo_pickcube_20261007T143410_ba2d6827,PickCube-v1,mbpo,real_env_steps,200000,210000,train_episode/success_once,raw_finished_episodes,192,0,0.0,0.0,0.0,0.0,0.0,0.0,0.0,0.0
mbpo_pickcube_20261007T143410_ba2d6827,PickCube-v1,mbpo,real_env_steps,200000,210000,train_episode/success_at_end,raw_finished_episodes,192,0,0.0,0.0,0.0,0.0,0.0,0.0,0.0,0.0
mbpo_pickcube_20261007T143410_ba2d6827,PickCube-v1,mbpo,real_env_steps,210000,220000,train_episode/episode_return,raw_finished_episodes,192,0,7.823377248435584,7.165622574277222,17.032378343702295,18.931480037122967,0.6632282288839209,20.329207234084606,20.329207234084606,8.4468352496624
mbpo_pickcube_20261007T143410_ba2d6827,PickCube-v1,mbpo,real_env_steps,210000,220000,train_episode/episode_length,raw_finished_episodes,192,0,50.0,50.0,50.0,50.0,50.0,50.0,50.0,50.0
mbpo_pickcube_20261007T143410_ba2d6827,PickCube-v1,mbpo,real_env_steps,210000,220000,train_episode/success_once,raw_finished_episodes,192,0,0.0,0.0,0.0,0.0,0.0,0.0,0.0,0.0
mbpo_pickcube_20261007T143410_ba2d6827,PickCube-v1,mbpo,real_env_steps,210000,220000,train_episode/success_at_end,raw_finished_episodes,192,0,0.0,0.0,0.0,0.0,0.0,0.0,0.0,0.0
mbpo_pickcube_20261007T143410_ba2d6827,PickCube-v1,mbpo,real_env_steps,220000,230000,train_episode/episode_return,raw_finished_episodes,192,0,9.013716690264973,7.583535671234131,18.28786790333688,19.035677939355374,0.7211045219561596,19.152723647654057,19.152723647654057,6.969029895961285
mbpo_pickcube_20261007T143410_ba2d6827,PickCube-v1,mbpo,real_env_steps,220000,230000,train_episode/episode_length,raw_finished_episodes,192,0,50.0,50.0,50.0,50.0,50.0,50.0,50.0,50.0
mbpo_pickcube_20261007T143410_ba2d6827,PickCube-v1,mbpo,real_env_steps,220000,230000,train_episode/success_once,raw_finished_episodes,192,0,0.0,0.0,0.0,0.0,0.0,0.0,0.0,0.0
mbpo_pickcube_20261007T143410_ba2d6827,PickCube-v1,mbpo,real_env_steps,220000,230000,train_episode/success_at_end,raw_finished_episodes,192,0,0.0,0.0,0.0,0.0,0.0,0.0,0.0,0.0
mbpo_pickcube_20261007T143410_ba2d6827,PickCube-v1,mbpo,real_env_steps,230000,240000,train_episode/episode_return,raw_finished_episodes,224,0,6.420783000284272,5.4535207696717745,17.302537619695066,18.91917540334165,0.589141689253009,19.555802881717682,19.555802881717682,2.578640393862152
mbpo_pickcube_20261007T143410_ba2d6827,PickCube-v1,mbpo,real_env_steps,230000,240000,train_episode/episode_length,raw_finished_episodes,224,0,50.0,50.0,50.0,50.0,50.0,50.0,50.0,50.0
mbpo_pickcube_20261007T143410_ba2d6827,PickCube-v1,mbpo,real_env_steps,230000,240000,train_episode/success_once,raw_finished_episodes,224,0,0.0,0.0,0.0,0.0,0.0,0.0,0.0,0.0
mbpo_pickcube_20261007T143410_ba2d6827,PickCube-v1,mbpo,real_env_steps,230000,240000,train_episode/success_at_end,raw_finished_episodes,224,0,0.0,0.0,0.0,0.0,0.0,0.0,0.0,0.0
mbpo_pickcube_20261007T143410_ba2d6827,PickCube-v1,mbpo,real_env_steps,240000,250000,train_episode/episode_return,raw_finished_episodes,192,0,2.862436510548419,2.1146175888352445,6.605538312718271,12.615688128305042,0.35047996405046433,15.044145370833576,15.044145370833576,2.691993369757256
mbpo_pickcube_20261007T143410_ba2d6827,PickCube-v1,mbpo,real_env_steps,240000,250000,train_episode/episode_length,raw_finished_episodes,192,0,50.0,50.0,50.0,50.0,50.0,50.0,50.0,50.0
mbpo_pickcube_20261007T143410_ba2d6827,PickCube-v1,mbpo,real_env_steps,240000,250000,train_episode/success_once,raw_finished_episodes,192,0,0.0,0.0,0.0,0.0,0.0,0.0,0.0,0.0
mbpo_pickcube_20261007T143410_ba2d6827,PickCube-v1,mbpo,real_env_steps,240000,250000,train_episode/success_at_end,raw_finished_episodes,192,0,0.0,0.0,0.0,0.0,0.0,0.0,0.0,0.0
mbpo_pickcube_20261007T143410_ba2d6827,PickCube-v1,mbpo,real_env_steps,250000,260000,train_episode/episode_return,raw_finished_episodes,192,0,0.6993930512309006,0.5030132995910321,1.6967099430788948,3.177165491541593,0.1313501253327729,4.251611694693565,4.251611694693565,1.1909305839208173
mbpo_pickcube_20261007T143410_ba2d6827,PickCube-v1,mbpo,real_env_steps,250000,260000,train_episode/episode_length,raw_finished_episodes,192,0,50.0,50.0,50.0,50.0,50.0,50.0,50.0,50.0
mbpo_pickcube_20261007T143410_ba2d6827,PickCube-v1,mbpo,real_env_steps,250000,260000,train_episode/success_once,raw_finished_episodes,192,0,0.0,0.0,0.0,0.0,0.0,0.0,0.0,0.0
mbpo_pickcube_20261007T143410_ba2d6827,PickCube-v1,mbpo,real_env_steps,250000,260000,train_episode/success_at_end,raw_finished_episodes,192,0,0.0,0.0,0.0,0.0,0.0,0.0,0.0,0.0
mbpo_pickcube_20261007T143410_ba2d6827,PickCube-v1,mbpo,real_env_steps,260000,270000,train_episode/episode_return,raw_finished_episodes,192,0,0.21637340033103936,0.20279821587695324,0.3541665171068188,0.515771370628031,0.08984997351763013,1.070416273389128,1.070416273389128,0.14561779789698903
mbpo_pickcube_20261007T143410_ba2d6827,PickCube-v1,mbpo,real_env_steps,260000,270000,train_episode/episode_length,raw_finished_episodes,192,0,50.0,50.0,50.0,50.0,50.0,50.0,50.0,50.0
mbpo_pickcube_20261007T143410_ba2d6827,PickCube-v1,mbpo,real_env_steps,260000,270000,train_episode/success_once,raw_finished_episodes,192,0,0.0,0.0,0.0,0.0,0.0,0.0,0.0,0.0
mbpo_pickcube_20261007T143410_ba2d6827,PickCube-v1,mbpo,real_env_steps,260000,270000,train_episode/success_at_end,raw_finished_episodes,192,0,0.0,0.0,0.0,0.0,0.0,0.0,0.0,0.0
mbpo_pickcube_20261007T143410_ba2d6827,PickCube-v1,mbpo,real_env_steps,270000,280000,train_episode/episode_return,raw_finished_episodes,224,0,0.9509943479633994,0.6975974704915018,2.5424509715754535,4.039965839799266,0.11250714449027299,5.324451390653849,5.324451390653849,2.661361406928336
mbpo_pickcube_20261007T143410_ba2d6827,PickCube-v1,mbpo,real_env_steps,270000,280000,train_episode/episode_length,raw_finished_episodes,224,0,50.0,50.0,50.0,50.0,50.0,50.0,50.0,50.0
mbpo_pickcube_20261007T143410_ba2d6827,PickCube-v1,mbpo,real_env_steps,270000,280000,train_episode/success_once,raw_finished_episodes,224,0,0.0,0.0,0.0,0.0,0.0,0.0,0.0,0.0
mbpo_pickcube_20261007T143410_ba2d6827,PickCube-v1,mbpo,real_env_steps,270000,280000,train_episode/success_at_end,raw_finished_episodes,224,0,0.0,0.0,0.0,0.0,0.0,0.0,0.0,0.0
mbpo_pickcube_20261007T143410_ba2d6827,PickCube-v1,mbpo,real_env_steps,280000,290000,train_episode/episode_return,raw_finished_episodes,192,0,0.5588784495654957,0.3960278299394986,1.6563091915333636,2.2209943694386314,0.12552479764849522,2.79747880063951,2.79747880063951,1.439840325678233
mbpo_pickcube_20261007T143410_ba2d6827,PickCube-v1,mbpo,real_env_steps,280000,290000,train_episode/episode_length,raw_finished_episodes,192,0,50.0,50.0,50.0,50.0,50.0,50.0,50.0,50.0
mbpo_pickcube_20261007T143410_ba2d6827,PickCube-v1,mbpo,real_env_steps,280000,290000,train_episode/success_once,raw_finished_episodes,192,0,0.0,0.0,0.0,0.0,0.0,0.0,0.0,0.0
mbpo_pickcube_20261007T143410_ba2d6827,PickCube-v1,mbpo,real_env_steps,280000,290000,train_episode/success_at_end,raw_finished_episodes,192,0,0.0,0.0,0.0,0.0,0.0,0.0,0.0,0.0
mbpo_pickcube_20261007T143410_ba2d6827,PickCube-v1,mbpo,real_env_steps,290000,300000,train_episode/episode_return,raw_finished_episodes,192,0,0.8632172746929877,0.7197133015560837,1.8962117752293124,3.138073347874452,0.1934700042475015,3.515075017698109,3.515075017698109,0.7961852278294828
mbpo_pickcube_20261007T143410_ba2d6827,PickCube-v1,mbpo,real_env_steps,290000,300000,train_episode/episode_length,raw_finished_episodes,192,0,50.0,50.0,50.0,50.0,50.0,50.0,50.0,50.0
mbpo_pickcube_20261007T143410_ba2d6827,PickCube-v1,mbpo,real_env_steps,290000,300000,train_episode/success_once,raw_finished_episodes,192,0,0.0,0.0,0.0,0.0,0.0,0.0,0.0,0.0
mbpo_pickcube_20261007T143410_ba2d6827,PickCube-v1,mbpo,real_env_steps,290000,300000,train_episode/success_at_end,raw_finished_episodes,192,0,0.0,0.0,0.0,0.0,0.0,0.0,0.0,0.0
mbpo_pickcube_20261007T143410_ba2d6827,PickCube-v1,mbpo,real_env_steps,300000,310000,train_episode/episode_return,raw_finished_episodes,192,0,0.8248312881674248,0.6808127128897468,1.9559824587311592,2.860883319239365,0.20101389198771358,3.2389564849436283,3.2389564849436283,0.74401618475531
mbpo_pickcube_20261007T143410_ba2d6827,PickCube-v1,mbpo,real_env_steps,300000,310000,train_episode/episode_length,raw_finished_episodes,192,0,50.0,50.0,50.0,50.0,50.0,50.0,50.0,50.0
mbpo_pickcube_20261007T143410_ba2d6827,PickCube-v1,mbpo,real_env_steps,300000,310000,train_episode/success_once,raw_finished_episodes,192,0,0.0,0.0,0.0,0.0,0.0,0.0,0.0,0.0
mbpo_pickcube_20261007T143410_ba2d6827,PickCube-v1,mbpo,real_env_steps,300000,310000,train_episode/success_at_end,raw_finished_episodes,192,0,0.0,0.0,0.0,0.0,0.0,0.0,0.0,0.0
mbpo_pickcube_20261007T143410_ba2d6827,PickCube-v1,mbpo,real_env_steps,310000,320000,train_episode/episode_return,raw_finished_episodes,224,0,1.0298414842751922,0.8258450642460957,2.219231808790937,3.5349838222051124,0.20614388112880988,4.496664375066757,4.496664375066757,0.538890381450301
mbpo_pickcube_20261007T143410_ba2d6827,PickCube-v1,mbpo,real_env_steps,310000,320000,train_episode/episode_length,raw_finished_episodes,224,0,50.0,50.0,50.0,50.0,50.0,50.0,50.0,50.0
mbpo_pickcube_20261007T143410_ba2d6827,PickCube-v1,mbpo,real_env_steps,310000,320000,train_episode/success_once,raw_finished_episodes,224,0,0.0,0.0,0.0,0.0,0.0,0.0,0.0,0.0
mbpo_pickcube_20261007T143410_ba2d6827,PickCube-v1,mbpo,real_env_steps,310000,320000,train_episode/success_at_end,raw_finished_episodes,224,0,0.0,0.0,0.0,0.0,0.0,0.0,0.0,0.0
mbpo_pickcube_20261007T143410_ba2d6827,PickCube-v1,mbpo,real_env_steps,320000,330000,train_episode/episode_return,raw_finished_episodes,192,0,1.4980462230012999,1.4192656905310206,3.1393414168443994,3.97148154616356,0.1761759298697143,5.089239772409201,5.089239772409201,2.001249196007848
mbpo_pickcube_20261007T143410_ba2d6827,PickCube-v1,mbpo,real_env_steps,320000,330000,train_episode/episode_length,raw_finished_episodes,192,0,50.0,50.0,50.0,50.0,50.0,50.0,50.0,50.0
mbpo_pickcube_20261007T143410_ba2d6827,PickCube-v1,mbpo,real_env_steps,320000,330000,train_episode/success_once,raw_finished_episodes,192,0,0.0,0.0,0.0,0.0,0.0,0.0,0.0,0.0
mbpo_pickcube_20261007T143410_ba2d6827,PickCube-v1,mbpo,real_env_steps,320000,330000,train_episode/success_at_end,raw_finished_episodes,192,0,0.0,0.0,0.0,0.0,0.0,0.0,0.0,0.0
mbpo_pickcube_20261007T143410_ba2d6827,PickCube-v1,mbpo,real_env_steps,330000,340000,train_episode/episode_return,raw_finished_episodes,192,0,1.31848220881118,0.9056712214260187,3.3737703951541325,4.194977185539905,0.10873709184852487,5.529502637684345,5.529502637684345,0.24757414517807774
mbpo_pickcube_20261007T143410_ba2d6827,PickCube-v1,mbpo,real_env_steps,330000,340000,train_episode/episode_length,raw_finished_episodes,192,0,50.0,50.0,50.0,50.0,50.0,50.0,50.0,50.0
mbpo_pickcube_20261007T143410_ba2d6827,PickCube-v1,mbpo,real_env_steps,330000,340000,train_episode/success_once,raw_finished_episodes,192,0,0.0,0.0,0.0,0.0,0.0,0.0,0.0,0.0
mbpo_pickcube_20261007T143410_ba2d6827,PickCube-v1,mbpo,real_env_steps,330000,340000,train_episode/success_at_end,raw_finished_episodes,192,0,0.0,0.0,0.0,0.0,0.0,0.0,0.0,0.0
mbpo_pickcube_20261007T143410_ba2d6827,PickCube-v1,mbpo,real_env_steps,340000,350000,train_episode/episode_return,raw_finished_episodes,192,0,0.791746205028073,0.5451862777349561,2.538935730171214,3.3270769542176275,0.1161664655843424,3.3529750518500805,3.3529750518500805,2.6565938591957092
mbpo_pickcube_20261007T143410_ba2d6827,PickCube-v1,mbpo,real_env_steps,340000,350000,train_episode/episode_length,raw_finished_episodes,192,0,50.0,50.0,50.0,50.0,50.0,50.0,50.0,50.0
mbpo_pickcube_20261007T143410_ba2d6827,PickCube-v1,mbpo,real_env_steps,340000,350000,train_episode/success_once,raw_finished_episodes,192,0,0.0,0.0,0.0,0.0,0.0,0.0,0.0,0.0
mbpo_pickcube_20261007T143410_ba2d6827,PickCube-v1,mbpo,real_env_steps,340000,350000,train_episode/success_at_end,raw_finished_episodes,192,0,0.0,0.0,0.0,0.0,0.0,0.0,0.0,0.0
mbpo_pickcube_20261007T143410_ba2d6827,PickCube-v1,mbpo,real_env_steps,350000,360000,train_episode/episode_return,raw_finished_episodes,224,0,2.28266905752923,2.2069899802227155,4.1489723371341825,5.148298671357335,0.16048309925858462,5.688001159578562,5.688001159578562,2.5458432883024216
mbpo_pickcube_20261007T143410_ba2d6827,PickCube-v1,mbpo,real_env_steps,350000,360000,train_episode/episode_length,raw_finished_episodes,224,0,50.0,50.0,50.0,50.0,50.0,50.0,50.0,50.0
mbpo_pickcube_20261007T143410_ba2d6827,PickCube-v1,mbpo,real_env_steps,350000,360000,train_episode/success_once,raw_finished_episodes,224,0,0.0,0.0,0.0,0.0,0.0,0.0,0.0,0.0
mbpo_pickcube_20261007T143410_ba2d6827,PickCube-v1,mbpo,real_env_steps,350000,360000,train_episode/success_at_end,raw_finished_episodes,224,0,0.0,0.0,0.0,0.0,0.0,0.0,0.0,0.0
mbpo_pickcube_20261007T143410_ba2d6827,PickCube-v1,mbpo,real_env_steps,360000,370000,train_episode/episode_return,raw_finished_episodes,192,0,1.5666808801928898,1.3442521070924158,3.3149454841040993,4.559835054219587,0.35572011859039776,7.180539881810546,7.180539881810546,0.5969069873453918
mbpo_pickcube_20261007T143410_ba2d6827,PickCube-v1,mbpo,real_env_steps,360000,370000,train_episode/episode_length,raw_finished_episodes,192,0,50.0,50.0,50.0,50.0,50.0,50.0,50.0,50.0
mbpo_pickcube_20261007T143410_ba2d6827,PickCube-v1,mbpo,real_env_steps,360000,370000,train_episode/success_once,raw_finished_episodes,192,0,0.0,0.0,0.0,0.0,0.0,0.0,0.0,0.0
mbpo_pickcube_20261007T143410_ba2d6827,PickCube-v1,mbpo,real_env_steps,360000,370000,train_episode/success_at_end,raw_finished_episodes,192,0,0.0,0.0,0.0,0.0,0.0,0.0,0.0,0.0
mbpo_pickcube_20261007T143410_ba2d6827,PickCube-v1,mbpo,real_env_steps,370000,380000,train_episode/episode_return,raw_finished_episodes,192,0,0.7889083032660432,0.5853070531011326,1.8095318693902753,2.923871398413811,0.16804083592262486,3.2910705395042896,3.2910705395042896,0.3729949029693671
mbpo_pickcube_20261007T143410_ba2d6827,PickCube-v1,mbpo,real_env_steps,370000,380000,train_episode/episode_length,raw_finished_episodes,192,0,50.0,50.0,50.0,50.0,50.0,50.0,50.0,50.0
mbpo_pickcube_20261007T143410_ba2d6827,PickCube-v1,mbpo,real_env_steps,370000,380000,train_episode/success_once,raw_finished_episodes,192,0,0.0,0.0,0.0,0.0,0.0,0.0,0.0,0.0
mbpo_pickcube_20261007T143410_ba2d6827,PickCube-v1,mbpo,real_env_steps,370000,380000,train_episode/success_at_end,raw_finished_episodes,192,0,0.0,0.0,0.0,0.0,0.0,0.0,0.0,0.0
mbpo_pickcube_20261007T143410_ba2d6827,PickCube-v1,mbpo,real_env_steps,380000,390000,train_episode/episode_return,raw_finished_episodes,192,0,0.978695461707708,0.8304228684864938,2.181628289679064,2.6317618909943854,0.1899391191761879,3.695299125276506,3.695299125276506,0.5888427370227873
mbpo_pickcube_20261007T143410_ba2d6827,PickCube-v1,mbpo,real_env_steps,380000,390000,train_episode/episode_length,raw_finished_episodes,192,0,50.0,50.0,50.0,50.0,50.0,50.0,50.0,50.0
mbpo_pickcube_20261007T143410_ba2d6827,PickCube-v1,mbpo,real_env_steps,380000,390000,train_episode/success_once,raw_finished_episodes,192,0,0.0,0.0,0.0,0.0,0.0,0.0,0.0,0.0
mbpo_pickcube_20261007T143410_ba2d6827,PickCube-v1,mbpo,real_env_steps,380000,390000,train_episode/success_at_end,raw_finished_episodes,192,0,0.0,0.0,0.0,0.0,0.0,0.0,0.0,0.0
mbpo_pickcube_20261007T143410_ba2d6827,PickCube-v1,mbpo,real_env_steps,390000,400000,train_episode/episode_return,raw_finished_episodes,224,0,0.962792540089315,0.7434535811189562,2.3857888928148894,3.04998941384256,0.16872121507913107,3.3080428512766957,3.3080428512766957,0.3269177615402441
mbpo_pickcube_20261007T143410_ba2d6827,PickCube-v1,mbpo,real_env_steps,390000,400000,train_episode/episode_length,raw_finished_episodes,224,0,50.0,50.0,50.0,50.0,50.0,50.0,50.0,50.0
mbpo_pickcube_20261007T143410_ba2d6827,PickCube-v1,mbpo,real_env_steps,390000,400000,train_episode/success_once,raw_finished_episodes,224,0,0.0,0.0,0.0,0.0,0.0,0.0,0.0,0.0
mbpo_pickcube_20261007T143410_ba2d6827,PickCube-v1,mbpo,real_env_steps,390000,400000,train_episode/success_at_end,raw_finished_episodes,224,0,0.0,0.0,0.0,0.0,0.0,0.0,0.0,0.0
mbpo_pickcube_20261007T143410_ba2d6827,PickCube-v1,mbpo,real_env_steps,400000,410000,train_episode/episode_return,raw_finished_episodes,192,0,0.561131132710108,0.2576029278889109,2.1638841029256577,3.140690713636578,0.08347198948524692,3.6696207225322723,3.6696207225322723,0.8888294567586854
mbpo_pickcube_20261007T143410_ba2d6827,PickCube-v1,mbpo,real_env_steps,400000,410000,train_episode/episode_length,raw_finished_episodes,192,0,50.0,50.0,50.0,50.0,50.0,50.0,50.0,50.0
mbpo_pickcube_20261007T143410_ba2d6827,PickCube-v1,mbpo,real_env_steps,400000,410000,train_episode/success_once,raw_finished_episodes,192,0,0.0,0.0,0.0,0.0,0.0,0.0,0.0,0.0
mbpo_pickcube_20261007T143410_ba2d6827,PickCube-v1,mbpo,real_env_steps,400000,410000,train_episode/success_at_end,raw_finished_episodes,192,0,0.0,0.0,0.0,0.0,0.0,0.0,0.0,0.0
mbpo_pickcube_20261007T143410_ba2d6827,PickCube-v1,mbpo,real_env_steps,410000,420000,train_episode/episode_return,raw_finished_episodes,192,0,0.6440025679232139,0.5253047072077379,1.350027531480645,2.036408145199244,0.1837342191465723,7.504704848020992,7.504704848020992,0.6356745406665141
mbpo_pickcube_20261007T143410_ba2d6827,PickCube-v1,mbpo,real_env_steps,410000,420000,train_episode/episode_length,raw_finished_episodes,192,0,50.0,50.0,50.0,50.0,50.0,50.0,50.0,50.0
mbpo_pickcube_20261007T143410_ba2d6827,PickCube-v1,mbpo,real_env_steps,410000,420000,train_episode/success_once,raw_finished_episodes,192,0,0.0,0.0,0.0,0.0,0.0,0.0,0.0,0.0
mbpo_pickcube_20261007T143410_ba2d6827,PickCube-v1,mbpo,real_env_steps,410000,420000,train_episode/success_at_end,raw_finished_episodes,192,0,0.0,0.0,0.0,0.0,0.0,0.0,0.0,0.0
mbpo_pickcube_20261007T143410_ba2d6827,PickCube-v1,mbpo,real_env_steps,420000,430000,train_episode/episode_return,raw_finished_episodes,192,0,1.202769433973103,1.053626135482773,2.676216863957233,3.39821337573696,0.15655657454749417,3.6937322365120053,3.6937322365120053,1.4640502018592088
mbpo_pickcube_20261007T143410_ba2d6827,PickCube-v1,mbpo,real_env_steps,420000,430000,train_episode/episode_length,raw_finished_episodes,192,0,50.0,50.0,50.0,50.0,50.0,50.0,50.0,50.0
mbpo_pickcube_20261007T143410_ba2d6827,PickCube-v1,mbpo,real_env_steps,420000,430000,train_episode/success_once,raw_finished_episodes,192,0,0.0,0.0,0.0,0.0,0.0,0.0,0.0,0.0
mbpo_pickcube_20261007T143410_ba2d6827,PickCube-v1,mbpo,real_env_steps,420000,430000,train_episode/success_at_end,raw_finished_episodes,192,0,0.0,0.0,0.0,0.0,0.0,0.0,0.0,0.0
mbpo_pickcube_20261007T143410_ba2d6827,PickCube-v1,mbpo,real_env_steps,430000,440000,train_episode/episode_return,raw_finished_episodes,224,0,1.31549021140752,1.0914812781848013,3.0349076641141433,3.3544696874730295,0.20506160432705656,4.546444471925497,4.546444471925497,0.6761412004416343
mbpo_pickcube_20261007T143410_ba2d6827,PickCube-v1,mbpo,real_env_steps,430000,440000,train_episode/episode_length,raw_finished_episodes,224,0,50.0,50.0,50.0,50.0,50.0,50.0,50.0,50.0
mbpo_pickcube_20261007T143410_ba2d6827,PickCube-v1,mbpo,real_env_steps,430000,440000,train_episode/success_once,raw_finished_episodes,224,0,0.0,0.0,0.0,0.0,0.0,0.0,0.0,0.0
mbpo_pickcube_20261007T143410_ba2d6827,PickCube-v1,mbpo,real_env_steps,430000,440000,train_episode/success_at_end,raw_finished_episodes,224,0,0.0,0.0,0.0,0.0,0.0,0.0,0.0,0.0
mbpo_pickcube_20261007T143410_ba2d6827,PickCube-v1,mbpo,real_env_steps,440000,450000,train_episode/episode_return,raw_finished_episodes,192,0,1.022069411326334,0.7501384189886267,2.628637226647606,3.3606910924799744,0.13663014234407456,4.169078819453716,4.169078819453716,0.648227658876749
mbpo_pickcube_20261007T143410_ba2d6827,PickCube-v1,mbpo,real_env_steps,440000,450000,train_episode/episode_length,raw_finished_episodes,192,0,50.0,50.0,50.0,50.0,50.0,50.0,50.0,50.0
mbpo_pickcube_20261007T143410_ba2d6827,PickCube-v1,mbpo,real_env_steps,440000,450000,train_episode/success_once,raw_finished_episodes,192,0,0.0,0.0,0.0,0.0,0.0,0.0,0.0,0.0
mbpo_pickcube_20261007T143410_ba2d6827,PickCube-v1,mbpo,real_env_steps,440000,450000,train_episode/success_at_end,raw_finished_episodes,192,0,0.0,0.0,0.0,0.0,0.0,0.0,0.0,0.0
mbpo_pickcube_20261007T143410_ba2d6827,PickCube-v1,mbpo,real_env_steps,450000,460000,train_episode/episode_return,raw_finished_episodes,192,0,0.8527889974297373,0.5859778003132305,2.407858811167533,3.348115305043758,0.11250767781348259,3.6872135074809194,3.6872135074809194,0.2903486881987192
mbpo_pickcube_20261007T143410_ba2d6827,PickCube-v1,mbpo,real_env_steps,450000,460000,train_episode/episode_length,raw_finished_episodes,192,0,50.0,50.0,50.0,50.0,50.0,50.0,50.0,50.0
mbpo_pickcube_20261007T143410_ba2d6827,PickCube-v1,mbpo,real_env_steps,450000,460000,train_episode/success_once,raw_finished_episodes,192,0,0.0,0.0,0.0,0.0,0.0,0.0,0.0,0.0
mbpo_pickcube_20261007T143410_ba2d6827,PickCube-v1,mbpo,real_env_steps,450000,460000,train_episode/success_at_end,raw_finished_episodes,192,0,0.0,0.0,0.0,0.0,0.0,0.0,0.0,0.0
mbpo_pickcube_20261007T143410_ba2d6827,PickCube-v1,mbpo,real_env_steps,460000,470000,train_episode/episode_return,raw_finished_episodes,192,0,0.7514940928489589,0.6059535513049923,1.568314975313842,2.3455196426506157,0.17064807910651325,2.4929612539708614,2.4929612539708614,0.41406110428943066
mbpo_pickcube_20261007T143410_ba2d6827,PickCube-v1,mbpo,real_env_steps,460000,470000,train_episode/episode_length,raw_finished_episodes,192,0,50.0,50.0,50.0,50.0,50.0,50.0,50.0,50.0
mbpo_pickcube_20261007T143410_ba2d6827,PickCube-v1,mbpo,real_env_steps,460000,470000,train_episode/success_once,raw_finished_episodes,192,0,0.0,0.0,0.0,0.0,0.0,0.0,0.0,0.0
mbpo_pickcube_20261007T143410_ba2d6827,PickCube-v1,mbpo,real_env_steps,460000,470000,train_episode/success_at_end,raw_finished_episodes,192,0,0.0,0.0,0.0,0.0,0.0,0.0,0.0,0.0
mbpo_pickcube_20261007T143410_ba2d6827,PickCube-v1,mbpo,real_env_steps,470000,480000,train_episode/episode_return,raw_finished_episodes,224,0,1.1382504516212322,0.8833298203162485,2.7395238117707774,3.94853200816797,0.17776921377208055,4.455635413978598,4.455635413978598,0.4300335139764684
mbpo_pickcube_20261007T143410_ba2d6827,PickCube-v1,mbpo,real_env_steps,470000,480000,train_episode/episode_length,raw_finished_episodes,224,0,50.0,50.0,50.0,50.0,50.0,50.0,50.0,50.0
mbpo_pickcube_20261007T143410_ba2d6827,PickCube-v1,mbpo,real_env_steps,470000,480000,train_episode/success_once,raw_finished_episodes,224,0,0.0,0.0,0.0,0.0,0.0,0.0,0.0,0.0
mbpo_pickcube_20261007T143410_ba2d6827,PickCube-v1,mbpo,real_env_steps,470000,480000,train_episode/success_at_end,raw_finished_episodes,224,0,0.0,0.0,0.0,0.0,0.0,0.0,0.0,0.0
mbpo_pickcube_20261007T143410_ba2d6827,PickCube-v1,mbpo,real_env_steps,480000,490000,train_episode/episode_return,raw_finished_episodes,192,0,0.9059707821728632,0.5933743504670019,2.388127796236499,3.145061755063945,0.14960147745074437,3.6928408835083246,3.6928408835083246,0.23244179778271246
mbpo_pickcube_20261007T143410_ba2d6827,PickCube-v1,mbpo,real_env_steps,480000,490000,train_episode/episode_length,raw_finished_episodes,192,0,50.0,50.0,50.0,50.0,50.0,50.0,50.0,50.0
mbpo_pickcube_20261007T143410_ba2d6827,PickCube-v1,mbpo,real_env_steps,480000,490000,train_episode/success_once,raw_finished_episodes,192,0,0.0,0.0,0.0,0.0,0.0,0.0,0.0,0.0
mbpo_pickcube_20261007T143410_ba2d6827,PickCube-v1,mbpo,real_env_steps,480000,490000,train_episode/success_at_end,raw_finished_episodes,192,0,0.0,0.0,0.0,0.0,0.0,0.0,0.0,0.0
mbpo_pickcube_20261007T143410_ba2d6827,PickCube-v1,mbpo,real_env_steps,490000,500000,train_episode/episode_return,raw_finished_episodes,192,0,1.0102184192463244,0.779501681414331,2.7167601986046064,3.803441509725527,0.163253014541624,4.2679788786917925,4.2679788786917925,0.8198994579724967
mbpo_pickcube_20261007T143410_ba2d6827,PickCube-v1,mbpo,real_env_steps,490000,500000,train_episode/episode_length,raw_finished_episodes,192,0,50.0,50.0,50.0,50.0,50.0,50.0,50.0,50.0
mbpo_pickcube_20261007T143410_ba2d6827,PickCube-v1,mbpo,real_env_steps,490000,500000,train_episode/success_once,raw_finished_episodes,192,0,0.0,0.0,0.0,0.0,0.0,0.0,0.0,0.0
mbpo_pickcube_20261007T143410_ba2d6827,PickCube-v1,mbpo,real_env_steps,490000,500000,train_episode/success_at_end,raw_finished_episodes,192,0,0.0,0.0,0.0,0.0,0.0,0.0,0.0,0.0
