run,task,algorithm,axis,bin_start,bin_end,metric,aggregation,count,nonfinite,mean,median,p95,p99,minimum,maximum,abs_maximum,last
mbpo_pushcube_500k_20261007T094728_f9d45348,PushCube-v1,mbpo,all,0,,actor_loss,all_update_events_exact_quantiles,248016,0,-3.179469962907695,-3.423498272895813,-1.3522675037384033,-0.9154777705669402,-9.90289306640625,0.6461172103881836,9.90289306640625,-3.750339984893799
mbpo_pushcube_500k_20261007T094728_f9d45348,PushCube-v1,mbpo,real_env_steps,0,10000,actor_loss,all_update_events_exact_quantiles,3008,0,-8.422994401137483,-8.661715030670166,-6.022331333160398,-4.662459988594064,-9.90289306640625,0.6461172103881836,9.90289306640625,-6.971758842468262
mbpo_pushcube_500k_20261007T094728_f9d45348,PushCube-v1,mbpo,policy_gradient_steps,0,5000,actor_loss,all_update_events_exact_quantiles,5000,0,-7.305556169360876,-7.314059734344482,-4.701272964477539,-4.502489399909973,-9.90289306640625,0.6461172103881836,9.90289306640625,-4.466305732727051
mbpo_pushcube_500k_20261007T094728_f9d45348,PushCube-v1,mbpo,all,0,,critic_loss,all_update_events_exact_quantiles,248016,0,0.07970547862005004,0.07962755113840103,0.11889320611953735,0.13720445036888124,0.0030976892448961735,11.2652587890625,11.2652587890625,0.0961759090423584
mbpo_pushcube_500k_20261007T094728_f9d45348,PushCube-v1,mbpo,real_env_steps,0,10000,critic_loss,all_update_events_exact_quantiles,3008,0,0.1102249102922097,0.04775535874068737,0.12437148392200477,1.3891341602802134,0.01827135495841503,11.2652587890625,11.2652587890625,0.022219689562916756
mbpo_pushcube_500k_20261007T094728_f9d45348,PushCube-v1,mbpo,policy_gradient_steps,0,5000,critic_loss,all_update_events_exact_quantiles,5000,0,0.07297589646410196,0.030172040686011314,0.09454158507287504,0.41951518535614085,0.008805762976408005,11.2652587890625,11.2652587890625,0.010809793137013912
mbpo_pushcube_500k_20261007T094728_f9d45348,PushCube-v1,mbpo,all,0,,policy_q_min_mean,all_update_events_exact_quantiles,248016,0,3.1496292199174087,3.4313108921051025,3.800578534603119,5.848137497901924,-0.13851401209831238,7.883090019226074,7.883090019226074,3.7617359161376953
mbpo_pushcube_500k_20261007T094728_f9d45348,PushCube-v1,mbpo,real_env_steps,0,10000,policy_q_min_mean,all_update_events_exact_quantiles,3008,0,6.57161943278442,6.905382394790649,7.8269304752349855,7.8621731996536255,-0.13851401209831238,7.883090019226074,7.883090019226074,5.727325916290283
mbpo_pushcube_500k_20261007T094728_f9d45348,PushCube-v1,mbpo,policy_gradient_steps,0,5000,policy_q_min_mean,all_update_events_exact_quantiles,5000,0,5.794095226078201,5.817895889282227,7.805329012870788,7.854059009552002,-0.13851401209831238,7.883090019226074,7.883090019226074,3.682673454284668
mbpo_pushcube_500k_20261007T094728_f9d45348,PushCube-v1,mbpo,all,0,,alpha,all_update_events_exact_quantiles,248016,0,0.019685761636721262,0.0036943366285413504,0.05527707561850548,0.5174864143133171,0.002648823894560337,0.9997000694274902,0.9997000694274902,0.0027328492142260075
mbpo_pushcube_500k_20261007T094728_f9d45348,PushCube-v1,mbpo,real_env_steps,0,10000,alpha,all_update_events_exact_quantiles,3008,0,0.6810828407711171,0.6589803993701935,0.9541518747806549,0.9902885454893111,0.4564260244369507,0.9997000694274902,0.9997000694274902,0.4564260244369507
mbpo_pushcube_500k_20261007T094728_f9d45348,PushCube-v1,mbpo,policy_gradient_steps,0,5000,alpha,all_update_events_exact_quantiles,5000,0,0.5553233519136905,0.5150810778141022,0.9263285726308823,0.9840168529748917,0.2884053885936737,0.9997000694274902,0.9997000694274902,0.2884053885936737
mbpo_pushcube_500k_20261007T094728_f9d45348,PushCube-v1,mbpo,all,0,,alpha_loss,all_update_events_exact_quantiles,248016,0,0.10859987369626076,7.551087765023112e-05,0.35510340332984924,3.4811716675758446,-0.002457237569615245,6.613072395324707,6.613072395324707,-0.00046731188194826245
mbpo_pushcube_500k_20261007T094728_f9d45348,PushCube-v1,mbpo,real_env_steps,0,10000,alpha_loss,all_update_events_exact_quantiles,3008,0,4.576429170021352,4.433216571807861,6.383965682983399,6.579270992279053,3.0679638385772705,6.613072395324707,6.613072395324707,3.0705676078796387
mbpo_pushcube_500k_20261007T094728_f9d45348,PushCube-v1,mbpo,policy_gradient_steps,0,5000,alpha_loss,all_update_events_exact_quantiles,5000,0,3.733323626899719,3.4680564403533936,6.214382553100586,6.55772705078125,1.9375152587890625,6.613072395324707,6.613072395324707,1.9375152587890625
mbpo_pushcube_500k_20261007T094728_f9d45348,PushCube-v1,mbpo,all,0,,entropy_estimate,all_update_events_exact_quantiles,248016,0,-3.4430543921848664,-3.97883677482605,2.4298552870750427,2.7326207041740416,-4.5756354331970215,2.7598185539245605,4.5756354331970215,-4.171039581298828
mbpo_pushcube_500k_20261007T094728_f9d45348,PushCube-v1,mbpo,real_env_steps,0,10000,entropy_estimate,all_update_events_exact_quantiles,3008,0,2.7218451718626384,2.7305827140808105,2.743475341796875,2.7491662454605104,-0.5599145889282227,2.759209156036377,2.759209156036377,2.7258286476135254
mbpo_pushcube_500k_20261007T094728_f9d45348,PushCube-v1,mbpo,policy_gradient_steps,0,5000,entropy_estimate,all_update_events_exact_quantiles,5000,0,2.725435710711777,2.7306302785873413,2.7435152530670166,2.7492587995529174,-0.5599145889282227,2.7598185539245605,2.7598185539245605,2.7165040969848633
mbpo_pushcube_500k_20261007T094728_f9d45348,PushCube-v1,mbpo,real_env_steps,10000,20000,actor_loss,all_update_events_exact_quantiles,5008,0,-4.23841987893033,-4.018510341644287,-2.5422689437866213,-2.4477475023269655,-6.958639144897461,-2.4104726314544678,6.958639144897461,-2.4446017742156982
mbpo_pushcube_500k_20261007T094728_f9d45348,PushCube-v1,mbpo,real_env_steps,10000,20000,critic_loss,all_update_events_exact_quantiles,5008,0,0.011427257342331748,0.009762574452906847,0.021966082230210286,0.025711994096636777,0.004363908898085356,0.032538626343011856,0.032538626343011856,0.0060738325119018555
mbpo_pushcube_500k_20261007T094728_f9d45348,PushCube-v1,mbpo,real_env_steps,10000,20000,policy_q_min_mean,all_update_events_exact_quantiles,5008,0,3.49808983838025,3.317455530166626,5.395513582229614,5.645393328666689,2.011117458343506,5.707313537597656,5.707313537597656,2.0501708984375
mbpo_pushcube_500k_20261007T094728_f9d45348,PushCube-v1,mbpo,real_env_steps,10000,20000,alpha,all_update_events_exact_quantiles,5008,0,0.2713798067202202,0.25682851672172546,0.43024559915065763,0.45096324235200885,0.14641498029232025,0.45631837844848633,0.45631837844848633,0.14641498029232025
mbpo_pushcube_500k_20261007T094728_f9d45348,PushCube-v1,mbpo,real_env_steps,10000,20000,alpha_loss,all_update_events_exact_quantiles,5008,0,1.8260968818237036,1.7291659712791443,2.896852350234985,3.036683554649353,0.9802217483520508,3.0769052505493164,3.0769052505493164,0.9802217483520508
mbpo_pushcube_500k_20261007T094728_f9d45348,PushCube-v1,mbpo,real_env_steps,10000,20000,entropy_estimate,all_update_events_exact_quantiles,5008,0,2.7256901198492263,2.7263143062591553,2.741480267047882,2.7470172691345214,2.678626775741577,2.7598185539245605,2.7598185539245605,2.6933212280273438
mbpo_pushcube_500k_20261007T094728_f9d45348,PushCube-v1,mbpo,policy_gradient_steps,5000,10000,actor_loss,all_update_events_exact_quantiles,5000,0,-2.810878634428978,-2.677847743034363,-1.761968058347702,-1.7063334393501282,-4.4907965660095215,-1.6700564622879028,4.4907965660095215,-1.6700564622879028
mbpo_pushcube_500k_20261007T094728_f9d45348,PushCube-v1,mbpo,policy_gradient_steps,5000,10000,critic_loss,all_update_events_exact_quantiles,5000,0,0.0068709634481463585,0.0064704997930675745,0.011088079772889614,0.013056041067466148,0.0030976892448961735,0.023431016132235527,0.023431016132235527,0.0054827723652124405
mbpo_pushcube_500k_20261007T094728_f9d45348,PushCube-v1,mbpo,policy_gradient_steps,5000,10000,policy_q_min_mean,all_update_events_exact_quantiles,5000,0,2.340743859887123,2.229630947113037,3.502835559844971,3.653506498336792,1.420961618423462,3.7048730850219727,3.7048730850219727,1.420961618423462
mbpo_pushcube_500k_20261007T094728_f9d45348,PushCube-v1,mbpo,policy_gradient_steps,5000,10000,alpha,all_update_events_exact_quantiles,5000,0,0.17315923821032048,0.16431353241205215,0.2724674463272095,0.28508897691965107,0.09404093027114868,0.2883400022983551,0.2883400022983551,0.09404093027114868
mbpo_pushcube_500k_20261007T094728_f9d45348,PushCube-v1,mbpo,policy_gradient_steps,5000,10000,alpha_loss,all_update_events_exact_quantiles,5000,0,1.162927220582962,1.1027354001998901,1.8334449887275697,1.9188546705245975,0.6233558654785156,1.9448782205581665,1.9448782205581665,0.6253422498703003
mbpo_pushcube_500k_20261007T094728_f9d45348,PushCube-v1,mbpo,policy_gradient_steps,5000,10000,entropy_estimate,all_update_events_exact_quantiles,5000,0,2.708955249118805,2.7145285606384277,2.736534333229065,2.7431815814971925,2.6192057132720947,2.755671501159668,2.755671501159668,2.648202896118164
mbpo_pushcube_500k_20261007T094728_f9d45348,PushCube-v1,mbpo,real_env_steps,20000,30000,actor_loss,all_update_events_exact_quantiles,4992,0,-1.6231013887490218,-1.5519846677780151,-1.1378949165344239,-1.10367938041687,-2.443725347518921,-1.0645647048950195,2.443725347518921,-1.101757287979126
mbpo_pushcube_500k_20261007T094728_f9d45348,PushCube-v1,mbpo,real_env_steps,20000,30000,critic_loss,all_update_events_exact_quantiles,4992,0,0.006985510680561464,0.0059011997655034065,0.013172324281185864,0.019108703173697006,0.0030976892448961735,0.03698180615901947,0.03698180615901947,0.010334499180316925
mbpo_pushcube_500k_20261007T094728_f9d45348,PushCube-v1,mbpo,real_env_steps,20000,30000,policy_q_min_mean,all_update_events_exact_quantiles,4992,0,1.3911670565796204,1.3315651416778564,1.935138976573944,2.0100385665893556,0.9531428813934326,2.0501513481140137,2.0501513481140137,0.9877285957336426
mbpo_pushcube_500k_20261007T094728_f9d45348,PushCube-v1,mbpo,real_env_steps,20000,30000,alpha,all_update_events_exact_quantiles,4992,0,0.08836119124988237,0.08390983194112778,0.13843930065631865,0.1447581259906292,0.04841221123933792,0.14638224244117737,0.14638224244117737,0.04841221123933792
mbpo_pushcube_500k_20261007T094728_f9d45348,PushCube-v1,mbpo,real_env_steps,20000,30000,alpha_loss,all_update_events_exact_quantiles,4992,0,0.5854576237810155,0.5571541786193848,0.9286885142326354,0.9710155498981476,0.30600428581237793,0.9847850203514099,0.9847850203514099,0.30771976709365845
mbpo_pushcube_500k_20261007T094728_f9d45348,PushCube-v1,mbpo,real_env_steps,20000,30000,entropy_estimate,all_update_events_exact_quantiles,4992,0,2.5938333094788666,2.6328684091567993,2.7095686912536623,2.7209237718582155,2.254364013671875,2.7431788444519043,2.7431788444519043,2.3548521995544434
mbpo_pushcube_500k_20261007T094728_f9d45348,PushCube-v1,mbpo,policy_gradient_steps,10000,15000,actor_loss,all_update_events_exact_quantiles,5000,0,-1.2175884055018424,-1.1748616099357605,-0.9465202540159225,-0.918175698518753,-1.7089487314224243,-0.8865029215812683,1.7089487314224243,-0.9410245418548584
mbpo_pushcube_500k_20261007T094728_f9d45348,PushCube-v1,mbpo,policy_gradient_steps,10000,15000,critic_loss,all_update_events_exact_quantiles,5000,0,0.011319270351808517,0.010028819553554058,0.022273866366595032,0.029002051707357215,0.0030999165028333664,0.07754714041948318,0.07754714041948318,0.028089292347431183
mbpo_pushcube_500k_20261007T094728_f9d45348,PushCube-v1,mbpo,policy_gradient_steps,10000,15000,policy_q_min_mean,all_update_events_exact_quantiles,5000,0,1.0778189192414285,1.0442360043525696,1.386491298675537,1.4292375922203064,0.8165093660354614,1.4620310068130493,1.4620310068130493,0.8728607296943665
mbpo_pushcube_500k_20261007T094728_f9d45348,PushCube-v1,mbpo,policy_gradient_steps,10000,15000,alpha,all_update_events_exact_quantiles,5000,0,0.056935073630511764,0.054094525054097176,0.0889336682856083,0.09297986172139645,0.03139031305909157,0.09402001649141312,0.09402001649141312,0.03139031305909157
mbpo_pushcube_500k_20261007T094728_f9d45348,PushCube-v1,mbpo,policy_gradient_steps,10000,15000,alpha_loss,all_update_events_exact_quantiles,5000,0,0.36755990114808085,0.34703150391578674,0.591456538438797,0.6192740201950073,0.18466150760650635,0.6298298835754395,0.6298298835754395,0.19375211000442505
mbpo_pushcube_500k_20261007T094728_f9d45348,PushCube-v1,mbpo,policy_gradient_steps,10000,15000,entropy_estimate,all_update_events_exact_quantiles,5000,0,2.396494671082497,2.4184404611587524,2.6488384008407593,2.6716264152526854,1.8588467836380005,2.705500841140747,2.705500841140747,2.171025276184082
mbpo_pushcube_500k_20261007T094728_f9d45348,PushCube-v1,mbpo,real_env_steps,30000,40000,actor_loss,all_update_events_exact_quantiles,5008,0,-0.9453458032978419,-0.926650732755661,-0.8697063237428665,-0.8522695136070252,-1.1434121131896973,-0.8256932497024536,1.1434121131896973,-0.9038973450660706
mbpo_pushcube_500k_20261007T094728_f9d45348,PushCube-v1,mbpo,real_env_steps,30000,40000,critic_loss,all_update_events_exact_quantiles,5008,0,0.023566764025943734,0.022130041383206844,0.04108021631836889,0.05401636920869353,0.0063394419848918915,0.0807076245546341,0.0807076245546341,0.029475823044776917
mbpo_pushcube_500k_20261007T094728_f9d45348,PushCube-v1,mbpo,real_env_steps,30000,40000,policy_q_min_mean,all_update_events_exact_quantiles,5008,0,0.8887341024395757,0.8817371428012848,0.9680368036031722,0.9969334971904755,0.7855291366577148,1.0349135398864746,1.0349135398864746,0.8866621255874634
mbpo_pushcube_500k_20261007T094728_f9d45348,PushCube-v1,mbpo,real_env_steps,30000,40000,alpha,all_update_events_exact_quantiles,5008,0,0.02957571808735248,0.02811939176172018,0.04582655597478151,0.047874596752226356,0.0166364386677742,0.048401616513729095,0.048401616513729095,0.0166364386677742
mbpo_pushcube_500k_20261007T094728_f9d45348,PushCube-v1,mbpo,real_env_steps,30000,40000,alpha_loss,all_update_events_exact_quantiles,5008,0,0.1749399539913399,0.16436827182769775,0.28960709869861595,0.3028586956858635,0.07772783935070038,0.31320351362228394,0.31320351362228394,0.08379428833723068
mbpo_pushcube_500k_20261007T094728_f9d45348,PushCube-v1,mbpo,real_env_steps,30000,40000,entropy_estimate,all_update_events_exact_quantiles,5008,0,1.7965846300339356,1.8591378331184387,2.317250144481659,2.3741416811943057,0.6619455218315125,2.5063304901123047,2.5063304901123047,1.0357859134674072
mbpo_pushcube_500k_20261007T094728_f9d45348,PushCube-v1,mbpo,policy_gradient_steps,15000,20000,actor_loss,all_update_events_exact_quantiles,5000,0,-0.9230829362273216,-0.9166616201400757,-0.8687662839889526,-0.851386581659317,-1.0989468097686768,-0.8256932497024536,1.0989468097686768,-0.9688442945480347
mbpo_pushcube_500k_20261007T094728_f9d45348,PushCube-v1,mbpo,policy_gradient_steps,15000,20000,critic_loss,all_update_events_exact_quantiles,5000,0,0.033812783632986246,0.03233577683568001,0.0544744074344635,0.0677517914026976,0.009939517825841904,0.10086271911859512,0.10086271911859512,0.04836471006274223
mbpo_pushcube_500k_20261007T094728_f9d45348,PushCube-v1,mbpo,policy_gradient_steps,15000,20000,policy_q_min_mean,all_update_events_exact_quantiles,5000,0,0.8985215598225593,0.8857720792293549,0.999659538269043,1.0394615280628206,0.7855291366577148,1.0961246490478516,1.0961246490478516,0.9694743156433105
mbpo_pushcube_500k_20261007T094728_f9d45348,PushCube-v1,mbpo,policy_gradient_steps,15000,20000,alpha,all_update_events_exact_quantiles,5000,0,0.019432180263474583,0.018497713841497898,0.029738398361951114,0.031045364309102298,0.011288824491202831,0.031383540481328964,0.031383540481328964,0.011288824491202831
mbpo_pushcube_500k_20261007T094728_f9d45348,PushCube-v1,mbpo,policy_gradient_steps,15000,20000,alpha_loss,all_update_events_exact_quantiles,5000,0,0.10230617874488235,0.09614504873752594,0.17624134421348572,0.18611854761838914,0.04060535877943039,0.19484081864356995,0.19484081864356995,0.044533856213092804
mbpo_pushcube_500k_20261007T094728_f9d45348,PushCube-v1,mbpo,policy_gradient_steps,15000,20000,entropy_estimate,all_update_events_exact_quantiles,5000,0,1.0813423261789605,1.2056328654289246,1.9457098603248597,2.0422585248947147,-0.4437357187271118,2.2110676765441895,2.2110676765441895,-0.055796414613723755
mbpo_pushcube_500k_20261007T094728_f9d45348,PushCube-v1,mbpo,real_env_steps,40000,50000,actor_loss,all_update_events_exact_quantiles,4992,0,-1.0547600924395597,-1.0327376127243042,-0.904168662428856,-0.8777652543783188,-1.3676732778549194,-0.8338965177536011,1.3676732778549194,-1.3078222274780273
mbpo_pushcube_500k_20261007T094728_f9d45348,PushCube-v1,mbpo,real_env_steps,40000,50000,critic_loss,all_update_events_exact_quantiles,4992,0,0.04958950211622346,0.04836172051727772,0.07156854271888732,0.08488450326025487,0.018832501024007797,0.11168443411588669,0.11168443411588669,0.05049099400639534
mbpo_pushcube_500k_20261007T094728_f9d45348,PushCube-v1,mbpo,real_env_steps,40000,50000,policy_q_min_mean,all_update_events_exact_quantiles,4992,0,1.0575732696586504,1.036437451839447,1.2691121459007264,1.315973644256592,0.8196132779121399,1.3802618980407715,1.3802618980407715,1.3211647272109985
mbpo_pushcube_500k_20261007T094728_f9d45348,PushCube-v1,mbpo,real_env_steps,40000,50000,alpha,all_update_events_exact_quantiles,4992,0,0.010702745903612455,0.010247136931866407,0.015809633210301398,0.01646593539044261,0.006659237667918205,0.016633106395602226,0.016633106395602226,0.006659237667918205
mbpo_pushcube_500k_20261007T094728_f9d45348,PushCube-v1,mbpo,real_env_steps,40000,50000,alpha_loss,all_update_events_exact_quantiles,4992,0,0.04000580043756576,0.03650086373090744,0.07685078978538512,0.08158024586737156,0.010720133781433105,0.08467018604278564,0.08467018604278564,0.013298766687512398
mbpo_pushcube_500k_20261007T094728_f9d45348,PushCube-v1,mbpo,real_env_steps,40000,50000,entropy_estimate,all_update_events_exact_quantiles,4992,0,-0.4891561343323795,-0.4332458823919296,0.8639450162649154,1.0166967523097996,-2.4144575595855713,1.1301798820495605,2.4144575595855713,-2.0032739639282227
mbpo_pushcube_500k_20261007T094728_f9d45348,PushCube-v1,mbpo,policy_gradient_steps,20000,25000,actor_loss,all_update_events_exact_quantiles,5000,0,-1.2204412366747857,-1.2206809520721436,-1.0048881888389587,-0.9695924758911132,-1.572815179824829,-0.9401406049728394,1.572815179824829,-1.4172308444976807
mbpo_pushcube_500k_20261007T094728_f9d45348,PushCube-v1,mbpo,policy_gradient_steps,20000,25000,critic_loss,all_update_events_exact_quantiles,5000,0,0.058844646612554785,0.057767145335674286,0.08155708834528923,0.0930435767024756,0.02764507383108139,0.12559467554092407,0.12559467554092407,0.07514575123786926
mbpo_pushcube_500k_20261007T094728_f9d45348,PushCube-v1,mbpo,policy_gradient_steps,20000,25000,policy_q_min_mean,all_update_events_exact_quantiles,5000,0,1.231378038585186,1.2330312728881836,1.4527161836624147,1.495654457807541,0.9420247077941895,1.5876576900482178,1.5876576900482178,1.4328646659851074
mbpo_pushcube_500k_20261007T094728_f9d45348,PushCube-v1,mbpo,policy_gradient_steps,20000,25000,alpha,all_update_events_exact_quantiles,5000,0,0.007530934056825936,0.007225307170301676,0.01076629124581814,0.011181020941585303,0.005005257669836283,0.011286698281764984,0.011286698281764984,0.005005257669836283
mbpo_pushcube_500k_20261007T094728_f9d45348,PushCube-v1,mbpo,policy_gradient_steps,20000,25000,alpha_loss,all_update_events_exact_quantiles,5000,0,0.0191919607992284,0.016592608764767647,0.04017378836870194,0.04273048464208842,0.0025570690631866455,0.04468687251210213,0.04468687251210213,0.004389724228531122
mbpo_pushcube_500k_20261007T094728_f9d45348,PushCube-v1,mbpo,policy_gradient_steps,20000,25000,entropy_estimate,all_update_events_exact_quantiles,5000,0,-1.6524672209065407,-1.6943988800048828,-0.2677873149514195,-0.10788318157196024,-3.4910075664520264,0.0093317199498415,3.4910075664520264,-3.1230876445770264
mbpo_pushcube_500k_20261007T094728_f9d45348,PushCube-v1,mbpo,real_env_steps,50000,60000,actor_loss,all_update_events_exact_quantiles,5008,0,-1.4700823198682584,-1.4752126336097717,-1.294173812866211,-1.2503815162181855,-1.751619577407837,-1.179075002670288,1.751619577407837,-1.6435673236846924
mbpo_pushcube_500k_20261007T094728_f9d45348,PushCube-v1,mbpo,real_env_steps,50000,60000,critic_loss,all_update_events_exact_quantiles,5008,0,0.06825861577376033,0.06684518605470657,0.08954193852841855,0.10306084424257281,0.04111156240105629,0.12559467554092407,0.12559467554092407,0.07855363190174103
mbpo_pushcube_500k_20261007T094728_f9d45348,PushCube-v1,mbpo,real_env_steps,50000,60000,policy_q_min_mean,all_update_events_exact_quantiles,5008,0,1.4845456601665044,1.4900801181793213,1.648525708913803,1.6908869814872745,1.1940468549728394,1.7661153078079224,1.7661153078079224,1.6571850776672363
mbpo_pushcube_500k_20261007T094728_f9d45348,PushCube-v1,mbpo,real_env_steps,50000,60000,alpha,all_update_events_exact_quantiles,5008,0,0.004839747392703755,0.004695052979514003,0.006407465320080519,0.006607871595770121,0.0036850357428193092,0.006658195983618498,0.006658195983618498,0.0036850357428193092
mbpo_pushcube_500k_20261007T094728_f9d45348,PushCube-v1,mbpo,real_env_steps,50000,60000,alpha_loss,all_update_events_exact_quantiles,5008,0,0.0048980265898728665,0.004037270788103342,0.011821682704612611,0.013560891179367906,-0.001039893482811749,0.015051279217004776,0.015051279217004776,0.0011236424325034022
mbpo_pushcube_500k_20261007T094728_f9d45348,PushCube-v1,mbpo,real_env_steps,50000,60000,entropy_estimate,all_update_events_exact_quantiles,5008,0,-3.0810107235996105,-3.1395270824432373,-2.141811811923981,-1.9118721520900726,-4.278461456298828,-1.6614406108856201,4.278461456298828,-3.69510555267334
mbpo_pushcube_500k_20261007T094728_f9d45348,PushCube-v1,mbpo,policy_gradient_steps,25000,30000,actor_loss,all_update_events_exact_quantiles,5000,0,-1.5856788006544114,-1.5880094170570374,-1.4424473524093628,-1.4017296302318571,-1.8317893743515015,-1.2985893487930298,1.8317893743515015,-1.7055048942565918
mbpo_pushcube_500k_20261007T094728_f9d45348,PushCube-v1,mbpo,policy_gradient_steps,25000,30000,critic_loss,all_update_events_exact_quantiles,5000,0,0.07234731672853231,0.0711037777364254,0.09416976124048233,0.10659992374479771,0.04354759305715561,0.15160709619522095,0.15160709619522095,0.09622358530759811
mbpo_pushcube_500k_20261007T094728_f9d45348,PushCube-v1,mbpo,policy_gradient_steps,25000,30000,policy_q_min_mean,all_update_events_exact_quantiles,5000,0,1.6000352900266648,1.6021960973739624,1.740296369791031,1.7823881566524509,1.3141486644744873,1.8476017713546753,1.8476017713546753,1.7204864025115967
mbpo_pushcube_500k_20261007T094728_f9d45348,PushCube-v1,mbpo,policy_gradient_steps,25000,30000,alpha,all_update_events_exact_quantiles,5000,0,0.003971474493853748,0.0038049384020268917,0.004848658828996122,0.004973803781904281,0.0035562606062740088,0.005004629958420992,0.005004629958420992,0.0035873192828148603
mbpo_pushcube_500k_20261007T094728_f9d45348,PushCube-v1,mbpo,policy_gradient_steps,25000,30000,alpha_loss,all_update_events_exact_quantiles,5000,0,0.0015305444690591685,0.0010863783536478877,0.004693638696335256,0.005637471810914577,-0.0018938404973596334,0.00686900457367301,0.00686900457367301,-0.0006339307874441147
mbpo_pushcube_500k_20261007T094728_f9d45348,PushCube-v1,mbpo,policy_gradient_steps,25000,30000,entropy_estimate,all_update_events_exact_quantiles,5000,0,-3.650158198261261,-3.7125885486602783,-3.008106195926666,-2.8385760021209707,-4.531693458557129,-2.6050524711608887,4.531693458557129,-4.176736831665039
mbpo_pushcube_500k_20261007T094728_f9d45348,PushCube-v1,mbpo,real_env_steps,60000,70000,actor_loss,all_update_events_exact_quantiles,4992,0,-1.7261815585004978,-1.730759084224701,-1.5938582181930543,-1.5532791662216183,-1.99234938621521,-1.4952791929244995,1.99234938621521,-1.8460447788238525
mbpo_pushcube_500k_20261007T094728_f9d45348,PushCube-v1,mbpo,real_env_steps,60000,70000,critic_loss,all_update_events_exact_quantiles,4992,0,0.07741465646839248,0.07598884776234627,0.09979830831289291,0.11381727814674378,0.04632755368947983,0.15160709619522095,0.15160709619522095,0.1068495661020279
mbpo_pushcube_500k_20261007T094728_f9d45348,PushCube-v1,mbpo,real_env_steps,60000,70000,policy_q_min_mean,all_update_events_exact_quantiles,4992,0,1.7408537000943072,1.74558424949646,1.8620331287384033,1.9041548943519593,1.509155511856079,2.0081160068511963,2.0081160068511963,1.8622515201568604
mbpo_pushcube_500k_20261007T094728_f9d45348,PushCube-v1,mbpo,real_env_steps,60000,70000,alpha,all_update_events_exact_quantiles,4992,0,0.003669791982480465,0.003640006994828582,0.0038836476276628675,0.003901567866560072,0.0035562606062740088,0.0039186617359519005,0.0039186617359519005,0.003918488044291735
mbpo_pushcube_500k_20261007T094728_f9d45348,PushCube-v1,mbpo,real_env_steps,60000,70000,alpha_loss,all_update_events_exact_quantiles,4992,0,6.8397668782766304e-06,9.668132406659424e-06,0.0009637073468184099,0.0013607269350904981,-0.0020725466310977936,0.002093866467475891,0.002093866467475891,-0.0005329017294570804
mbpo_pushcube_500k_20261007T094728_f9d45348,PushCube-v1,mbpo,real_env_steps,60000,70000,entropy_estimate,all_update_events_exact_quantiles,4992,0,-3.997852797022997,-3.997361898422241,-3.737455058097839,-3.6237571597099305,-4.570833206176758,-3.4262924194335938,4.570833206176758,-4.135997295379639
mbpo_pushcube_500k_20261007T094728_f9d45348,PushCube-v1,mbpo,policy_gradient_steps,30000,35000,actor_loss,all_update_events_exact_quantiles,5000,0,-1.8029732822418212,-1.8022792339324951,-1.6946558356285095,-1.6527642750740048,-2.0201034545898438,-1.596897840499878,2.0201034545898438,-1.8863773345947266
mbpo_pushcube_500k_20261007T094728_f9d45348,PushCube-v1,mbpo,policy_gradient_steps,30000,35000,critic_loss,all_update_events_exact_quantiles,5000,0,0.0806431054353714,0.0791730284690857,0.10418680533766748,0.11940254084765912,0.046769723296165466,0.14794045686721802,0.14794045686721802,0.09618060290813446
mbpo_pushcube_500k_20261007T094728_f9d45348,PushCube-v1,mbpo,policy_gradient_steps,30000,35000,policy_q_min_mean,all_update_events_exact_quantiles,5000,0,1.8183461406469346,1.8175272941589355,1.929891312122345,1.972724976539612,1.6118605136871338,2.037416934967041,2.037416934967041,1.9031696319580078
mbpo_pushcube_500k_20261007T094728_f9d45348,PushCube-v1,mbpo,policy_gradient_steps,30000,35000,alpha,all_update_events_exact_quantiles,5000,0,0.0038280621255747972,0.003833332099020481,0.004052488063462078,0.0040694557223469015,0.003587784245610237,0.004080065991729498,0.004080065991729498,0.004080065991729498
mbpo_pushcube_500k_20261007T094728_f9d45348,PushCube-v1,mbpo,policy_gradient_steps,30000,35000,alpha_loss,all_update_events_exact_quantiles,5000,0,-6.1003680496651215e-05,-4.865280061494559e-05,0.000791484251385555,0.001146096594166011,-0.0020725466310977936,0.001914496999233961,0.0020725466310977936,-0.00047319085570052266
mbpo_pushcube_500k_20261007T094728_f9d45348,PushCube-v1,mbpo,policy_gradient_steps,30000,35000,entropy_estimate,all_update_events_exact_quantiles,5000,0,-4.016155143404007,-4.012605905532837,-3.789183163642883,-3.7005458283424377,-4.570833206176758,-3.474191188812256,4.570833206176758,-4.115984916687012
mbpo_pushcube_500k_20261007T094728_f9d45348,PushCube-v1,mbpo,real_env_steps,70000,80000,actor_loss,all_update_events_exact_quantiles,5008,0,-1.9099835765104705,-1.9080939292907715,-1.7861889481544495,-1.7434817755222318,-2.186475992202759,-1.6691622734069824,2.186475992202759,-2.0032615661621094
mbpo_pushcube_500k_20261007T094728_f9d45348,PushCube-v1,mbpo,real_env_steps,70000,80000,critic_loss,all_update_events_exact_quantiles,5008,0,0.08568595866628062,0.08387305587530136,0.11102448180317877,0.12767616108059893,0.04955865815281868,0.15221501886844635,0.15221501886844635,0.09122242778539658
mbpo_pushcube_500k_20261007T094728_f9d45348,PushCube-v1,mbpo,real_env_steps,70000,80000,policy_q_min_mean,all_update_events_exact_quantiles,5008,0,1.9264602319786723,1.924684762954712,2.05197114944458,2.0971191453933717,1.6847416162490845,2.204240322113037,2.204240322113037,2.019312858581543
mbpo_pushcube_500k_20261007T094728_f9d45348,PushCube-v1,mbpo,real_env_steps,70000,80000,alpha,all_update_events_exact_quantiles,5008,0,0.004111389985204653,0.004130072891712189,0.004276983789168298,0.00428624332882464,0.0039094435051083565,0.0042947037145495415,0.0042947037145495415,0.004284645896404982
mbpo_pushcube_500k_20261007T094728_f9d45348,PushCube-v1,mbpo,real_env_steps,70000,80000,alpha_loss,all_update_events_exact_quantiles,5008,0,-3.13889259845696e-05,-3.248690700274892e-05,0.000860318436753004,0.0011987862701062122,-0.0019467259990051389,0.001802679500542581,0.0019467259990051389,0.001090825768187642
mbpo_pushcube_500k_20261007T094728_f9d45348,PushCube-v1,mbpo,real_env_steps,70000,80000,entropy_estimate,all_update_events_exact_quantiles,5008,0,-4.007749913837582,-4.007865905761719,-3.7917637109756472,-3.705733218193054,-4.494311332702637,-3.560218334197998,4.494311332702637,-3.7454636096954346
mbpo_pushcube_500k_20261007T094728_f9d45348,PushCube-v1,mbpo,policy_gradient_steps,35000,40000,actor_loss,all_update_events_exact_quantiles,5000,0,-1.9885249021291733,-1.9891775250434875,-1.858708268404007,-1.8170217609405517,-2.2179720401763916,-1.7349340915679932,2.2179720401763916,-2.1159427165985107
mbpo_pushcube_500k_20261007T094728_f9d45348,PushCube-v1,mbpo,policy_gradient_steps,35000,40000,critic_loss,all_update_events_exact_quantiles,5000,0,0.0874350706808269,0.08578585833311081,0.11397802084684372,0.1293917874991894,0.0529942512512207,0.15221501886844635,0.15221501886844635,0.07532380521297455
mbpo_pushcube_500k_20261007T094728_f9d45348,PushCube-v1,mbpo,policy_gradient_steps,35000,40000,policy_q_min_mean,all_update_events_exact_quantiles,5000,0,2.005582001709938,2.006049394607544,2.133230173587799,2.1837948513031007,1.7505296468734741,2.2358808517456055,2.2358808517456055,2.133228063583374
mbpo_pushcube_500k_20261007T094728_f9d45348,PushCube-v1,mbpo,policy_gradient_steps,35000,40000,alpha,all_update_events_exact_quantiles,5000,0,0.004256666027009487,0.004262950969859958,0.004457505489699543,0.004487214596010745,0.004080318845808506,0.004498725291341543,0.004498725291341543,0.004466635175049305
mbpo_pushcube_500k_20261007T094728_f9d45348,PushCube-v1,mbpo,policy_gradient_steps,35000,40000,alpha_loss,all_update_events_exact_quantiles,5000,0,-3.074674884119304e-05,-2.571749428170733e-05,0.0008313569735037163,0.0011345319985412066,-0.0017004120163619518,0.001802679500542581,0.001802679500542581,0.0005830192239955068
mbpo_pushcube_500k_20261007T094728_f9d45348,PushCube-v1,mbpo,policy_gradient_steps,35000,40000,entropy_estimate,all_update_events_exact_quantiles,5000,0,-4.007278210401535,-4.0060460567474365,-3.8036529779434205,-3.7310623860359193,-4.401471138000488,-3.567934513092041,4.401471138000488,-3.8694865703582764
mbpo_pushcube_500k_20261007T094728_f9d45348,PushCube-v1,mbpo,real_env_steps,80000,90000,actor_loss,all_update_events_exact_quantiles,4992,0,-2.10110128733019,-2.1027016639709473,-1.9795832872390748,-1.937971510887146,-2.328028440475464,-1.8582289218902588,2.328028440475464,-2.206676483154297
mbpo_pushcube_500k_20261007T094728_f9d45348,PushCube-v1,mbpo,real_env_steps,80000,90000,critic_loss,all_update_events_exact_quantiles,4992,0,0.09033640248936792,0.08862055838108063,0.1175254438072443,0.1316362938284875,0.05414125323295593,0.1741022765636444,0.1741022765636444,0.08253270387649536
mbpo_pushcube_500k_20261007T094728_f9d45348,PushCube-v1,mbpo,real_env_steps,80000,90000,policy_q_min_mean,all_update_events_exact_quantiles,4992,0,2.118661142097643,2.1203722953796387,2.236885631084442,2.276904938220978,1.876144528388977,2.3457679748535156,2.3457679748535156,2.2249436378479004
mbpo_pushcube_500k_20261007T094728_f9d45348,PushCube-v1,mbpo,real_env_steps,80000,90000,alpha,all_update_events_exact_quantiles,4992,0,0.0043872780036345385,0.004400450037792325,0.004464117414318025,0.004487218209542334,0.004229872953146696,0.004498725291341543,0.004498725291341543,0.004417214542627335
mbpo_pushcube_500k_20261007T094728_f9d45348,PushCube-v1,mbpo,real_env_steps,80000,90000,alpha_loss,all_update_events_exact_quantiles,4992,0,-1.0848425759490965e-05,-6.4467021729797125e-06,0.0008030949538806452,0.0011873950099106894,-0.001809661160223186,0.0018424466252326965,0.0018424466252326965,-0.0005974593223072588
mbpo_pushcube_500k_20261007T094728_f9d45348,PushCube-v1,mbpo,real_env_steps,80000,90000,entropy_estimate,all_update_events_exact_quantiles,4992,0,-4.002558955636162,-4.001471042633057,-3.817059326171875,-3.7307806468009947,-4.410982131958008,-3.5788698196411133,4.410982131958008,-4.135251522064209
mbpo_pushcube_500k_20261007T094728_f9d45348,PushCube-v1,mbpo,policy_gradient_steps,40000,45000,actor_loss,all_update_events_exact_quantiles,5000,0,-2.1664723719120027,-2.1653636693954468,-2.0545337796211243,-2.011914539337158,-2.3897557258605957,-1.926232099533081,2.3897557258605957,-2.2665867805480957
mbpo_pushcube_500k_20261007T094728_f9d45348,PushCube-v1,mbpo,policy_gradient_steps,40000,45000,critic_loss,all_update_events_exact_quantiles,5000,0,0.09248370964154601,0.09074582532048225,0.11917453408241271,0.1339253981411457,0.055926449596881866,0.1741022765636444,0.1741022765636444,0.0822393149137497
mbpo_pushcube_500k_20261007T094728_f9d45348,PushCube-v1,mbpo,policy_gradient_steps,40000,45000,policy_q_min_mean,all_update_events_exact_quantiles,5000,0,2.184235036277771,2.1832187175750732,2.2993143796920776,2.341511452198029,1.9437613487243652,2.4074208736419678,2.4074208736419678,2.2840678691864014
mbpo_pushcube_500k_20261007T094728_f9d45348,PushCube-v1,mbpo,policy_gradient_steps,40000,45000,alpha,all_update_events_exact_quantiles,5000,0,0.004439424764085561,0.004433769267052412,0.004527085996232927,0.004538341034203768,0.0043360162526369095,0.004550602752715349,0.004550602752715349,0.004527614451944828
mbpo_pushcube_500k_20261007T094728_f9d45348,PushCube-v1,mbpo,policy_gradient_steps,40000,45000,alpha_loss,all_update_events_exact_quantiles,5000,0,-5.013477730608429e-06,1.662920112721622e-08,0.0008145416679326445,0.0011864307685755199,-0.001809661160223186,0.0018424466252326965,0.0018424466252326965,0.000628582201898098
mbpo_pushcube_500k_20261007T094728_f9d45348,PushCube-v1,mbpo,policy_gradient_steps,40000,45000,entropy_estimate,all_update_events_exact_quantiles,5000,0,-4.001173719930649,-3.9999966621398926,-3.81673127412796,-3.733011972904205,-4.410982131958008,-3.5788698196411133,4.410982131958008,-3.8611600399017334
mbpo_pushcube_500k_20261007T094728_f9d45348,PushCube-v1,mbpo,real_env_steps,90000,100000,actor_loss,all_update_events_exact_quantiles,5008,0,-2.2658203914523507,-2.266495704650879,-2.1453434705734256,-2.1012773966789244,-2.521458864212036,-2.0232465267181396,2.521458864212036,-2.3530564308166504
mbpo_pushcube_500k_20261007T094728_f9d45348,PushCube-v1,mbpo,real_env_steps,90000,100000,critic_loss,all_update_events_exact_quantiles,5008,0,0.09383699993198268,0.092042725533247,0.12027810662984847,0.13418321356177332,0.055926449596881866,0.16721618175506592,0.16721618175506592,0.0818871408700943
mbpo_pushcube_500k_20261007T094728_f9d45348,PushCube-v1,mbpo,real_env_steps,90000,100000,policy_q_min_mean,all_update_events_exact_quantiles,5008,0,2.284110883078255,2.284701108932495,2.4014918565750123,2.4506802916526795,2.04091739654541,2.540099859237671,2.540099859237671,2.37202787399292
mbpo_pushcube_500k_20261007T094728_f9d45348,PushCube-v1,mbpo,real_env_steps,90000,100000,alpha,all_update_events_exact_quantiles,5008,0,0.004567208261557887,0.004572402453050017,0.00471353221219033,0.004729093993082642,0.004415965639054775,0.004736507777124643,0.004736507777124643,0.004711023531854153
mbpo_pushcube_500k_20261007T094728_f9d45348,PushCube-v1,mbpo,real_env_steps,90000,100000,alpha_loss,all_update_events_exact_quantiles,5008,0,-2.1894976129124044e-05,-1.6338875866495073e-05,0.0008012113365111867,0.0011242323124315626,-0.001932518556714058,0.0015324722044169903,0.001932518556714058,-0.0001269649073947221
mbpo_pushcube_500k_20261007T094728_f9d45348,PushCube-v1,mbpo,real_env_steps,90000,100000,entropy_estimate,all_update_events_exact_quantiles,5008,0,-4.004860826241322,-4.003563642501831,-3.823729121685028,-3.7514511513710023,-4.421775817871094,-3.666411876678467,4.421775817871094,-4.026949882507324
mbpo_pushcube_500k_20261007T094728_f9d45348,PushCube-v1,mbpo,policy_gradient_steps,45000,50000,actor_loss,all_update_events_exact_quantiles,5000,0,-2.3272248632907866,-2.3260141611099243,-2.215673875808716,-2.172023847103119,-2.5475869178771973,-2.1161446571350098,2.5475869178771973,-2.349588394165039
mbpo_pushcube_500k_20261007T094728_f9d45348,PushCube-v1,mbpo,policy_gradient_steps,45000,50000,critic_loss,all_update_events_exact_quantiles,5000,0,0.09484886431992054,0.09317951276898384,0.12189997285604477,0.13429439812898641,0.05985047295689583,0.16721618175506592,0.16721618175506592,0.08428116142749786
mbpo_pushcube_500k_20261007T094728_f9d45348,PushCube-v1,mbpo,policy_gradient_steps,45000,50000,policy_q_min_mean,all_update_events_exact_quantiles,5000,0,2.345888730955124,2.344869375228882,2.459289824962616,2.4997620153427125,2.134152889251709,2.566092014312744,2.566092014312744,2.3686869144439697
mbpo_pushcube_500k_20261007T094728_f9d45348,PushCube-v1,mbpo,policy_gradient_steps,45000,50000,alpha,all_update_events_exact_quantiles,5000,0,0.004661360845714808,0.004678464028984308,0.0047398886876180765,0.0047661974607035515,0.004518405068665743,0.004775614943355322,0.004775614943355322,0.004775614943355322
mbpo_pushcube_500k_20261007T094728_f9d45348,PushCube-v1,mbpo,policy_gradient_steps,45000,50000,alpha_loss,all_update_events_exact_quantiles,5000,0,-1.8621446364340953e-05,-1.2280637747608125e-05,0.0007888777996413413,0.0011598394450265921,-0.0020186444744467735,0.0017103943973779678,0.0020186444744467735,3.4824188333004713e-07
mbpo_pushcube_500k_20261007T094728_f9d45348,PushCube-v1,mbpo,policy_gradient_steps,45000,50000,entropy_estimate,all_update_events_exact_quantiles,5000,0,-4.004059293270111,-4.002604007720947,-3.8305829763412476,-3.7515939450263978,-4.426513195037842,-3.637044668197632,4.426513195037842,-3.999927043914795
mbpo_pushcube_500k_20261007T094728_f9d45348,PushCube-v1,mbpo,real_env_steps,100000,110000,actor_loss,all_update_events_exact_quantiles,4992,0,-2.4083678893362865,-2.4097665548324585,-2.29836847782135,-2.2576575684547424,-2.641995429992676,-2.184236764907837,2.641995429992676,-2.617399215698242
mbpo_pushcube_500k_20261007T094728_f9d45348,PushCube-v1,mbpo,real_env_steps,100000,110000,critic_loss,all_update_events_exact_quantiles,4992,0,0.09684682205000009,0.09539248049259186,0.12298162803053855,0.13710407450795176,0.06029626727104187,0.1753465235233307,0.1753465235233307,0.08288830518722534
mbpo_pushcube_500k_20261007T094728_f9d45348,PushCube-v1,mbpo,real_env_steps,100000,110000,policy_q_min_mean,all_update_events_exact_quantiles,4992,0,2.427619520288247,2.4289045333862305,2.534436082839966,2.577218234539032,2.2034120559692383,2.661895751953125,2.661895751953125,2.636841297149658
mbpo_pushcube_500k_20261007T094728_f9d45348,PushCube-v1,mbpo,real_env_steps,100000,110000,alpha,all_update_events_exact_quantiles,4992,0,0.004809091506710199,0.004805039847269654,0.004928288981318474,0.004951062756590545,0.004671670496463776,0.004973019473254681,0.004973019473254681,0.004925867542624474
mbpo_pushcube_500k_20261007T094728_f9d45348,PushCube-v1,mbpo,real_env_steps,100000,110000,alpha_loss,all_update_events_exact_quantiles,4992,0,-1.54365821983377e-05,-2.452008629916236e-06,0.0008555119246011598,0.001187141198897735,-0.0021307161077857018,0.001741709653288126,0.0021307161077857018,0.0002638317528180778
mbpo_pushcube_500k_20261007T094728_f9d45348,PushCube-v1,mbpo,real_env_steps,100000,110000,entropy_estimate,all_update_events_exact_quantiles,4992,0,-4.0032710536168175,-4.000515937805176,-3.823047173023224,-3.74950270652771,-4.431032180786133,-3.637044668197632,4.431032180786133,-3.9464457035064697
mbpo_pushcube_500k_20261007T094728_f9d45348,PushCube-v1,mbpo,policy_gradient_steps,50000,55000,actor_loss,all_update_events_exact_quantiles,5000,0,-2.4621089394569395,-2.4614970684051514,-2.354204607009888,-2.313322706222534,-2.732285261154175,-2.2542028427124023,2.732285261154175,-2.552781581878662
mbpo_pushcube_500k_20261007T094728_f9d45348,PushCube-v1,mbpo,policy_gradient_steps,50000,55000,critic_loss,all_update_events_exact_quantiles,5000,0,0.09767019125074149,0.09629829972982407,0.12310117296874523,0.1368480184674263,0.06021957844495773,0.1753465235233307,0.1753465235233307,0.08704935759305954
mbpo_pushcube_500k_20261007T094728_f9d45348,PushCube-v1,mbpo,policy_gradient_steps,50000,55000,policy_q_min_mean,all_update_events_exact_quantiles,5000,0,2.481645266389847,2.4809430837631226,2.5923118233680724,2.6405610322952273,2.27278995513916,2.752053737640381,2.752053737640381,2.572474956512451
mbpo_pushcube_500k_20261007T094728_f9d45348,PushCube-v1,mbpo,policy_gradient_steps,50000,55000,alpha,all_update_events_exact_quantiles,5000,0,0.004881866772100329,0.004890454467386007,0.004946688446216286,0.004964598482474685,0.004757690709084272,0.004973019473254681,0.004973019473254681,0.0049141282215714455
mbpo_pushcube_500k_20261007T094728_f9d45348,PushCube-v1,mbpo,policy_gradient_steps,50000,55000,alpha_loss,all_update_events_exact_quantiles,5000,0,-8.971958317124517e-06,-9.890063665807247e-06,0.0008946145593654364,0.001292568386998029,-0.0021307161077857018,0.001741709653288126,0.0021307161077857018,-3.389040648471564e-05
mbpo_pushcube_500k_20261007T094728_f9d45348,PushCube-v1,mbpo,policy_gradient_steps,50000,55000,entropy_estimate,all_update_events_exact_quantiles,5000,0,-4.001919352722168,-4.002013683319092,-3.8162751317024233,-3.7352436232566832,-4.431032180786133,-3.6470251083374023,4.431032180786133,-4.006895065307617
mbpo_pushcube_500k_20261007T094728_f9d45348,PushCube-v1,mbpo,real_env_steps,110000,120000,actor_loss,all_update_events_exact_quantiles,5008,0,-2.5325407567686926,-2.5340715646743774,-2.428328502178192,-2.385357654094696,-2.7414422035217285,-2.2955212593078613,2.7414422035217285,-2.5775375366210938
mbpo_pushcube_500k_20261007T094728_f9d45348,PushCube-v1,mbpo,real_env_steps,110000,120000,critic_loss,all_update_events_exact_quantiles,5008,0,0.10008262366074296,0.09860841184854507,0.12607050389051436,0.14067877903580672,0.06021957844495773,0.18096484243869781,0.18096484243869781,0.11933634430170059
mbpo_pushcube_500k_20261007T094728_f9d45348,PushCube-v1,mbpo,real_env_steps,110000,120000,policy_q_min_mean,all_update_events_exact_quantiles,5008,0,2.5523131190302273,2.5536288022994995,2.6527410745620728,2.695391674041748,2.3149008750915527,2.759982109069824,2.759982109069824,2.597560167312622
mbpo_pushcube_500k_20261007T094728_f9d45348,PushCube-v1,mbpo,real_env_steps,110000,120000,alpha,all_update_events_exact_quantiles,5008,0,0.00494176086511451,0.004941148450598121,0.0050227525644004345,0.00503764861728996,0.004837408661842346,0.005046879407018423,0.005046879407018423,0.004991940688341856
mbpo_pushcube_500k_20261007T094728_f9d45348,PushCube-v1,mbpo,real_env_steps,110000,120000,alpha_loss,all_update_events_exact_quantiles,5008,0,-5.371986211606543e-06,-1.1236195859964937e-05,0.0009251672687241798,0.0013105190754868121,-0.0018388379830867052,0.0018519286531955004,0.0018519286531955004,-5.401056114351377e-05
mbpo_pushcube_500k_20261007T094728_f9d45348,PushCube-v1,mbpo,real_env_steps,110000,120000,entropy_estimate,all_update_events_exact_quantiles,5008,0,-4.001152019197948,-4.002285003662109,-3.812666618824005,-3.734132258892059,-4.373051166534424,-3.630239963531494,4.373051166534424,-4.010819435119629
mbpo_pushcube_500k_20261007T094728_f9d45348,PushCube-v1,mbpo,policy_gradient_steps,55000,60000,actor_loss,all_update_events_exact_quantiles,5000,0,-2.565812187576294,-2.565723180770874,-2.469161665439606,-2.429644157886505,-2.7598214149475098,-2.355994462966919,2.7598214149475098,-2.609349012374878
mbpo_pushcube_500k_20261007T094728_f9d45348,PushCube-v1,mbpo,policy_gradient_steps,55000,60000,critic_loss,all_update_events_exact_quantiles,5000,0,0.10281504741758109,0.10149695724248886,0.13022795543074608,0.1462683257460595,0.06567706912755966,0.18096484243869781,0.18096484243869781,0.08532674610614777
mbpo_pushcube_500k_20261007T094728_f9d45348,PushCube-v1,mbpo,policy_gradient_steps,55000,60000,policy_q_min_mean,all_update_events_exact_quantiles,5000,0,2.585727000141144,2.585713744163513,2.682224977016449,2.721020517349243,2.3756628036499023,2.779167652130127,2.779167652130127,2.628735065460205
mbpo_pushcube_500k_20261007T094728_f9d45348,PushCube-v1,mbpo,policy_gradient_steps,55000,60000,alpha,all_update_events_exact_quantiles,5000,0,0.004977939306292683,0.004978927550837398,0.005038925097323954,0.005079483687877655,0.004866010043770075,0.005096780601888895,0.005096780601888895,0.004953437950462103
mbpo_pushcube_500k_20261007T094728_f9d45348,PushCube-v1,mbpo,policy_gradient_steps,55000,60000,alpha_loss,all_update_events_exact_quantiles,5000,0,-3.0902509333827764e-06,-1.1636475392151624e-06,0.0009309548186138272,0.0012975489639211447,-0.00207712734118104,0.0018519286531955004,0.00207712734118104,0.0004305523179937154
mbpo_pushcube_500k_20261007T094728_f9d45348,PushCube-v1,mbpo,policy_gradient_steps,55000,60000,entropy_estimate,all_update_events_exact_quantiles,5000,0,-4.000696294355392,-4.00023341178894,-3.8134582161903383,-3.7402132129669186,-4.41392707824707,-3.630239963531494,4.41392707824707,-3.9130918979644775
mbpo_pushcube_500k_20261007T094728_f9d45348,PushCube-v1,mbpo,real_env_steps,120000,130000,actor_loss,all_update_events_exact_quantiles,4992,0,-2.606949912909514,-2.6061344146728516,-2.510061430931091,-2.470333232879639,-2.793179988861084,-2.380892753601074,2.793179988861084,-2.6031570434570312
mbpo_pushcube_500k_20261007T094728_f9d45348,PushCube-v1,mbpo,real_env_steps,120000,130000,critic_loss,all_update_events_exact_quantiles,4992,0,0.10616620157648307,0.10455744713544846,0.13437262773513795,0.1513712736964226,0.06585991382598877,0.1968567818403244,0.1968567818403244,0.10303488373756409
mbpo_pushcube_500k_20261007T094728_f9d45348,PushCube-v1,mbpo,real_env_steps,120000,130000,policy_q_min_mean,all_update_events_exact_quantiles,4992,0,2.626759217144587,2.625938296318054,2.7237093925476072,2.7610499334335326,2.4008114337921143,2.8125946521759033,2.8125946521759033,2.6235907077789307
mbpo_pushcube_500k_20261007T094728_f9d45348,PushCube-v1,mbpo,real_env_steps,120000,130000,alpha,all_update_events_exact_quantiles,4992,0,0.004953211836553424,0.004962051287293434,0.005028669582679867,0.005079499185085296,0.00484732398763299,0.005096780601888895,0.005096780601888895,0.004938723053783178
mbpo_pushcube_500k_20261007T094728_f9d45348,PushCube-v1,mbpo,real_env_steps,120000,130000,alpha_loss,all_update_events_exact_quantiles,4992,0,3.5809090778188993e-06,9.923787729348987e-06,0.0009285923966672271,0.0013165500899776819,-0.002181713003665209,0.0019412096589803696,0.002181713003665209,-0.0006820125272497535
mbpo_pushcube_500k_20261007T094728_f9d45348,PushCube-v1,mbpo,real_env_steps,120000,130000,entropy_estimate,all_update_events_exact_quantiles,4992,0,-3.9993517640500498,-3.997992753982544,-3.8132702827453615,-3.734906952381134,-4.445260047912598,-3.611377000808716,4.445260047912598,-4.138116836547852
mbpo_pushcube_500k_20261007T094728_f9d45348,PushCube-v1,mbpo,policy_gradient_steps,60000,65000,actor_loss,all_update_events_exact_quantiles,5000,0,-2.63944361577034,-2.6388458013534546,-2.5396263718605043,-2.4928986692428587,-2.8697023391723633,-2.4317078590393066,2.8697023391723633,-2.6523656845092773
mbpo_pushcube_500k_20261007T094728_f9d45348,PushCube-v1,mbpo,policy_gradient_steps,60000,65000,critic_loss,all_update_events_exact_quantiles,5000,0,0.1078829130589962,0.10613849386572838,0.13700487837195396,0.15303848266601563,0.06585991382598877,0.1968567818403244,0.1968567818403244,0.10900801420211792
mbpo_pushcube_500k_20261007T094728_f9d45348,PushCube-v1,mbpo,policy_gradient_steps,60000,65000,policy_q_min_mean,all_update_events_exact_quantiles,5000,0,2.659161643123627,2.6585006713867188,2.7610727071762087,2.804815454483032,2.4515316486358643,2.889531135559082,2.889531135559082,2.6727001667022705
mbpo_pushcube_500k_20261007T094728_f9d45348,PushCube-v1,mbpo,policy_gradient_steps,60000,65000,alpha,all_update_events_exact_quantiles,5000,0,0.004929510169196874,0.00493324757553637,0.004989997623488307,0.005014447779394686,0.00484732398763299,0.005026376340538263,0.005026376340538263,0.004943786654621363
mbpo_pushcube_500k_20261007T094728_f9d45348,PushCube-v1,mbpo,policy_gradient_steps,60000,65000,alpha_loss,all_update_events_exact_quantiles,5000,0,1.764272674336098e-08,1.9763101590797305e-06,0.0009353146771900357,0.00132277793250978,-0.002181713003665209,0.002161908894777298,0.002181713003665209,-0.0005606510094366968
mbpo_pushcube_500k_20261007T094728_f9d45348,PushCube-v1,mbpo,policy_gradient_steps,60000,65000,entropy_estimate,all_update_events_exact_quantiles,5000,0,-4.000071193552017,-3.999598979949951,-3.8100021362304686,-3.731405951976776,-4.445260047912598,-3.5605385303497314,4.445260047912598,-4.1134138107299805
mbpo_pushcube_500k_20261007T094728_f9d45348,PushCube-v1,mbpo,real_env_steps,130000,140000,actor_loss,all_update_events_exact_quantiles,5008,0,-2.6970573789395464,-2.6973657608032227,-2.595582377910614,-2.5542875790596007,-2.890474557876587,-2.4810640811920166,2.890474557876587,-2.831678867340088
mbpo_pushcube_500k_20261007T094728_f9d45348,PushCube-v1,mbpo,real_env_steps,130000,140000,critic_loss,all_update_events_exact_quantiles,5008,0,0.10942897016997821,0.10789129137992859,0.1381068080663681,0.15525561034679414,0.06957453489303589,0.19492897391319275,0.19492897391319275,0.09833967685699463
mbpo_pushcube_500k_20261007T094728_f9d45348,PushCube-v1,mbpo,real_env_steps,130000,140000,policy_q_min_mean,all_update_events_exact_quantiles,5008,0,2.7167152267770645,2.717122793197632,2.819004368782043,2.860538902282715,2.501272678375244,2.9097156524658203,2.9097156524658203,2.851473569869995
mbpo_pushcube_500k_20261007T094728_f9d45348,PushCube-v1,mbpo,real_env_steps,130000,140000,alpha,all_update_events_exact_quantiles,5008,0,0.00491567796595341,0.004924028879031539,0.004969632392749191,0.004995507905259729,0.00482674315571785,0.005002997815608978,0.005002997815608978,0.004874298349022865
mbpo_pushcube_500k_20261007T094728_f9d45348,PushCube-v1,mbpo,real_env_steps,130000,140000,alpha_loss,all_update_events_exact_quantiles,5008,0,4.916970797690017e-06,-3.781929990509525e-06,0.0009165939496597273,0.0012735500722192237,-0.0022599492222070694,0.002161908894777298,0.0022599492222070694,-0.0002997176197823137
mbpo_pushcube_500k_20261007T094728_f9d45348,PushCube-v1,mbpo,real_env_steps,130000,140000,entropy_estimate,all_update_events_exact_quantiles,5008,0,-3.999063662922801,-4.000766277313232,-3.81437611579895,-3.742121088504791,-4.458418369293213,-3.5605385303497314,4.458418369293213,-4.061496734619141
mbpo_pushcube_500k_20261007T094728_f9d45348,PushCube-v1,mbpo,policy_gradient_steps,65000,70000,actor_loss,all_update_events_exact_quantiles,5000,0,-2.733118985271454,-2.7339590787887573,-2.6315816760063173,-2.592298858165741,-2.921647548675537,-2.494014024734497,2.921647548675537,-2.692662239074707
mbpo_pushcube_500k_20261007T094728_f9d45348,PushCube-v1,mbpo,policy_gradient_steps,65000,70000,critic_loss,all_update_events_exact_quantiles,5000,0,0.11011460207998752,0.1086348369717598,0.1393639013171196,0.15636408269405366,0.06957453489303589,0.19899708032608032,0.19899708032608032,0.07230265438556671
mbpo_pushcube_500k_20261007T094728_f9d45348,PushCube-v1,mbpo,policy_gradient_steps,65000,70000,policy_q_min_mean,all_update_events_exact_quantiles,5000,0,2.752625819349289,2.7535388469696045,2.854640316963196,2.8900819873809813,2.5135574340820312,2.94058895111084,2.94058895111084,2.711056709289551
mbpo_pushcube_500k_20261007T094728_f9d45348,PushCube-v1,mbpo,policy_gradient_steps,65000,70000,alpha,all_update_events_exact_quantiles,5000,0,0.004878846010379493,0.004867990966886282,0.00495831158477813,0.00499554552603513,0.004783162847161293,0.005002997815608978,0.005002997815608978,0.004835494793951511
mbpo_pushcube_500k_20261007T094728_f9d45348,PushCube-v1,mbpo,policy_gradient_steps,65000,70000,alpha_loss,all_update_events_exact_quantiles,5000,0,8.640589486458338e-06,2.2856256691738963e-06,0.0008612575475126507,0.0012001251918263734,-0.0022599492222070694,0.0017586511094123125,0.0022599492222070694,0.0009497769642621279
mbpo_pushcube_500k_20261007T094728_f9d45348,PushCube-v1,mbpo,policy_gradient_steps,65000,70000,entropy_estimate,all_update_events_exact_quantiles,5000,0,-3.9982910626888275,-3.999527096748352,-3.8230369210243222,-3.7536046266555787,-4.458418369293213,-3.637495994567871,4.458418369293213,-3.8036084175109863
mbpo_pushcube_500k_20261007T094728_f9d45348,PushCube-v1,mbpo,real_env_steps,140000,150000,actor_loss,all_update_events_exact_quantiles,4992,0,-2.789379336942847,-2.7891428470611572,-2.682683551311493,-2.640881118774414,-3.033581018447876,-2.573316812515259,3.033581018447876,-2.8906874656677246
mbpo_pushcube_500k_20261007T094728_f9d45348,PushCube-v1,mbpo,real_env_steps,140000,150000,critic_loss,all_update_events_exact_quantiles,4992,0,0.10941287067357618,0.1079660914838314,0.13852173313498495,0.15654121309518818,0.06172459200024605,0.20475071668624878,0.20475071668624878,0.09295949339866638
mbpo_pushcube_500k_20261007T094728_f9d45348,PushCube-v1,mbpo,real_env_steps,140000,150000,policy_q_min_mean,all_update_events_exact_quantiles,4992,0,2.808577091504748,2.808400869369507,2.9138412714004516,2.95226788520813,2.5931129455566406,3.051490545272827,3.051490545272827,2.908975124359131
mbpo_pushcube_500k_20261007T094728_f9d45348,PushCube-v1,mbpo,real_env_steps,140000,150000,alpha,all_update_events_exact_quantiles,4992,0,0.004801684619731252,0.004808239405974746,0.004878136795014143,0.004886149242520332,0.004686999134719372,0.004895280580967665,0.004895280580967665,0.0047570099122822285
mbpo_pushcube_500k_20261007T094728_f9d45348,PushCube-v1,mbpo,real_env_steps,140000,150000,alpha_loss,all_update_events_exact_quantiles,4992,0,9.080074281888674e-06,3.6462988646235317e-06,0.000863965391181409,0.0012128192256204808,-0.0020432795863598585,0.001971179386600852,0.0020432795863598585,0.000742426491342485
mbpo_pushcube_500k_20261007T094728_f9d45348,PushCube-v1,mbpo,real_env_steps,140000,150000,entropy_estimate,all_update_events_exact_quantiles,4992,0,-3.998178239816274,-3.9992406368255615,-3.819322204589844,-3.746004748344421,-4.420498371124268,-3.591912269592285,4.420498371124268,-3.8439459800720215
mbpo_pushcube_500k_20261007T094728_f9d45348,PushCube-v1,mbpo,policy_gradient_steps,70000,75000,actor_loss,all_update_events_exact_quantiles,5000,0,-2.8278410204410553,-2.8275539875030518,-2.7244280099868776,-2.6755803132057188,-3.0525054931640625,-2.6189441680908203,3.0525054931640625,-2.8810296058654785
mbpo_pushcube_500k_20261007T094728_f9d45348,PushCube-v1,mbpo,policy_gradient_steps,70000,75000,critic_loss,all_update_events_exact_quantiles,5000,0,0.10865961254313589,0.10700323432683945,0.13882365822792053,0.15825921893119815,0.06172459200024605,0.20475071668624878,0.20475071668624878,0.10984118282794952
mbpo_pushcube_500k_20261007T094728_f9d45348,PushCube-v1,mbpo,policy_gradient_steps,70000,75000,policy_q_min_mean,all_update_events_exact_quantiles,5000,0,2.8469755176067353,2.846848964691162,2.949624752998352,2.9869188141822813,2.638045310974121,3.0717854499816895,3.0717854499816895,2.900336265563965
mbpo_pushcube_500k_20261007T094728_f9d45348,PushCube-v1,mbpo,policy_gradient_steps,70000,75000,alpha,all_update_events_exact_quantiles,5000,0,0.0047841060448437925,0.004780716495588422,0.004874876816757023,0.004885412403382361,0.004686999134719372,0.004895280580967665,0.004895280580967665,0.004802030045539141
mbpo_pushcube_500k_20261007T094728_f9d45348,PushCube-v1,mbpo,policy_gradient_steps,70000,75000,alpha_loss,all_update_events_exact_quantiles,5000,0,1.953967664303491e-06,4.603221896104515e-06,0.0008778315910603857,0.0012550169136375194,-0.0017359494231641293,0.001971179386600852,0.001971179386600852,-9.843744919635355e-05
mbpo_pushcube_500k_20261007T094728_f9d45348,PushCube-v1,mbpo,policy_gradient_steps,70000,75000,entropy_estimate,all_update_events_exact_quantiles,5000,0,-3.999663234758377,-3.999045729637146,-3.817023050785065,-3.7380729484558106,-4.359914302825928,-3.586651086807251,4.359914302825928,-4.020499229431152
mbpo_pushcube_500k_20261007T094728_f9d45348,PushCube-v1,mbpo,real_env_steps,150000,160000,actor_loss,all_update_events_exact_quantiles,5008,0,-2.8792577216895623,-2.8798348903656006,-2.7783779859542848,-2.73909619808197,-3.1214399337768555,-2.644576072692871,3.1214399337768555,-2.8462140560150146
mbpo_pushcube_500k_20261007T094728_f9d45348,PushCube-v1,mbpo,real_env_steps,150000,160000,critic_loss,all_update_events_exact_quantiles,5008,0,0.1094131144329001,0.10745387151837349,0.14200480431318283,0.16028661340475103,0.06866003572940826,0.19409923255443573,0.19409923255443573,0.09476609528064728
mbpo_pushcube_500k_20261007T094728_f9d45348,PushCube-v1,mbpo,real_env_steps,150000,160000,policy_q_min_mean,all_update_events_exact_quantiles,5008,0,2.898488898103991,2.8992486000061035,2.9969398617744445,3.038006582260132,2.6640145778656006,3.1397504806518555,3.1397504806518555,2.8651418685913086
mbpo_pushcube_500k_20261007T094728_f9d45348,PushCube-v1,mbpo,real_env_steps,150000,160000,alpha,all_update_events_exact_quantiles,5008,0,0.004807987557419132,0.004806695505976677,0.004884575610049069,0.004942534323781729,0.004716179799288511,0.00495686661452055,0.00495686661452055,0.0047549894079566
mbpo_pushcube_500k_20261007T094728_f9d45348,PushCube-v1,mbpo,real_env_steps,150000,160000,alpha_loss,all_update_events_exact_quantiles,5008,0,7.768709011156789e-07,1.7589107301319018e-05,0.0008819078968372189,0.001233885172987357,-0.0018766268622130156,0.001961085945367813,0.001961085945367813,9.546503861201927e-05
mbpo_pushcube_500k_20261007T094728_f9d45348,PushCube-v1,mbpo,real_env_steps,150000,160000,entropy_estimate,all_update_events_exact_quantiles,5008,0,-3.9999132390601186,-3.9963536262512207,-3.817616081237793,-3.742286043167114,-4.391666889190674,-3.586651086807251,4.391666889190674,-3.979926586151123
mbpo_pushcube_500k_20261007T094728_f9d45348,PushCube-v1,mbpo,policy_gradient_steps,75000,80000,actor_loss,all_update_events_exact_quantiles,5000,0,-2.9115111802101135,-2.9112892150878906,-2.809663999080658,-2.7717610955238343,-3.1214399337768555,-2.7078347206115723,3.1214399337768555,-2.9669029712677
mbpo_pushcube_500k_20261007T094728_f9d45348,PushCube-v1,mbpo,policy_gradient_steps,75000,80000,critic_loss,all_update_events_exact_quantiles,5000,0,0.10877320860773325,0.10702969506382942,0.14054933711886408,0.15768687278032303,0.06336171925067902,0.19340810179710388,0.19340810179710388,0.11686088144779205
mbpo_pushcube_500k_20261007T094728_f9d45348,PushCube-v1,mbpo,policy_gradient_steps,75000,80000,policy_q_min_mean,all_update_events_exact_quantiles,5000,0,2.9305712983608245,2.9304656982421875,3.031525671482086,3.07061607837677,2.7282745838165283,3.1397504806518555,3.1397504806518555,2.9853668212890625
mbpo_pushcube_500k_20261007T094728_f9d45348,PushCube-v1,mbpo,policy_gradient_steps,75000,80000,alpha,all_update_events_exact_quantiles,5000,0,0.004767918614670634,0.004774116910994053,0.004884369322098792,0.004942545727826655,0.004625926725566387,0.00495686661452055,0.00495686661452055,0.004662072751671076
mbpo_pushcube_500k_20261007T094728_f9d45348,PushCube-v1,mbpo,policy_gradient_steps,75000,80000,alpha_loss,all_update_events_exact_quantiles,5000,0,1.1672097766495426e-05,1.8604350771056488e-05,0.0008893535210518168,0.0012487298913765707,-0.0018766268622130156,0.0018451653886586428,0.0018766268622130156,0.00018795188225340098
mbpo_pushcube_500k_20261007T094728_f9d45348,PushCube-v1,mbpo,policy_gradient_steps,75000,80000,entropy_estimate,all_update_events_exact_quantiles,5000,0,-3.997609342288971,-3.9961373805999756,-3.813034915924072,-3.7382717037200925,-4.391666889190674,-3.6106085777282715,4.391666889190674,-3.9596917629241943
mbpo_pushcube_500k_20261007T094728_f9d45348,PushCube-v1,mbpo,real_env_steps,160000,170000,actor_loss,all_update_events_exact_quantiles,4992,0,-2.9575651593219776,-2.9583075046539307,-2.8595435857772826,-2.8152752137184143,-3.1867504119873047,-2.7595572471618652,3.1867504119873047,-2.9905521869659424
mbpo_pushcube_500k_20261007T094728_f9d45348,PushCube-v1,mbpo,real_env_steps,160000,170000,critic_loss,all_update_events_exact_quantiles,4992,0,0.10683470588171473,0.10533612221479416,0.1367260307073593,0.15758748635649683,0.06336171925067902,0.19477856159210205,0.19477856159210205,0.12034022808074951
mbpo_pushcube_500k_20261007T094728_f9d45348,PushCube-v1,mbpo,real_env_steps,160000,170000,policy_q_min_mean,all_update_events_exact_quantiles,4992,0,2.976142319683463,2.9770296812057495,3.073431444168091,3.1110063338279725,2.778148651123047,3.2045607566833496,3.2045607566833496,3.008525848388672
mbpo_pushcube_500k_20261007T094728_f9d45348,PushCube-v1,mbpo,real_env_steps,160000,170000,alpha,all_update_events_exact_quantiles,4992,0,0.004648047231734008,0.004651880823075771,0.004734660312533378,0.004755688630975783,0.00454034423455596,0.0047626798041164875,0.0047626798041164875,0.004553241655230522
mbpo_pushcube_500k_20261007T094728_f9d45348,PushCube-v1,mbpo,real_env_steps,160000,170000,alpha_loss,all_update_events_exact_quantiles,4992,0,1.5191462783657418e-05,2.188597500207834e-05,0.0008847669640090316,0.001254747016355396,-0.0018076908309012651,0.0018407311290502548,0.0018407311290502548,0.00023909717856440693
mbpo_pushcube_500k_20261007T094728_f9d45348,PushCube-v1,mbpo,real_env_steps,160000,170000,entropy_estimate,all_update_events_exact_quantiles,4992,0,-3.996805790429696,-3.995320677757263,-3.810469996929169,-3.729692320823669,-4.396332263946533,-3.6106085777282715,4.396332263946533,-3.9474878311157227
mbpo_pushcube_500k_20261007T094728_f9d45348,PushCube-v1,mbpo,policy_gradient_steps,80000,85000,actor_loss,all_update_events_exact_quantiles,5000,0,-2.984061904001236,-2.9852386713027954,-2.886397659778595,-2.8429426908493043,-3.1872520446777344,-2.7740097045898438,3.1872520446777344,-3.0035552978515625
mbpo_pushcube_500k_20261007T094728_f9d45348,PushCube-v1,mbpo,policy_gradient_steps,80000,85000,critic_loss,all_update_events_exact_quantiles,5000,0,0.10689135314822197,0.10531113296747208,0.1370336577296257,0.15756997331976896,0.06355062872171402,0.20850928127765656,0.20850928127765656,0.12100216746330261
mbpo_pushcube_500k_20261007T094728_f9d45348,PushCube-v1,mbpo,policy_gradient_steps,80000,85000,policy_q_min_mean,all_update_events_exact_quantiles,5000,0,3.00238916516304,3.0034669637680054,3.0994004011154175,3.1418520736694338,2.792560338973999,3.2051587104797363,3.2051587104797363,3.022566795349121
mbpo_pushcube_500k_20261007T094728_f9d45348,PushCube-v1,mbpo,policy_gradient_steps,80000,85000,alpha,all_update_events_exact_quantiles,5000,0,0.004584753262065351,0.004583297064527869,0.004684400325641036,0.004695082022808492,0.004492468200623989,0.004702275153249502,0.004702275153249502,0.0044984337873756886
mbpo_pushcube_500k_20261007T094728_f9d45348,PushCube-v1,mbpo,policy_gradient_steps,80000,85000,alpha_loss,all_update_events_exact_quantiles,5000,0,1.1884254675533156e-05,1.7583297449164093e-05,0.0008847877761581914,0.0012716752896085415,-0.0019050355767831206,0.0017854418838396668,0.0019050355767831206,-0.0010198948439210653
mbpo_pushcube_500k_20261007T094728_f9d45348,PushCube-v1,mbpo,policy_gradient_steps,80000,85000,entropy_estimate,all_update_events_exact_quantiles,5000,0,-3.9974759781360625,-3.9961801767349243,-3.808371877670288,-3.7233119153976437,-4.420241355895996,-3.6172003746032715,4.420241355895996,-4.226751804351807
mbpo_pushcube_500k_20261007T094728_f9d45348,PushCube-v1,mbpo,real_env_steps,170000,180000,actor_loss,all_update_events_exact_quantiles,5008,0,-3.022398306396061,-3.022052049636841,-2.923579204082489,-2.8842739915847777,-3.2364792823791504,-2.7982044219970703,3.2364792823791504,-3.0247530937194824
mbpo_pushcube_500k_20261007T094728_f9d45348,PushCube-v1,mbpo,real_env_steps,170000,180000,critic_loss,all_update_events_exact_quantiles,5008,0,0.10719816099120358,0.10576863959431648,0.13732204586267469,0.1537855949997904,0.06653783470392227,0.20850928127765656,0.20850928127765656,0.09448088705539703
mbpo_pushcube_500k_20261007T094728_f9d45348,PushCube-v1,mbpo,real_env_steps,170000,180000,policy_q_min_mean,all_update_events_exact_quantiles,5008,0,3.040388745336106,3.040081024169922,3.140293037891388,3.176376852989197,2.8164806365966797,3.2531161308288574,3.2531161308288574,3.0434370040893555
mbpo_pushcube_500k_20261007T094728_f9d45348,PushCube-v1,mbpo,real_env_steps,170000,180000,alpha,all_update_events_exact_quantiles,5008,0,0.004498991582649775,0.0045017877127975225,0.004584424989297986,0.004607874122448266,0.004394120536744595,0.004617173690348864,0.004617173690348864,0.004483353812247515
mbpo_pushcube_500k_20261007T094728_f9d45348,PushCube-v1,mbpo,real_env_steps,170000,180000,alpha_loss,all_update_events_exact_quantiles,5008,0,5.586362730494652e-06,2.3642205633223057e-06,0.0008825105847790834,0.001265526118222625,-0.0019050355767831206,0.0017340402118861675,0.0019050355767831206,-0.000750784995034337
mbpo_pushcube_500k_20261007T094728_f9d45348,PushCube-v1,mbpo,real_env_steps,170000,180000,entropy_estimate,all_update_events_exact_quantiles,5008,0,-3.9988358115045406,-3.9994794130325317,-3.8042813777923588,-3.7160434436798084,-4.423610687255859,-3.6129343509674072,4.423610687255859,-4.167461395263672
mbpo_pushcube_500k_20261007T094728_f9d45348,PushCube-v1,mbpo,policy_gradient_steps,85000,90000,actor_loss,all_update_events_exact_quantiles,5000,0,-3.0501816704273224,-3.050489902496338,-2.9507755398750306,-2.9077978491783143,-3.2591018676757812,-2.8475193977355957,3.2591018676757812,-3.1615991592407227
mbpo_pushcube_500k_20261007T094728_f9d45348,PushCube-v1,mbpo,policy_gradient_steps,85000,90000,critic_loss,all_update_events_exact_quantiles,5000,0,0.10591099010929465,0.10436391085386276,0.1356049343943596,0.15260905385017395,0.06058138236403465,0.19378237426280975,0.19378237426280975,0.08485991507768631
mbpo_pushcube_500k_20261007T094728_f9d45348,PushCube-v1,mbpo,policy_gradient_steps,85000,90000,policy_q_min_mean,all_update_events_exact_quantiles,5000,0,3.0679900349617006,3.0684080123901367,3.1663589596748354,3.204990029335022,2.865792751312256,3.276764154434204,3.276764154434204,3.178171157836914
mbpo_pushcube_500k_20261007T094728_f9d45348,PushCube-v1,mbpo,policy_gradient_steps,85000,90000,alpha,all_update_events_exact_quantiles,5000,0,0.004455062379315496,0.00446162954904139,0.004516077181324363,0.0045233650179579855,0.0043593160808086395,0.0045346664264798164,0.0045346664264798164,0.0043612392619252205
mbpo_pushcube_500k_20261007T094728_f9d45348,PushCube-v1,mbpo,policy_gradient_steps,85000,90000,alpha_loss,all_update_events_exact_quantiles,5000,0,1.1996887201166828e-05,1.2071679520886391e-05,0.0009009415662148967,0.0012656740401871503,-0.0021095802076160908,0.0017420214135199785,0.0021095802076160908,0.0008755930466577411
mbpo_pushcube_500k_20261007T094728_f9d45348,PushCube-v1,mbpo,policy_gradient_steps,85000,90000,entropy_estimate,all_update_events_exact_quantiles,5000,0,-3.9973732438564302,-3.997278094291687,-3.797367715835571,-3.715337851047516,-4.469230651855469,-3.606812000274658,4.469230651855469,-3.7992615699768066
mbpo_pushcube_500k_20261007T094728_f9d45348,PushCube-v1,mbpo,real_env_steps,180000,190000,actor_loss,all_update_events_exact_quantiles,4992,0,-3.094361249357462,-3.0948755741119385,-2.996193599700928,-2.959465048313141,-3.344844102859497,-2.869274854660034,3.344844102859497,-3.1008753776550293
mbpo_pushcube_500k_20261007T094728_f9d45348,PushCube-v1,mbpo,real_env_steps,180000,190000,critic_loss,all_update_events_exact_quantiles,4992,0,0.10280992337487614,0.10098465532064438,0.13167618215084076,0.1457445110380651,0.06058138236403465,0.19378237426280975,0.19378237426280975,0.105647511780262
mbpo_pushcube_500k_20261007T094728_f9d45348,PushCube-v1,mbpo,real_env_steps,180000,190000,policy_q_min_mean,all_update_events_exact_quantiles,4992,0,3.1119482827205687,3.112359404563904,3.208650302886963,3.2489354372024537,2.8868484497070312,3.3616104125976562,3.3616104125976562,3.119304656982422
mbpo_pushcube_500k_20261007T094728_f9d45348,PushCube-v1,mbpo,real_env_steps,180000,190000,alpha,all_update_events_exact_quantiles,4992,0,0.0043978002033374,0.004393645096570253,0.004467490455135703,0.004523429875262081,0.004315149039030075,0.0045346664264798164,0.0045346664264798164,0.00443349638953805
mbpo_pushcube_500k_20261007T094728_f9d45348,PushCube-v1,mbpo,real_env_steps,180000,190000,alpha_loss,all_update_events_exact_quantiles,4992,0,4.20899526978666e-06,-1.8473510863259435e-06,0.0008997738623293116,0.0012606305209919813,-0.0021095802076160908,0.0017420214135199785,0.0021095802076160908,-0.0006947462097741663
mbpo_pushcube_500k_20261007T094728_f9d45348,PushCube-v1,mbpo,real_env_steps,180000,190000,entropy_estimate,all_update_events_exact_quantiles,4992,0,-3.999144034412427,-4.000420093536377,-3.796459436416626,-3.715823450088501,-4.469230651855469,-3.606812000274658,4.469230651855469,-4.156702995300293
mbpo_pushcube_500k_20261007T094728_f9d45348,PushCube-v1,mbpo,policy_gradient_steps,90000,95000,actor_loss,all_update_events_exact_quantiles,5000,0,-3.115393951654434,-3.1146998405456543,-3.0233402609825135,-2.9834929084777833,-3.344844102859497,-2.9090542793273926,3.344844102859497,-3.076772928237915
mbpo_pushcube_500k_20261007T094728_f9d45348,PushCube-v1,mbpo,policy_gradient_steps,90000,95000,critic_loss,all_update_events_exact_quantiles,5000,0,0.1013076624378562,0.09993211552500725,0.1288541190326214,0.14356843262910846,0.06206108629703522,0.18617752194404602,0.18617752194404602,0.10910703241825104
mbpo_pushcube_500k_20261007T094728_f9d45348,PushCube-v1,mbpo,policy_gradient_steps,90000,95000,policy_q_min_mean,all_update_events_exact_quantiles,5000,0,3.132990665817261,3.1321730613708496,3.224735713005066,3.2654653787612915,2.9255714416503906,3.3616104125976562,3.3616104125976562,3.093346118927002
mbpo_pushcube_500k_20261007T094728_f9d45348,PushCube-v1,mbpo,policy_gradient_steps,90000,95000,alpha,all_update_events_exact_quantiles,5000,0,0.004398839670512825,0.004394424380734563,0.004494883981533348,0.004522945685312152,0.004315149039030075,0.004538374021649361,0.004538374021649361,0.0043736910447478294
mbpo_pushcube_500k_20261007T094728_f9d45348,PushCube-v1,mbpo,policy_gradient_steps,90000,95000,alpha_loss,all_update_events_exact_quantiles,5000,0,-1.365724422794301e-06,-7.5520456448430195e-06,0.0008923382440116257,0.0012375274347141386,-0.001735106809064746,0.0016915933229029179,0.001735106809064746,0.000920976628549397
mbpo_pushcube_500k_20261007T094728_f9d45348,PushCube-v1,mbpo,policy_gradient_steps,90000,95000,entropy_estimate,all_update_events_exact_quantiles,5000,0,-4.000395965957642,-4.001717805862427,-3.7975503921508786,-3.7187133574485776,-4.394590377807617,-3.6116740703582764,4.394590377807617,-3.7894222736358643
mbpo_pushcube_500k_20261007T094728_f9d45348,PushCube-v1,mbpo,real_env_steps,190000,200000,actor_loss,all_update_events_exact_quantiles,5008,0,-3.1390483636920825,-3.139267325401306,-3.0479573369026185,-3.0096102571487426,-3.3368425369262695,-2.9495599269866943,3.3368425369262695,-3.1409244537353516
mbpo_pushcube_500k_20261007T094728_f9d45348,PushCube-v1,mbpo,real_env_steps,190000,200000,critic_loss,all_update_events_exact_quantiles,5008,0,0.09999080023433739,0.09876731410622597,0.12618694677948952,0.13941296815872195,0.05969115346670151,0.18617752194404602,0.18617752194404602,0.11107723414897919
mbpo_pushcube_500k_20261007T094728_f9d45348,PushCube-v1,mbpo,real_env_steps,190000,200000,policy_q_min_mean,all_update_events_exact_quantiles,5008,0,3.156397033804141,3.156554937362671,3.2505067110061647,3.2914753675460817,2.9671783447265625,3.353276252746582,3.353276252746582,3.158376932144165
mbpo_pushcube_500k_20261007T094728_f9d45348,PushCube-v1,mbpo,real_env_steps,190000,200000,alpha,all_update_events_exact_quantiles,5008,0,0.004341887205075948,0.0043560173362493515,0.004494809871539473,0.004522941475734114,0.004159561824053526,0.004538374021649361,0.004538374021649361,0.004193070810288191
mbpo_pushcube_500k_20261007T094728_f9d45348,PushCube-v1,mbpo,real_env_steps,190000,200000,alpha_loss,all_update_events_exact_quantiles,5008,0,1.907063170393302e-05,1.855872687883675e-05,0.0009013091621454801,0.0011976467957720161,-0.002457237569615245,0.0016297666588798165,0.002457237569615245,-0.0006832306971773505
mbpo_pushcube_500k_20261007T094728_f9d45348,PushCube-v1,mbpo,real_env_steps,190000,200000,entropy_estimate,all_update_events_exact_quantiles,5008,0,-3.9956586060527797,-3.9958006143569946,-3.7923221707344057,-3.720246398448943,-4.562994003295898,-3.6183905601501465,4.562994003295898,-4.162972450256348
mbpo_pushcube_500k_20261007T094728_f9d45348,PushCube-v1,mbpo,policy_gradient_steps,95000,100000,actor_loss,all_update_events_exact_quantiles,5000,0,-3.158470490694046,-3.157804250717163,-3.0627909541130065,-3.025039699077606,-3.357163667678833,-2.955885648727417,3.357163667678833,-3.178327798843384
mbpo_pushcube_500k_20261007T094728_f9d45348,PushCube-v1,mbpo,policy_gradient_steps,95000,100000,critic_loss,all_update_events_exact_quantiles,5000,0,0.09946219055503606,0.09825615957379341,0.1252489045262337,0.13820786938071256,0.05549720674753189,0.16449284553527832,0.16449284553527832,0.09447554498910904
mbpo_pushcube_500k_20261007T094728_f9d45348,PushCube-v1,mbpo,policy_gradient_steps,95000,100000,policy_q_min_mean,all_update_events_exact_quantiles,5000,0,3.175487585401535,3.1747286319732666,3.27155396938324,3.3145642375946043,2.973237991333008,3.373621940612793,3.373621940612793,3.195059299468994
mbpo_pushcube_500k_20261007T094728_f9d45348,PushCube-v1,mbpo,policy_gradient_steps,95000,100000,alpha,all_update_events_exact_quantiles,5000,0,0.004256408612150699,0.004238761030137539,0.0043707993812859055,0.004388113697059453,0.004137799143791199,0.004394925199449062,0.004394925199449062,0.004274420440196991
mbpo_pushcube_500k_20261007T094728_f9d45348,PushCube-v1,mbpo,policy_gradient_steps,95000,100000,alpha_loss,all_update_events_exact_quantiles,5000,0,8.619674899819074e-06,5.874549970030785e-06,0.0008893112360965463,0.0011992750619538141,-0.002457237569615245,0.0016297666588798165,0.002457237569615245,0.00036780574009753764
mbpo_pushcube_500k_20261007T094728_f9d45348,PushCube-v1,mbpo,policy_gradient_steps,95000,100000,entropy_estimate,all_update_events_exact_quantiles,5000,0,-3.998081656932831,-3.9985945224761963,-3.7925671219825743,-3.716506700515747,-4.562994003295898,-3.6183905601501465,4.562994003295898,-3.9139604568481445
mbpo_pushcube_500k_20261007T094728_f9d45348,PushCube-v1,mbpo,real_env_steps,200000,210000,actor_loss,all_update_events_exact_quantiles,4992,0,-3.1864025346839275,-3.186225175857544,-3.0948659658432005,-3.0587675261497496,-3.405972480773926,-2.955885648727417,3.405972480773926,-3.2957046031951904
mbpo_pushcube_500k_20261007T094728_f9d45348,PushCube-v1,mbpo,real_env_steps,200000,210000,critic_loss,all_update_events_exact_quantiles,4992,0,0.09867687316877075,0.09740059822797775,0.12544267550110816,0.13961367800831795,0.05549720674753189,0.16449284553527832,0.16449284553527832,0.09318706393241882
mbpo_pushcube_500k_20261007T094728_f9d45348,PushCube-v1,mbpo,real_env_steps,200000,210000,policy_q_min_mean,all_update_events_exact_quantiles,4992,0,3.2032979254443674,3.2031575441360474,3.2966262817382814,3.335525884628296,2.973237991333008,3.4227824211120605,3.4227824211120605,3.3131730556488037
mbpo_pushcube_500k_20261007T094728_f9d45348,PushCube-v1,mbpo,real_env_steps,200000,210000,alpha,all_update_events_exact_quantiles,4992,0,0.004224247050632794,0.004223986528813839,0.004291258729062974,0.004302062257193029,0.004112548660486937,0.004307045601308346,0.004307045601308346,0.004173381254076958
mbpo_pushcube_500k_20261007T094728_f9d45348,PushCube-v1,mbpo,real_env_steps,200000,210000,alpha_loss,all_update_events_exact_quantiles,4992,0,1.6113515926008404e-06,-2.0211373339407146e-06,0.0008508283906849101,0.0011997829494066546,-0.002010912634432316,0.0018045681063085794,0.002010912634432316,-0.000777242355979979
mbpo_pushcube_500k_20261007T094728_f9d45348,PushCube-v1,mbpo,real_env_steps,200000,210000,entropy_estimate,all_update_events_exact_quantiles,4992,0,-3.99969521484887,-4.000473260879517,-3.7988930702209474,-3.7168447923660275,-4.476687431335449,-3.5685529708862305,4.476687431335449,-4.18626594543457
mbpo_pushcube_500k_20261007T094728_f9d45348,PushCube-v1,mbpo,policy_gradient_steps,100000,105000,actor_loss,all_update_events_exact_quantiles,5000,0,-3.205110477924347,-3.2056256532669067,-3.1103320121765137,-3.074336290359497,-3.4468984603881836,-2.981715202331543,3.4468984603881836,-3.439894199371338
mbpo_pushcube_500k_20261007T094728_f9d45348,PushCube-v1,mbpo,policy_gradient_steps,100000,105000,critic_loss,all_update_events_exact_quantiles,5000,0,0.09732480043768883,0.0959145724773407,0.12480549253523351,0.13905014529824264,0.057260800153017044,0.16085247695446014,0.16085247695446014,0.1137082576751709
mbpo_pushcube_500k_20261007T094728_f9d45348,PushCube-v1,mbpo,policy_gradient_steps,100000,105000,policy_q_min_mean,all_update_events_exact_quantiles,5000,0,3.2219026785850526,3.222383499145508,3.314254689216614,3.3546701836586,2.9990482330322266,3.4628186225891113,3.4628186225891113,3.4565515518188477
mbpo_pushcube_500k_20261007T094728_f9d45348,PushCube-v1,mbpo,policy_gradient_steps,100000,105000,alpha,all_update_events_exact_quantiles,5000,0,0.004200574044696987,0.004199203802272677,0.004291125014424324,0.004302057973109186,0.0041083283722400665,0.004307045601308346,0.004307045601308346,0.004136094823479652
mbpo_pushcube_500k_20261007T094728_f9d45348,PushCube-v1,mbpo,policy_gradient_steps,100000,105000,alpha_loss,all_update_events_exact_quantiles,5000,0,1.0202495379780885e-05,1.2649477866943926e-05,0.0008399180922424422,0.0011671819537878057,-0.0019374049734324217,0.0018045681063085794,0.0019374049734324217,-0.000115652394015342
mbpo_pushcube_500k_20261007T094728_f9d45348,PushCube-v1,mbpo,policy_gradient_steps,100000,105000,entropy_estimate,all_update_events_exact_quantiles,5000,0,-3.997654120016098,-3.996966004371643,-3.7999799251556396,-3.721967248916626,-4.468369483947754,-3.5685529708862305,4.468369483947754,-4.027966499328613
mbpo_pushcube_500k_20261007T094728_f9d45348,PushCube-v1,mbpo,real_env_steps,210000,220000,actor_loss,all_update_events_exact_quantiles,5008,0,-3.2418227470435275,-3.2424705028533936,-3.1447845935821532,-3.108028326034546,-3.4468984603881836,-3.022345781326294,3.4468984603881836,-3.2990615367889404
mbpo_pushcube_500k_20261007T094728_f9d45348,PushCube-v1,mbpo,real_env_steps,210000,220000,critic_loss,all_update_events_exact_quantiles,5008,0,0.09515050609042636,0.093575868755579,0.12204504981637,0.13749184235930442,0.05316578596830368,0.16521845757961273,0.16521845757961273,0.09275047481060028
mbpo_pushcube_500k_20261007T094728_f9d45348,PushCube-v1,mbpo,real_env_steps,210000,220000,policy_q_min_mean,all_update_events_exact_quantiles,5008,0,3.258280015601137,3.2590584754943848,3.351312780380249,3.3951668429374697,3.0400099754333496,3.4628186225891113,3.4628186225891113,3.315335750579834
mbpo_pushcube_500k_20261007T094728_f9d45348,PushCube-v1,mbpo,real_env_steps,210000,220000,alpha,all_update_events_exact_quantiles,5008,0,0.004115471772227686,0.00412169867195189,0.004180472996085882,0.004187158783897757,0.004035501275211573,0.004191217944025993,0.004191217944025993,0.004118604585528374
mbpo_pushcube_500k_20261007T094728_f9d45348,PushCube-v1,mbpo,real_env_steps,210000,220000,alpha_loss,all_update_events_exact_quantiles,5008,0,4.6595147532193244e-06,6.695678166579455e-06,0.0008165949402609838,0.0011680872214492413,-0.0017755114240571856,0.0022237629164010286,0.0022237629164010286,0.0002000606182264164
mbpo_pushcube_500k_20261007T094728_f9d45348,PushCube-v1,mbpo,real_env_steps,210000,220000,entropy_estimate,all_update_events_exact_quantiles,5008,0,-3.9989519331592343,-3.9983816146850586,-3.8023118138313294,-3.7167433595657347,-4.435147285461426,-3.453397512435913,4.435147285461426,-3.9514241218566895
mbpo_pushcube_500k_20261007T094728_f9d45348,PushCube-v1,mbpo,policy_gradient_steps,105000,110000,actor_loss,all_update_events_exact_quantiles,5000,0,-3.264566736316681,-3.264214515686035,-3.17010725736618,-3.130970256328583,-3.480532646179199,-3.066417694091797,3.480532646179199,-3.4134960174560547
mbpo_pushcube_500k_20261007T094728_f9d45348,PushCube-v1,mbpo,policy_gradient_steps,105000,110000,critic_loss,all_update_events_exact_quantiles,5000,0,0.09416996585354209,0.0926249623298645,0.12084058038890362,0.13746124923229217,0.05316578596830368,0.16521845757961273,0.16521845757961273,0.08566968142986298
mbpo_pushcube_500k_20261007T094728_f9d45348,PushCube-v1,mbpo,policy_gradient_steps,105000,110000,policy_q_min_mean,all_update_events_exact_quantiles,5000,0,3.2808070167064667,3.2803828716278076,3.373359167575836,3.4116307067871094,3.0829992294311523,3.4957010746002197,3.4957010746002197,3.4287455081939697
mbpo_pushcube_500k_20261007T094728_f9d45348,PushCube-v1,mbpo,policy_gradient_steps,105000,110000,alpha,all_update_events_exact_quantiles,5000,0,0.004062913602497428,0.004075544886291027,0.004136199248023331,0.004144763047806918,0.003916907589882612,0.004156145732849836,0.004156145732849836,0.00399899622425437
mbpo_pushcube_500k_20261007T094728_f9d45348,PushCube-v1,mbpo,policy_gradient_steps,105000,110000,alpha_loss,all_update_events_exact_quantiles,5000,0,1.1482159388106083e-05,2.0805367967113853e-05,0.0008334407320944595,0.0011774336732923996,-0.0017755114240571856,0.0022237629164010286,0.0022237629164010286,0.0007470124401152134
mbpo_pushcube_500k_20261007T094728_f9d45348,PushCube-v1,mbpo,policy_gradient_steps,105000,110000,entropy_estimate,all_update_events_exact_quantiles,5000,0,-3.9972586908340455,-3.994884490966797,-3.795911431312561,-3.7116862058639524,-4.435147285461426,-3.453397512435913,4.435147285461426,-3.813204526901245
mbpo_pushcube_500k_20261007T094728_f9d45348,PushCube-v1,mbpo,real_env_steps,220000,230000,actor_loss,all_update_events_exact_quantiles,4992,0,-3.2941320312137785,-3.294567584991455,-3.2017992019653323,-3.1610136651992797,-3.5149943828582764,-3.078031539916992,3.5149943828582764,-3.300833225250244
mbpo_pushcube_500k_20261007T094728_f9d45348,PushCube-v1,mbpo,real_env_steps,220000,230000,critic_loss,all_update_events_exact_quantiles,4992,0,0.09298719154694715,0.09109555929899216,0.12031174488365651,0.13466830164194107,0.054359566420316696,0.2194872498512268,0.2194872498512268,0.08458761870861053
mbpo_pushcube_500k_20261007T094728_f9d45348,PushCube-v1,mbpo,real_env_steps,220000,230000,policy_q_min_mean,all_update_events_exact_quantiles,4992,0,3.310096468203343,3.310458779335022,3.401934289932251,3.4382652330398558,3.094137668609619,3.5299928188323975,3.5299928188323975,3.3161988258361816
mbpo_pushcube_500k_20261007T094728_f9d45348,PushCube-v1,mbpo,real_env_steps,220000,230000,alpha,all_update_events_exact_quantiles,4992,0,0.003994683688058733,0.003992285346612334,0.004085633927024901,0.0041137322271242735,0.003907045349478722,0.004122752230614424,0.004122752230614424,0.003948659636080265
mbpo_pushcube_500k_20261007T094728_f9d45348,PushCube-v1,mbpo,real_env_steps,220000,230000,alpha_loss,all_update_events_exact_quantiles,4992,0,1.4432513062172638e-05,1.9549774151528254e-05,0.0008296356652863323,0.0011482049000915145,-0.0016256733797490597,0.0018849206389859319,0.0018849206389859319,0.00043013691902160645
mbpo_pushcube_500k_20261007T094728_f9d45348,PushCube-v1,mbpo,real_env_steps,220000,230000,entropy_estimate,all_update_events_exact_quantiles,4992,0,-3.9965032010506363,-3.9952014684677124,-3.7924850583076477,-3.7146333932876585,-4.4127702713012695,-3.5306878089904785,4.4127702713012695,-3.89107608795166
mbpo_pushcube_500k_20261007T094728_f9d45348,PushCube-v1,mbpo,policy_gradient_steps,110000,115000,actor_loss,all_update_events_exact_quantiles,5000,0,-3.3126349864959717,-3.3132165670394897,-3.220402240753174,-3.181117885112762,-3.5149943828582764,-3.0910539627075195,3.5149943828582764,-3.3540124893188477
mbpo_pushcube_500k_20261007T094728_f9d45348,PushCube-v1,mbpo,policy_gradient_steps,110000,115000,critic_loss,all_update_events_exact_quantiles,5000,0,0.0917626823335886,0.0901489183306694,0.11862295530736447,0.13458277910947802,0.05056661367416382,0.2194872498512268,0.2194872498512268,0.0723642036318779
mbpo_pushcube_500k_20261007T094728_f9d45348,PushCube-v1,mbpo,policy_gradient_steps,110000,115000,policy_q_min_mean,all_update_events_exact_quantiles,5000,0,3.328476177406311,3.3290446996688843,3.419714117050171,3.458014452457428,3.1073646545410156,3.5299928188323975,3.5299928188323975,3.3699686527252197
mbpo_pushcube_500k_20261007T094728_f9d45348,PushCube-v1,mbpo,policy_gradient_steps,110000,115000,alpha,all_update_events_exact_quantiles,5000,0,0.003961140340520069,0.003956664586439729,0.0040279824519529935,0.004037008369341493,0.0038561392575502396,0.0040433406829833984,0.0040433406829833984,0.003956324886530638
mbpo_pushcube_500k_20261007T094728_f9d45348,PushCube-v1,mbpo,policy_gradient_steps,110000,115000,alpha_loss,all_update_events_exact_quantiles,5000,0,3.4016951780358795e-06,1.912219886435196e-06,0.0007908489438705149,0.0011354573734570301,-0.0019324602326378226,0.0018849206389859319,0.0019324602326378226,-0.00013249219045974314
mbpo_pushcube_500k_20261007T094728_f9d45348,PushCube-v1,mbpo,policy_gradient_steps,110000,115000,entropy_estimate,all_update_events_exact_quantiles,5000,0,-3.999222662830353,-3.9995198249816895,-3.801745080947876,-3.7145747542381287,-4.499892234802246,-3.5306878089904785,4.499892234802246,-4.033492088317871
mbpo_pushcube_500k_20261007T094728_f9d45348,PushCube-v1,mbpo,real_env_steps,230000,240000,actor_loss,all_update_events_exact_quantiles,5008,0,-3.334273321655231,-3.33537220954895,-3.2440197348594664,-3.20742383480072,-3.5380985736846924,-3.1226565837860107,3.5380985736846924,-3.3608996868133545
mbpo_pushcube_500k_20261007T094728_f9d45348,PushCube-v1,mbpo,real_env_steps,230000,240000,critic_loss,all_update_events_exact_quantiles,5008,0,0.09036764354495623,0.08908793702721596,0.115328985825181,0.12891727209091192,0.05056661367416382,0.16152265667915344,0.16152265667915344,0.10058097541332245
mbpo_pushcube_500k_20261007T094728_f9d45348,PushCube-v1,mbpo,real_env_steps,230000,240000,policy_q_min_mean,all_update_events_exact_quantiles,5008,0,3.35013191430523,3.3512918949127197,3.4377363681793214,3.478927562236786,3.1385717391967773,3.5534567832946777,3.5534567832946777,3.376967191696167
mbpo_pushcube_500k_20261007T094728_f9d45348,PushCube-v1,mbpo,real_env_steps,230000,240000,alpha,all_update_events_exact_quantiles,5008,0,0.0039642142248990835,0.003966448595747352,0.0040281644556671384,0.0040417354181408885,0.0038561392575502396,0.004046515561640263,0.004046515561640263,0.003967565484344959
mbpo_pushcube_500k_20261007T094728_f9d45348,PushCube-v1,mbpo,real_env_steps,230000,240000,alpha_loss,all_update_events_exact_quantiles,5008,0,-1.7490189650717407e-06,2.752567525021732e-07,0.0007969767291797323,0.0011509810329880575,-0.0019324602326378226,0.0018289503641426563,0.0019324602326378226,-0.00019714768859557807
mbpo_pushcube_500k_20261007T094728_f9d45348,PushCube-v1,mbpo,real_env_steps,230000,240000,entropy_estimate,all_update_events_exact_quantiles,5008,0,-4.0005169800295235,-3.999931812286377,-3.800033140182495,-3.7114406585693356,-4.499892234802246,-3.5379085540771484,4.499892234802246,-4.049689292907715
mbpo_pushcube_500k_20261007T094728_f9d45348,PushCube-v1,mbpo,policy_gradient_steps,115000,120000,actor_loss,all_update_events_exact_quantiles,5000,0,-3.3438989634513856,-3.3447383642196655,-3.2539859771728517,-3.213547148704529,-3.5468533039093018,-3.1389033794403076,3.5468533039093018,-3.2483768463134766
mbpo_pushcube_500k_20261007T094728_f9d45348,PushCube-v1,mbpo,policy_gradient_steps,115000,120000,critic_loss,all_update_events_exact_quantiles,5000,0,0.09018089724704623,0.08887584507465363,0.11578723676502706,0.12866700917482382,0.05306553840637207,0.22055348753929138,0.22055348753929138,0.08353886753320694
mbpo_pushcube_500k_20261007T094728_f9d45348,PushCube-v1,mbpo,policy_gradient_steps,115000,120000,policy_q_min_mean,all_update_events_exact_quantiles,5000,0,3.3597061103343964,3.360542058944702,3.446087110042572,3.4854512190818787,3.1555795669555664,3.561927080154419,3.561927080154419,3.263782501220703
mbpo_pushcube_500k_20261007T094728_f9d45348,PushCube-v1,mbpo,policy_gradient_steps,115000,120000,alpha,all_update_events_exact_quantiles,5000,0,0.00395425001620315,0.00396545953117311,0.0040281829191371795,0.004041738924570382,0.0038199652917683125,0.004046515561640263,0.004046515561640263,0.0038401074707508087
mbpo_pushcube_500k_20261007T094728_f9d45348,PushCube-v1,mbpo,policy_gradient_steps,115000,120000,alpha_loss,all_update_events_exact_quantiles,5000,0,9.949774349297514e-06,8.862283721100539e-06,0.0008107200468657539,0.0011570843704976142,-0.0016439419705420732,0.0017008871072903275,0.0017008871072903275,-4.653545329347253e-05
mbpo_pushcube_500k_20261007T094728_f9d45348,PushCube-v1,mbpo,policy_gradient_steps,115000,120000,entropy_estimate,all_update_events_exact_quantiles,5000,0,-3.997528472661972,-3.9977245330810547,-3.7952849388122556,-3.706672477722168,-4.417367935180664,-3.570291042327881,4.417367935180664,-4.012118816375732
mbpo_pushcube_500k_20261007T094728_f9d45348,PushCube-v1,mbpo,real_env_steps,240000,250000,actor_loss,all_update_events_exact_quantiles,4992,0,-3.3556189914353385,-3.355468988418579,-3.2650991320610045,-3.2251274728775026,-3.5468533039093018,-3.1588523387908936,3.5468533039093018,-3.3672749996185303
mbpo_pushcube_500k_20261007T094728_f9d45348,PushCube-v1,mbpo,real_env_steps,240000,250000,critic_loss,all_update_events_exact_quantiles,4992,0,0.09061476597204231,0.08913108706474304,0.1172042928636074,0.13193496376276018,0.05365526303648949,0.23816393315792084,0.23816393315792084,0.11810725927352905
mbpo_pushcube_500k_20261007T094728_f9d45348,PushCube-v1,mbpo,real_env_steps,240000,250000,policy_q_min_mean,all_update_events_exact_quantiles,4992,0,3.371103580515736,3.37088942527771,3.4600280284881593,3.498240203857422,3.1755852699279785,3.561927080154419,3.561927080154419,3.3829822540283203
mbpo_pushcube_500k_20261007T094728_f9d45348,PushCube-v1,mbpo,real_env_steps,240000,250000,alpha,all_update_events_exact_quantiles,4992,0,0.003875801346508431,0.0038871458964422345,0.003958711517043412,0.003979805586859584,0.0037287527229636908,0.003985191695392132,0.003985191695392132,0.0037465537898242474
mbpo_pushcube_500k_20261007T094728_f9d45348,PushCube-v1,mbpo,real_env_steps,240000,250000,alpha_loss,all_update_events_exact_quantiles,4992,0,1.8794101011875544e-05,1.1585565516725183e-05,0.0008208991086576126,0.0011479666735976937,-0.001624613767489791,0.0017726828809827566,0.0017726828809827566,-0.0007198336534202099
mbpo_pushcube_500k_20261007T094728_f9d45348,PushCube-v1,mbpo,real_env_steps,240000,250000,entropy_estimate,all_update_events_exact_quantiles,4992,0,-3.995206195049179,-3.9970306158065796,-3.7879502654075625,-3.7060132813453674,-4.429387092590332,-3.5466465950012207,4.429387092590332,-4.192113876342773
mbpo_pushcube_500k_20261007T094728_f9d45348,PushCube-v1,mbpo,policy_gradient_steps,120000,125000,actor_loss,all_update_events_exact_quantiles,5000,0,-3.366374713420868,-3.3665249347686768,-3.2752168655395506,-3.2385317587852476,-3.5619189739227295,-3.1777873039245605,3.5619189739227295,-3.3170812129974365
mbpo_pushcube_500k_20261007T094728_f9d45348,PushCube-v1,mbpo,policy_gradient_steps,120000,125000,critic_loss,all_update_events_exact_quantiles,5000,0,0.0905640581600368,0.08884990587830544,0.11738540977239609,0.1325697632133961,0.05365526303648949,0.23816393315792084,0.23816393315792084,0.06189311295747757
mbpo_pushcube_500k_20261007T094728_f9d45348,PushCube-v1,mbpo,policy_gradient_steps,120000,125000,policy_q_min_mean,all_update_events_exact_quantiles,5000,0,3.3816484164237974,3.38176953792572,3.472147512435913,3.508749086856842,3.193730592727661,3.575941562652588,3.575941562652588,3.3319039344787598
mbpo_pushcube_500k_20261007T094728_f9d45348,PushCube-v1,mbpo,policy_gradient_steps,120000,125000,alpha,all_update_events_exact_quantiles,5000,0,0.0038205491866450756,0.003806068911217153,0.00391087457537651,0.0039196142833679915,0.0037275636568665504,0.0039257146418094635,0.0039257146418094635,0.0037357239052653313
mbpo_pushcube_500k_20261007T094728_f9d45348,PushCube-v1,mbpo,policy_gradient_steps,120000,125000,alpha_loss,all_update_events_exact_quantiles,5000,0,8.579764674868785e-06,1.0316440238966607e-05,0.0007803517946740616,0.0010705928225070251,-0.001624613767489791,0.0017726828809827566,0.0017726828809827566,0.00011889061715919524
mbpo_pushcube_500k_20261007T094728_f9d45348,PushCube-v1,mbpo,policy_gradient_steps,120000,125000,entropy_estimate,all_update_events_exact_quantiles,5000,0,-3.9978140990257263,-3.997314691543579,-3.796561765670776,-3.718119828701019,-4.429387092590332,-3.5466465950012207,4.429387092590332,-3.968172311782837
mbpo_pushcube_500k_20261007T094728_f9d45348,PushCube-v1,mbpo,real_env_steps,250000,260000,actor_loss,all_update_events_exact_quantiles,5008,0,-3.39111791689175,-3.3916395902633667,-3.300631284713745,-3.259144947528839,-3.6094610691070557,-3.2052197456359863,3.6094610691070557,-3.393301486968994
mbpo_pushcube_500k_20261007T094728_f9d45348,PushCube-v1,mbpo,real_env_steps,250000,260000,critic_loss,all_update_events_exact_quantiles,5008,0,0.08847975939253387,0.08698693662881851,0.11444483846426008,0.12857561871409418,0.05439859628677368,0.16414913535118103,0.16414913535118103,0.0833745226264
mbpo_pushcube_500k_20261007T094728_f9d45348,PushCube-v1,mbpo,real_env_steps,250000,260000,policy_q_min_mean,all_update_events_exact_quantiles,5008,0,3.4060284363004727,3.406591773033142,3.4968068957328797,3.5352242612838745,3.221207618713379,3.6239280700683594,3.6239280700683594,3.4087135791778564
mbpo_pushcube_500k_20261007T094728_f9d45348,PushCube-v1,mbpo,real_env_steps,250000,260000,alpha,all_update_events_exact_quantiles,5008,0,0.0037285833791182482,0.003736175363883376,0.003793136519379914,0.0038166679441928864,0.0036126801278442144,0.003823961829766631,0.003823961829766631,0.0036982609890401363
mbpo_pushcube_500k_20261007T094728_f9d45348,PushCube-v1,mbpo,real_env_steps,250000,260000,alpha_loss,all_update_events_exact_quantiles,5008,0,3.85435058628043e-06,5.6447570386808366e-06,0.0007816934346919875,0.00109300060546957,-0.0018026273464784026,0.0016226193401962519,0.0018026273464784026,-0.0006189995328895748
mbpo_pushcube_500k_20261007T094728_f9d45348,PushCube-v1,mbpo,real_env_steps,250000,260000,entropy_estimate,all_update_events_exact_quantiles,5008,0,-3.9990572254307355,-3.998484253883362,-3.790736985206604,-3.7061468172073364,-4.483741760253906,-3.5664219856262207,4.483741760253906,-4.16737699508667
mbpo_pushcube_500k_20261007T094728_f9d45348,PushCube-v1,mbpo,policy_gradient_steps,125000,130000,actor_loss,all_update_events_exact_quantiles,5000,0,-3.406555511379242,-3.40681529045105,-3.3169260382652284,-3.280026082992553,-3.6094610691070557,-3.208547830581665,3.6094610691070557,-3.365078926086426
mbpo_pushcube_500k_20261007T094728_f9d45348,PushCube-v1,mbpo,policy_gradient_steps,125000,130000,critic_loss,all_update_events_exact_quantiles,5000,0,0.08745298475548625,0.08600713312625885,0.11286930665373802,0.1251069447398186,0.0502038337290287,0.14572611451148987,0.14572611451148987,0.07671618461608887
mbpo_pushcube_500k_20261007T094728_f9d45348,PushCube-v1,mbpo,policy_gradient_steps,125000,130000,policy_q_min_mean,all_update_events_exact_quantiles,5000,0,3.4213257929325103,3.4216394424438477,3.5117460012435915,3.5545995378494264,3.223257541656494,3.6239280700683594,3.6239280700683594,3.3795971870422363
mbpo_pushcube_500k_20261007T094728_f9d45348,PushCube-v1,mbpo,policy_gradient_steps,125000,130000,alpha,all_update_events_exact_quantiles,5000,0,0.0036936837543733417,0.0036949143977835774,0.0037468843045644464,0.0037629693909548225,0.0036126801278442144,0.003770494135096669,0.003770494135096669,0.003686525858938694
mbpo_pushcube_500k_20261007T094728_f9d45348,PushCube-v1,mbpo,policy_gradient_steps,125000,130000,alpha_loss,all_update_events_exact_quantiles,5000,0,4.495656339713605e-06,2.06434924621135e-06,0.0007910835440270603,0.0010911838419269775,-0.0018026273464784026,0.0016226193401962519,0.0018026273464784026,0.0002265066432300955
mbpo_pushcube_500k_20261007T094728_f9d45348,PushCube-v1,mbpo,policy_gradient_steps,125000,130000,entropy_estimate,all_update_events_exact_quantiles,5000,0,-3.9988890666484833,-3.9994394779205322,-3.7855093717575072,-3.706065678596496,-4.483741760253906,-3.5664219856262207,4.483741760253906,-3.9385533332824707
mbpo_pushcube_500k_20261007T094728_f9d45348,PushCube-v1,mbpo,real_env_steps,260000,270000,actor_loss,all_update_events_exact_quantiles,4992,0,-3.4290402384045033,-3.4289470911026,-3.341369426250458,-3.3010398936271668,-3.641915798187256,-3.2276697158813477,3.641915798187256,-3.399582624435425
mbpo_pushcube_500k_20261007T094728_f9d45348,PushCube-v1,mbpo,real_env_steps,260000,270000,critic_loss,all_update_events_exact_quantiles,4992,0,0.08608545748985563,0.08470054343342781,0.11042161546647548,0.12408547185361392,0.048433512449264526,0.1623651683330536,0.1623651683330536,0.09354884922504425
mbpo_pushcube_500k_20261007T094728_f9d45348,PushCube-v1,mbpo,real_env_steps,260000,270000,policy_q_min_mean,all_update_events_exact_quantiles,4992,0,3.4436154786306314,3.4435421228408813,3.534462738037109,3.570010938644409,3.243464708328247,3.6566081047058105,3.6566081047058105,3.415005683898926
mbpo_pushcube_500k_20261007T094728_f9d45348,PushCube-v1,mbpo,real_env_steps,260000,270000,alpha,all_update_events_exact_quantiles,4992,0,0.0036460494644789156,0.0036577428691089153,0.003712834895122796,0.0037328157783485948,0.0035531162284314632,0.003741299966350198,0.003741299966350198,0.0035826796665787697
mbpo_pushcube_500k_20261007T094728_f9d45348,PushCube-v1,mbpo,real_env_steps,260000,270000,alpha_loss,all_update_events_exact_quantiles,4992,0,9.052707112617169e-06,8.818948117550462e-06,0.000749685347545892,0.0010606817156076434,-0.0017499882960692048,0.0013657585950568318,0.0017499882960692048,-0.0010980840306729078
mbpo_pushcube_500k_20261007T094728_f9d45348,PushCube-v1,mbpo,real_env_steps,260000,270000,entropy_estimate,all_update_events_exact_quantiles,4992,0,-3.9976018232126265,-3.9976121187210083,-3.7949386715888975,-3.7119835329055784,-4.484287261962891,-3.628117084503174,4.484287261962891,-4.306619644165039
mbpo_pushcube_500k_20261007T094728_f9d45348,PushCube-v1,mbpo,policy_gradient_steps,130000,135000,actor_loss,all_update_events_exact_quantiles,5000,0,-3.443457718896866,-3.4433244466781616,-3.352258539199829,-3.311859984397888,-3.665369987487793,-3.23325777053833,3.665369987487793,-3.47678542137146
mbpo_pushcube_500k_20261007T094728_f9d45348,PushCube-v1,mbpo,policy_gradient_steps,130000,135000,critic_loss,all_update_events_exact_quantiles,5000,0,0.08553387372344733,0.08413078635931015,0.10950799211859703,0.1229836429655552,0.04754181206226349,0.1623651683330536,0.1623651683330536,0.07500115036964417
mbpo_pushcube_500k_20261007T094728_f9d45348,PushCube-v1,mbpo,policy_gradient_steps,130000,135000,policy_q_min_mean,all_update_events_exact_quantiles,5000,0,3.4578882784843445,3.4579358100891113,3.5503979206085203,3.5842390489578246,3.2480740547180176,3.678717613220215,3.678717613220215,3.4908018112182617
mbpo_pushcube_500k_20261007T094728_f9d45348,PushCube-v1,mbpo,policy_gradient_steps,130000,135000,alpha,all_update_events_exact_quantiles,5000,0,0.0036100222405511884,0.0036019855178892612,0.0036853417055681347,0.003692162474617362,0.0035390411503612995,0.003698491957038641,0.003698491957038641,0.003578747622668743
mbpo_pushcube_500k_20261007T094728_f9d45348,PushCube-v1,mbpo,policy_gradient_steps,130000,135000,alpha_loss,all_update_events_exact_quantiles,5000,0,9.615685545213637e-06,1.2716522178379819e-05,0.0007565063307993116,0.001072050055954606,-0.0017499882960692048,0.0016113854944705963,0.0017499882960692048,0.00029857747722417116
mbpo_pushcube_500k_20261007T094728_f9d45348,PushCube-v1,mbpo,policy_gradient_steps,130000,135000,entropy_estimate,all_update_events_exact_quantiles,5000,0,-3.9974401052474975,-3.996450662612915,-3.792665481567383,-3.702311055660248,-4.484287261962891,-3.5538930892944336,4.484287261962891,-3.9165687561035156
mbpo_pushcube_500k_20261007T094728_f9d45348,PushCube-v1,mbpo,real_env_steps,270000,280000,actor_loss,all_update_events_exact_quantiles,5008,0,-3.461689270913791,-3.4611804485321045,-3.370133125782013,-3.3299869966506956,-3.665369987487793,-3.23325777053833,3.665369987487793,-3.415976047515869
mbpo_pushcube_500k_20261007T094728_f9d45348,PushCube-v1,mbpo,real_env_steps,270000,280000,critic_loss,all_update_events_exact_quantiles,5008,0,0.08465414345279312,0.08340492472052574,0.10862933211028575,0.12317926183342938,0.04754181206226349,0.1531561315059662,0.1531561315059662,0.09905039519071579
mbpo_pushcube_500k_20261007T094728_f9d45348,PushCube-v1,mbpo,real_env_steps,270000,280000,policy_q_min_mean,all_update_events_exact_quantiles,5008,0,3.47601301787189,3.4754515886306763,3.5675462245941163,3.607210578918457,3.2480740547180176,3.678717613220215,3.678717613220215,3.4308559894561768
mbpo_pushcube_500k_20261007T094728_f9d45348,PushCube-v1,mbpo,real_env_steps,270000,280000,alpha,all_update_events_exact_quantiles,5008,0,0.0035809179434713465,0.0035805063089355826,0.0036286072921939195,0.0036371782631613313,0.003486340632662177,0.00364296673797071,0.00364296673797071,0.0035874508321285248
mbpo_pushcube_500k_20261007T094728_f9d45348,PushCube-v1,mbpo,real_env_steps,270000,280000,alpha_loss,all_update_events_exact_quantiles,5008,0,-7.967454862569611e-08,2.9231232474558055e-06,0.0007228727859910574,0.0010355738014914103,-0.0014597163535654545,0.0016113854944705963,0.0016113854944705963,-0.0005341567448340356
mbpo_pushcube_500k_20261007T094728_f9d45348,PushCube-v1,mbpo,real_env_steps,270000,280000,entropy_estimate,all_update_events_exact_quantiles,5008,0,-4.000104801961408,-3.9991934299468994,-3.798318231105805,-3.711195995807647,-4.414944648742676,-3.5538930892944336,4.414944648742676,-4.148935794830322
mbpo_pushcube_500k_20261007T094728_f9d45348,PushCube-v1,mbpo,policy_gradient_steps,135000,140000,actor_loss,all_update_events_exact_quantiles,5000,0,-3.4733526119709013,-3.4741744995117188,-3.382249391078949,-3.3472735023498537,-3.6605865955352783,-3.2659053802490234,3.6605865955352783,-3.4395880699157715
mbpo_pushcube_500k_20261007T094728_f9d45348,PushCube-v1,mbpo,policy_gradient_steps,135000,140000,critic_loss,all_update_events_exact_quantiles,5000,0,0.08398515555337072,0.0828539989888668,0.1082920502871275,0.12263182349503042,0.04619415104389191,0.17971917986869812,0.17971917986869812,0.09846939146518707
mbpo_pushcube_500k_20261007T094728_f9d45348,PushCube-v1,mbpo,policy_gradient_steps,135000,140000,policy_q_min_mean,all_update_events_exact_quantiles,5000,0,3.487663126373291,3.488500714302063,3.5772576332092285,3.612929880619049,3.2807600498199463,3.674248695373535,3.674248695373535,3.4532976150512695
mbpo_pushcube_500k_20261007T094728_f9d45348,PushCube-v1,mbpo,policy_gradient_steps,135000,140000,alpha,all_update_events_exact_quantiles,5000,0,0.0035780178463086488,0.0035775727592408657,0.0036185666103847325,0.0036371853202581406,0.003486340632662177,0.00364296673797071,0.00364296673797071,0.003568439744412899
mbpo_pushcube_500k_20261007T094728_f9d45348,PushCube-v1,mbpo,policy_gradient_steps,135000,140000,alpha_loss,all_update_events_exact_quantiles,5000,0,1.5649868528271328e-06,2.9642978915944695e-06,0.0007132410857593644,0.0009955378470476726,-0.0015933034010231495,0.0015470129437744617,0.0015933034010231495,0.0005687024095095694
mbpo_pushcube_500k_20261007T094728_f9d45348,PushCube-v1,mbpo,policy_gradient_steps,135000,140000,entropy_estimate,all_update_events_exact_quantiles,5000,0,-3.9996393445014955,-3.999171257019043,-3.8010156393051147,-3.721544380187988,-4.44243049621582,-3.570134162902832,4.44243049621582,-3.840677499771118
mbpo_pushcube_500k_20261007T094728_f9d45348,PushCube-v1,mbpo,real_env_steps,280000,290000,actor_loss,all_update_events_exact_quantiles,4992,0,-3.487171873020438,-3.487937808036804,-3.396124529838562,-3.359669804573059,-3.6821494102478027,-3.2858242988586426,3.6821494102478027,-3.4112305641174316
mbpo_pushcube_500k_20261007T094728_f9d45348,PushCube-v1,mbpo,real_env_steps,280000,290000,critic_loss,all_update_events_exact_quantiles,4992,0,0.08288907689767747,0.08194274082779884,0.10667485184967518,0.11926442787051202,0.0434626042842865,0.17971917986869812,0.17971917986869812,0.07631248980760574
mbpo_pushcube_500k_20261007T094728_f9d45348,PushCube-v1,mbpo,real_env_steps,280000,290000,policy_q_min_mean,all_update_events_exact_quantiles,4992,0,3.5013311877369118,3.5019690990448,3.5910215735435487,3.6272891545295716,3.299692153930664,3.696259021759033,3.696259021759033,3.4255425930023193
mbpo_pushcube_500k_20261007T094728_f9d45348,PushCube-v1,mbpo,real_env_steps,280000,290000,alpha,all_update_events_exact_quantiles,4992,0,0.0035412530300490265,0.003536208998411894,0.003612978965975344,0.0036224403115920722,0.003456477541476488,0.003627501195296645,0.003627501195296645,0.003525074105709791
mbpo_pushcube_500k_20261007T094728_f9d45348,PushCube-v1,mbpo,real_env_steps,280000,290000,alpha_loss,all_update_events_exact_quantiles,4992,0,5.7486644934465985e-06,7.813294359948486e-06,0.000728150742361322,0.0009883859381079679,-0.0015960789751261473,0.0015470129437744617,0.0015960789751261473,-0.0002131853107130155
mbpo_pushcube_500k_20261007T094728_f9d45348,PushCube-v1,mbpo,real_env_steps,280000,290000,entropy_estimate,all_update_events_exact_quantiles,4992,0,-3.998467852862982,-3.9978203773498535,-3.79397976398468,-3.7203227949142454,-4.450207710266113,-3.570134162902832,4.450207710266113,-4.060482978820801
mbpo_pushcube_500k_20261007T094728_f9d45348,PushCube-v1,mbpo,policy_gradient_steps,140000,145000,actor_loss,all_update_events_exact_quantiles,5000,0,-3.497184760093689,-3.496765971183777,-3.4090678215026853,-3.367996950149536,-3.6821494102478027,-3.296328544616699,3.6821494102478027,-3.487813949584961
mbpo_pushcube_500k_20261007T094728_f9d45348,PushCube-v1,mbpo,policy_gradient_steps,140000,145000,critic_loss,all_update_events_exact_quantiles,5000,0,0.0819798693858087,0.0811040922999382,0.1058417122811079,0.11771865509450438,0.0434626042842865,0.14467033743858337,0.14467033743858337,0.056619420647621155
mbpo_pushcube_500k_20261007T094728_f9d45348,PushCube-v1,mbpo,policy_gradient_steps,140000,145000,policy_q_min_mean,all_update_events_exact_quantiles,5000,0,3.511177334165573,3.510903000831604,3.5997715830802917,3.6370242333412173,3.3101563453674316,3.696259021759033,3.696259021759033,3.502042770385742
mbpo_pushcube_500k_20261007T094728_f9d45348,PushCube-v1,mbpo,policy_gradient_steps,140000,145000,alpha,all_update_events_exact_quantiles,5000,0,0.003500584944989532,0.0035033184103667736,0.0035493175964802504,0.0035583644895814358,0.0034157834015786648,0.0035673645325005054,0.0035673645325005054,0.0034394231624901295
mbpo_pushcube_500k_20261007T094728_f9d45348,PushCube-v1,mbpo,policy_gradient_steps,140000,145000,alpha_loss,all_update_events_exact_quantiles,5000,0,9.8683563493978e-06,1.164720015367493e-05,0.0007591305562527852,0.0010198260832112304,-0.0015960789751261473,0.001512882299721241,0.0015960789751261473,-0.0004735813708975911
mbpo_pushcube_500k_20261007T094728_f9d45348,PushCube-v1,mbpo,policy_gradient_steps,140000,145000,entropy_estimate,all_update_events_exact_quantiles,5000,0,-3.9972735229969025,-3.9966719150543213,-3.783604681491852,-3.7089051342010495,-4.450394153594971,-3.5685720443725586,4.450394153594971,-4.137716293334961
mbpo_pushcube_500k_20261007T094728_f9d45348,PushCube-v1,mbpo,real_env_steps,290000,300000,actor_loss,all_update_events_exact_quantiles,5008,0,-3.5160568140375728,-3.5169191360473633,-3.4273085713386537,-3.3903344297409057,-3.6930978298187256,-3.3289408683776855,3.6930978298187256,-3.5246315002441406
mbpo_pushcube_500k_20261007T094728_f9d45348,PushCube-v1,mbpo,real_env_steps,290000,300000,critic_loss,all_update_events_exact_quantiles,5008,0,0.08079340866582391,0.07965991646051407,0.10485999360680578,0.11869831867516042,0.04573724791407585,0.17694556713104248,0.17694556713104248,0.1113719716668129
mbpo_pushcube_500k_20261007T094728_f9d45348,PushCube-v1,mbpo,real_env_steps,290000,300000,policy_q_min_mean,all_update_events_exact_quantiles,5008,0,3.529928417965627,3.5306386947631836,3.618151843547821,3.6542360091209414,3.343670129776001,3.7056257724761963,3.7056257724761963,3.5378849506378174
mbpo_pushcube_500k_20261007T094728_f9d45348,PushCube-v1,mbpo,real_env_steps,290000,300000,alpha,all_update_events_exact_quantiles,5008,0,0.0034688180611456205,0.003462990513071418,0.0035417061764746903,0.0035516257281415164,0.0033913920633494854,0.0035591854248195887,0.0035591854248195887,0.0034886987414211035
mbpo_pushcube_500k_20261007T094728_f9d45348,PushCube-v1,mbpo,real_env_steps,290000,300000,alpha_loss,all_update_events_exact_quantiles,5008,0,3.6968312968430035e-06,9.047953426488675e-06,0.0007807728776242577,0.0011031095788348474,-0.001592027023434639,0.0015344133134931326,0.001592027023434639,0.0007020955672487617
mbpo_pushcube_500k_20261007T094728_f9d45348,PushCube-v1,mbpo,real_env_steps,290000,300000,entropy_estimate,all_update_events_exact_quantiles,5008,0,-3.9990512972441725,-3.997366428375244,-3.7762604236602786,-3.682591571807861,-4.450394153594971,-3.5576820373535156,4.450394153594971,-3.798758029937744
mbpo_pushcube_500k_20261007T094728_f9d45348,PushCube-v1,mbpo,policy_gradient_steps,145000,150000,actor_loss,all_update_events_exact_quantiles,5000,0,-3.52814082403183,-3.5281578302383423,-3.4382022619247437,-3.4043836998939514,-3.7082102298736572,-3.3357577323913574,3.7082102298736572,-3.4859185218811035
mbpo_pushcube_500k_20261007T094728_f9d45348,PushCube-v1,mbpo,policy_gradient_steps,145000,150000,critic_loss,all_update_events_exact_quantiles,5000,0,0.08009904786199332,0.07866344228386879,0.1042833924293518,0.11905391231179241,0.045444224029779434,0.17694556713104248,0.17694556713104248,0.07180079817771912
mbpo_pushcube_500k_20261007T094728_f9d45348,PushCube-v1,mbpo,policy_gradient_steps,145000,150000,policy_q_min_mean,all_update_events_exact_quantiles,5000,0,3.5419342833042147,3.5421578884124756,3.631094920635223,3.6642772126197816,3.3503122329711914,3.7223291397094727,3.7223291397094727,3.5000743865966797
mbpo_pushcube_500k_20261007T094728_f9d45348,PushCube-v1,mbpo,policy_gradient_steps,145000,150000,alpha,all_update_events_exact_quantiles,5000,0,0.003448676961986348,0.003442265558987856,0.003520720638334751,0.003537778437603265,0.0033913920633494854,0.0035485008265823126,0.0035485008265823126,0.0034284410066902637
mbpo_pushcube_500k_20261007T094728_f9d45348,PushCube-v1,mbpo,policy_gradient_steps,145000,150000,alpha_loss,all_update_events_exact_quantiles,5000,0,1.2581136405060533e-06,5.968850018689409e-06,0.0007470429438399152,0.001098284247564152,-0.0015158179448917508,0.0015344133134931326,0.0015344133134931326,-0.0004451071727089584
mbpo_pushcube_500k_20261007T094728_f9d45348,PushCube-v1,mbpo,policy_gradient_steps,145000,150000,entropy_estimate,all_update_events_exact_quantiles,5000,0,-3.99973356256485,-3.998267889022827,-3.783145546913147,-3.683111476898193,-4.437816619873047,-3.5576820373535156,4.437816619873047,-4.129859924316406
mbpo_pushcube_500k_20261007T094728_f9d45348,PushCube-v1,mbpo,real_env_steps,300000,310000,actor_loss,all_update_events_exact_quantiles,4992,0,-3.5382256387995605,-3.5380427837371826,-3.451346445083618,-3.4183469104766844,-3.7143397331237793,-3.3443641662597656,3.7143397331237793,-3.537363052368164
mbpo_pushcube_500k_20261007T094728_f9d45348,PushCube-v1,mbpo,real_env_steps,300000,310000,critic_loss,all_update_events_exact_quantiles,4992,0,0.08037514512379391,0.07898108661174774,0.10468883886933326,0.11710088908672334,0.045444224029779434,0.21428580582141876,0.21428580582141876,0.088163822889328
mbpo_pushcube_500k_20261007T094728_f9d45348,PushCube-v1,mbpo,real_env_steps,300000,310000,policy_q_min_mean,all_update_events_exact_quantiles,4992,0,3.5518927712662096,3.5516631603240967,3.6393447637557985,3.672521622180939,3.358861207962036,3.727576732635498,3.727576732635498,3.5508687496185303
mbpo_pushcube_500k_20261007T094728_f9d45348,PushCube-v1,mbpo,real_env_steps,300000,310000,alpha,all_update_events_exact_quantiles,4992,0,0.003419755080008494,0.003418095293454826,0.0034788847086019816,0.0035047806659713387,0.0033453789073973894,0.0035219506826251745,0.0035219506826251745,0.0033504825551062822
mbpo_pushcube_500k_20261007T094728_f9d45348,PushCube-v1,mbpo,real_env_steps,300000,310000,alpha_loss,all_update_events_exact_quantiles,4992,0,1.1997482879713481e-05,1.6336194676114246e-05,0.0007246011198731138,0.001017712595639751,-0.0015118953306227922,0.0015908587956801057,0.0015908587956801057,-0.0001052387960953638
mbpo_pushcube_500k_20261007T094728_f9d45348,PushCube-v1,mbpo,real_env_steps,300000,310000,entropy_estimate,all_update_events_exact_quantiles,4992,0,-3.996579102264383,-3.9952564239501953,-3.7881118297576903,-3.704012076854706,-4.444324493408203,-3.5330028533935547,4.444324493408203,-4.0314130783081055
mbpo_pushcube_500k_20261007T094728_f9d45348,PushCube-v1,mbpo,policy_gradient_steps,150000,155000,actor_loss,all_update_events_exact_quantiles,5000,0,-3.546198954772949,-3.5460439920425415,-3.4589176535606385,-3.423863208293915,-3.776358127593994,-3.340338706970215,3.776358127593994,-3.4783520698547363
mbpo_pushcube_500k_20261007T094728_f9d45348,PushCube-v1,mbpo,policy_gradient_steps,150000,155000,critic_loss,all_update_events_exact_quantiles,5000,0,0.0800998300127685,0.07849744707345963,0.10454354919493199,0.1180823701620102,0.046059731394052505,0.21428580582141876,0.21428580582141876,0.08300692588090897
mbpo_pushcube_500k_20261007T094728_f9d45348,PushCube-v1,mbpo,policy_gradient_steps,150000,155000,policy_q_min_mean,all_update_events_exact_quantiles,5000,0,3.5597399379253387,3.559534788131714,3.647898006439209,3.686149847507477,3.3550336360931396,3.7892911434173584,3.7892911434173584,3.4919488430023193
mbpo_pushcube_500k_20261007T094728_f9d45348,PushCube-v1,mbpo,policy_gradient_steps,150000,155000,alpha,all_update_events_exact_quantiles,5000,0,0.003387648085178807,0.0033894439693540335,0.003474022727459669,0.0035047149891033772,0.0032712025567889214,0.0035219506826251745,0.0035219506826251745,0.0033217091113328934
mbpo_pushcube_500k_20261007T094728_f9d45348,PushCube-v1,mbpo,policy_gradient_steps,150000,155000,alpha_loss,all_update_events_exact_quantiles,5000,0,9.694726061570691e-06,1.0845033102668822e-05,0.0007036542490823195,0.001004026238806547,-0.0015118953306227922,0.0015908587956801057,0.0015908587956801057,-0.0003108527744188905
mbpo_pushcube_500k_20261007T094728_f9d45348,PushCube-v1,mbpo,policy_gradient_steps,150000,155000,entropy_estimate,all_update_events_exact_quantiles,5000,0,-3.9972152184009553,-3.9967775344848633,-3.792824447154999,-3.705881557464599,-4.444324493408203,-3.5330028533935547,4.444324493408203,-4.0935893058776855
mbpo_pushcube_500k_20261007T094728_f9d45348,PushCube-v1,mbpo,real_env_steps,310000,320000,actor_loss,all_update_events_exact_quantiles,5008,0,-3.564520292531568,-3.5644341707229614,-3.4771198630332947,-3.442293879985809,-3.776358127593994,-3.340338706970215,3.776358127593994,-3.591215133666992
mbpo_pushcube_500k_20261007T094728_f9d45348,PushCube-v1,mbpo,real_env_steps,310000,320000,critic_loss,all_update_events_exact_quantiles,5008,0,0.07812624125586698,0.07658576592803001,0.10217816829681396,0.1161785037815571,0.04308507591485977,0.15047220885753632,0.15047220885753632,0.08412636816501617
mbpo_pushcube_500k_20261007T094728_f9d45348,PushCube-v1,mbpo,real_env_steps,310000,320000,policy_q_min_mean,all_update_events_exact_quantiles,5008,0,3.5778236585779313,3.5778064727783203,3.666231107711792,3.7012473630905154,3.3550336360931396,3.7892911434173584,3.7892911434173584,3.6049859523773193
mbpo_pushcube_500k_20261007T094728_f9d45348,PushCube-v1,mbpo,real_env_steps,310000,320000,alpha,all_update_events_exact_quantiles,5008,0,0.0033266895895391647,0.0033194907009601593,0.0034034250536933543,0.0034168691374361518,0.00324429152533412,0.0034188255667686462,0.0034188255667686462,0.00331436307169497
mbpo_pushcube_500k_20261007T094728_f9d45348,PushCube-v1,mbpo,real_env_steps,310000,320000,alpha_loss,all_update_events_exact_quantiles,5008,0,3.4253247382314376e-06,3.3974883990595117e-06,0.0006813178595621136,0.001001103265443817,-0.0015618100296705961,0.001481050276197493,0.0015618100296705961,-0.0005129073979333043
mbpo_pushcube_500k_20261007T094728_f9d45348,PushCube-v1,mbpo,real_env_steps,310000,320000,entropy_estimate,all_update_events_exact_quantiles,5008,0,-3.9990590362312695,-3.998969554901123,-3.795123279094696,-3.700545945167541,-4.472957611083984,-3.5572469234466553,4.472957611083984,-4.154747486114502
mbpo_pushcube_500k_20261007T094728_f9d45348,PushCube-v1,mbpo,policy_gradient_steps,155000,160000,actor_loss,all_update_events_exact_quantiles,5000,0,-3.572349346065521,-3.5726064443588257,-3.484982395172119,-3.449196467399597,-3.7500452995300293,-3.3743815422058105,3.7500452995300293,-3.440021514892578
mbpo_pushcube_500k_20261007T094728_f9d45348,PushCube-v1,mbpo,policy_gradient_steps,155000,160000,critic_loss,all_update_events_exact_quantiles,5000,0,0.07749124438911677,0.07574640586972237,0.10189820751547814,0.11649405956268324,0.04308507591485977,0.24658071994781494,0.24658071994781494,0.08543066680431366
mbpo_pushcube_500k_20261007T094728_f9d45348,PushCube-v1,mbpo,policy_gradient_steps,155000,160000,policy_q_min_mean,all_update_events_exact_quantiles,5000,0,3.5855980374336243,3.585685133934021,3.6738197803497314,3.709825177192688,3.388186454772949,3.762699604034424,3.762699604034424,3.4530880451202393
mbpo_pushcube_500k_20261007T094728_f9d45348,PushCube-v1,mbpo,policy_gradient_steps,155000,160000,alpha,all_update_events_exact_quantiles,5000,0,0.003311956409132108,0.003310128580778837,0.003356716688722372,0.003365433793514967,0.00324429152533412,0.003377833403646946,0.003377833403646946,0.0033389898017048836
mbpo_pushcube_500k_20261007T094728_f9d45348,PushCube-v1,mbpo,policy_gradient_steps,155000,160000,alpha_loss,all_update_events_exact_quantiles,5000,0,-8.775823291216511e-07,6.069578375900164e-06,0.0006827245320891965,0.0009681831143097953,-0.0016386753413826227,0.001494313240982592,0.0016386753413826227,0.00029162788996472955
mbpo_pushcube_500k_20261007T094728_f9d45348,PushCube-v1,mbpo,policy_gradient_steps,155000,160000,entropy_estimate,all_update_events_exact_quantiles,5000,0,-4.00035371632576,-3.9981738328933716,-3.793778586387634,-3.7094156885147096,-4.493109226226807,-3.552504539489746,4.493109226226807,-3.912673234939575
mbpo_pushcube_500k_20261007T094728_f9d45348,PushCube-v1,mbpo,real_env_steps,320000,330000,actor_loss,all_update_events_exact_quantiles,4992,0,-3.582925417818702,-3.5838582515716553,-3.4939117193222047,-3.458908026218414,-3.7562332153320312,-3.3743815422058105,3.7562332153320312,-3.5682554244995117
mbpo_pushcube_500k_20261007T094728_f9d45348,PushCube-v1,mbpo,real_env_steps,320000,330000,critic_loss,all_update_events_exact_quantiles,4992,0,0.07821022314452328,0.0761827640235424,0.1040010005235672,0.12092047117650513,0.043635044246912,0.24658071994781494,0.24658071994781494,0.07779562473297119
mbpo_pushcube_500k_20261007T094728_f9d45348,PushCube-v1,mbpo,real_env_steps,320000,330000,policy_q_min_mean,all_update_events_exact_quantiles,4992,0,3.596070351317907,3.5969053506851196,3.6856719493865966,3.7181187510490417,3.388186454772949,3.769662618637085,3.769662618637085,3.5818514823913574
mbpo_pushcube_500k_20261007T094728_f9d45348,PushCube-v1,mbpo,real_env_steps,320000,330000,alpha,all_update_events_exact_quantiles,4992,0,0.0032872550351525066,0.003297898219898343,0.0033561755088157954,0.0033772368682548405,0.0031806023325771093,0.0033851279877126217,0.0033851279877126217,0.0032652525696903467
mbpo_pushcube_500k_20261007T094728_f9d45348,PushCube-v1,mbpo,real_env_steps,320000,330000,alpha_loss,all_update_events_exact_quantiles,4992,0,4.124187141813379e-06,7.598137017339468e-06,0.000729924684856087,0.0010026458685752008,-0.0016386753413826227,0.001494313240982592,0.0016386753413826227,-0.0005361664807423949
mbpo_pushcube_500k_20261007T094728_f9d45348,PushCube-v1,mbpo,real_env_steps,320000,330000,entropy_estimate,all_update_events_exact_quantiles,4992,0,-3.9988504062191796,-3.9977012872695923,-3.7780312418937685,-3.6910294437408444,-4.493109226226807,-3.552504539489746,4.493109226226807,-4.164216995239258
mbpo_pushcube_500k_20261007T094728_f9d45348,PushCube-v1,mbpo,policy_gradient_steps,160000,165000,actor_loss,all_update_events_exact_quantiles,5000,0,-3.5903158318519592,-3.5915284156799316,-3.5021732568740847,-3.4657258319854733,-3.7562332153320312,-3.4140357971191406,3.7562332153320312,-3.5874671936035156
mbpo_pushcube_500k_20261007T094728_f9d45348,PushCube-v1,mbpo,policy_gradient_steps,160000,165000,critic_loss,all_update_events_exact_quantiles,5000,0,0.07826234209090471,0.0763174556195736,0.1039613101631403,0.12139632701873784,0.043635044246912,0.24010570347309113,0.24010570347309113,0.08678781986236572
mbpo_pushcube_500k_20261007T094728_f9d45348,PushCube-v1,mbpo,policy_gradient_steps,160000,165000,policy_q_min_mean,all_update_events_exact_quantiles,5000,0,3.603298964214325,3.604451060295105,3.6911762833595274,3.722154474258423,3.4268860816955566,3.769662618637085,3.769662618637085,3.600297212600708
mbpo_pushcube_500k_20261007T094728_f9d45348,PushCube-v1,mbpo,policy_gradient_steps,160000,165000,alpha,all_update_events_exact_quantiles,5000,0,0.0032490545180160553,0.003239583456888795,0.003343542607035488,0.003377234819345176,0.003133209189400077,0.0033851279877126217,0.0033851279877126217,0.0031814437825232744
mbpo_pushcube_500k_20261007T094728_f9d45348,PushCube-v1,mbpo,policy_gradient_steps,160000,165000,alpha_loss,all_update_events_exact_quantiles,5000,0,1.3210157531648291e-05,1.6312864318024367e-05,0.0007307135936571286,0.0010273421835154297,-0.0015350705944001675,0.0014691574033349752,0.0015350705944001675,-0.00010486545943422243
mbpo_pushcube_500k_20261007T094728_f9d45348,PushCube-v1,mbpo,policy_gradient_steps,160000,165000,entropy_estimate,all_update_events_exact_quantiles,5000,0,-3.9960460257530213,-3.995092272758484,-3.7764322638511656,-3.684811339378357,-4.476527690887451,-3.548391342163086,4.476527690887451,-4.032963752746582
mbpo_pushcube_500k_20261007T094728_f9d45348,PushCube-v1,mbpo,real_env_steps,330000,340000,actor_loss,all_update_events_exact_quantiles,5008,0,-3.602661531430464,-3.603030800819397,-3.513507616519928,-3.4747911953926085,-3.787738800048828,-3.4111859798431396,3.787738800048828,-3.5945470333099365
mbpo_pushcube_500k_20261007T094728_f9d45348,PushCube-v1,mbpo,real_env_steps,330000,340000,critic_loss,all_update_events_exact_quantiles,5008,0,0.07682911202180595,0.07530364021658897,0.10193057544529437,0.11768671423196798,0.037742260843515396,0.15254022181034088,0.15254022181034088,0.0875013917684555
mbpo_pushcube_500k_20261007T094728_f9d45348,PushCube-v1,mbpo,real_env_steps,330000,340000,policy_q_min_mean,all_update_events_exact_quantiles,5008,0,3.615393965674665,3.6155970096588135,3.7029593229293822,3.7411910104751587,3.4240596294403076,3.8002545833587646,3.8002545833587646,3.607400417327881
mbpo_pushcube_500k_20261007T094728_f9d45348,PushCube-v1,mbpo,real_env_steps,330000,340000,alpha,all_update_events_exact_quantiles,5008,0,0.0031851201969832657,0.003177585545927286,0.0032545358408242464,0.0032664541201665996,0.0030712438747286797,0.0032763134222477674,0.0032763134222477674,0.0031712311320006847
mbpo_pushcube_500k_20261007T094728_f9d45348,PushCube-v1,mbpo,real_env_steps,330000,340000,alpha_loss,all_update_events_exact_quantiles,5008,0,8.122928099841572e-06,1.311700907535851e-05,0.0006893176003359258,0.000971073816763238,-0.0014647537609562278,0.0014691574033349752,0.0014691574033349752,-0.0001710526121314615
mbpo_pushcube_500k_20261007T094728_f9d45348,PushCube-v1,mbpo,real_env_steps,330000,340000,entropy_estimate,all_update_events_exact_quantiles,5008,0,-3.997575316375818,-3.99586820602417,-3.783688712120056,-3.6949626827239985,-4.466724395751953,-3.548391342163086,4.466724395751953,-4.053948402404785
mbpo_pushcube_500k_20261007T094728_f9d45348,PushCube-v1,mbpo,policy_gradient_steps,165000,170000,actor_loss,all_update_events_exact_quantiles,5000,0,-3.6114723579883576,-3.6107559204101562,-3.522205150127411,-3.485593535900116,-3.787738800048828,-3.4111859798431396,3.787738800048828,-3.7069830894470215
mbpo_pushcube_500k_20261007T094728_f9d45348,PushCube-v1,mbpo,policy_gradient_steps,165000,170000,critic_loss,all_update_events_exact_quantiles,5000,0,0.07579451667740941,0.07427621260285378,0.10049676410853862,0.11534319907426838,0.037742260843515396,0.13586536049842834,0.13586536049842834,0.06520810723304749
mbpo_pushcube_500k_20261007T094728_f9d45348,PushCube-v1,mbpo,policy_gradient_steps,165000,170000,policy_q_min_mean,all_update_events_exact_quantiles,5000,0,3.6240869441509247,3.6233726739883423,3.7138060927391052,3.7468130445480345,3.4240596294403076,3.8002545833587646,3.8002545833587646,3.7191002368927
mbpo_pushcube_500k_20261007T094728_f9d45348,PushCube-v1,mbpo,policy_gradient_steps,165000,170000,alpha,all_update_events_exact_quantiles,5000,0,0.0031548574739601464,0.0031591998413205147,0.00320197717519477,0.0032349702483043074,0.0030712438747286797,0.0032443981617689133,0.0032443981617689133,0.0031284024007618427
mbpo_pushcube_500k_20261007T094728_f9d45348,PushCube-v1,mbpo,policy_gradient_steps,165000,170000,alpha_loss,all_update_events_exact_quantiles,5000,0,4.88951788720442e-06,4.849436663789675e-06,0.0007219112769234929,0.0010004883888177574,-0.0014136594254523516,0.0014845534460619092,0.0014845534460619092,0.0003953470732085407
mbpo_pushcube_500k_20261007T094728_f9d45348,PushCube-v1,mbpo,policy_gradient_steps,165000,170000,entropy_estimate,all_update_events_exact_quantiles,5000,0,-3.9985680140018465,-3.9984776973724365,-3.7716872453689576,-3.683224191665649,-4.443199157714844,-3.5358448028564453,4.443199157714844,-3.8736162185668945
mbpo_pushcube_500k_20261007T094728_f9d45348,PushCube-v1,mbpo,real_env_steps,340000,350000,actor_loss,all_update_events_exact_quantiles,4992,0,-3.6234230305521917,-3.62306809425354,-3.5354964971542358,-3.499797830581665,-3.824500560760498,-3.4213340282440186,3.824500560760498,-3.6542110443115234
mbpo_pushcube_500k_20261007T094728_f9d45348,PushCube-v1,mbpo,real_env_steps,340000,350000,critic_loss,all_update_events_exact_quantiles,4992,0,0.07516812399187937,0.0734986774623394,0.09931949339807034,0.11321407280862332,0.040161147713661194,0.2005879431962967,0.2005879431962967,0.069449782371521
mbpo_pushcube_500k_20261007T094728_f9d45348,PushCube-v1,mbpo,real_env_steps,340000,350000,policy_q_min_mean,all_update_events_exact_quantiles,4992,0,3.636035410448527,3.6356968879699707,3.7238942861557005,3.7587975692749023,3.4342472553253174,3.8368918895721436,3.8368918895721436,3.6668667793273926
mbpo_pushcube_500k_20261007T094728_f9d45348,PushCube-v1,mbpo,real_env_steps,340000,350000,alpha,all_update_events_exact_quantiles,4992,0,0.0031540122506087823,0.003150878823362291,0.0032050587236881257,0.0032171084592118857,0.0030841361731290817,0.003226005006581545,0.003226005006581545,0.0031364066526293755
mbpo_pushcube_500k_20261007T094728_f9d45348,PushCube-v1,mbpo,real_env_steps,340000,350000,alpha_loss,all_update_events_exact_quantiles,4992,0,3.6983331509733175e-06,-6.494592525996268e-07,0.0007202773209428414,0.0010355728806462144,-0.0014775077579542994,0.0016668459866195917,0.0016668459866195917,-0.00011056263610953465
mbpo_pushcube_500k_20261007T094728_f9d45348,PushCube-v1,mbpo,real_env_steps,340000,350000,entropy_estimate,all_update_events_exact_quantiles,4992,0,-3.9989330457189145,-4.000206470489502,-3.7717008233070373,-3.672339751720428,-4.462035179138184,-3.4830238819122314,4.462035179138184,-4.035251617431641
mbpo_pushcube_500k_20261007T094728_f9d45348,PushCube-v1,mbpo,policy_gradient_steps,170000,175000,actor_loss,all_update_events_exact_quantiles,5000,0,-3.631126849937439,-3.6312363147735596,-3.5435999393463136,-3.5082000803947446,-3.824500560760498,-3.4357526302337646,3.824500560760498,-3.514787197113037
mbpo_pushcube_500k_20261007T094728_f9d45348,PushCube-v1,mbpo,policy_gradient_steps,170000,175000,critic_loss,all_update_events_exact_quantiles,5000,0,0.07473051502853632,0.07335980236530304,0.09863636195659638,0.11143981672823429,0.040161147713661194,0.2005879431962967,0.2005879431962967,0.0693720281124115
mbpo_pushcube_500k_20261007T094728_f9d45348,PushCube-v1,mbpo,policy_gradient_steps,170000,175000,policy_q_min_mean,all_update_events_exact_quantiles,5000,0,3.6437072704315185,3.643756628036499,3.7303550243377686,3.765161864757538,3.4492087364196777,3.8368918895721436,3.8368918895721436,3.5277843475341797
mbpo_pushcube_500k_20261007T094728_f9d45348,PushCube-v1,mbpo,policy_gradient_steps,170000,175000,alpha,all_update_events_exact_quantiles,5000,0,0.0031453222890850158,0.003137639141641557,0.0032039295183494687,0.0032170969480648636,0.00308049563318491,0.003226005006581545,0.003226005006581545,0.003126144642010331
mbpo_pushcube_500k_20261007T094728_f9d45348,PushCube-v1,mbpo,policy_gradient_steps,170000,175000,alpha_loss,all_update_events_exact_quantiles,5000,0,8.697781689988915e-07,-5.119181878399104e-07,0.0006764074612874537,0.0009448303806129856,-0.0014775077579542994,0.0016668459866195917,0.0016668459866195917,-0.0004924428067170084
mbpo_pushcube_500k_20261007T094728_f9d45348,PushCube-v1,mbpo,policy_gradient_steps,170000,175000,entropy_estimate,all_update_events_exact_quantiles,5000,0,-3.999810235309601,-4.000163793563843,-3.7858905673027037,-3.7002531361579893,-4.462035179138184,-3.4830238819122314,4.462035179138184,-4.157524108886719
mbpo_pushcube_500k_20261007T094728_f9d45348,PushCube-v1,mbpo,real_env_steps,350000,360000,actor_loss,all_update_events_exact_quantiles,5008,0,-3.6345768940334504,-3.635209560394287,-3.5463621616363525,-3.5101842522621154,-3.82350492477417,-3.423586130142212,3.82350492477417,-3.510131597518921
mbpo_pushcube_500k_20261007T094728_f9d45348,PushCube-v1,mbpo,real_env_steps,350000,360000,critic_loss,all_update_events_exact_quantiles,5008,0,0.07423249197180588,0.07309615612030029,0.0979952834546566,0.11012012347579003,0.040583446621894836,0.13780027627944946,0.13780027627944946,0.051862820982933044
mbpo_pushcube_500k_20261007T094728_f9d45348,PushCube-v1,mbpo,real_env_steps,350000,360000,policy_q_min_mean,all_update_events_exact_quantiles,5008,0,3.647021658599567,3.6476742029190063,3.732764446735382,3.767783784866333,3.436572551727295,3.835601806640625,3.835601806640625,3.5226898193359375
mbpo_pushcube_500k_20261007T094728_f9d45348,PushCube-v1,mbpo,real_env_steps,350000,360000,alpha,all_update_events_exact_quantiles,5008,0,0.0031110059734290323,0.0031100399792194366,0.0031483937054872513,0.0031661082431674002,0.0030352501198649406,0.0031787387561053038,0.0031787387561053038,0.003137292107567191
mbpo_pushcube_500k_20261007T094728_f9d45348,PushCube-v1,mbpo,real_env_steps,350000,360000,alpha_loss,all_update_events_exact_quantiles,5008,0,-7.41231388339145e-07,6.479884177679196e-06,0.0006565901305293664,0.0009111220651539047,-0.0013530331198126078,0.0017842443194240332,0.0017842443194240332,-1.2344113201834261e-05
mbpo_pushcube_500k_20261007T094728_f9d45348,PushCube-v1,mbpo,real_env_steps,350000,360000,entropy_estimate,all_update_events_exact_quantiles,5008,0,-4.000337512300799,-3.9979116916656494,-3.7899452567100527,-3.707744951248169,-4.443167686462402,-3.4217147827148438,4.443167686462402,-4.003935813903809
mbpo_pushcube_500k_20261007T094728_f9d45348,PushCube-v1,mbpo,policy_gradient_steps,175000,180000,actor_loss,all_update_events_exact_quantiles,5000,0,-3.634676027536392,-3.63555645942688,-3.5470401525497435,-3.5121232748031614,-3.8189005851745605,-3.423586130142212,3.8189005851745605,-3.63424015045166
mbpo_pushcube_500k_20261007T094728_f9d45348,PushCube-v1,mbpo,policy_gradient_steps,175000,180000,critic_loss,all_update_events_exact_quantiles,5000,0,0.0741816551744938,0.07279136776924133,0.09799630716443061,0.1108010361343623,0.040583446621894836,0.14743313193321228,0.14743313193321228,0.08265554904937744
mbpo_pushcube_500k_20261007T094728_f9d45348,PushCube-v1,mbpo,policy_gradient_steps,175000,180000,policy_q_min_mean,all_update_events_exact_quantiles,5000,0,3.647057962846756,3.648111939430237,3.7326662063598635,3.767433795928955,3.436572551727295,3.8307268619537354,3.8307268619537354,3.646413803100586
mbpo_pushcube_500k_20261007T094728_f9d45348,PushCube-v1,mbpo,policy_gradient_steps,175000,180000,alpha,all_update_events_exact_quantiles,5000,0,0.003095803565531969,0.0030987269710749388,0.003142145799938589,0.003151087185833603,0.0030137368012219667,0.003159360261633992,0.003159360261633992,0.003119763685390353
mbpo_pushcube_500k_20261007T094728_f9d45348,PushCube-v1,mbpo,policy_gradient_steps,175000,180000,alpha_loss,all_update_events_exact_quantiles,5000,0,1.28345298981003e-06,2.0345796656329185e-06,0.0006653477787040174,0.0009276970336213713,-0.0013530331198126078,0.0017842443194240332,0.0017842443194240332,0.00030820004758425057
mbpo_pushcube_500k_20261007T094728_f9d45348,PushCube-v1,mbpo,policy_gradient_steps,175000,180000,entropy_estimate,all_update_events_exact_quantiles,5000,0,-3.9996912650108336,-3.999344825744629,-3.7853930592536926,-3.6998939895629883,-4.443167686462402,-3.4217147827148438,4.443167686462402,-3.901231050491333
mbpo_pushcube_500k_20261007T094728_f9d45348,PushCube-v1,mbpo,real_env_steps,360000,370000,actor_loss,all_update_events_exact_quantiles,4992,0,-3.6396851804202948,-3.6402456760406494,-3.551527941226959,-3.5173482084274292,-3.8255040645599365,-3.451859474182129,3.8255040645599365,-3.538670539855957
mbpo_pushcube_500k_20261007T094728_f9d45348,PushCube-v1,mbpo,real_env_steps,360000,370000,critic_loss,all_update_events_exact_quantiles,4992,0,0.0740753671009607,0.0727473832666874,0.09696603417396545,0.10884000584483147,0.04053439944982529,0.14743313193321228,0.14743313193321228,0.0596449188888073
mbpo_pushcube_500k_20261007T094728_f9d45348,PushCube-v1,mbpo,real_env_steps,360000,370000,policy_q_min_mean,all_update_events_exact_quantiles,4992,0,3.651886199099513,3.652313232421875,3.737639307975769,3.7731726503372194,3.464831590652466,3.836895704269409,3.836895704269409,3.5507898330688477
mbpo_pushcube_500k_20261007T094728_f9d45348,PushCube-v1,mbpo,real_env_steps,360000,370000,alpha,all_update_events_exact_quantiles,4992,0,0.003054023331619996,0.003047542180866003,0.0031281132018193603,0.0031456787372007968,0.00297003542073071,0.003156773280352354,0.003156773280352354,0.0029777553863823414
mbpo_pushcube_500k_20261007T094728_f9d45348,PushCube-v1,mbpo,real_env_steps,360000,370000,alpha_loss,all_update_events_exact_quantiles,4992,0,1.5201064317402132e-05,9.247294656233862e-06,0.0006753388937795532,0.0009635527076898156,-0.001249830354936421,0.0015740664675831795,0.0015740664675831795,-0.000209417354199104
mbpo_pushcube_500k_20261007T094728_f9d45348,PushCube-v1,mbpo,real_env_steps,360000,370000,entropy_estimate,all_update_events_exact_quantiles,4992,0,-3.995127096772194,-3.9969658851623535,-3.779861497879028,-3.681840479373932,-4.413265228271484,-3.4930975437164307,4.413265228271484,-4.070332050323486
mbpo_pushcube_500k_20261007T094728_f9d45348,PushCube-v1,mbpo,policy_gradient_steps,180000,185000,actor_loss,all_update_events_exact_quantiles,5000,0,-3.6446308676719665,-3.644805431365967,-3.554833745956421,-3.521639049053192,-3.8255040645599365,-3.4714598655700684,3.8255040645599365,-3.6477348804473877
mbpo_pushcube_500k_20261007T094728_f9d45348,PushCube-v1,mbpo,policy_gradient_steps,180000,185000,critic_loss,all_update_events_exact_quantiles,5000,0,0.0740111701950431,0.07294125482439995,0.09695728346705437,0.10875041492283347,0.037963733077049255,0.14001545310020447,0.14001545310020447,0.06632710993289948
mbpo_pushcube_500k_20261007T094728_f9d45348,PushCube-v1,mbpo,policy_gradient_steps,180000,185000,policy_q_min_mean,all_update_events_exact_quantiles,5000,0,3.6566959614276886,3.6568957567214966,3.744431567192078,3.7808067846298217,3.4833736419677734,3.836895704269409,3.836895704269409,3.659501314163208
mbpo_pushcube_500k_20261007T094728_f9d45348,PushCube-v1,mbpo,policy_gradient_steps,180000,185000,alpha,all_update_events_exact_quantiles,5000,0,0.003020750016765669,0.003015881637111306,0.0031107040704227984,0.003130869776941836,0.00291683292016387,0.0031378907151520252,0.0031378907151520252,0.00291683292016387
mbpo_pushcube_500k_20261007T094728_f9d45348,PushCube-v1,mbpo,policy_gradient_steps,180000,185000,alpha_loss,all_update_events_exact_quantiles,5000,0,1.8069158752041402e-05,1.5408444596687332e-05,0.0006895819155033678,0.0009745045186718935,-0.0013902304926887155,0.0016164060216397047,0.0016164060216397047,-9.875366231426597e-05
mbpo_pushcube_500k_20261007T094728_f9d45348,PushCube-v1,mbpo,policy_gradient_steps,180000,185000,entropy_estimate,all_update_events_exact_quantiles,5000,0,-3.994101798057556,-3.994978666305542,-3.7718551874160764,-3.677027299404144,-4.461991786956787,-3.4592037200927734,4.461991786956787,-4.033854961395264
mbpo_pushcube_500k_20261007T094728_f9d45348,PushCube-v1,mbpo,real_env_steps,370000,380000,actor_loss,all_update_events_exact_quantiles,5008,0,-3.6547185988091053,-3.654541492462158,-3.5674898624420166,-3.5308985424041746,-3.8251399993896484,-3.4762487411499023,3.8251399993896484,-3.7060413360595703
mbpo_pushcube_500k_20261007T094728_f9d45348,PushCube-v1,mbpo,real_env_steps,370000,380000,critic_loss,all_update_events_exact_quantiles,5008,0,0.07329452527797047,0.07222877442836761,0.09662735797464846,0.10871929116547113,0.037963733077049255,0.14001545310020447,0.14001545310020447,0.06365202367305756
mbpo_pushcube_500k_20261007T094728_f9d45348,PushCube-v1,mbpo,real_env_steps,370000,380000,policy_q_min_mean,all_update_events_exact_quantiles,5008,0,3.6666645659520603,3.6663918495178223,3.7526276469230653,3.7902929449081424,3.4887099266052246,3.836595058441162,3.836595058441162,3.717667579650879
mbpo_pushcube_500k_20261007T094728_f9d45348,PushCube-v1,mbpo,real_env_steps,370000,380000,alpha,all_update_events_exact_quantiles,5008,0,0.0029872437608398543,0.002984281978569925,0.0030393808847293258,0.003073909271042794,0.002914073411375284,0.0030809761956334114,0.0030809761956334114,0.002950479509308934
mbpo_pushcube_500k_20261007T094728_f9d45348,PushCube-v1,mbpo,real_env_steps,370000,380000,alpha_loss,all_update_events_exact_quantiles,5008,0,3.0305978226604525e-06,-1.0657804523361847e-06,0.0007043911435175676,0.001004430963657797,-0.0013902304926887155,0.0017038382356986403,0.0017038382356986403,0.00017438895883969963
mbpo_pushcube_500k_20261007T094728_f9d45348,PushCube-v1,mbpo,real_env_steps,370000,380000,entropy_estimate,all_update_events_exact_quantiles,5008,0,-3.9990869685769463,-4.000359296798706,-3.765533244609833,-3.6655176591873166,-4.461991786956787,-3.437991142272949,4.461991786956787,-3.9408888816833496
mbpo_pushcube_500k_20261007T094728_f9d45348,PushCube-v1,mbpo,policy_gradient_steps,185000,190000,actor_loss,all_update_events_exact_quantiles,5000,0,-3.660613612127304,-3.6600048542022705,-3.575937569141388,-3.5378641271591187,-3.8251399993896484,-3.465019941329956,3.8251399993896484,-3.688769817352295
mbpo_pushcube_500k_20261007T094728_f9d45348,PushCube-v1,mbpo,policy_gradient_steps,185000,190000,critic_loss,all_update_events_exact_quantiles,5000,0,0.07286870295703411,0.07160831615328789,0.09568256624042988,0.1084176626801491,0.039275702089071274,0.13525423407554626,0.13525423407554626,0.06462214887142181
mbpo_pushcube_500k_20261007T094728_f9d45348,PushCube-v1,mbpo,policy_gradient_steps,185000,190000,policy_q_min_mean,all_update_events_exact_quantiles,5000,0,3.672548295688629,3.671960949897766,3.757800209522247,3.7931370878219606,3.477834701538086,3.836595058441162,3.836595058441162,3.7018871307373047
mbpo_pushcube_500k_20261007T094728_f9d45348,PushCube-v1,mbpo,policy_gradient_steps,185000,190000,alpha,all_update_events_exact_quantiles,5000,0,0.0029822006854694338,0.0029808387625962496,0.0030343981459736826,0.0030739183351397516,0.002914073411375284,0.0030809761956334114,0.0030809761956334114,0.002981511875987053
mbpo_pushcube_500k_20261007T094728_f9d45348,PushCube-v1,mbpo,policy_gradient_steps,185000,190000,alpha_loss,all_update_events_exact_quantiles,5000,0,-5.932799209404038e-06,-9.854057680058759e-06,0.0006820439331931996,0.0009577209752751523,-0.0014285704819485545,0.0017038382356986403,0.0017038382356986403,-0.0011929990723729134
mbpo_pushcube_500k_20261007T094728_f9d45348,PushCube-v1,mbpo,policy_gradient_steps,185000,190000,entropy_estimate,all_update_events_exact_quantiles,5000,0,-4.0021118336677555,-4.003284692764282,-3.771420788764954,-3.680435607433319,-4.476010322570801,-3.437991142272949,4.476010322570801,-4.4001851081848145
mbpo_pushcube_500k_20261007T094728_f9d45348,PushCube-v1,mbpo,real_env_steps,380000,390000,actor_loss,all_update_events_exact_quantiles,4992,0,-3.667730671711839,-3.6674150228500366,-3.5829983711242677,-3.550081317424774,-3.8547587394714355,-3.465019941329956,3.8547587394714355,-3.5669760704040527
mbpo_pushcube_500k_20261007T094728_f9d45348,PushCube-v1,mbpo,real_env_steps,380000,390000,critic_loss,all_update_events_exact_quantiles,4992,0,0.07209440841017148,0.07068082690238953,0.09462353587150574,0.1083567009866238,0.03790827840566635,0.13525423407554626,0.13525423407554626,0.058382682502269745
mbpo_pushcube_500k_20261007T094728_f9d45348,PushCube-v1,mbpo,real_env_steps,380000,390000,policy_q_min_mean,all_update_events_exact_quantiles,4992,0,3.6796214199410033,3.679293632507324,3.767539620399475,3.7985513687133787,3.477834701538086,3.866309881210327,3.866309881210327,3.5794289112091064
mbpo_pushcube_500k_20261007T094728_f9d45348,PushCube-v1,mbpo,real_env_steps,380000,390000,alpha,all_update_events_exact_quantiles,4992,0,0.002972353932422359,0.0029769198736175895,0.003015853220131248,0.0030274273827672004,0.0028777539264410734,0.0030344901606440544,0.0030344901606440544,0.0029631517827510834
mbpo_pushcube_500k_20261007T094728_f9d45348,PushCube-v1,mbpo,real_env_steps,380000,390000,alpha_loss,all_update_events_exact_quantiles,4992,0,-1.3429395871811814e-06,-6.224672688404098e-07,0.0006545340758748352,0.0008979921718128032,-0.0014285704819485545,0.001502406783401966,0.001502406783401966,-0.0006020843284204602
mbpo_pushcube_500k_20261007T094728_f9d45348,PushCube-v1,mbpo,real_env_steps,380000,390000,entropy_estimate,all_update_events_exact_quantiles,4992,0,-4.000552931609444,-4.000207185745239,-3.780409276485443,-3.700115828514099,-4.476010322570801,-3.501361131668091,4.476010322570801,-4.20322322845459
mbpo_pushcube_500k_20261007T094728_f9d45348,PushCube-v1,mbpo,policy_gradient_steps,190000,195000,actor_loss,all_update_events_exact_quantiles,5000,0,-3.6723397419929507,-3.6714508533477783,-3.5851643204689028,-3.5516917228698732,-3.8547587394714355,-3.481919765472412,3.8547587394714355,-3.756340503692627
mbpo_pushcube_500k_20261007T094728_f9d45348,PushCube-v1,mbpo,policy_gradient_steps,190000,195000,critic_loss,all_update_events_exact_quantiles,5000,0,0.0716405846901238,0.07027621939778328,0.09449261054396631,0.10779264934360983,0.03790827840566635,0.1286543309688568,0.1286543309688568,0.05142894759774208
mbpo_pushcube_500k_20261007T094728_f9d45348,PushCube-v1,mbpo,policy_gradient_steps,190000,195000,policy_q_min_mean,all_update_events_exact_quantiles,5000,0,3.6841497196674347,3.6831544637680054,3.7719316720962524,3.8078870391845703,3.493884563446045,3.866309881210327,3.866309881210327,3.7676234245300293
mbpo_pushcube_500k_20261007T094728_f9d45348,PushCube-v1,mbpo,policy_gradient_steps,190000,195000,alpha,all_update_events_exact_quantiles,5000,0,0.002953706943709403,0.002954320050776005,0.0030133331893011928,0.0030211341776885093,0.002866427879780531,0.00302767101675272,0.00302767101675272,0.0029283997137099504
mbpo_pushcube_500k_20261007T094728_f9d45348,PushCube-v1,mbpo,policy_gradient_steps,190000,195000,alpha_loss,all_update_events_exact_quantiles,5000,0,4.893138500847272e-06,6.3837906054686755e-06,0.0006525844743009657,0.0008854134363355123,-0.0014111180789768696,0.0013710646890103817,0.0014111180789768696,0.00043082976480945945
mbpo_pushcube_500k_20261007T094728_f9d45348,PushCube-v1,mbpo,policy_gradient_steps,190000,195000,entropy_estimate,all_update_events_exact_quantiles,5000,0,-3.998449713039398,-3.9978127479553223,-3.779658758640289,-3.698821671009063,-4.472348213195801,-3.5358150005340576,4.472348213195801,-3.852881908416748
mbpo_pushcube_500k_20261007T094728_f9d45348,PushCube-v1,mbpo,real_env_steps,390000,400000,actor_loss,all_update_events_exact_quantiles,5008,0,-3.677107625875991,-3.6772955656051636,-3.5892871141433718,-3.554657473564148,-3.852179765701294,-3.4928927421569824,3.852179765701294,-3.7308731079101562
mbpo_pushcube_500k_20261007T094728_f9d45348,PushCube-v1,mbpo,real_env_steps,390000,400000,critic_loss,all_update_events_exact_quantiles,5008,0,0.07152274562367283,0.07033780962228775,0.09435867741703988,0.10671376630663874,0.03889920562505722,0.14448560774326324,0.14448560774326324,0.057301513850688934
mbpo_pushcube_500k_20261007T094728_f9d45348,PushCube-v1,mbpo,real_env_steps,390000,400000,policy_q_min_mean,all_update_events_exact_quantiles,5008,0,3.688906590207316,3.6891865730285645,3.7767414450645447,3.8124323296546936,3.505324125289917,3.8636016845703125,3.8636016845703125,3.742025375366211
mbpo_pushcube_500k_20261007T094728_f9d45348,PushCube-v1,mbpo,real_env_steps,390000,400000,alpha,all_update_events_exact_quantiles,5008,0,0.0029503327748160242,0.002950554946437478,0.0030097174691036343,0.003024122705683112,0.002866427879780531,0.003029769519343972,0.003029769519343972,0.0029435334727168083
mbpo_pushcube_500k_20261007T094728_f9d45348,PushCube-v1,mbpo,real_env_steps,390000,400000,alpha_loss,all_update_events_exact_quantiles,5008,0,2.3803320113446667e-06,2.8812555683543906e-06,0.0006509007216664027,0.000893213485833259,-0.0016753876116126776,0.0013636313378810883,0.0016753876116126776,0.0006238031201064587
mbpo_pushcube_500k_20261007T094728_f9d45348,PushCube-v1,mbpo,real_env_steps,390000,400000,entropy_estimate,all_update_events_exact_quantiles,5008,0,-3.999294895524034,-3.9990075826644897,-3.778787851333618,-3.695848903656006,-4.566728591918945,-3.5417442321777344,4.566728591918945,-3.788111686706543
mbpo_pushcube_500k_20261007T094728_f9d45348,PushCube-v1,mbpo,policy_gradient_steps,195000,200000,actor_loss,all_update_events_exact_quantiles,5000,0,-3.6806190757274626,-3.6807308197021484,-3.592964506149292,-3.5609387135505677,-3.852586269378662,-3.4955251216888428,3.852586269378662,-3.661630868911743
mbpo_pushcube_500k_20261007T094728_f9d45348,PushCube-v1,mbpo,policy_gradient_steps,195000,200000,critic_loss,all_update_events_exact_quantiles,5000,0,0.07103014037013054,0.0698593370616436,0.09290019571781159,0.10519443750381471,0.039539918303489685,0.14448560774326324,0.14448560774326324,0.09343043714761734
mbpo_pushcube_500k_20261007T094728_f9d45348,PushCube-v1,mbpo,policy_gradient_steps,195000,200000,policy_q_min_mean,all_update_events_exact_quantiles,5000,0,3.692417715406418,3.6925525665283203,3.7767372608184813,3.8122821474075317,3.50813364982605,3.863368511199951,3.863368511199951,3.6739611625671387
mbpo_pushcube_500k_20261007T094728_f9d45348,PushCube-v1,mbpo,policy_gradient_steps,195000,200000,alpha,all_update_events_exact_quantiles,5000,0,0.0029490565481595696,0.0029502129182219505,0.0030097313108853998,0.00302412737859413,0.002872362034395337,0.003029769519343972,0.003029769519343972,0.002949642715975642
mbpo_pushcube_500k_20261007T094728_f9d45348,PushCube-v1,mbpo,policy_gradient_steps,195000,200000,alpha_loss,all_update_events_exact_quantiles,5000,0,-2.434938865189906e-06,3.3333726605633274e-06,0.0006585821771295741,0.0009427256952039909,-0.0016753876116126776,0.0016693070065230131,0.0016753876116126776,-0.0005352958105504513
mbpo_pushcube_500k_20261007T094728_f9d45348,PushCube-v1,mbpo,policy_gradient_steps,195000,200000,entropy_estimate,all_update_events_exact_quantiles,5000,0,-4.000932234287262,-3.9988635778427124,-3.7768815755844116,-3.6823414373397827,-4.566728591918945,-3.4350666999816895,4.566728591918945,-4.181532382965088
mbpo_pushcube_500k_20261007T094728_f9d45348,PushCube-v1,mbpo,real_env_steps,400000,410000,actor_loss,all_update_events_exact_quantiles,4992,0,-3.6849411242187786,-3.6847410202026367,-3.598214912414551,-3.5644751358032227,-3.904283046722412,-3.496551990509033,3.904283046722412,-3.742830276489258
mbpo_pushcube_500k_20261007T094728_f9d45348,PushCube-v1,mbpo,real_env_steps,400000,410000,critic_loss,all_update_events_exact_quantiles,4992,0,0.07054384947658922,0.06966065615415573,0.09203651174902916,0.10398742884397508,0.03963787108659744,0.13356974720954895,0.13356974720954895,0.06250329315662384
mbpo_pushcube_500k_20261007T094728_f9d45348,PushCube-v1,mbpo,real_env_steps,400000,410000,policy_q_min_mean,all_update_events_exact_quantiles,4992,0,3.696647657893407,3.6964428424835205,3.778441512584686,3.815311522483826,3.508544445037842,3.915933132171631,3.915933132171631,3.7540431022644043
mbpo_pushcube_500k_20261007T094728_f9d45348,PushCube-v1,mbpo,real_env_steps,400000,410000,alpha,all_update_events_exact_quantiles,4992,0,0.002928592764734416,0.002932545612566173,0.003019763180054724,0.003045690201688558,0.002820447785779834,0.0030497664120048285,0.0030497664120048285,0.002855757949873805
mbpo_pushcube_500k_20261007T094728_f9d45348,PushCube-v1,mbpo,real_env_steps,400000,410000,alpha_loss,all_update_events_exact_quantiles,4992,0,7.905650365321784e-06,1.0413772542960942e-05,0.0006788162951124828,0.0009537980746245025,-0.001460276311263442,0.0016693070065230131,0.0016693070065230131,0.00020903008407913148
mbpo_pushcube_500k_20261007T094728_f9d45348,PushCube-v1,mbpo,real_env_steps,400000,410000,entropy_estimate,all_update_events_exact_quantiles,4992,0,-3.997388882944599,-3.996477961540222,-3.7682692766189576,-3.676653838157654,-4.510263919830322,-3.4350666999816895,4.510263919830322,-3.926797389984131
mbpo_pushcube_500k_20261007T094728_f9d45348,PushCube-v1,mbpo,policy_gradient_steps,200000,205000,actor_loss,all_update_events_exact_quantiles,5000,0,-3.6885900719165803,-3.6881426572799683,-3.6001498818397524,-3.563295783996582,-3.904283046722412,-3.470214366912842,3.904283046722412,-3.648322105407715
mbpo_pushcube_500k_20261007T094728_f9d45348,PushCube-v1,mbpo,policy_gradient_steps,200000,205000,critic_loss,all_update_events_exact_quantiles,5000,0,0.07003313555270434,0.06899914145469666,0.09172291271388532,0.10246893666684628,0.03818143159151077,0.13356974720954895,0.13356974720954895,0.06648895144462585
mbpo_pushcube_500k_20261007T094728_f9d45348,PushCube-v1,mbpo,policy_gradient_steps,200000,205000,policy_q_min_mean,all_update_events_exact_quantiles,5000,0,3.7001889491558075,3.69989013671875,3.7853759288787843,3.8193929862976073,3.4817986488342285,3.915933132171631,3.915933132171631,3.65924072265625
mbpo_pushcube_500k_20261007T094728_f9d45348,PushCube-v1,mbpo,policy_gradient_steps,200000,205000,alpha,all_update_events_exact_quantiles,5000,0,0.0029030402410775424,0.0028861667960882187,0.003019703761674464,0.0030456565064378082,0.0028164389077574015,0.0030497664120048285,0.0030497664120048285,0.00282085663639009
mbpo_pushcube_500k_20261007T094728_f9d45348,PushCube-v1,mbpo,policy_gradient_steps,200000,205000,alpha_loss,all_update_events_exact_quantiles,5000,0,1.3388950340777228e-05,1.3030745321884751e-05,0.0006775867193937306,0.000941512054414489,-0.0014922060072422028,0.0013344684848561883,0.0014922060072422028,0.00036538345739245415
mbpo_pushcube_500k_20261007T094728_f9d45348,PushCube-v1,mbpo,policy_gradient_steps,200000,205000,entropy_estimate,all_update_events_exact_quantiles,5000,0,-3.9954786517620087,-3.99551522731781,-3.766467332839966,-3.679864158630371,-4.510963439941406,-3.547297477722168,4.510963439941406,-3.8704745769500732
mbpo_pushcube_500k_20261007T094728_f9d45348,PushCube-v1,mbpo,real_env_steps,410000,420000,actor_loss,all_update_events_exact_quantiles,5008,0,-3.6953008494818933,-3.695132613182068,-3.6057934761047363,-3.569651651382446,-3.8791513442993164,-3.470214366912842,3.8791513442993164,-3.686650276184082
mbpo_pushcube_500k_20261007T094728_f9d45348,PushCube-v1,mbpo,real_env_steps,410000,420000,critic_loss,all_update_events_exact_quantiles,5008,0,0.06964198636343352,0.06840627640485764,0.0915836751461029,0.10267377436161042,0.03818143159151077,0.1324385702610016,0.1324385702610016,0.07592827081680298
mbpo_pushcube_500k_20261007T094728_f9d45348,PushCube-v1,mbpo,real_env_steps,410000,420000,policy_q_min_mean,all_update_events_exact_quantiles,5008,0,3.7068787261415213,3.70675528049469,3.7964519381523134,3.828988418579102,3.4817986488342285,3.890453815460205,3.890453815460205,3.698307991027832
mbpo_pushcube_500k_20261007T094728_f9d45348,PushCube-v1,mbpo,real_env_steps,410000,420000,alpha,all_update_events_exact_quantiles,5008,0,0.0028935923315837574,0.002896296326071024,0.002956922817975283,0.002971451992634684,0.002812698483467102,0.0029761313926428556,0.0029761313926428556,0.0029046714771538973
mbpo_pushcube_500k_20261007T094728_f9d45348,PushCube-v1,mbpo,real_env_steps,410000,420000,alpha_loss,all_update_events_exact_quantiles,5008,0,-3.5450915876250297e-06,-2.1282521629473194e-06,0.0006631622731219975,0.000914574062917382,-0.0014922060072422028,0.0014300679322332144,0.0014922060072422028,-3.80441197194159e-05
mbpo_pushcube_500k_20261007T094728_f9d45348,PushCube-v1,mbpo,real_env_steps,410000,420000,entropy_estimate,all_update_events_exact_quantiles,5008,0,-4.001340373636435,-4.000736951828003,-3.7721272826194765,-3.6843885588645935,-4.510963439941406,-3.5037622451782227,4.510963439941406,-4.013095855712891
mbpo_pushcube_500k_20261007T094728_f9d45348,PushCube-v1,mbpo,policy_gradient_steps,205000,210000,actor_loss,all_update_events_exact_quantiles,5000,0,-3.69860546541214,-3.6993300914764404,-3.6088887453079224,-3.5701075172424317,-3.8791513442993164,-3.5149154663085938,3.8791513442993164,-3.726541757583618
mbpo_pushcube_500k_20261007T094728_f9d45348,PushCube-v1,mbpo,policy_gradient_steps,205000,210000,critic_loss,all_update_events_exact_quantiles,5000,0,0.06992046026512981,0.0686693787574768,0.09176185093820097,0.10325554281473162,0.03980864956974983,0.1324385702610016,0.1324385702610016,0.06457042694091797
mbpo_pushcube_500k_20261007T094728_f9d45348,PushCube-v1,mbpo,policy_gradient_steps,205000,210000,policy_q_min_mean,all_update_events_exact_quantiles,5000,0,3.710201781415939,3.71100115776062,3.799196696281433,3.831897737979889,3.5276689529418945,3.890453815460205,3.890453815460205,3.738025188446045
mbpo_pushcube_500k_20261007T094728_f9d45348,PushCube-v1,mbpo,policy_gradient_steps,205000,210000,alpha,all_update_events_exact_quantiles,5000,0,0.002898032935662195,0.002895639860071242,0.002956940233707428,0.0029714580439031122,0.002812698483467102,0.0029761313926428556,0.0029761313926428556,0.00286877597682178
mbpo_pushcube_500k_20261007T094728_f9d45348,PushCube-v1,mbpo,policy_gradient_steps,205000,210000,alpha_loss,all_update_events_exact_quantiles,5000,0,-4.2206190941215025e-06,-9.046270861290395e-06,0.0006499622715637089,0.0008848478860454665,-0.0014530469197779894,0.0014300679322332144,0.0014530469197779894,-6.379475962603465e-06
mbpo_pushcube_500k_20261007T094728_f9d45348,PushCube-v1,mbpo,policy_gradient_steps,205000,210000,entropy_estimate,all_update_events_exact_quantiles,5000,0,-4.001587115669251,-4.003118991851807,-3.7758557558059693,-3.6966291451454163,-4.5023345947265625,-3.5037622451782227,4.5023345947265625,-4.002223014831543
mbpo_pushcube_500k_20261007T094728_f9d45348,PushCube-v1,mbpo,real_env_steps,420000,430000,actor_loss,all_update_events_exact_quantiles,4992,0,-3.7059547755007562,-3.7064677476882935,-3.6163451552391055,-3.577839436531067,-3.8981270790100098,-3.5212860107421875,3.8981270790100098,-3.807013511657715
mbpo_pushcube_500k_20261007T094728_f9d45348,PushCube-v1,mbpo,real_env_steps,420000,430000,critic_loss,all_update_events_exact_quantiles,4992,0,0.06987467033710952,0.06864899024367332,0.09169221222400664,0.10283576630055904,0.039595991373062134,0.14369794726371765,0.14369794726371765,0.08210050314664841
mbpo_pushcube_500k_20261007T094728_f9d45348,PushCube-v1,mbpo,real_env_steps,420000,430000,policy_q_min_mean,all_update_events_exact_quantiles,4992,0,3.717490390659525,3.7179737091064453,3.80434273481369,3.8380328154563905,3.5332422256469727,3.9090888500213623,3.9090888500213623,3.8182148933410645
mbpo_pushcube_500k_20261007T094728_f9d45348,PushCube-v1,mbpo,real_env_steps,420000,430000,alpha,all_update_events_exact_quantiles,4992,0,0.0028843375036488464,0.002883929293602705,0.002922753500752151,0.0029396329214796423,0.0028415631968528032,0.0029419674538075924,0.0029419674538075924,0.0028862853068858385
mbpo_pushcube_500k_20261007T094728_f9d45348,PushCube-v1,mbpo,real_env_steps,420000,430000,alpha_loss,all_update_events_exact_quantiles,4992,0,1.7510167086316076e-06,-6.25749999016989e-06,0.0006278404558543115,0.0008589570317417385,-0.0015988704981282353,0.0012682199012488127,0.0015988704981282353,0.0003451227385085076
mbpo_pushcube_500k_20261007T094728_f9d45348,PushCube-v1,mbpo,real_env_steps,420000,430000,entropy_estimate,all_update_events_exact_quantiles,4992,0,-3.9994908007673726,-4.002175331115723,-3.7820385932922362,-3.7016348218917847,-4.551374912261963,-3.565354824066162,4.551374912261963,-3.880441427230835
mbpo_pushcube_500k_20261007T094728_f9d45348,PushCube-v1,mbpo,policy_gradient_steps,210000,215000,actor_loss,all_update_events_exact_quantiles,5000,0,-3.7105854607582094,-3.7108893394470215,-3.6209571242332457,-3.5867793869972227,-3.8981270790100098,-3.5338404178619385,3.8981270790100098,-3.701972246170044
mbpo_pushcube_500k_20261007T094728_f9d45348,PushCube-v1,mbpo,policy_gradient_steps,210000,215000,critic_loss,all_update_events_exact_quantiles,5000,0,0.06965442272350192,0.06846023350954056,0.09156122691929341,0.10385741278529168,0.03864910453557968,0.14369794726371765,0.14369794726371765,0.0685163140296936
mbpo_pushcube_500k_20261007T094728_f9d45348,PushCube-v1,mbpo,policy_gradient_steps,210000,215000,policy_q_min_mean,all_update_events_exact_quantiles,5000,0,3.722126438379288,3.722503900527954,3.8098302602767946,3.844170455932617,3.5457844734191895,3.9090888500213623,3.9090888500213623,3.7132351398468018
mbpo_pushcube_500k_20261007T094728_f9d45348,PushCube-v1,mbpo,policy_gradient_steps,210000,215000,alpha,all_update_events_exact_quantiles,5000,0,0.0028852600185666232,0.002883580047637224,0.002943694789428264,0.0029827826656401157,0.0028091331478208303,0.002989154774695635,0.002989154774695635,0.002868176670745015
mbpo_pushcube_500k_20261007T094728_f9d45348,PushCube-v1,mbpo,policy_gradient_steps,210000,215000,alpha_loss,all_update_events_exact_quantiles,5000,0,6.204043529578484e-08,-1.9315739336889237e-06,0.0006363336840877312,0.0008942012663464994,-0.0015988704981282353,0.0013047291431576014,0.0015988704981282353,0.0002104180894093588
mbpo_pushcube_500k_20261007T094728_f9d45348,PushCube-v1,mbpo,policy_gradient_steps,210000,215000,entropy_estimate,all_update_events_exact_quantiles,5000,0,-4.000078438138962,-4.0006842613220215,-3.7802451848983765,-3.6924537682533263,-4.551374912261963,-3.5547986030578613,4.551374912261963,-3.926640033721924
mbpo_pushcube_500k_20261007T094728_f9d45348,PushCube-v1,mbpo,real_env_steps,430000,440000,actor_loss,all_update_events_exact_quantiles,5008,0,-3.7179379217540873,-3.7182116508483887,-3.6305544137954713,-3.594636442661285,-3.9152941703796387,-3.5324487686157227,3.9152941703796387,-3.726284980773926
mbpo_pushcube_500k_20261007T094728_f9d45348,PushCube-v1,mbpo,real_env_steps,430000,440000,critic_loss,all_update_events_exact_quantiles,5008,0,0.06912259380228984,0.06763683632016182,0.09228068813681599,0.10521015629172331,0.03864910453557968,0.12627513706684113,0.12627513706684113,0.06432588398456573
mbpo_pushcube_500k_20261007T094728_f9d45348,PushCube-v1,mbpo,real_env_steps,430000,440000,policy_q_min_mean,all_update_events_exact_quantiles,5008,0,3.7293581502696576,3.72943377494812,3.8156561851501465,3.8530353355407714,3.544617176055908,3.9263205528259277,3.9263205528259277,3.737213611602783
mbpo_pushcube_500k_20261007T094728_f9d45348,PushCube-v1,mbpo,real_env_steps,430000,440000,alpha,all_update_events_exact_quantiles,5008,0,0.002857071376080586,0.002851923811249435,0.0029436883400194348,0.0029827724443748592,0.0027843087445944548,0.002989154774695635,0.002989154774695635,0.0028001635801047087
mbpo_pushcube_500k_20261007T094728_f9d45348,PushCube-v1,mbpo,real_env_steps,430000,440000,alpha_loss,all_update_events_exact_quantiles,5008,0,8.125824247333792e-06,1.2792206689482555e-05,0.0006422836973797529,0.0009066485136281702,-0.0014013620093464851,0.0016899246256798506,0.0016899246256798506,0.00027374314959160984
mbpo_pushcube_500k_20261007T094728_f9d45348,PushCube-v1,mbpo,real_env_steps,430000,440000,entropy_estimate,all_update_events_exact_quantiles,5008,0,-3.9972325688638626,-3.995470643043518,-3.7768047690391544,-3.682903468608856,-4.49022102355957,-3.3999991416931152,4.49022102355957,-3.9022560119628906
mbpo_pushcube_500k_20261007T094728_f9d45348,PushCube-v1,mbpo,policy_gradient_steps,215000,220000,actor_loss,all_update_events_exact_quantiles,5000,0,-3.722788984441757,-3.7225465774536133,-3.6347293615341187,-3.5997080969810487,-3.983609914779663,-3.5324487686157227,3.983609914779663,-3.649949073791504
mbpo_pushcube_500k_20261007T094728_f9d45348,PushCube-v1,mbpo,policy_gradient_steps,215000,220000,critic_loss,all_update_events_exact_quantiles,5000,0,0.06897249386161566,0.06763683632016182,0.09286238178610802,0.10468031607568268,0.03781280294060707,0.12724941968917847,0.12724941968917847,0.09240315854549408
mbpo_pushcube_500k_20261007T094728_f9d45348,PushCube-v1,mbpo,policy_gradient_steps,215000,220000,policy_q_min_mean,all_update_events_exact_quantiles,5000,0,3.7341250320911406,3.7339160442352295,3.8221283197402953,3.862445569038391,3.544617176055908,3.994537353515625,3.994537353515625,3.6621086597442627
mbpo_pushcube_500k_20261007T094728_f9d45348,PushCube-v1,mbpo,policy_gradient_steps,215000,220000,alpha,all_update_events_exact_quantiles,5000,0,0.0028343226299621166,0.00283355254214257,0.002878629032056779,0.002888778764754534,0.002780166920274496,0.0028946318197995424,0.0028946318197995424,0.002845464274287224
mbpo_pushcube_500k_20261007T094728_f9d45348,PushCube-v1,mbpo,policy_gradient_steps,215000,220000,alpha_loss,all_update_events_exact_quantiles,5000,0,1.259171633864753e-06,4.033816367154941e-06,0.0006390145281329752,0.0009126503783045337,-0.001517381751909852,0.0016899246256798506,0.0016899246256798506,-0.0007795975543558598
mbpo_pushcube_500k_20261007T094728_f9d45348,PushCube-v1,mbpo,policy_gradient_steps,215000,220000,entropy_estimate,all_update_events_exact_quantiles,5000,0,-3.9996531634807586,-3.9985806941986084,-3.7753907561302182,-3.6802656483650207,-4.538949966430664,-3.3999991416931152,4.538949966430664,-4.27402400970459
mbpo_pushcube_500k_20261007T094728_f9d45348,PushCube-v1,mbpo,real_env_steps,440000,450000,actor_loss,all_update_events_exact_quantiles,4992,0,-3.7289351480893598,-3.729459524154663,-3.6409158229827883,-3.6059572529792785,-3.983609914779663,-3.5411577224731445,3.983609914779663,-3.68338680267334
mbpo_pushcube_500k_20261007T094728_f9d45348,PushCube-v1,mbpo,real_env_steps,440000,450000,critic_loss,all_update_events_exact_quantiles,4992,0,0.06864319986272722,0.06753776594996452,0.09102795012295245,0.10282795287668706,0.03781280294060707,0.12724941968917847,0.12724941968917847,0.08183059096336365
mbpo_pushcube_500k_20261007T094728_f9d45348,PushCube-v1,mbpo,real_env_steps,440000,450000,policy_q_min_mean,all_update_events_exact_quantiles,4992,0,3.740186356676695,3.74064040184021,3.826949119567871,3.864426233768463,3.5530388355255127,3.994537353515625,3.994537353515625,3.694693088531494
mbpo_pushcube_500k_20261007T094728_f9d45348,PushCube-v1,mbpo,real_env_steps,440000,450000,alpha,all_update_events_exact_quantiles,4992,0,0.002812363908583976,0.00281951657962054,0.002872019377537072,0.0028807017812505363,0.002701537450775504,0.002889296505600214,0.002889296505600214,0.002821003319695592
mbpo_pushcube_500k_20261007T094728_f9d45348,PushCube-v1,mbpo,real_env_steps,440000,450000,alpha_loss,all_update_events_exact_quantiles,4992,0,-1.7734955934819925e-06,-8.218965376727283e-06,0.000651940674288198,0.0009249974362319338,-0.001517381751909852,0.0013182897819206119,0.001517381751909852,-2.1166597434785217e-05
mbpo_pushcube_500k_20261007T094728_f9d45348,PushCube-v1,mbpo,real_env_steps,440000,450000,entropy_estimate,all_update_events_exact_quantiles,4992,0,-4.000730126570815,-4.002873659133911,-3.769402778148651,-3.674176733493805,-4.538949966430664,-3.5351526737213135,4.538949966430664,-4.007502555847168
mbpo_pushcube_500k_20261007T094728_f9d45348,PushCube-v1,mbpo,policy_gradient_steps,220000,225000,actor_loss,all_update_events_exact_quantiles,5000,0,-3.731708889627457,-3.7323262691497803,-3.6454925537109375,-3.6109025049209595,-3.9099764823913574,-3.5466294288635254,3.9099764823913574,-3.720088243484497
mbpo_pushcube_500k_20261007T094728_f9d45348,PushCube-v1,mbpo,policy_gradient_steps,220000,225000,critic_loss,all_update_events_exact_quantiles,5000,0,0.06846206107363105,0.06738732755184174,0.0898618757724762,0.10189925685524942,0.03794592246413231,0.12253629416227341,0.12253629416227341,0.05701582878828049
mbpo_pushcube_500k_20261007T094728_f9d45348,PushCube-v1,mbpo,policy_gradient_steps,220000,225000,policy_q_min_mean,all_update_events_exact_quantiles,5000,0,3.7429455713272093,3.7436330318450928,3.82860746383667,3.863216743469238,3.55873966217041,3.920397996902466,3.920397996902466,3.7307305335998535
mbpo_pushcube_500k_20261007T094728_f9d45348,PushCube-v1,mbpo,policy_gradient_steps,220000,225000,alpha,all_update_events_exact_quantiles,5000,0,0.002810217995941639,0.002817013650201261,0.002857766195666045,0.0028768201009370387,0.002701537450775504,0.002889296505600214,0.002889296505600214,0.0028153446037322283
mbpo_pushcube_500k_20261007T094728_f9d45348,PushCube-v1,mbpo,policy_gradient_steps,220000,225000,alpha_loss,all_update_events_exact_quantiles,5000,0,4.211642999143805e-06,4.1418934415560216e-06,0.0006441933597670868,0.0009248467715224255,-0.0012446129694581032,0.001365800155326724,0.001365800155326724,0.0006222382071428001
mbpo_pushcube_500k_20261007T094728_f9d45348,PushCube-v1,mbpo,policy_gradient_steps,220000,225000,entropy_estimate,all_update_events_exact_quantiles,5000,0,-3.9986074862480163,-3.9985047578811646,-3.7704354763031005,-3.67124627828598,-4.4438371658325195,-3.5123515129089355,4.4438371658325195,-3.7790398597717285
mbpo_pushcube_500k_20261007T094728_f9d45348,PushCube-v1,mbpo,real_env_steps,450000,460000,actor_loss,all_update_events_exact_quantiles,5008,0,-3.737540695756769,-3.7373054027557373,-3.6514415979385375,-3.615335168838501,-3.9270739555358887,-3.5637784004211426,3.9270739555358887,-3.6737494468688965
mbpo_pushcube_500k_20261007T094728_f9d45348,PushCube-v1,mbpo,real_env_steps,450000,460000,critic_loss,all_update_events_exact_quantiles,5008,0,0.068108010126617,0.06682944670319557,0.09012276865541931,0.1009490522742272,0.03694545850157738,0.11852423846721649,0.11852423846721649,0.07219351083040237
mbpo_pushcube_500k_20261007T094728_f9d45348,PushCube-v1,mbpo,real_env_steps,450000,460000,policy_q_min_mean,all_update_events_exact_quantiles,5008,0,3.748701643067808,3.748520255088806,3.836981451511383,3.8720729637145994,3.5751585960388184,3.937065601348877,3.937065601348877,3.6849777698516846
mbpo_pushcube_500k_20261007T094728_f9d45348,PushCube-v1,mbpo,real_env_steps,450000,460000,alpha,all_update_events_exact_quantiles,5008,0,0.002792332764332236,0.0027944579487666488,0.002848254679702222,0.0028564266255125402,0.0027157459408044815,0.002860015258193016,0.002860015258193016,0.0027303823735564947
mbpo_pushcube_500k_20261007T094728_f9d45348,PushCube-v1,mbpo,real_env_steps,450000,460000,alpha_loss,all_update_events_exact_quantiles,5008,0,8.455851232788417e-06,9.450846846448258e-06,0.0006550057150889187,0.0009102586720837282,-0.0012446129694581032,0.0014609401114284992,0.0014609401114284992,-0.000306383881252259
mbpo_pushcube_500k_20261007T094728_f9d45348,PushCube-v1,mbpo,real_env_steps,450000,460000,entropy_estimate,all_update_events_exact_quantiles,5008,0,-3.9970582742184497,-3.996622085571289,-3.7645132541656494,-3.6722968339920037,-4.4438371658325195,-3.4832510948181152,4.4438371658325195,-4.112209320068359
mbpo_pushcube_500k_20261007T094728_f9d45348,PushCube-v1,mbpo,policy_gradient_steps,225000,230000,actor_loss,all_update_events_exact_quantiles,5000,0,-3.744137647342682,-3.744129776954651,-3.6575443387031554,-3.6231348180770873,-3.942880153656006,-3.5822293758392334,3.942880153656006,-3.840104818344116
mbpo_pushcube_500k_20261007T094728_f9d45348,PushCube-v1,mbpo,policy_gradient_steps,225000,230000,critic_loss,all_update_events_exact_quantiles,5000,0,0.06754689050540329,0.06624016910791397,0.08941901251673699,0.10114261656999587,0.03694545850157738,0.1565893143415451,0.1565893143415451,0.0474112294614315
mbpo_pushcube_500k_20261007T094728_f9d45348,PushCube-v1,mbpo,policy_gradient_steps,225000,230000,policy_q_min_mean,all_update_events_exact_quantiles,5000,0,3.7551827418804167,3.7552812099456787,3.840025472640991,3.875810625553131,3.5937023162841797,3.9533567428588867,3.9533567428588867,3.8515312671661377
mbpo_pushcube_500k_20261007T094728_f9d45348,PushCube-v1,mbpo,policy_gradient_steps,225000,230000,alpha,all_update_events_exact_quantiles,5000,0,0.002763151215529069,0.002760724280960858,0.002813222270924598,0.0028248404921032487,0.0027113170363008976,0.0028294851072132587,0.0028294851072132587,0.002726938109844923
mbpo_pushcube_500k_20261007T094728_f9d45348,PushCube-v1,mbpo,policy_gradient_steps,225000,230000,alpha_loss,all_update_events_exact_quantiles,5000,0,7.583347725812928e-06,-5.170404620002955e-07,0.0006584032031241805,0.0009103285789024089,-0.0012407584581524134,0.0014609401114284992,0.0014609401114284992,-0.0005202572792768478
mbpo_pushcube_500k_20261007T094728_f9d45348,PushCube-v1,mbpo,policy_gradient_steps,225000,230000,entropy_estimate,all_update_events_exact_quantiles,5000,0,-3.9973731320381165,-4.000187158584595,-3.7616909742355347,-3.667204647064209,-4.453884601593018,-3.4832510948181152,4.453884601593018,-4.190807342529297
mbpo_pushcube_500k_20261007T094728_f9d45348,PushCube-v1,mbpo,real_env_steps,460000,470000,actor_loss,all_update_events_exact_quantiles,4992,0,-3.7492209795671396,-3.7498128414154053,-3.665681612491608,-3.6302945113182066,-3.942880153656006,-3.5649960041046143,3.942880153656006,-3.8306355476379395
mbpo_pushcube_500k_20261007T094728_f9d45348,PushCube-v1,mbpo,real_env_steps,460000,470000,critic_loss,all_update_events_exact_quantiles,4992,0,0.06789986613633421,0.0665443055331707,0.09034978598356247,0.10676710151135925,0.038413114845752716,0.1565893143415451,0.1565893143415451,0.054811958223581314
mbpo_pushcube_500k_20261007T094728_f9d45348,PushCube-v1,mbpo,real_env_steps,460000,470000,policy_q_min_mean,all_update_events_exact_quantiles,4992,0,3.7602916173159313,3.7608425617218018,3.8447797298431396,3.8806296944618226,3.5762991905212402,3.9533567428588867,3.9533567428588867,3.840691566467285
mbpo_pushcube_500k_20261007T094728_f9d45348,PushCube-v1,mbpo,real_env_steps,460000,470000,alpha,all_update_events_exact_quantiles,4992,0,0.0027674072900528046,0.002762055373750627,0.00282111648702994,0.0028356733755208552,0.0027113170363008976,0.0028415131382644176,0.0028415131382644176,0.0027474374510347843
mbpo_pushcube_500k_20261007T094728_f9d45348,PushCube-v1,mbpo,real_env_steps,460000,470000,alpha_loss,all_update_events_exact_quantiles,4992,0,-1.0184547792919263e-06,-7.015751180006191e-06,0.0006522287178086116,0.0009087951958645137,-0.0013685429003089666,0.0013208191376179457,0.0013685429003089666,0.0009375782683491707
mbpo_pushcube_500k_20261007T094728_f9d45348,PushCube-v1,mbpo,real_env_steps,460000,470000,entropy_estimate,all_update_events_exact_quantiles,4992,0,-4.000476270149916,-4.002524137496948,-3.7637566208839415,-3.6719133472442627,-4.49429988861084,-3.5198235511779785,4.49429988861084,-3.6588573455810547
mbpo_pushcube_500k_20261007T094728_f9d45348,PushCube-v1,mbpo,policy_gradient_steps,230000,235000,actor_loss,all_update_events_exact_quantiles,5000,0,-3.7500424755096438,-3.750756621360779,-3.6649821162223817,-3.6253274488449097,-3.928318738937378,-3.5649960041046143,3.928318738937378,-3.684642791748047
mbpo_pushcube_500k_20261007T094728_f9d45348,PushCube-v1,mbpo,policy_gradient_steps,230000,235000,critic_loss,all_update_events_exact_quantiles,5000,0,0.068218493296206,0.066840048879385,0.09143226183950903,0.10769470483064661,0.03976728767156601,0.14277827739715576,0.14277827739715576,0.070295050740242
mbpo_pushcube_500k_20261007T094728_f9d45348,PushCube-v1,mbpo,policy_gradient_steps,230000,235000,policy_q_min_mean,all_update_events_exact_quantiles,5000,0,3.761089643383026,3.7617409229278564,3.848059964179993,3.880671920776367,3.5762991905212402,3.939171075820923,3.939171075820923,3.696047782897949
mbpo_pushcube_500k_20261007T094728_f9d45348,PushCube-v1,mbpo,policy_gradient_steps,230000,235000,alpha,all_update_events_exact_quantiles,5000,0,0.002761298297531903,0.0027579839807003736,0.0028211137861944733,0.0028356594243086875,0.0027051467914134264,0.0028415131382644176,0.0028415131382644176,0.0027545711491256952
mbpo_pushcube_500k_20261007T094728_f9d45348,PushCube-v1,mbpo,policy_gradient_steps,230000,235000,alpha_loss,all_update_events_exact_quantiles,5000,0,-1.9950482826970984e-06,-5.52989513380453e-06,0.0006290877237915993,0.0008616278209956369,-0.0013685429003089666,0.0013208191376179457,0.0013685429003089666,-0.00038536801002919674
mbpo_pushcube_500k_20261007T094728_f9d45348,PushCube-v1,mbpo,policy_gradient_steps,230000,235000,entropy_estimate,all_update_events_exact_quantiles,5000,0,-4.000822199010849,-4.002013921737671,-3.7722606658935547,-3.6868412733078,-4.49429988861084,-3.5198235511779785,4.49429988861084,-4.139883995056152
mbpo_pushcube_500k_20261007T094728_f9d45348,PushCube-v1,mbpo,real_env_steps,470000,480000,actor_loss,all_update_events_exact_quantiles,5008,0,-3.752978288756011,-3.7528815269470215,-3.666886937618256,-3.6289362335205073,-3.956221342086792,-3.5663580894470215,3.956221342086792,-3.74466609954834
mbpo_pushcube_500k_20261007T094728_f9d45348,PushCube-v1,mbpo,real_env_steps,470000,480000,critic_loss,all_update_events_exact_quantiles,5008,0,0.0679295767640201,0.06672856584191322,0.08982909098267554,0.10402677014470103,0.037117473781108856,0.13245633244514465,0.13245633244514465,0.053188662976026535
mbpo_pushcube_500k_20261007T094728_f9d45348,PushCube-v1,mbpo,real_env_steps,470000,480000,policy_q_min_mean,all_update_events_exact_quantiles,5008,0,3.7639000198235526,3.763792872428894,3.850439262390137,3.8840159773826604,3.577941417694092,3.9669690132141113,3.9669690132141113,3.755568742752075
mbpo_pushcube_500k_20261007T094728_f9d45348,PushCube-v1,mbpo,real_env_steps,470000,480000,alpha,all_update_events_exact_quantiles,5008,0,0.002730173310793091,0.0027280995855107903,0.002761348965577781,0.002777289338409901,0.00268750824034214,0.002783952746540308,0.002783952746540308,0.0027582459151744843
mbpo_pushcube_500k_20261007T094728_f9d45348,PushCube-v1,mbpo,real_env_steps,470000,480000,alpha_loss,all_update_events_exact_quantiles,5008,0,-1.0469143497163914e-06,-4.850387995247729e-06,0.0006143059465102849,0.0008536925923544915,-0.0013761863810941577,0.001321497024036944,0.0013761863810941577,0.00013201545516494662
mbpo_pushcube_500k_20261007T094728_f9d45348,PushCube-v1,mbpo,real_env_steps,470000,480000,entropy_estimate,all_update_events_exact_quantiles,5008,0,-4.000482576961716,-4.001779794692993,-3.7746649980545044,-3.688205037117004,-4.502486228942871,-3.5198023319244385,4.502486228942871,-3.952145576477051
mbpo_pushcube_500k_20261007T094728_f9d45348,PushCube-v1,mbpo,policy_gradient_steps,235000,240000,actor_loss,all_update_events_exact_quantiles,5000,0,-3.754187645292282,-3.7544630765914917,-3.670072305202484,-3.6323671388626098,-3.956221342086792,-3.5663580894470215,3.956221342086792,-3.7406089305877686
mbpo_pushcube_500k_20261007T094728_f9d45348,PushCube-v1,mbpo,policy_gradient_steps,235000,240000,critic_loss,all_update_events_exact_quantiles,5000,0,0.06805808088183403,0.0668528564274311,0.09033315144479274,0.10373396679759031,0.037117473781108856,0.1430663764476776,0.1430663764476776,0.0545189306139946
mbpo_pushcube_500k_20261007T094728_f9d45348,PushCube-v1,mbpo,policy_gradient_steps,235000,240000,policy_q_min_mean,all_update_events_exact_quantiles,5000,0,3.765119835996628,3.765429139137268,3.85028612613678,3.886389064788818,3.577941417694092,3.9669690132141113,3.9669690132141113,3.7513678073883057
mbpo_pushcube_500k_20261007T094728_f9d45348,PushCube-v1,mbpo,policy_gradient_steps,235000,240000,alpha,all_update_events_exact_quantiles,5000,0,0.0027334645323920997,0.0027340537635609508,0.002767566894181073,0.0027780653908848763,0.00268750824034214,0.002782148076221347,0.002782148076221347,0.0027365239802747965
mbpo_pushcube_500k_20261007T094728_f9d45348,PushCube-v1,mbpo,policy_gradient_steps,235000,240000,alpha_loss,all_update_events_exact_quantiles,5000,0,1.679508049710421e-06,1.7920847312780097e-06,0.0006241655122721571,0.0008552373084239665,-0.0013761863810941577,0.001321497024036944,0.0013761863810941577,0.00018701099907048047
mbpo_pushcube_500k_20261007T094728_f9d45348,PushCube-v1,mbpo,policy_gradient_steps,235000,240000,entropy_estimate,all_update_events_exact_quantiles,5000,0,-3.999495449256897,-3.999344229698181,-3.7723439216613768,-3.688299024105072,-4.502486228942871,-3.5198023319244385,4.502486228942871,-3.9316608905792236
mbpo_pushcube_500k_20261007T094728_f9d45348,PushCube-v1,mbpo,real_env_steps,480000,490000,actor_loss,all_update_events_exact_quantiles,4992,0,-3.755973486134257,-3.756261706352234,-3.672559666633606,-3.6335219383239745,-3.925633430480957,-3.560748338699341,3.925633430480957,-3.7993826866149902
mbpo_pushcube_500k_20261007T094728_f9d45348,PushCube-v1,mbpo,real_env_steps,480000,490000,critic_loss,all_update_events_exact_quantiles,4992,0,0.06797896523494273,0.06673692539334297,0.09090122692286967,0.10481185697019102,0.036593034863471985,0.1430663764476776,0.1430663764476776,0.07116280496120453
mbpo_pushcube_500k_20261007T094728_f9d45348,PushCube-v1,mbpo,real_env_steps,480000,490000,policy_q_min_mean,all_update_events_exact_quantiles,4992,0,3.7669358672335362,3.7672046422958374,3.84899388551712,3.883532671928406,3.5714569091796875,3.935891628265381,3.935891628265381,3.810004234313965
mbpo_pushcube_500k_20261007T094728_f9d45348,PushCube-v1,mbpo,real_env_steps,480000,490000,alpha,all_update_events_exact_quantiles,4992,0,0.002740769036301152,0.0027383632259443402,0.002781709039118141,0.0027911897003650666,0.002678163116797805,0.002798968693241477,0.002798968693241477,0.0027483731973916292
mbpo_pushcube_500k_20261007T094728_f9d45348,PushCube-v1,mbpo,real_env_steps,480000,490000,alpha_loss,all_update_events_exact_quantiles,4992,0,7.018216435356478e-07,2.2983222152106464e-06,0.0006283724622335285,0.0008852013555588203,-0.0013583172112703323,0.001358651090413332,0.001358651090413332,0.00037241281825117767
mbpo_pushcube_500k_20261007T094728_f9d45348,PushCube-v1,mbpo,real_env_steps,480000,490000,entropy_estimate,all_update_events_exact_quantiles,4992,0,-3.999856914704045,-3.9991610050201416,-3.7705878257751464,-3.6760531139373778,-4.5009050369262695,-3.5075795650482178,4.5009050369262695,-3.8645055294036865
mbpo_pushcube_500k_20261007T094728_f9d45348,PushCube-v1,mbpo,policy_gradient_steps,240000,245000,actor_loss,all_update_events_exact_quantiles,5000,0,-3.758542994213104,-3.7593400478363037,-3.674930250644684,-3.6390989589691163,-3.929205894470215,-3.560748338699341,3.929205894470215,-3.837371349334717
mbpo_pushcube_500k_20261007T094728_f9d45348,PushCube-v1,mbpo,policy_gradient_steps,240000,245000,critic_loss,all_update_events_exact_quantiles,5000,0,0.0675362806983292,0.0662626251578331,0.09029102511703968,0.10366148620843893,0.0361470952630043,0.13961733877658844,0.13961733877658844,0.08060123026371002
mbpo_pushcube_500k_20261007T094728_f9d45348,PushCube-v1,mbpo,policy_gradient_steps,240000,245000,policy_q_min_mean,all_update_events_exact_quantiles,5000,0,3.769447078561783,3.7703120708465576,3.852256202697754,3.883335328102112,3.5714569091796875,3.9397242069244385,3.9397242069244385,3.8485355377197266
mbpo_pushcube_500k_20261007T094728_f9d45348,PushCube-v1,mbpo,policy_gradient_steps,240000,245000,alpha,all_update_events_exact_quantiles,5000,0,0.0027264879007823767,0.0027255361201241612,0.0027812985121272505,0.0027911678701639177,0.0026653495151549578,0.002798968693241477,0.002798968693241477,0.0027126192580908537
mbpo_pushcube_500k_20261007T094728_f9d45348,PushCube-v1,mbpo,policy_gradient_steps,240000,245000,alpha_loss,all_update_events_exact_quantiles,5000,0,1.8879919209211948e-06,9.972711268346757e-06,0.0006217752001248302,0.0009129371400922543,-0.0015370456967502832,0.001358651090413332,0.0015370456967502832,-0.00031454311101697385
mbpo_pushcube_500k_20261007T094728_f9d45348,PushCube-v1,mbpo,policy_gradient_steps,240000,245000,entropy_estimate,all_update_events_exact_quantiles,5000,0,-3.9994158423423767,-3.996362328529358,-3.7723144769668577,-3.66747576713562,-4.5756354331970215,-3.5075795650482178,4.5756354331970215,-4.115965366363525
mbpo_pushcube_500k_20261007T094728_f9d45348,PushCube-v1,mbpo,real_env_steps,490000,500000,actor_loss,all_update_events_exact_quantiles,5008,0,-3.763118007360175,-3.7644598484039307,-3.67694354057312,-3.6421270298957826,-3.9519295692443848,-3.5635221004486084,3.9519295692443848,-3.750339984893799
mbpo_pushcube_500k_20261007T094728_f9d45348,PushCube-v1,mbpo,real_env_steps,490000,500000,critic_loss,all_update_events_exact_quantiles,5008,0,0.06761211770833633,0.06612414121627808,0.09029881060123443,0.10327296487987042,0.0361470952630043,0.13961733877658844,0.13961733877658844,0.0961759090423584
mbpo_pushcube_500k_20261007T094728_f9d45348,PushCube-v1,mbpo,real_env_steps,490000,500000,policy_q_min_mean,all_update_events_exact_quantiles,5008,0,3.7739240381950006,3.7749955654144287,3.859535479545593,3.8949504375457766,3.574807643890381,3.962531328201294,3.962531328201294,3.7617359161376953
mbpo_pushcube_500k_20261007T094728_f9d45348,PushCube-v1,mbpo,real_env_steps,490000,500000,alpha,all_update_events_exact_quantiles,5008,0,0.0027017007631077892,0.0027017102111130953,0.00273606909904629,0.002745417032856494,0.002648823894560337,0.0027481333818286657,0.0027481333818286657,0.0027328492142260075
mbpo_pushcube_500k_20261007T094728_f9d45348,PushCube-v1,mbpo,real_env_steps,490000,500000,alpha_loss,all_update_events_exact_quantiles,5008,0,7.884288362429317e-07,8.959163096733391e-06,0.0006085724278818814,0.0008871429809369153,-0.0015370456967502832,0.001453589415177703,0.0015370456967502832,-0.00046731188194826245
mbpo_pushcube_500k_20261007T094728_f9d45348,PushCube-v1,mbpo,real_env_steps,490000,500000,entropy_estimate,all_update_events_exact_quantiles,5008,0,-3.9998133636225526,-3.9966877698898315,-3.7753950119018556,-3.6751611948013303,-4.5756354331970215,-3.467722177505493,4.5756354331970215,-4.171039581298828
mbpo_pushcube_500k_20261007T094728_f9d45348,PushCube-v1,mbpo,policy_gradient_steps,245000,250000,actor_loss,all_update_events_exact_quantiles,3016,0,-3.764438514605125,-3.764963150024414,-3.677014410495758,-3.6414891123771667,-3.9519295692443848,-3.5635221004486084,3.9519295692443848,-3.750339984893799
mbpo_pushcube_500k_20261007T094728_f9d45348,PushCube-v1,mbpo,policy_gradient_steps,245000,250000,critic_loss,all_update_events_exact_quantiles,3016,0,0.06798912931989572,0.06634969636797905,0.09067035838961601,0.10424009189009664,0.038141313940286636,0.13450847566127777,0.13450847566127777,0.0961759090423584
mbpo_pushcube_500k_20261007T094728_f9d45348,PushCube-v1,mbpo,policy_gradient_steps,245000,250000,policy_q_min_mean,all_update_events_exact_quantiles,3016,0,3.775235785413484,3.7756426334381104,3.862823784351349,3.8980528593063353,3.574807643890381,3.962531328201294,3.962531328201294,3.7617359161376953
mbpo_pushcube_500k_20261007T094728_f9d45348,PushCube-v1,mbpo,policy_gradient_steps,245000,250000,alpha,all_update_events_exact_quantiles,3016,0,0.0026984569045038157,0.002699240925721824,0.002730239473748952,0.0027367821778170763,0.002648823894560337,0.0027409379836171865,0.0027409379836171865,0.0027328492142260075
mbpo_pushcube_500k_20261007T094728_f9d45348,PushCube-v1,mbpo,policy_gradient_steps,245000,250000,alpha_loss,all_update_events_exact_quantiles,3016,0,-3.4645620006878395e-06,-1.1776173778343946e-06,0.000609568611253053,0.0008836134977173052,-0.0012376070953905582,0.001453589415177703,0.001453589415177703,-0.00046731188194826245
mbpo_pushcube_500k_20261007T094728_f9d45348,PushCube-v1,mbpo,policy_gradient_steps,245000,250000,entropy_estimate,all_update_events_exact_quantiles,3016,0,-4.001374822554601,-4.0004353523254395,-3.7750744819641113,-3.6758306026458745,-4.456996917724609,-3.467722177505493,4.456996917724609,-4.171039581298828
mbpo_pushcube_500k_20261007T094728_f9d45348,PushCube-v1,mbpo,real_env_steps,0,10000,train_episode/episode_return,raw_finished_episodes,192,0,3.0417728749259063,2.8551806807518005,5.265624380856752,6.672406870424748,0.5348783135414124,10.324483096599579,10.324483096599579,3.892700582742691
mbpo_pushcube_500k_20261007T094728_f9d45348,PushCube-v1,mbpo,real_env_steps,0,10000,train_episode/episode_length,raw_finished_episodes,192,0,50.0,50.0,50.0,50.0,50.0,50.0,50.0,50.0
mbpo_pushcube_500k_20261007T094728_f9d45348,PushCube-v1,mbpo,real_env_steps,0,10000,train_episode/success_once,raw_finished_episodes,192,0,0.005208333333333333,0.0,0.0,0.0,0.0,1.0,1.0,0.0
mbpo_pushcube_500k_20261007T094728_f9d45348,PushCube-v1,mbpo,real_env_steps,0,10000,train_episode/success_at_end,raw_finished_episodes,192,0,0.005208333333333333,0.0,0.0,0.0,0.0,1.0,1.0,0.0
mbpo_pushcube_500k_20261007T094728_f9d45348,PushCube-v1,mbpo,real_env_steps,10000,20000,train_episode/episode_return,raw_finished_episodes,192,0,3.5795561268460006,3.149245858192444,5.9569464176893225,7.665640266090649,0.6604501754045486,44.09200604259968,44.09200604259968,5.499108642339706
mbpo_pushcube_500k_20261007T094728_f9d45348,PushCube-v1,mbpo,real_env_steps,10000,20000,train_episode/episode_length,raw_finished_episodes,192,0,50.0,50.0,50.0,50.0,50.0,50.0,50.0,50.0
mbpo_pushcube_500k_20261007T094728_f9d45348,PushCube-v1,mbpo,real_env_steps,10000,20000,train_episode/success_once,raw_finished_episodes,192,0,0.010416666666666666,0.0,0.0,0.09000000000000341,0.0,1.0,1.0,0.0
mbpo_pushcube_500k_20261007T094728_f9d45348,PushCube-v1,mbpo,real_env_steps,10000,20000,train_episode/success_at_end,raw_finished_episodes,192,0,0.010416666666666666,0.0,0.0,0.09000000000000341,0.0,1.0,1.0,0.0
mbpo_pushcube_500k_20261007T094728_f9d45348,PushCube-v1,mbpo,real_env_steps,20000,30000,train_episode/episode_return,raw_finished_episodes,192,0,6.110134670588498,5.484485745429993,10.647129269689303,32.31398850157857,1.2612720876932144,33.58323058485985,33.58323058485985,1.3165617436170578
mbpo_pushcube_500k_20261007T094728_f9d45348,PushCube-v1,mbpo,real_env_steps,20000,30000,train_episode/episode_length,raw_finished_episodes,192,0,50.0,50.0,50.0,50.0,50.0,50.0,50.0,50.0
mbpo_pushcube_500k_20261007T094728_f9d45348,PushCube-v1,mbpo,real_env_steps,20000,30000,train_episode/success_once,raw_finished_episodes,192,0,0.109375,0.0,1.0,1.0,0.0,1.0,1.0,0.0
mbpo_pushcube_500k_20261007T094728_f9d45348,PushCube-v1,mbpo,real_env_steps,20000,30000,train_episode/success_at_end,raw_finished_episodes,192,0,0.0625,0.0,1.0,1.0,0.0,1.0,1.0,0.0
mbpo_pushcube_500k_20261007T094728_f9d45348,PushCube-v1,mbpo,real_env_steps,30000,40000,train_episode/episode_return,raw_finished_episodes,224,0,13.225916833816362,7.782207779586315,39.20022040903568,42.89497423499823,1.754613682627678,44.11358943581581,44.11358943581581,6.622704312205315
mbpo_pushcube_500k_20261007T094728_f9d45348,PushCube-v1,mbpo,real_env_steps,30000,40000,train_episode/episode_length,raw_finished_episodes,224,0,50.0,50.0,50.0,50.0,50.0,50.0,50.0,50.0
mbpo_pushcube_500k_20261007T094728_f9d45348,PushCube-v1,mbpo,real_env_steps,30000,40000,train_episode/success_once,raw_finished_episodes,224,0,0.33035714285714285,0.0,1.0,1.0,0.0,1.0,1.0,0.0
mbpo_pushcube_500k_20261007T094728_f9d45348,PushCube-v1,mbpo,real_env_steps,30000,40000,train_episode/success_at_end,raw_finished_episodes,224,0,0.2544642857142857,0.0,1.0,1.0,0.0,1.0,1.0,0.0
mbpo_pushcube_500k_20261007T094728_f9d45348,PushCube-v1,mbpo,real_env_steps,40000,50000,train_episode/episode_return,raw_finished_episodes,192,0,21.3557789674184,10.157417327165604,45.08415077254176,45.841530525684355,1.504809856414795,46.107736483216286,46.107736483216286,35.22334340214729
mbpo_pushcube_500k_20261007T094728_f9d45348,PushCube-v1,mbpo,real_env_steps,40000,50000,train_episode/episode_length,raw_finished_episodes,192,0,50.0,50.0,50.0,50.0,50.0,50.0,50.0,50.0
mbpo_pushcube_500k_20261007T094728_f9d45348,PushCube-v1,mbpo,real_env_steps,40000,50000,train_episode/success_once,raw_finished_episodes,192,0,0.640625,1.0,1.0,1.0,0.0,1.0,1.0,1.0
mbpo_pushcube_500k_20261007T094728_f9d45348,PushCube-v1,mbpo,real_env_steps,40000,50000,train_episode/success_at_end,raw_finished_episodes,192,0,0.390625,0.0,1.0,1.0,0.0,1.0,1.0,0.0
mbpo_pushcube_500k_20261007T094728_f9d45348,PushCube-v1,mbpo,real_env_steps,50000,60000,train_episode/episode_return,raw_finished_episodes,192,0,29.042548708462466,43.34598036855459,45.879919309169054,45.92885651379824,1.0547564625740051,46.127133414149284,46.127133414149284,45.899348363280296
mbpo_pushcube_500k_20261007T094728_f9d45348,PushCube-v1,mbpo,real_env_steps,50000,60000,train_episode/episode_length,raw_finished_episodes,192,0,50.0,50.0,50.0,50.0,50.0,50.0,50.0,50.0
mbpo_pushcube_500k_20261007T094728_f9d45348,PushCube-v1,mbpo,real_env_steps,50000,60000,train_episode/success_once,raw_finished_episodes,192,0,0.859375,1.0,1.0,1.0,0.0,1.0,1.0,1.0
mbpo_pushcube_500k_20261007T094728_f9d45348,PushCube-v1,mbpo,real_env_steps,50000,60000,train_episode/success_at_end,raw_finished_episodes,192,0,0.546875,1.0,1.0,1.0,0.0,1.0,1.0,1.0
mbpo_pushcube_500k_20261007T094728_f9d45348,PushCube-v1,mbpo,real_env_steps,60000,70000,train_episode/episode_return,raw_finished_episodes,192,0,30.25278870474237,44.251270160079,45.89828453436494,45.98618753373623,1.101515680551529,46.114367216825485,46.114367216825485,45.01842162013054
mbpo_pushcube_500k_20261007T094728_f9d45348,PushCube-v1,mbpo,real_env_steps,60000,70000,train_episode/episode_length,raw_finished_episodes,192,0,50.0,50.0,50.0,50.0,50.0,50.0,50.0,50.0
mbpo_pushcube_500k_20261007T094728_f9d45348,PushCube-v1,mbpo,real_env_steps,60000,70000,train_episode/success_once,raw_finished_episodes,192,0,0.859375,1.0,1.0,1.0,0.0,1.0,1.0,1.0
mbpo_pushcube_500k_20261007T094728_f9d45348,PushCube-v1,mbpo,real_env_steps,60000,70000,train_episode/success_at_end,raw_finished_episodes,192,0,0.6145833333333334,1.0,1.0,1.0,0.0,1.0,1.0,1.0
mbpo_pushcube_500k_20261007T094728_f9d45348,PushCube-v1,mbpo,real_env_steps,70000,80000,train_episode/episode_return,raw_finished_episodes,224,0,34.44220715821056,44.97812136262655,45.90292723551393,46.06167080789805,1.7484098821878433,46.73067179322243,46.73067179322243,45.08954901993275
mbpo_pushcube_500k_20261007T094728_f9d45348,PushCube-v1,mbpo,real_env_steps,70000,80000,train_episode/episode_length,raw_finished_episodes,224,0,50.0,50.0,50.0,50.0,50.0,50.0,50.0,50.0
mbpo_pushcube_500k_20261007T094728_f9d45348,PushCube-v1,mbpo,real_env_steps,70000,80000,train_episode/success_once,raw_finished_episodes,224,0,0.9508928571428571,1.0,1.0,1.0,0.0,1.0,1.0,1.0
mbpo_pushcube_500k_20261007T094728_f9d45348,PushCube-v1,mbpo,real_env_steps,70000,80000,train_episode/success_at_end,raw_finished_episodes,224,0,0.7053571428571429,1.0,1.0,1.0,0.0,1.0,1.0,1.0
mbpo_pushcube_500k_20261007T094728_f9d45348,PushCube-v1,mbpo,real_env_steps,80000,90000,train_episode/episode_return,raw_finished_episodes,192,0,35.33004084182903,44.99178183823824,45.88362423107028,45.93293629482388,1.6502806693315506,46.10800604522228,46.10800604522228,45.086457923054695
mbpo_pushcube_500k_20261007T094728_f9d45348,PushCube-v1,mbpo,real_env_steps,80000,90000,train_episode/episode_length,raw_finished_episodes,192,0,50.0,50.0,50.0,50.0,50.0,50.0,50.0,50.0
mbpo_pushcube_500k_20261007T094728_f9d45348,PushCube-v1,mbpo,real_env_steps,80000,90000,train_episode/success_once,raw_finished_episodes,192,0,0.96875,1.0,1.0,1.0,0.0,1.0,1.0,1.0
mbpo_pushcube_500k_20261007T094728_f9d45348,PushCube-v1,mbpo,real_env_steps,80000,90000,train_episode/success_at_end,raw_finished_episodes,192,0,0.7239583333333334,1.0,1.0,1.0,0.0,1.0,1.0,1.0
mbpo_pushcube_500k_20261007T094728_f9d45348,PushCube-v1,mbpo,real_env_steps,90000,100000,train_episode/episode_return,raw_finished_episodes,192,0,36.66713696741499,45.0230568498373,45.90845880210399,45.93828426167369,2.0066152065992355,46.74107250571251,46.74107250571251,41.99798533320427
mbpo_pushcube_500k_20261007T094728_f9d45348,PushCube-v1,mbpo,real_env_steps,90000,100000,train_episode/episode_length,raw_finished_episodes,192,0,50.0,50.0,50.0,50.0,50.0,50.0,50.0,50.0
mbpo_pushcube_500k_20261007T094728_f9d45348,PushCube-v1,mbpo,real_env_steps,90000,100000,train_episode/success_once,raw_finished_episodes,192,0,0.96875,1.0,1.0,1.0,0.0,1.0,1.0,1.0
mbpo_pushcube_500k_20261007T094728_f9d45348,PushCube-v1,mbpo,real_env_steps,90000,100000,train_episode/success_at_end,raw_finished_episodes,192,0,0.765625,1.0,1.0,1.0,0.0,1.0,1.0,1.0
mbpo_pushcube_500k_20261007T094728_f9d45348,PushCube-v1,mbpo,real_env_steps,100000,110000,train_episode/episode_return,raw_finished_episodes,192,0,36.176775064862646,44.99273377656937,45.91285724565387,46.18958082512021,1.5581286549568176,46.991300240159035,46.991300240159035,45.79517042636871
mbpo_pushcube_500k_20261007T094728_f9d45348,PushCube-v1,mbpo,real_env_steps,100000,110000,train_episode/episode_length,raw_finished_episodes,192,0,50.0,50.0,50.0,50.0,50.0,50.0,50.0,50.0
mbpo_pushcube_500k_20261007T094728_f9d45348,PushCube-v1,mbpo,real_env_steps,100000,110000,train_episode/success_once,raw_finished_episodes,192,0,0.9270833333333334,1.0,1.0,1.0,0.0,1.0,1.0,1.0
mbpo_pushcube_500k_20261007T094728_f9d45348,PushCube-v1,mbpo,real_env_steps,100000,110000,train_episode/success_at_end,raw_finished_episodes,192,0,0.7552083333333334,1.0,1.0,1.0,0.0,1.0,1.0,1.0
mbpo_pushcube_500k_20261007T094728_f9d45348,PushCube-v1,mbpo,real_env_steps,110000,120000,train_episode/episode_return,raw_finished_episodes,224,0,36.18665554268019,45.04374194890261,45.91822278723121,46.12097303569317,1.7208642959594727,46.7161800712347,46.7161800712347,45.863546177744865
mbpo_pushcube_500k_20261007T094728_f9d45348,PushCube-v1,mbpo,real_env_steps,110000,120000,train_episode/episode_length,raw_finished_episodes,224,0,50.0,50.0,50.0,50.0,50.0,50.0,50.0,50.0
mbpo_pushcube_500k_20261007T094728_f9d45348,PushCube-v1,mbpo,real_env_steps,110000,120000,train_episode/success_once,raw_finished_episodes,224,0,0.9598214285714286,1.0,1.0,1.0,0.0,1.0,1.0,1.0
mbpo_pushcube_500k_20261007T094728_f9d45348,PushCube-v1,mbpo,real_env_steps,110000,120000,train_episode/success_at_end,raw_finished_episodes,224,0,0.75,1.0,1.0,1.0,0.0,1.0,1.0,1.0
mbpo_pushcube_500k_20261007T094728_f9d45348,PushCube-v1,mbpo,real_env_steps,120000,130000,train_episode/episode_return,raw_finished_episodes,192,0,35.843751223602645,45.020871073007584,45.91459963321686,46.356959518939256,2.9542537480592728,46.977075323462486,46.977075323462486,45.00863125920296
mbpo_pushcube_500k_20261007T094728_f9d45348,PushCube-v1,mbpo,real_env_steps,120000,130000,train_episode/episode_length,raw_finished_episodes,192,0,50.0,50.0,50.0,50.0,50.0,50.0,50.0,50.0
mbpo_pushcube_500k_20261007T094728_f9d45348,PushCube-v1,mbpo,real_env_steps,120000,130000,train_episode/success_once,raw_finished_episodes,192,0,0.96875,1.0,1.0,1.0,0.0,1.0,1.0,1.0
mbpo_pushcube_500k_20261007T094728_f9d45348,PushCube-v1,mbpo,real_env_steps,120000,130000,train_episode/success_at_end,raw_finished_episodes,192,0,0.7395833333333334,1.0,1.0,1.0,0.0,1.0,1.0,1.0
mbpo_pushcube_500k_20261007T094728_f9d45348,PushCube-v1,mbpo,real_env_steps,130000,140000,train_episode/episode_return,raw_finished_episodes,192,0,38.142801504815,45.793843515217304,46.09150909483433,46.71411140546203,2.872497022151947,46.745523914694786,46.745523914694786,9.036593541502953
mbpo_pushcube_500k_20261007T094728_f9d45348,PushCube-v1,mbpo,real_env_steps,130000,140000,train_episode/episode_length,raw_finished_episodes,192,0,50.0,50.0,50.0,50.0,50.0,50.0,50.0,50.0
mbpo_pushcube_500k_20261007T094728_f9d45348,PushCube-v1,mbpo,real_env_steps,130000,140000,train_episode/success_once,raw_finished_episodes,192,0,0.9895833333333334,1.0,1.0,1.0,0.0,1.0,1.0,1.0
mbpo_pushcube_500k_20261007T094728_f9d45348,PushCube-v1,mbpo,real_env_steps,130000,140000,train_episode/success_at_end,raw_finished_episodes,192,0,0.8020833333333334,1.0,1.0,1.0,0.0,1.0,1.0,0.0
mbpo_pushcube_500k_20261007T094728_f9d45348,PushCube-v1,mbpo,real_env_steps,140000,150000,train_episode/episode_return,raw_finished_episodes,192,0,39.308761424928285,45.79833610355854,46.03816156238317,46.71262141674757,1.2644009590148926,46.74649070203304,46.74649070203304,45.31222975254059
mbpo_pushcube_500k_20261007T094728_f9d45348,PushCube-v1,mbpo,real_env_steps,140000,150000,train_episode/episode_length,raw_finished_episodes,192,0,50.0,50.0,50.0,50.0,50.0,50.0,50.0,50.0
mbpo_pushcube_500k_20261007T094728_f9d45348,PushCube-v1,mbpo,real_env_steps,140000,150000,train_episode/success_once,raw_finished_episodes,192,0,0.9895833333333334,1.0,1.0,1.0,0.0,1.0,1.0,1.0
mbpo_pushcube_500k_20261007T094728_f9d45348,PushCube-v1,mbpo,real_env_steps,140000,150000,train_episode/success_at_end,raw_finished_episodes,192,0,0.8177083333333334,1.0,1.0,1.0,0.0,1.0,1.0,1.0
mbpo_pushcube_500k_20261007T094728_f9d45348,PushCube-v1,mbpo,real_env_steps,150000,160000,train_episode/episode_return,raw_finished_episodes,224,0,38.818018342301784,45.20757484436035,45.92964211702347,46.71583334445953,1.7184464782476425,46.744711607694626,46.744711607694626,45.840819388628006
mbpo_pushcube_500k_20261007T094728_f9d45348,PushCube-v1,mbpo,real_env_steps,150000,160000,train_episode/episode_length,raw_finished_episodes,224,0,50.0,50.0,50.0,50.0,50.0,50.0,50.0,50.0
mbpo_pushcube_500k_20261007T094728_f9d45348,PushCube-v1,mbpo,real_env_steps,150000,160000,train_episode/success_once,raw_finished_episodes,224,0,0.96875,1.0,1.0,1.0,0.0,1.0,1.0,1.0
mbpo_pushcube_500k_20261007T094728_f9d45348,PushCube-v1,mbpo,real_env_steps,150000,160000,train_episode/success_at_end,raw_finished_episodes,224,0,0.8125,1.0,1.0,1.0,0.0,1.0,1.0,1.0
mbpo_pushcube_500k_20261007T094728_f9d45348,PushCube-v1,mbpo,real_env_steps,160000,170000,train_episode/episode_return,raw_finished_episodes,192,0,38.077039610904954,45.579451486468315,45.89064837619662,46.661447628438474,1.4136210083961487,46.72625997662544,46.72625997662544,45.839796259999275
mbpo_pushcube_500k_20261007T094728_f9d45348,PushCube-v1,mbpo,real_env_steps,160000,170000,train_episode/episode_length,raw_finished_episodes,192,0,50.0,50.0,50.0,50.0,50.0,50.0,50.0,50.0
mbpo_pushcube_500k_20261007T094728_f9d45348,PushCube-v1,mbpo,real_env_steps,160000,170000,train_episode/success_once,raw_finished_episodes,192,0,0.9583333333333334,1.0,1.0,1.0,0.0,1.0,1.0,1.0
mbpo_pushcube_500k_20261007T094728_f9d45348,PushCube-v1,mbpo,real_env_steps,160000,170000,train_episode/success_at_end,raw_finished_episodes,192,0,0.8020833333333334,1.0,1.0,1.0,0.0,1.0,1.0,1.0
mbpo_pushcube_500k_20261007T094728_f9d45348,PushCube-v1,mbpo,real_env_steps,170000,180000,train_episode/episode_return,raw_finished_episodes,192,0,38.91402756337387,45.29433786123991,45.91881584376097,46.656182552874085,0.8886847943067551,46.74102206528187,46.74102206528187,45.84643338620663
mbpo_pushcube_500k_20261007T094728_f9d45348,PushCube-v1,mbpo,real_env_steps,170000,180000,train_episode/episode_length,raw_finished_episodes,192,0,50.0,50.0,50.0,50.0,50.0,50.0,50.0,50.0
mbpo_pushcube_500k_20261007T094728_f9d45348,PushCube-v1,mbpo,real_env_steps,170000,180000,train_episode/success_once,raw_finished_episodes,192,0,0.9635416666666666,1.0,1.0,1.0,0.0,1.0,1.0,1.0
mbpo_pushcube_500k_20261007T094728_f9d45348,PushCube-v1,mbpo,real_env_steps,170000,180000,train_episode/success_at_end,raw_finished_episodes,192,0,0.8333333333333334,1.0,1.0,1.0,0.0,1.0,1.0,1.0
mbpo_pushcube_500k_20261007T094728_f9d45348,PushCube-v1,mbpo,real_env_steps,180000,190000,train_episode/episode_return,raw_finished_episodes,192,0,40.27753678437633,45.808122865855694,45.92139423191547,46.63358267813921,3.7590669840574265,46.722593531012535,46.722593531012535,45.872073858976364
mbpo_pushcube_500k_20261007T094728_f9d45348,PushCube-v1,mbpo,real_env_steps,180000,190000,train_episode/episode_length,raw_finished_episodes,192,0,50.0,50.0,50.0,50.0,50.0,50.0,50.0,50.0
mbpo_pushcube_500k_20261007T094728_f9d45348,PushCube-v1,mbpo,real_env_steps,180000,190000,train_episode/success_once,raw_finished_episodes,192,0,0.9947916666666666,1.0,1.0,1.0,0.0,1.0,1.0,1.0
mbpo_pushcube_500k_20261007T094728_f9d45348,PushCube-v1,mbpo,real_env_steps,180000,190000,train_episode/success_at_end,raw_finished_episodes,192,0,0.8541666666666666,1.0,1.0,1.0,0.0,1.0,1.0,1.0
mbpo_pushcube_500k_20261007T094728_f9d45348,PushCube-v1,mbpo,real_env_steps,190000,200000,train_episode/episode_return,raw_finished_episodes,224,0,38.56989114665027,45.31832122057676,45.90423356443644,46.710477648228405,1.2392899245023727,46.73270231485367,46.73270231485367,45.91397984325886
mbpo_pushcube_500k_20261007T094728_f9d45348,PushCube-v1,mbpo,real_env_steps,190000,200000,train_episode/episode_length,raw_finished_episodes,224,0,50.0,50.0,50.0,50.0,50.0,50.0,50.0,50.0
mbpo_pushcube_500k_20261007T094728_f9d45348,PushCube-v1,mbpo,real_env_steps,190000,200000,train_episode/success_once,raw_finished_episodes,224,0,0.9821428571428571,1.0,1.0,1.0,0.0,1.0,1.0,1.0
mbpo_pushcube_500k_20261007T094728_f9d45348,PushCube-v1,mbpo,real_env_steps,190000,200000,train_episode/success_at_end,raw_finished_episodes,224,0,0.8080357142857143,1.0,1.0,1.0,0.0,1.0,1.0,1.0
mbpo_pushcube_500k_20261007T094728_f9d45348,PushCube-v1,mbpo,real_env_steps,200000,210000,train_episode/episode_return,raw_finished_episodes,192,0,39.60003295703791,45.778653368353844,45.89778795912862,46.21243004664779,1.7837900668382645,46.72526393830776,46.72526393830776,41.741216123104095
mbpo_pushcube_500k_20261007T094728_f9d45348,PushCube-v1,mbpo,real_env_steps,200000,210000,train_episode/episode_length,raw_finished_episodes,192,0,50.0,50.0,50.0,50.0,50.0,50.0,50.0,50.0
mbpo_pushcube_500k_20261007T094728_f9d45348,PushCube-v1,mbpo,real_env_steps,200000,210000,train_episode/success_once,raw_finished_episodes,192,0,0.9791666666666666,1.0,1.0,1.0,0.0,1.0,1.0,1.0
mbpo_pushcube_500k_20261007T094728_f9d45348,PushCube-v1,mbpo,real_env_steps,200000,210000,train_episode/success_at_end,raw_finished_episodes,192,0,0.84375,1.0,1.0,1.0,0.0,1.0,1.0,1.0
mbpo_pushcube_500k_20261007T094728_f9d45348,PushCube-v1,mbpo,real_env_steps,210000,220000,train_episode/episode_return,raw_finished_episodes,192,0,41.621412850295506,45.769343331456184,45.8920260950923,46.22127030387521,3.0101041048765182,46.70923565328121,46.70923565328121,44.998652666807175
mbpo_pushcube_500k_20261007T094728_f9d45348,PushCube-v1,mbpo,real_env_steps,210000,220000,train_episode/episode_length,raw_finished_episodes,192,0,50.0,50.0,50.0,50.0,50.0,50.0,50.0,50.0
mbpo_pushcube_500k_20261007T094728_f9d45348,PushCube-v1,mbpo,real_env_steps,210000,220000,train_episode/success_once,raw_finished_episodes,192,0,1.0,1.0,1.0,1.0,1.0,1.0,1.0,1.0
mbpo_pushcube_500k_20261007T094728_f9d45348,PushCube-v1,mbpo,real_env_steps,210000,220000,train_episode/success_at_end,raw_finished_episodes,192,0,0.890625,1.0,1.0,1.0,0.0,1.0,1.0,1.0
mbpo_pushcube_500k_20261007T094728_f9d45348,PushCube-v1,mbpo,real_env_steps,220000,230000,train_episode/episode_return,raw_finished_episodes,192,0,41.96159972002109,45.79818271100521,45.9208708435297,46.71668886974454,2.839035212993622,46.79284727573395,46.79284727573395,45.752894312143326
mbpo_pushcube_500k_20261007T094728_f9d45348,PushCube-v1,mbpo,real_env_steps,220000,230000,train_episode/episode_length,raw_finished_episodes,192,0,50.0,50.0,50.0,50.0,50.0,50.0,50.0,50.0
mbpo_pushcube_500k_20261007T094728_f9d45348,PushCube-v1,mbpo,real_env_steps,220000,230000,train_episode/success_once,raw_finished_episodes,192,0,1.0,1.0,1.0,1.0,1.0,1.0,1.0,1.0
mbpo_pushcube_500k_20261007T094728_f9d45348,PushCube-v1,mbpo,real_env_steps,220000,230000,train_episode/success_at_end,raw_finished_episodes,192,0,0.9166666666666666,1.0,1.0,1.0,0.0,1.0,1.0,1.0
mbpo_pushcube_500k_20261007T094728_f9d45348,PushCube-v1,mbpo,real_env_steps,230000,240000,train_episode/episode_return,raw_finished_episodes,224,0,40.024315344103215,45.78760213404894,45.914641965180635,46.69435923442244,2.785558581352234,46.706741631031036,46.706741631031036,44.970967426896095
mbpo_pushcube_500k_20261007T094728_f9d45348,PushCube-v1,mbpo,real_env_steps,230000,240000,train_episode/episode_length,raw_finished_episodes,224,0,50.0,50.0,50.0,50.0,50.0,50.0,50.0,50.0
mbpo_pushcube_500k_20261007T094728_f9d45348,PushCube-v1,mbpo,real_env_steps,230000,240000,train_episode/success_once,raw_finished_episodes,224,0,0.9910714285714286,1.0,1.0,1.0,0.0,1.0,1.0,1.0
mbpo_pushcube_500k_20261007T094728_f9d45348,PushCube-v1,mbpo,real_env_steps,230000,240000,train_episode/success_at_end,raw_finished_episodes,224,0,0.8571428571428571,1.0,1.0,1.0,0.0,1.0,1.0,1.0
mbpo_pushcube_500k_20261007T094728_f9d45348,PushCube-v1,mbpo,real_env_steps,240000,250000,train_episode/episode_return,raw_finished_episodes,192,0,37.92316763553148,45.774965442717075,45.89184634014964,46.67521735876799,1.0958896428346634,46.69490936398506,46.69490936398506,44.96646389365196
mbpo_pushcube_500k_20261007T094728_f9d45348,PushCube-v1,mbpo,real_env_steps,240000,250000,train_episode/episode_length,raw_finished_episodes,192,0,50.0,50.0,50.0,50.0,50.0,50.0,50.0,50.0
mbpo_pushcube_500k_20261007T094728_f9d45348,PushCube-v1,mbpo,real_env_steps,240000,250000,train_episode/success_once,raw_finished_episodes,192,0,0.9791666666666666,1.0,1.0,1.0,0.0,1.0,1.0,1.0
mbpo_pushcube_500k_20261007T094728_f9d45348,PushCube-v1,mbpo,real_env_steps,240000,250000,train_episode/success_at_end,raw_finished_episodes,192,0,0.7916666666666666,1.0,1.0,1.0,0.0,1.0,1.0,1.0
mbpo_pushcube_500k_20261007T094728_f9d45348,PushCube-v1,mbpo,real_env_steps,250000,260000,train_episode/episode_return,raw_finished_episodes,192,0,39.96888838824816,45.80205500870943,45.92006771788001,46.722838316559795,2.3415292501449585,46.73648490011692,46.73648490011692,45.22878523170948
mbpo_pushcube_500k_20261007T094728_f9d45348,PushCube-v1,mbpo,real_env_steps,250000,260000,train_episode/episode_length,raw_finished_episodes,192,0,50.0,50.0,50.0,50.0,50.0,50.0,50.0,50.0
mbpo_pushcube_500k_20261007T094728_f9d45348,PushCube-v1,mbpo,real_env_steps,250000,260000,train_episode/success_once,raw_finished_episodes,192,0,0.9947916666666666,1.0,1.0,1.0,0.0,1.0,1.0,1.0
mbpo_pushcube_500k_20261007T094728_f9d45348,PushCube-v1,mbpo,real_env_steps,250000,260000,train_episode/success_at_end,raw_finished_episodes,192,0,0.8489583333333334,1.0,1.0,1.0,0.0,1.0,1.0,1.0
mbpo_pushcube_500k_20261007T094728_f9d45348,PushCube-v1,mbpo,real_env_steps,260000,270000,train_episode/episode_return,raw_finished_episodes,192,0,40.63165527504558,45.79798971861601,45.911502259224655,46.70890734598041,2.761436477303505,46.729783579707146,46.729783579707146,45.84739735722542
mbpo_pushcube_500k_20261007T094728_f9d45348,PushCube-v1,mbpo,real_env_steps,260000,270000,train_episode/episode_length,raw_finished_episodes,192,0,50.0,50.0,50.0,50.0,50.0,50.0,50.0,50.0
mbpo_pushcube_500k_20261007T094728_f9d45348,PushCube-v1,mbpo,real_env_steps,260000,270000,train_episode/success_once,raw_finished_episodes,192,0,0.9947916666666666,1.0,1.0,1.0,0.0,1.0,1.0,1.0
mbpo_pushcube_500k_20261007T094728_f9d45348,PushCube-v1,mbpo,real_env_steps,260000,270000,train_episode/success_at_end,raw_finished_episodes,192,0,0.8697916666666666,1.0,1.0,1.0,0.0,1.0,1.0,1.0
mbpo_pushcube_500k_20261007T094728_f9d45348,PushCube-v1,mbpo,real_env_steps,270000,280000,train_episode/episode_return,raw_finished_episodes,224,0,40.09564691110115,45.79137784987688,45.898885728418826,46.71656806543469,2.9513336569070816,46.731654435396194,46.731654435396194,44.89105723798275
mbpo_pushcube_500k_20261007T094728_f9d45348,PushCube-v1,mbpo,real_env_steps,270000,280000,train_episode/episode_length,raw_finished_episodes,224,0,50.0,50.0,50.0,50.0,50.0,50.0,50.0,50.0
mbpo_pushcube_500k_20261007T094728_f9d45348,PushCube-v1,mbpo,real_env_steps,270000,280000,train_episode/success_once,raw_finished_episodes,224,0,0.9955357142857143,1.0,1.0,1.0,0.0,1.0,1.0,1.0
mbpo_pushcube_500k_20261007T094728_f9d45348,PushCube-v1,mbpo,real_env_steps,270000,280000,train_episode/success_at_end,raw_finished_episodes,224,0,0.8526785714285714,1.0,1.0,1.0,0.0,1.0,1.0,1.0
mbpo_pushcube_500k_20261007T094728_f9d45348,PushCube-v1,mbpo,real_env_steps,280000,290000,train_episode/episode_return,raw_finished_episodes,192,0,39.96411292192837,45.80583632737398,45.90761753842234,46.712112661749124,2.7812132388353348,46.75182671844959,46.75182671844959,45.82114642858505
mbpo_pushcube_500k_20261007T094728_f9d45348,PushCube-v1,mbpo,real_env_steps,280000,290000,train_episode/episode_length,raw_finished_episodes,192,0,50.0,50.0,50.0,50.0,50.0,50.0,50.0,50.0
mbpo_pushcube_500k_20261007T094728_f9d45348,PushCube-v1,mbpo,real_env_steps,280000,290000,train_episode/success_once,raw_finished_episodes,192,0,0.9947916666666666,1.0,1.0,1.0,0.0,1.0,1.0,1.0
mbpo_pushcube_500k_20261007T094728_f9d45348,PushCube-v1,mbpo,real_env_steps,280000,290000,train_episode/success_at_end,raw_finished_episodes,192,0,0.8489583333333334,1.0,1.0,1.0,0.0,1.0,1.0,1.0
mbpo_pushcube_500k_20261007T094728_f9d45348,PushCube-v1,mbpo,real_env_steps,290000,300000,train_episode/episode_return,raw_finished_episodes,192,0,42.27778566613173,45.81249860674143,45.91810607612133,46.72086543142795,2.0553759187459946,46.74354036152363,46.74354036152363,44.95670013129711
mbpo_pushcube_500k_20261007T094728_f9d45348,PushCube-v1,mbpo,real_env_steps,290000,300000,train_episode/episode_length,raw_finished_episodes,192,0,50.0,50.0,50.0,50.0,50.0,50.0,50.0,50.0
mbpo_pushcube_500k_20261007T094728_f9d45348,PushCube-v1,mbpo,real_env_steps,290000,300000,train_episode/success_once,raw_finished_episodes,192,0,1.0,1.0,1.0,1.0,1.0,1.0,1.0,1.0
mbpo_pushcube_500k_20261007T094728_f9d45348,PushCube-v1,mbpo,real_env_steps,290000,300000,train_episode/success_at_end,raw_finished_episodes,192,0,0.9114583333333334,1.0,1.0,1.0,0.0,1.0,1.0,1.0
mbpo_pushcube_500k_20261007T094728_f9d45348,PushCube-v1,mbpo,real_env_steps,300000,310000,train_episode/episode_return,raw_finished_episodes,192,0,39.183437674771994,45.80571798980236,45.92247531786561,46.70581603929401,2.01979897916317,46.73626737296581,46.73626737296581,45.829287350177765
mbpo_pushcube_500k_20261007T094728_f9d45348,PushCube-v1,mbpo,real_env_steps,300000,310000,train_episode/episode_length,raw_finished_episodes,192,0,50.0,50.0,50.0,50.0,50.0,50.0,50.0,50.0
mbpo_pushcube_500k_20261007T094728_f9d45348,PushCube-v1,mbpo,real_env_steps,300000,310000,train_episode/success_once,raw_finished_episodes,192,0,0.9895833333333334,1.0,1.0,1.0,0.0,1.0,1.0,1.0
mbpo_pushcube_500k_20261007T094728_f9d45348,PushCube-v1,mbpo,real_env_steps,300000,310000,train_episode/success_at_end,raw_finished_episodes,192,0,0.828125,1.0,1.0,1.0,0.0,1.0,1.0,1.0
mbpo_pushcube_500k_20261007T094728_f9d45348,PushCube-v1,mbpo,real_env_steps,310000,320000,train_episode/episode_return,raw_finished_episodes,224,0,41.79043748090044,45.81719797104597,45.92453822121024,46.728025982528926,2.0312817990779877,46.73897145688534,46.73897145688534,45.82080999016762
mbpo_pushcube_500k_20261007T094728_f9d45348,PushCube-v1,mbpo,real_env_steps,310000,320000,train_episode/episode_length,raw_finished_episodes,224,0,50.0,50.0,50.0,50.0,50.0,50.0,50.0,50.0
mbpo_pushcube_500k_20261007T094728_f9d45348,PushCube-v1,mbpo,real_env_steps,310000,320000,train_episode/success_once,raw_finished_episodes,224,0,0.9866071428571429,1.0,1.0,1.0,0.0,1.0,1.0,1.0
mbpo_pushcube_500k_20261007T094728_f9d45348,PushCube-v1,mbpo,real_env_steps,310000,320000,train_episode/success_at_end,raw_finished_episodes,224,0,0.8973214285714286,1.0,1.0,1.0,0.0,1.0,1.0,1.0
mbpo_pushcube_500k_20261007T094728_f9d45348,PushCube-v1,mbpo,real_env_steps,320000,330000,train_episode/episode_return,raw_finished_episodes,192,0,39.190516031968095,45.812998451292515,45.92638314813375,46.704907464981076,2.031924471259117,46.73503775894642,46.73503775894642,7.267871186137199
mbpo_pushcube_500k_20261007T094728_f9d45348,PushCube-v1,mbpo,real_env_steps,320000,330000,train_episode/episode_length,raw_finished_episodes,192,0,50.0,50.0,50.0,50.0,50.0,50.0,50.0,50.0
mbpo_pushcube_500k_20261007T094728_f9d45348,PushCube-v1,mbpo,real_env_steps,320000,330000,train_episode/success_once,raw_finished_episodes,192,0,0.9895833333333334,1.0,1.0,1.0,0.0,1.0,1.0,0.0
mbpo_pushcube_500k_20261007T094728_f9d45348,PushCube-v1,mbpo,real_env_steps,320000,330000,train_episode/success_at_end,raw_finished_episodes,192,0,0.8333333333333334,1.0,1.0,1.0,0.0,1.0,1.0,0.0
mbpo_pushcube_500k_20261007T094728_f9d45348,PushCube-v1,mbpo,real_env_steps,330000,340000,train_episode/episode_return,raw_finished_episodes,192,0,40.52179103631837,45.81475642323494,45.913823538273576,46.72119275555015,2.928167074918747,46.74097068607807,46.74097068607807,45.85522997379303
mbpo_pushcube_500k_20261007T094728_f9d45348,PushCube-v1,mbpo,real_env_steps,330000,340000,train_episode/episode_length,raw_finished_episodes,192,0,50.0,50.0,50.0,50.0,50.0,50.0,50.0,50.0
mbpo_pushcube_500k_20261007T094728_f9d45348,PushCube-v1,mbpo,real_env_steps,330000,340000,train_episode/success_once,raw_finished_episodes,192,0,1.0,1.0,1.0,1.0,1.0,1.0,1.0,1.0
mbpo_pushcube_500k_20261007T094728_f9d45348,PushCube-v1,mbpo,real_env_steps,330000,340000,train_episode/success_at_end,raw_finished_episodes,192,0,0.8645833333333334,1.0,1.0,1.0,0.0,1.0,1.0,1.0
mbpo_pushcube_500k_20261007T094728_f9d45348,PushCube-v1,mbpo,real_env_steps,340000,350000,train_episode/episode_return,raw_finished_episodes,192,0,39.27119314748173,45.786338321864605,45.90002589970827,46.70540857806802,2.0230602622032166,46.74875935912132,46.74875935912132,45.856028243899345
mbpo_pushcube_500k_20261007T094728_f9d45348,PushCube-v1,mbpo,real_env_steps,340000,350000,train_episode/episode_length,raw_finished_episodes,192,0,50.0,50.0,50.0,50.0,50.0,50.0,50.0,50.0
mbpo_pushcube_500k_20261007T094728_f9d45348,PushCube-v1,mbpo,real_env_steps,340000,350000,train_episode/success_once,raw_finished_episodes,192,0,1.0,1.0,1.0,1.0,1.0,1.0,1.0,1.0
mbpo_pushcube_500k_20261007T094728_f9d45348,PushCube-v1,mbpo,real_env_steps,340000,350000,train_episode/success_at_end,raw_finished_episodes,192,0,0.8333333333333334,1.0,1.0,1.0,0.0,1.0,1.0,1.0
mbpo_pushcube_500k_20261007T094728_f9d45348,PushCube-v1,mbpo,real_env_steps,350000,360000,train_episode/episode_return,raw_finished_episodes,224,0,37.65036346304363,45.78970864415169,45.91944340318442,46.722665366381406,1.9592368453741074,46.734582006931305,46.734582006931305,45.87756824493408
mbpo_pushcube_500k_20261007T094728_f9d45348,PushCube-v1,mbpo,real_env_steps,350000,360000,train_episode/episode_length,raw_finished_episodes,224,0,50.0,50.0,50.0,50.0,50.0,50.0,50.0,50.0
mbpo_pushcube_500k_20261007T094728_f9d45348,PushCube-v1,mbpo,real_env_steps,350000,360000,train_episode/success_once,raw_finished_episodes,224,0,0.9955357142857143,1.0,1.0,1.0,0.0,1.0,1.0,1.0
mbpo_pushcube_500k_20261007T094728_f9d45348,PushCube-v1,mbpo,real_env_steps,350000,360000,train_episode/success_at_end,raw_finished_episodes,224,0,0.7901785714285714,1.0,1.0,1.0,0.0,1.0,1.0,1.0
mbpo_pushcube_500k_20261007T094728_f9d45348,PushCube-v1,mbpo,real_env_steps,360000,370000,train_episode/episode_return,raw_finished_episodes,192,0,39.07973658797952,45.81257230788469,46.63830329477787,46.71886772751808,2.7827442586421967,46.737913593649864,46.737913593649864,45.00675268471241
mbpo_pushcube_500k_20261007T094728_f9d45348,PushCube-v1,mbpo,real_env_steps,360000,370000,train_episode/episode_length,raw_finished_episodes,192,0,50.0,50.0,50.0,50.0,50.0,50.0,50.0,50.0
mbpo_pushcube_500k_20261007T094728_f9d45348,PushCube-v1,mbpo,real_env_steps,360000,370000,train_episode/success_once,raw_finished_episodes,192,0,0.9947916666666666,1.0,1.0,1.0,0.0,1.0,1.0,1.0
mbpo_pushcube_500k_20261007T094728_f9d45348,PushCube-v1,mbpo,real_env_steps,360000,370000,train_episode/success_at_end,raw_finished_episodes,192,0,0.828125,1.0,1.0,1.0,0.0,1.0,1.0,1.0
mbpo_pushcube_500k_20261007T094728_f9d45348,PushCube-v1,mbpo,real_env_steps,370000,380000,train_episode/episode_return,raw_finished_episodes,192,0,40.09273962955922,45.808494843542576,45.9213378764689,46.72870573118329,2.860180899500847,46.743014112114906,46.743014112114906,45.850482776761055
mbpo_pushcube_500k_20261007T094728_f9d45348,PushCube-v1,mbpo,real_env_steps,370000,380000,train_episode/episode_length,raw_finished_episodes,192,0,50.0,50.0,50.0,50.0,50.0,50.0,50.0,50.0
mbpo_pushcube_500k_20261007T094728_f9d45348,PushCube-v1,mbpo,real_env_steps,370000,380000,train_episode/success_once,raw_finished_episodes,192,0,1.0,1.0,1.0,1.0,1.0,1.0,1.0,1.0
mbpo_pushcube_500k_20261007T094728_f9d45348,PushCube-v1,mbpo,real_env_steps,370000,380000,train_episode/success_at_end,raw_finished_episodes,192,0,0.8541666666666666,1.0,1.0,1.0,0.0,1.0,1.0,1.0
mbpo_pushcube_500k_20261007T094728_f9d45348,PushCube-v1,mbpo,real_env_steps,380000,390000,train_episode/episode_return,raw_finished_episodes,192,0,40.68742236277709,45.816197492182255,45.91321128308773,46.667971243709324,2.742529034614563,46.72639840841293,46.72639840841293,45.84573212265968
mbpo_pushcube_500k_20261007T094728_f9d45348,PushCube-v1,mbpo,real_env_steps,380000,390000,train_episode/episode_length,raw_finished_episodes,192,0,50.0,50.0,50.0,50.0,50.0,50.0,50.0,50.0
mbpo_pushcube_500k_20261007T094728_f9d45348,PushCube-v1,mbpo,real_env_steps,380000,390000,train_episode/success_once,raw_finished_episodes,192,0,0.9947916666666666,1.0,1.0,1.0,0.0,1.0,1.0,1.0
mbpo_pushcube_500k_20261007T094728_f9d45348,PushCube-v1,mbpo,real_env_steps,380000,390000,train_episode/success_at_end,raw_finished_episodes,192,0,0.8697916666666666,1.0,1.0,1.0,0.0,1.0,1.0,1.0
mbpo_pushcube_500k_20261007T094728_f9d45348,PushCube-v1,mbpo,real_env_steps,390000,400000,train_episode/episode_return,raw_finished_episodes,224,0,39.60521116021222,45.81235138326883,45.92625204101205,46.70465795651078,1.9392979145050049,46.72690027952194,46.72690027952194,45.891887709498405
mbpo_pushcube_500k_20261007T094728_f9d45348,PushCube-v1,mbpo,real_env_steps,390000,400000,train_episode/episode_length,raw_finished_episodes,224,0,50.0,50.0,50.0,50.0,50.0,50.0,50.0,50.0
mbpo_pushcube_500k_20261007T094728_f9d45348,PushCube-v1,mbpo,real_env_steps,390000,400000,train_episode/success_once,raw_finished_episodes,224,0,1.0,1.0,1.0,1.0,1.0,1.0,1.0,1.0
mbpo_pushcube_500k_20261007T094728_f9d45348,PushCube-v1,mbpo,real_env_steps,390000,400000,train_episode/success_at_end,raw_finished_episodes,224,0,0.84375,1.0,1.0,1.0,0.0,1.0,1.0,1.0
mbpo_pushcube_500k_20261007T094728_f9d45348,PushCube-v1,mbpo,real_env_steps,400000,410000,train_episode/episode_return,raw_finished_episodes,192,0,38.65415879059583,45.79166629165411,45.89245888441801,46.72950134605169,2.685624837875366,46.74987319111824,46.74987319111824,45.85444751381874
mbpo_pushcube_500k_20261007T094728_f9d45348,PushCube-v1,mbpo,real_env_steps,400000,410000,train_episode/episode_length,raw_finished_episodes,192,0,50.0,50.0,50.0,50.0,50.0,50.0,50.0,50.0
mbpo_pushcube_500k_20261007T094728_f9d45348,PushCube-v1,mbpo,real_env_steps,400000,410000,train_episode/success_once,raw_finished_episodes,192,0,0.9947916666666666,1.0,1.0,1.0,0.0,1.0,1.0,1.0
mbpo_pushcube_500k_20261007T094728_f9d45348,PushCube-v1,mbpo,real_env_steps,400000,410000,train_episode/success_at_end,raw_finished_episodes,192,0,0.8229166666666666,1.0,1.0,1.0,0.0,1.0,1.0,1.0
mbpo_pushcube_500k_20261007T094728_f9d45348,PushCube-v1,mbpo,real_env_steps,410000,420000,train_episode/episode_return,raw_finished_episodes,192,0,38.271954498719424,45.8062367066741,45.90290033370256,46.656240829974415,2.199471175670624,46.730341240763664,46.730341240763664,44.97838422656059
mbpo_pushcube_500k_20261007T094728_f9d45348,PushCube-v1,mbpo,real_env_steps,410000,420000,train_episode/episode_length,raw_finished_episodes,192,0,50.0,50.0,50.0,50.0,50.0,50.0,50.0,50.0
mbpo_pushcube_500k_20261007T094728_f9d45348,PushCube-v1,mbpo,real_env_steps,410000,420000,train_episode/success_once,raw_finished_episodes,192,0,0.9895833333333334,1.0,1.0,1.0,0.0,1.0,1.0,1.0
mbpo_pushcube_500k_20261007T094728_f9d45348,PushCube-v1,mbpo,real_env_steps,410000,420000,train_episode/success_at_end,raw_finished_episodes,192,0,0.8072916666666666,1.0,1.0,1.0,0.0,1.0,1.0,1.0
mbpo_pushcube_500k_20261007T094728_f9d45348,PushCube-v1,mbpo,real_env_steps,420000,430000,train_episode/episode_return,raw_finished_episodes,192,0,41.687104298966005,45.819268345832825,45.91336455047131,46.71802341595292,2.759450614452362,46.75183004140854,46.75183004140854,45.82394461333752
mbpo_pushcube_500k_20261007T094728_f9d45348,PushCube-v1,mbpo,real_env_steps,420000,430000,train_episode/episode_length,raw_finished_episodes,192,0,50.0,50.0,50.0,50.0,50.0,50.0,50.0,50.0
mbpo_pushcube_500k_20261007T094728_f9d45348,PushCube-v1,mbpo,real_env_steps,420000,430000,train_episode/success_once,raw_finished_episodes,192,0,1.0,1.0,1.0,1.0,1.0,1.0,1.0,1.0
mbpo_pushcube_500k_20261007T094728_f9d45348,PushCube-v1,mbpo,real_env_steps,420000,430000,train_episode/success_at_end,raw_finished_episodes,192,0,0.8958333333333334,1.0,1.0,1.0,0.0,1.0,1.0,1.0
mbpo_pushcube_500k_20261007T094728_f9d45348,PushCube-v1,mbpo,real_env_steps,430000,440000,train_episode/episode_return,raw_finished_episodes,224,0,39.898981559090316,45.81867139786482,46.66324151083827,46.72378869429231,1.9220225512981415,46.739664405584335,46.739664405584335,11.281297951936722
mbpo_pushcube_500k_20261007T094728_f9d45348,PushCube-v1,mbpo,real_env_steps,430000,440000,train_episode/episode_length,raw_finished_episodes,224,0,50.0,50.0,50.0,50.0,50.0,50.0,50.0,50.0
mbpo_pushcube_500k_20261007T094728_f9d45348,PushCube-v1,mbpo,real_env_steps,430000,440000,train_episode/success_once,raw_finished_episodes,224,0,0.9866071428571429,1.0,1.0,1.0,0.0,1.0,1.0,1.0
mbpo_pushcube_500k_20261007T094728_f9d45348,PushCube-v1,mbpo,real_env_steps,430000,440000,train_episode/success_at_end,raw_finished_episodes,224,0,0.8526785714285714,1.0,1.0,1.0,0.0,1.0,1.0,0.0
mbpo_pushcube_500k_20261007T094728_f9d45348,PushCube-v1,mbpo,real_env_steps,440000,450000,train_episode/episode_return,raw_finished_episodes,192,0,40.709867746957265,45.804559141397476,46.652319280058144,46.73468465730548,2.764406740665436,46.73920330405235,46.73920330405235,45.818476766347885
mbpo_pushcube_500k_20261007T094728_f9d45348,PushCube-v1,mbpo,real_env_steps,440000,450000,train_episode/episode_length,raw_finished_episodes,192,0,50.0,50.0,50.0,50.0,50.0,50.0,50.0,50.0
mbpo_pushcube_500k_20261007T094728_f9d45348,PushCube-v1,mbpo,real_env_steps,440000,450000,train_episode/success_once,raw_finished_episodes,192,0,0.9947916666666666,1.0,1.0,1.0,0.0,1.0,1.0,1.0
mbpo_pushcube_500k_20261007T094728_f9d45348,PushCube-v1,mbpo,real_env_steps,440000,450000,train_episode/success_at_end,raw_finished_episodes,192,0,0.8697916666666666,1.0,1.0,1.0,0.0,1.0,1.0,1.0
mbpo_pushcube_500k_20261007T094728_f9d45348,PushCube-v1,mbpo,real_env_steps,450000,460000,train_episode/episode_return,raw_finished_episodes,192,0,41.43951724780103,45.81099537760019,45.90363670885563,46.706597832739355,3.7427171617746353,46.73249000310898,46.73249000310898,45.821418419480324
mbpo_pushcube_500k_20261007T094728_f9d45348,PushCube-v1,mbpo,real_env_steps,450000,460000,train_episode/episode_length,raw_finished_episodes,192,0,50.0,50.0,50.0,50.0,50.0,50.0,50.0,50.0
mbpo_pushcube_500k_20261007T094728_f9d45348,PushCube-v1,mbpo,real_env_steps,450000,460000,train_episode/success_once,raw_finished_episodes,192,0,0.9947916666666666,1.0,1.0,1.0,0.0,1.0,1.0,1.0
mbpo_pushcube_500k_20261007T094728_f9d45348,PushCube-v1,mbpo,real_env_steps,450000,460000,train_episode/success_at_end,raw_finished_episodes,192,0,0.8854166666666666,1.0,1.0,1.0,0.0,1.0,1.0,1.0
mbpo_pushcube_500k_20261007T094728_f9d45348,PushCube-v1,mbpo,real_env_steps,460000,470000,train_episode/episode_return,raw_finished_episodes,192,0,39.18143583803127,45.806536354124546,45.901747865229844,46.71445717483759,1.2761448621749878,46.73451095819473,46.73451095819473,8.4132768958807
mbpo_pushcube_500k_20261007T094728_f9d45348,PushCube-v1,mbpo,real_env_steps,460000,470000,train_episode/episode_length,raw_finished_episodes,192,0,50.0,50.0,50.0,50.0,50.0,50.0,50.0,50.0
mbpo_pushcube_500k_20261007T094728_f9d45348,PushCube-v1,mbpo,real_env_steps,460000,470000,train_episode/success_once,raw_finished_episodes,192,0,0.9895833333333334,1.0,1.0,1.0,0.0,1.0,1.0,1.0
mbpo_pushcube_500k_20261007T094728_f9d45348,PushCube-v1,mbpo,real_env_steps,460000,470000,train_episode/success_at_end,raw_finished_episodes,192,0,0.8333333333333334,1.0,1.0,1.0,0.0,1.0,1.0,0.0
mbpo_pushcube_500k_20261007T094728_f9d45348,PushCube-v1,mbpo,real_env_steps,470000,480000,train_episode/episode_return,raw_finished_episodes,224,0,39.29899308537798,45.80561326444149,45.89601080268621,46.67494862318039,2.8215474486351013,46.712128922343254,46.712128922343254,10.594022035598755
mbpo_pushcube_500k_20261007T094728_f9d45348,PushCube-v1,mbpo,real_env_steps,470000,480000,train_episode/episode_length,raw_finished_episodes,224,0,50.0,50.0,50.0,50.0,50.0,50.0,50.0,50.0
mbpo_pushcube_500k_20261007T094728_f9d45348,PushCube-v1,mbpo,real_env_steps,470000,480000,train_episode/success_once,raw_finished_episodes,224,0,0.9955357142857143,1.0,1.0,1.0,0.0,1.0,1.0,1.0
mbpo_pushcube_500k_20261007T094728_f9d45348,PushCube-v1,mbpo,real_env_steps,470000,480000,train_episode/success_at_end,raw_finished_episodes,224,0,0.8348214285714286,1.0,1.0,1.0,0.0,1.0,1.0,0.0
mbpo_pushcube_500k_20261007T094728_f9d45348,PushCube-v1,mbpo,real_env_steps,480000,490000,train_episode/episode_return,raw_finished_episodes,192,0,41.53634338414607,45.81710685044527,46.647584250569345,46.70929752007127,2.922731503844261,46.741620033979416,46.741620033979416,5.0938583463430405
mbpo_pushcube_500k_20261007T094728_f9d45348,PushCube-v1,mbpo,real_env_steps,480000,490000,train_episode/episode_length,raw_finished_episodes,192,0,50.0,50.0,50.0,50.0,50.0,50.0,50.0,50.0
mbpo_pushcube_500k_20261007T094728_f9d45348,PushCube-v1,mbpo,real_env_steps,480000,490000,train_episode/success_once,raw_finished_episodes,192,0,0.984375,1.0,1.0,1.0,0.0,1.0,1.0,1.0
mbpo_pushcube_500k_20261007T094728_f9d45348,PushCube-v1,mbpo,real_env_steps,480000,490000,train_episode/success_at_end,raw_finished_episodes,192,0,0.890625,1.0,1.0,1.0,0.0,1.0,1.0,0.0
mbpo_pushcube_500k_20261007T094728_f9d45348,PushCube-v1,mbpo,real_env_steps,490000,500000,train_episode/episode_return,raw_finished_episodes,192,0,38.87200499962395,45.79961732774973,45.915936450660226,46.679965685009954,1.8114927113056183,46.70616401731968,46.70616401731968,44.953908786177635
mbpo_pushcube_500k_20261007T094728_f9d45348,PushCube-v1,mbpo,real_env_steps,490000,500000,train_episode/episode_length,raw_finished_episodes,192,0,50.0,50.0,50.0,50.0,50.0,50.0,50.0,50.0
mbpo_pushcube_500k_20261007T094728_f9d45348,PushCube-v1,mbpo,real_env_steps,490000,500000,train_episode/success_once,raw_finished_episodes,192,0,0.9947916666666666,1.0,1.0,1.0,0.0,1.0,1.0,1.0
mbpo_pushcube_500k_20261007T094728_f9d45348,PushCube-v1,mbpo,real_env_steps,490000,500000,train_episode/success_at_end,raw_finished_episodes,192,0,0.8229166666666666,1.0,1.0,1.0,0.0,1.0,1.0,1.0
